dataset,gene,position,effective_fraction,effective_sequences,null_p95,null_max
SARS-CoV-2,ORF1ab,1,0.5,139369,0.007575013440830394,0.009154090515806023
SARS-CoV-2,ORF1ab,1,0.25,69685,0.010526266780777028,0.013305621456184002
SARS-CoV-2,ORF1ab,1,0.1,27875,0.015529633901018499,0.019803906301246926
SARS-CoV-2,ORF1ab,10,0.5,139368,0.007559346485967589,0.008998305564090127
SARS-CoV-2,ORF1ab,10,0.25,69684,0.01049100108379477,0.013380569262118931
SARS-CoV-2,ORF1ab,10,0.1,27875,0.016146472520697116,0.019203901860454176
SARS-CoV-2,ORF1ab,19,0.5,139369,0.007767853358189765,0.009511035291909857
SARS-CoV-2,ORF1ab,19,0.25,69684,0.010726497952212631,0.01232190020325705
SARS-CoV-2,ORF1ab,19,0.1,27875,0.01624048711413113,0.021051934285256067
SARS-CoV-2,ORF1ab,28,0.5,139368,0.007596222501753575,0.009159365433437195
SARS-CoV-2,ORF1ab,28,0.25,69684,0.01058535136437135,0.012919818797282961
SARS-CoV-2,ORF1ab,28,0.1,27875,0.01590633312900708,0.019625980777892987
SARS-CoV-2,ORF1ab,37,0.5,139369,0.007654977865236532,0.00933960274035171
SARS-CoV-2,ORF1ab,37,0.25,69685,0.01053416094560526,0.013179469960388938
SARS-CoV-2,ORF1ab,37,0.1,27875,0.01632810061597366,0.02101554798226004
SARS-CoV-2,ORF1ab,46,0.5,139370,0.007724111060488375,0.009557366612566086
SARS-CoV-2,ORF1ab,46,0.25,69685,0.010819632337812444,0.014345361213336178
SARS-CoV-2,ORF1ab,46,0.1,27875,0.016428418820860904,0.02014183045031726
SARS-CoV-2,ORF1ab,55,0.5,139369,0.007722392182564087,0.009168407256337201
SARS-CoV-2,ORF1ab,55,0.25,69684,0.010656024292087967,0.013102217120355874
SARS-CoV-2,ORF1ab,55,0.1,27875,0.016637302720326357,0.02035123096057143
SARS-CoV-2,ORF1ab,64,0.5,139368,0.007831727390482044,0.009375799167110408
SARS-CoV-2,ORF1ab,64,0.25,69684,0.01118267390827431,0.013489560322403936
SARS-CoV-2,ORF1ab,64,0.1,27875,0.017283866756157448,0.021676868196157596
SARS-CoV-2,ORF1ab,73,0.5,139368,0.007818253430021602,0.009581707804326853
SARS-CoV-2,ORF1ab,73,0.25,69684,0.010985199120212714,0.01392785729823265
SARS-CoV-2,ORF1ab,73,0.1,27875,0.01692419136312205,0.021430721349624336
SARS-CoV-2,ORF1ab,82,0.5,139370,0.007711704331669733,0.008800670367476594
SARS-CoV-2,ORF1ab,82,0.25,69685,0.010672664929572539,0.013174919121662952
SARS-CoV-2,ORF1ab,82,0.1,27875,0.016282244461525132,0.02232391936227108
SARS-CoV-2,ORF1ab,91,0.5,139370,0.007580715625582012,0.009111551733162271
SARS-CoV-2,ORF1ab,91,0.25,69685,0.010416783281389664,0.012649627058332058
SARS-CoV-2,ORF1ab,91,0.1,27875,0.015611544940833862,0.02063404625518795
SARS-CoV-2,ORF1ab,100,0.5,139369,0.007666670484396512,0.009844518299630097
SARS-CoV-2,ORF1ab,100,0.25,69684,0.010652086588544628,0.012603529983851697
SARS-CoV-2,ORF1ab,100,0.1,27875,0.016235966623596165,0.019245327444947155
SARS-CoV-2,ORF1ab,109,0.5,139368,0.007598719343746824,0.009411521886700774
SARS-CoV-2,ORF1ab,109,0.25,69684,0.010492822769801527,0.012764946612072168
SARS-CoV-2,ORF1ab,109,0.1,27875,0.015649634478815736,0.020865364050904427
SARS-CoV-2,ORF1ab,118,0.5,139370,0.007757055529391974,0.010811859105666455
SARS-CoV-2,ORF1ab,118,0.25,69685,0.010689836126671192,0.01268175024324449
SARS-CoV-2,ORF1ab,118,0.1,27875,0.016407717028373098,0.021041333905656778
SARS-CoV-2,ORF1ab,127,0.5,139369,0.007796512361027485,0.00948349660660744
SARS-CoV-2,ORF1ab,127,0.25,69684,0.01064282113397998,0.014080665622651199
SARS-CoV-2,ORF1ab,127,0.1,27875,0.016486145388598383,0.020202124518799266
SARS-CoV-2,ORF1ab,136,0.5,139369,0.009859903468446549,0.011601948973651032
SARS-CoV-2,ORF1ab,136,0.25,69685,0.013420265048043984,0.015483110657258525
SARS-CoV-2,ORF1ab,136,0.1,27875,0.019472833204268934,0.022699229483759784
SARS-CoV-2,ORF1ab,145,0.5,139369,0.007641939616025866,0.009508141338291637
SARS-CoV-2,ORF1ab,145,0.25,69684,0.010334988723237326,0.012472411108614932
SARS-CoV-2,ORF1ab,145,0.1,27875,0.015723778248967177,0.01993372565411168
SARS-CoV-2,ORF1ab,154,0.5,139369,0.007713062125240242,0.009720827271411641
SARS-CoV-2,ORF1ab,154,0.25,69685,0.010530954000354729,0.012858533669646864
SARS-CoV-2,ORF1ab,154,0.1,27875,0.016144233400786686,0.01975403139783282
SARS-CoV-2,ORF1ab,163,0.5,139370,0.007525692392989219,0.009583374584561146
SARS-CoV-2,ORF1ab,163,0.25,69685,0.010544976593539505,0.012876388177438738
SARS-CoV-2,ORF1ab,163,0.1,27875,0.015701995945646738,0.02090956350718961
SARS-CoV-2,ORF1ab,172,0.5,139368,0.007564194576252762,0.009264408908169033
SARS-CoV-2,ORF1ab,172,0.25,69684,0.010374503157766144,0.012717929181463776
SARS-CoV-2,ORF1ab,172,0.1,27875,0.015510337194725226,0.018953980364731646
SARS-CoV-2,ORF1ab,181,0.5,139369,0.007553722350821297,0.010039828992719211
SARS-CoV-2,ORF1ab,181,0.25,69684,0.010365778087723583,0.012483216778762112
SARS-CoV-2,ORF1ab,181,0.1,27875,0.01551108798845469,0.021091913314431443
SARS-CoV-2,ORF1ab,190,0.5,139369,0.007375283430999145,0.009097709897686164
SARS-CoV-2,ORF1ab,190,0.25,69685,0.010181265279480236,0.012267655984854235
SARS-CoV-2,ORF1ab,190,0.1,27875,0.01469547610027803,0.02018256244581057
SARS-CoV-2,ORF1ab,199,0.5,139368,0.007676126301196973,0.009913464356654467
SARS-CoV-2,ORF1ab,199,0.25,69684,0.010442224596152084,0.012951759856988019
SARS-CoV-2,ORF1ab,199,0.1,27875,0.01565910917754781,0.019231850871340946
SARS-CoV-2,ORF1ab,208,0.5,139369,0.0077085071173332905,0.009243648395800544
SARS-CoV-2,ORF1ab,208,0.25,69685,0.010612727987694389,0.012737378145187887
SARS-CoV-2,ORF1ab,208,0.1,27875,0.015531569527619242,0.017611652918125387
SARS-CoV-2,ORF1ab,217,0.5,139369,0.007647218019199152,0.009651914670660011
SARS-CoV-2,ORF1ab,217,0.25,69684,0.010760992336840974,0.013115100392119956
SARS-CoV-2,ORF1ab,217,0.1,27875,0.016174121737541583,0.02028403430431294
SARS-CoV-2,ORF1ab,226,0.5,139369,0.007736915092320431,0.008749590658036068
SARS-CoV-2,ORF1ab,226,0.25,69684,0.010673798830176877,0.014111915738658446
SARS-CoV-2,ORF1ab,226,0.1,27875,0.016458352751728276,0.020348502376542205
SARS-CoV-2,ORF1ab,235,0.5,139368,0.007698163324702632,0.008892629273117557
SARS-CoV-2,ORF1ab,235,0.25,69684,0.010692654751828137,0.013087871212144202
SARS-CoV-2,ORF1ab,235,0.1,27875,0.016418684902047346,0.02050241538593807
SARS-CoV-2,ORF1ab,244,0.5,139370,0.008003144467183075,0.00976846336823212
SARS-CoV-2,ORF1ab,244,0.25,69685,0.01098583342483072,0.01371973933649534
SARS-CoV-2,ORF1ab,244,0.1,27875,0.017355508495857735,0.02003404396011587
SARS-CoV-2,ORF1ab,253,0.5,139370,0.007679583639860028,0.009102134956674236
SARS-CoV-2,ORF1ab,253,0.25,69685,0.011174843824711083,0.013149102821745341
SARS-CoV-2,ORF1ab,253,0.1,27875,0.01736794094126868,0.021343412959731835
SARS-CoV-2,ORF1ab,262,0.5,139368,0.00797692139385992,0.009168379838571702
SARS-CoV-2,ORF1ab,262,0.25,69684,0.0109708968401947,0.013314931668630832
SARS-CoV-2,ORF1ab,262,0.1,27875,0.016962654395813435,0.020417982550367524
SARS-CoV-2,ORF1ab,271,0.5,139368,0.0077385869456630795,0.009727476107034566
SARS-CoV-2,ORF1ab,271,0.25,69684,0.01072197882289147,0.013855341740855282
SARS-CoV-2,ORF1ab,271,0.1,27875,0.016022791866213745,0.020503019561253496
SARS-CoV-2,ORF1ab,280,0.5,139369,0.007568308625681541,0.008748639597952657
SARS-CoV-2,ORF1ab,280,0.25,69684,0.010531160335912228,0.012367151019653622
SARS-CoV-2,ORF1ab,280,0.1,27875,0.015559546863954634,0.019395119852288766
SARS-CoV-2,ORF1ab,289,0.5,139369,0.007608241588496141,0.009661164096906833
SARS-CoV-2,ORF1ab,289,0.25,69685,0.010670766338501192,0.01336181553999614
SARS-CoV-2,ORF1ab,289,0.1,27875,0.016291777323455447,0.019674586774418877
SARS-CoV-2,ORF1ab,298,0.5,139368,0.007432628744434892,0.009796986881294115
SARS-CoV-2,ORF1ab,298,0.25,69684,0.010342251017919031,0.013730531110395851
SARS-CoV-2,ORF1ab,298,0.1,27875,0.015279598572438258,0.0201189105130877
SARS-CoV-2,ORF1ab,307,0.5,139370,0.007826290159255003,0.009537206680859174
SARS-CoV-2,ORF1ab,307,0.25,69685,0.010793989665463109,0.01274031580169373
SARS-CoV-2,ORF1ab,307,0.1,27875,0.016796818960723485,0.020620148177122877
SARS-CoV-2,ORF1ab,316,0.5,139369,0.00784366132224435,0.010051772238452862
SARS-CoV-2,ORF1ab,316,0.25,69684,0.01108610440766721,0.013869428427996518
SARS-CoV-2,ORF1ab,316,0.1,27875,0.016455367526199437,0.01917032776273496
SARS-CoV-2,ORF1ab,325,0.5,139369,0.007786657697604354,0.009330128918250531
SARS-CoV-2,ORF1ab,325,0.25,69684,0.01089698098239042,0.012611914651327267
SARS-CoV-2,ORF1ab,325,0.1,27875,0.016762598148042217,0.02270491546642608
SARS-CoV-2,ORF1ab,334,0.5,139368,0.007542251827977065,0.00897360230849847
SARS-CoV-2,ORF1ab,334,0.25,69684,0.010690826420788543,0.013858222994965001
SARS-CoV-2,ORF1ab,334,0.1,27875,0.01619121490820194,0.0187114837800561
SARS-CoV-2,ORF1ab,343,0.5,139370,0.007609013494897102,0.008497323865244837
SARS-CoV-2,ORF1ab,343,0.25,69685,0.010460302731460385,0.012600118522379387
SARS-CoV-2,ORF1ab,343,0.1,27875,0.015302948052379212,0.022247117188244108
SARS-CoV-2,ORF1ab,352,0.5,139370,0.007605111751292044,0.009094043217681218
SARS-CoV-2,ORF1ab,352,0.25,69685,0.010389731807756415,0.012809127950144135
SARS-CoV-2,ORF1ab,352,0.1,27875,0.015560779889454876,0.01903783278591624
SARS-CoV-2,ORF1ab,361,0.5,139369,0.007411055091872227,0.008910720330996533
SARS-CoV-2,ORF1ab,361,0.25,69684,0.01018972841279295,0.012144395474703558
SARS-CoV-2,ORF1ab,361,0.1,27875,0.014918730552190913,0.01938351010884879
SARS-CoV-2,ORF1ab,370,0.5,139368,0.00762204506762052,0.009711427382424377
SARS-CoV-2,ORF1ab,370,0.25,69684,0.010620909662388862,0.012857844343700726
SARS-CoV-2,ORF1ab,370,0.1,27875,0.016127908688245922,0.019480725632957264
SARS-CoV-2,ORF1ab,379,0.5,139368,0.007602197286273828,0.009200033871887918
SARS-CoV-2,ORF1ab,379,0.25,69684,0.010744659081664316,0.013092126397037966
SARS-CoV-2,ORF1ab,379,0.1,27875,0.015866326772169745,0.02018279585948763
SARS-CoV-2,ORF1ab,388,0.5,139369,0.007810348754461621,0.009085757245936065
SARS-CoV-2,ORF1ab,388,0.25,69685,0.010457118499836646,0.013686274240490527
SARS-CoV-2,ORF1ab,388,0.1,27875,0.01598864415275857,0.01916724029871747
SARS-CoV-2,ORF1ab,397,0.5,139369,0.010268606387395279,0.011718066283999008
SARS-CoV-2,ORF1ab,397,0.25,69685,0.014391304718564576,0.01674760417840445
SARS-CoV-2,ORF1ab,397,0.1,27875,0.022610134432891896,0.026318710114999335
SARS-CoV-2,ORF1ab,406,0.5,139369,0.007787673846613386,0.009451113867321916
SARS-CoV-2,ORF1ab,406,0.25,69685,0.010816112170766043,0.013546845023596392
SARS-CoV-2,ORF1ab,406,0.1,27875,0.01662937057437697,0.020452953817820103
SARS-CoV-2,ORF1ab,415,0.5,139369,0.010356332733201813,0.01177159842771825
SARS-CoV-2,ORF1ab,415,0.25,69684,0.014566271239633069,0.016159906487396243
SARS-CoV-2,ORF1ab,415,0.1,27875,0.0225638675117377,0.025454754103539794
SARS-CoV-2,ORF1ab,424,0.5,139369,0.010332163902422937,0.011779213134639125
SARS-CoV-2,ORF1ab,424,0.25,69684,0.014648002179177512,0.01735211201659278
SARS-CoV-2,ORF1ab,424,0.1,27875,0.022650861717840632,0.02651234547721664
SARS-CoV-2,ORF1ab,433,0.5,139369,0.007748505120840726,0.009659928898835492
SARS-CoV-2,ORF1ab,433,0.25,69684,0.010758824653650242,0.012635901044702738
SARS-CoV-2,ORF1ab,433,0.1,27875,0.016437483879789685,0.021270483097336677
SARS-CoV-2,ORF1ab,442,0.5,139369,0.007449502942928927,0.009405592287198703
SARS-CoV-2,ORF1ab,442,0.25,69685,0.010382251061816795,0.013048486060338536
SARS-CoV-2,ORF1ab,442,0.1,27875,0.01586176971981173,0.0184208641009051
SARS-CoV-2,ORF1ab,451,0.5,139370,0.007263183287558746,0.008850309861041399
SARS-CoV-2,ORF1ab,451,0.25,69685,0.009694548523630924,0.014111952201546351
SARS-CoV-2,ORF1ab,451,0.1,27875,0.014146087416944139,0.017917296925818817
SARS-CoV-2,ORF1ab,460,0.5,139369,0.009948783450714536,0.01252847227455154
SARS-CoV-2,ORF1ab,460,0.25,69685,0.013796749975338184,0.015406623583072532
SARS-CoV-2,ORF1ab,460,0.1,27875,0.02076415882845644,0.02530982702146275
SARS-CoV-2,ORF1ab,469,0.5,139368,0.0073095296859300276,0.009157867447661736
SARS-CoV-2,ORF1ab,469,0.25,69684,0.00988153227049927,0.012131643686026816
SARS-CoV-2,ORF1ab,469,0.1,27875,0.014834745324060716,0.017480747421181657
SARS-CoV-2,ORF1ab,478,0.5,139370,0.0076654824778540544,0.009008386496531757
SARS-CoV-2,ORF1ab,478,0.25,69685,0.010770882128531629,0.013235541006436938
SARS-CoV-2,ORF1ab,478,0.1,27875,0.01651288541830624,0.01988673323978512
SARS-CoV-2,ORF1ab,487,0.5,139369,0.007279661205096322,0.009087515819691359
SARS-CoV-2,ORF1ab,487,0.25,69684,0.010433901551618257,0.012448513112412251
SARS-CoV-2,ORF1ab,487,0.1,27875,0.014858788325282321,0.018263986822032063
SARS-CoV-2,ORF1ab,496,0.5,139368,0.007472678296799641,0.008672053157065403
SARS-CoV-2,ORF1ab,496,0.25,69684,0.010332763254096104,0.01231626283158695
SARS-CoV-2,ORF1ab,496,0.1,27875,0.015411409112800162,0.01930231396036391
SARS-CoV-2,ORF1ab,505,0.5,139368,0.007639988150816221,0.009444249769765059
SARS-CoV-2,ORF1ab,505,0.25,69684,0.010389608821865055,0.01234456491487407
SARS-CoV-2,ORF1ab,505,0.1,27875,0.01621457381841637,0.019996466334849562
SARS-CoV-2,ORF1ab,514,0.5,139369,0.007444704711020245,0.008615667307448402
SARS-CoV-2,ORF1ab,514,0.25,69684,0.010147950145242368,0.012218367704637524
SARS-CoV-2,ORF1ab,514,0.1,27875,0.01494959802677022,0.018697444561128405
SARS-CoV-2,ORF1ab,523,0.5,139369,0.007732458276641282,0.00932064914920288
SARS-CoV-2,ORF1ab,523,0.25,69685,0.010426964399165663,0.01227786630881724
SARS-CoV-2,ORF1ab,523,0.1,27875,0.015472798946349318,0.018663394578003586
SARS-CoV-2,ORF1ab,532,0.5,139369,0.007480425859672021,0.009005704654222835
SARS-CoV-2,ORF1ab,532,0.25,69684,0.010585436669828825,0.013127873615639265
SARS-CoV-2,ORF1ab,532,0.1,27875,0.01602610612279753,0.019666860230752977
SARS-CoV-2,ORF1ab,541,0.5,139369,0.007671923219313471,0.010149124584781994
SARS-CoV-2,ORF1ab,541,0.25,69684,0.01083485262502928,0.01335840475745426
SARS-CoV-2,ORF1ab,541,0.1,27875,0.016381869564605724,0.02053187006228065
SARS-CoV-2,ORF1ab,550,0.5,139368,0.007804999629020776,0.009907128740605672
SARS-CoV-2,ORF1ab,550,0.25,69684,0.011020060687224833,0.013935512098323328
SARS-CoV-2,ORF1ab,550,0.1,27875,0.01709289061352167,0.02183751379964144
SARS-CoV-2,ORF1ab,559,0.5,139370,0.007748891772419396,0.01011911188068568
SARS-CoV-2,ORF1ab,559,0.25,69685,0.010876560879934535,0.013932769679283766
SARS-CoV-2,ORF1ab,559,0.1,27875,0.01683674030548959,0.020383651444333753
SARS-CoV-2,ORF1ab,568,0.5,139369,0.0076844981199922415,0.009194308615848211
SARS-CoV-2,ORF1ab,568,0.25,69684,0.010765677053288814,0.013245169122424738
SARS-CoV-2,ORF1ab,568,0.1,27875,0.0164320312172539,0.020431374915037666
SARS-CoV-2,ORF1ab,577,0.5,139370,0.0075564094808150415,0.009303819255708352
SARS-CoV-2,ORF1ab,577,0.25,69685,0.01052309285469052,0.013130372241199886
SARS-CoV-2,ORF1ab,577,0.1,27875,0.015985990784086513,0.01984813632959343
SARS-CoV-2,ORF1ab,586,0.5,139369,0.007600798520793854,0.009333988128306837
SARS-CoV-2,ORF1ab,586,0.25,69685,0.0105089286383658,0.012731425755694884
SARS-CoV-2,ORF1ab,586,0.1,27875,0.016271524746485452,0.020068345841943346
SARS-CoV-2,ORF1ab,595,0.5,139369,0.0074533797671849766,0.00912857217254099
SARS-CoV-2,ORF1ab,595,0.25,69685,0.01036522383382702,0.01314022907493648
SARS-CoV-2,ORF1ab,595,0.1,27875,0.015045223626266343,0.019240473816669563
SARS-CoV-2,ORF1ab,604,0.5,139370,0.0077003472904513546,0.009597400245455103
SARS-CoV-2,ORF1ab,604,0.25,69685,0.010397228731778037,0.012981353111598405
SARS-CoV-2,ORF1ab,604,0.1,27875,0.015775181654623424,0.01911438743280547
SARS-CoV-2,ORF1ab,613,0.5,139368,0.00787772658751098,0.009882916575805818
SARS-CoV-2,ORF1ab,613,0.25,69684,0.010934909954603292,0.0135427590353397
SARS-CoV-2,ORF1ab,613,0.1,27875,0.01731092086547777,0.02103769426032189
SARS-CoV-2,ORF1ab,622,0.5,139369,0.0075438601511037375,0.009989076495181
SARS-CoV-2,ORF1ab,622,0.25,69684,0.010512625092075956,0.012776213491710398
SARS-CoV-2,ORF1ab,622,0.1,27875,0.016380343319015465,0.018888092748244434
SARS-CoV-2,ORF1ab,631,0.5,139369,0.01037466636748489,0.011739723455309334
SARS-CoV-2,ORF1ab,631,0.25,69684,0.014885609908624706,0.017705326622721125
SARS-CoV-2,ORF1ab,631,0.1,27875,0.023005034393411613,0.026626266673070893
SARS-CoV-2,ORF1ab,640,0.5,139369,0.01022283619526405,0.012057372125632668
SARS-CoV-2,ORF1ab,640,0.25,69684,0.014495088525097077,0.017197845710264385
SARS-CoV-2,ORF1ab,640,0.1,27875,0.022552897762037092,0.025883715160850283
SARS-CoV-2,ORF1ab,649,0.5,139370,0.0076441481246083,0.00870876954247887
SARS-CoV-2,ORF1ab,649,0.25,69685,0.010633987947794181,0.013437404524259693
SARS-CoV-2,ORF1ab,649,0.1,27875,0.016511775869366304,0.02232230535531138
SARS-CoV-2,ORF1ab,658,0.5,139370,0.007657309584185429,0.008987451056402085
SARS-CoV-2,ORF1ab,658,0.25,69685,0.010333978497847583,0.012372061046135654
SARS-CoV-2,ORF1ab,658,0.1,27875,0.016042083878055204,0.021500311797509743
SARS-CoV-2,ORF1ab,667,0.5,139370,0.007772686424200317,0.009566117979298447
SARS-CoV-2,ORF1ab,667,0.25,69685,0.01075178254591264,0.014534392427699282
SARS-CoV-2,ORF1ab,667,0.1,27875,0.016487264632728652,0.01975257010021495
SARS-CoV-2,ORF1ab,676,0.5,139368,0.0077079545670795556,0.009223181504141751
SARS-CoV-2,ORF1ab,676,0.25,69684,0.010559204862028512,0.01259837664888027
SARS-CoV-2,ORF1ab,676,0.1,27875,0.01612348418593397,0.01949106831639935
SARS-CoV-2,ORF1ab,685,0.5,139368,0.007691007477050722,0.00901521155288676
SARS-CoV-2,ORF1ab,685,0.25,69684,0.010678145866168125,0.012341028853982137
SARS-CoV-2,ORF1ab,685,0.1,27875,0.015893008421245792,0.019155436198791086
SARS-CoV-2,ORF1ab,694,0.5,139368,0.0076094252614879515,0.009727089504572817
SARS-CoV-2,ORF1ab,694,0.25,69684,0.010555509830381239,0.012394119782402123
SARS-CoV-2,ORF1ab,694,0.1,27875,0.015634621190062557,0.019293610766884812
SARS-CoV-2,ORF1ab,703,0.5,139368,0.007415969965857753,0.009499857954581931
SARS-CoV-2,ORF1ab,703,0.25,69684,0.010343248708429318,0.012852615245215327
SARS-CoV-2,ORF1ab,703,0.1,27875,0.015296799976875677,0.01790056504003799
SARS-CoV-2,ORF1ab,712,0.5,139369,0.0073165225537296565,0.009222425355347917
SARS-CoV-2,ORF1ab,712,0.25,69684,0.010059138143895297,0.012486181996032351
SARS-CoV-2,ORF1ab,712,0.1,27875,0.014867452928970522,0.019405181705374985
SARS-CoV-2,ORF1ab,721,0.5,139369,0.007475682037527841,0.010564867363789875
SARS-CoV-2,ORF1ab,721,0.25,69684,0.010041479465577133,0.011989011282498345
SARS-CoV-2,ORF1ab,721,0.1,27875,0.014721676340291015,0.017708856694193198
SARS-CoV-2,ORF1ab,730,0.5,139370,0.007349329048780935,0.008899443363711096
SARS-CoV-2,ORF1ab,730,0.25,69685,0.010029760638050323,0.011672786508462261
SARS-CoV-2,ORF1ab,730,0.1,27875,0.01469373523091136,0.018077365858625336
SARS-CoV-2,ORF1ab,739,0.5,139370,0.007611555304176697,0.008853369475610356
SARS-CoV-2,ORF1ab,739,0.25,69685,0.010145028128719228,0.012174664258603326
SARS-CoV-2,ORF1ab,739,0.1,27875,0.01473384242954652,0.019108669173413726
SARS-CoV-2,ORF1ab,748,0.5,139368,0.00725804415573394,0.008507616414900146
SARS-CoV-2,ORF1ab,748,0.25,69684,0.009967124770462434,0.01223206438166871
SARS-CoV-2,ORF1ab,748,0.1,27875,0.014464828013337708,0.01896943300237485
SARS-CoV-2,ORF1ab,757,0.5,139369,0.00709803967946629,0.008920368146944264
SARS-CoV-2,ORF1ab,757,0.25,69685,0.009390842422443224,0.012002033426754535
SARS-CoV-2,ORF1ab,757,0.1,27875,0.013540926830882405,0.016305760343871677
SARS-CoV-2,ORF1ab,766,0.5,139369,0.007497605994909021,0.009294541042274217
SARS-CoV-2,ORF1ab,766,0.25,69685,0.010342752259626213,0.013144953287463915
SARS-CoV-2,ORF1ab,766,0.1,27875,0.015126397942022817,0.018791253623971705
SARS-CoV-2,ORF1ab,775,0.5,139368,0.0074533782059636264,0.00940451696526967
SARS-CoV-2,ORF1ab,775,0.25,69684,0.010060668526356563,0.012675381278052065
SARS-CoV-2,ORF1ab,775,0.1,27875,0.014758368229281052,0.01805814986452123
SARS-CoV-2,ORF1ab,784,0.5,139368,0.007309114355828487,0.008457131571104821
SARS-CoV-2,ORF1ab,784,0.25,69684,0.009706063999509375,0.012362356522229306
SARS-CoV-2,ORF1ab,784,0.1,27875,0.014012026984331395,0.01717899745656911
SARS-CoV-2,ORF1ab,793,0.5,139368,0.01033919911634497,0.012298439649260138
SARS-CoV-2,ORF1ab,793,0.25,69684,0.01461290019948769,0.01691078906662982
SARS-CoV-2,ORF1ab,793,0.1,27875,0.02304883759122197,0.02553029619394931
SARS-CoV-2,ORF1ab,802,0.5,139368,0.007499117321131669,0.008595123048773728
SARS-CoV-2,ORF1ab,802,0.25,69684,0.010367120475832919,0.0120997116364538
SARS-CoV-2,ORF1ab,802,0.1,27875,0.015393466234792907,0.018343381502680372
SARS-CoV-2,ORF1ab,811,0.5,139370,0.007585980592209971,0.00901071030731029
SARS-CoV-2,ORF1ab,811,0.25,69685,0.01037751248274991,0.01439718963125433
SARS-CoV-2,ORF1ab,811,0.1,27875,0.015613341441542975,0.02047989936471909
SARS-CoV-2,ORF1ab,820,0.5,139370,0.007759762227589424,0.009256555791326193
SARS-CoV-2,ORF1ab,820,0.25,69685,0.010621639069253525,0.012983489980182217
SARS-CoV-2,ORF1ab,820,0.1,27875,0.016461707573166957,0.020227489092307368
SARS-CoV-2,ORF1ab,829,0.5,139368,0.007532767545725385,0.009941621585928534
SARS-CoV-2,ORF1ab,829,0.25,69684,0.010733464985812154,0.013166144674915248
SARS-CoV-2,ORF1ab,829,0.1,27875,0.016656435777009235,0.01987949476524717
SARS-CoV-2,ORF1ab,838,0.5,139368,0.007674839055953647,0.009434256976440597
SARS-CoV-2,ORF1ab,838,0.25,69684,0.010847625643389694,0.013962822505941877
SARS-CoV-2,ORF1ab,838,0.1,27875,0.016466690702866126,0.01909337199434146
SARS-CoV-2,ORF1ab,847,0.5,139368,0.007389077664499256,0.00927702414244235
SARS-CoV-2,ORF1ab,847,0.25,69684,0.009954185845232522,0.012327568578674071
SARS-CoV-2,ORF1ab,847,0.1,27875,0.014355935470946752,0.019623278698763374
SARS-CoV-2,ORF1ab,856,0.5,139368,0.007549875899313178,0.009460210005545158
SARS-CoV-2,ORF1ab,856,0.25,69684,0.010371270606179924,0.013768082065782292
SARS-CoV-2,ORF1ab,856,0.1,27875,0.015656210719104235,0.018855640170377025
SARS-CoV-2,ORF1ab,865,0.5,139369,0.007646801964770433,0.009736673005106573
SARS-CoV-2,ORF1ab,865,0.25,69685,0.010436962938941143,0.013389018063924054
SARS-CoV-2,ORF1ab,865,0.1,27875,0.0158769213929573,0.01870114200510964
SARS-CoV-2,ORF1ab,874,0.5,139368,0.007600562670132776,0.009381401436674718
SARS-CoV-2,ORF1ab,874,0.25,69684,0.010466074507268852,0.012462975854072522
SARS-CoV-2,ORF1ab,874,0.1,27875,0.015711282909861613,0.022163580204367095
SARS-CoV-2,ORF1ab,883,0.5,139368,0.007577655021795267,0.009273341277017044
SARS-CoV-2,ORF1ab,883,0.25,69684,0.010729028278392817,0.013501414725905552
SARS-CoV-2,ORF1ab,883,0.1,27875,0.01601156527798943,0.019342911925775
SARS-CoV-2,ORF1ab,892,0.5,139369,0.007203631254932391,0.009396998128277349
SARS-CoV-2,ORF1ab,892,0.25,69685,0.009938766867482546,0.011768979085782698
SARS-CoV-2,ORF1ab,892,0.1,27875,0.014150585478147465,0.017684554255868668
SARS-CoV-2,ORF1ab,901,0.5,139369,0.007719270985927515,0.009382143153830952
SARS-CoV-2,ORF1ab,901,0.25,69685,0.010588705285392446,0.012919998568038146
SARS-CoV-2,ORF1ab,901,0.1,27875,0.01616105507926695,0.018599908643777033
SARS-CoV-2,ORF1ab,910,0.5,139369,0.007690336797759962,0.010183378803050981
SARS-CoV-2,ORF1ab,910,0.25,69685,0.010812877129902055,0.01289762324366388
SARS-CoV-2,ORF1ab,910,0.1,27875,0.01644591065198617,0.02110685889026838
SARS-CoV-2,ORF1ab,919,0.5,139370,0.010401579462826235,0.011721890090227803
SARS-CoV-2,ORF1ab,919,0.25,69685,0.0146973941681686,0.018920273571761008
SARS-CoV-2,ORF1ab,919,0.1,27875,0.023282389653050798,0.027178626961558865
SARS-CoV-2,ORF1ab,928,0.5,139369,0.007604822276409344,0.008771677341158853
SARS-CoV-2,ORF1ab,928,0.25,69685,0.010512575015615248,0.012371361835175926
SARS-CoV-2,ORF1ab,928,0.1,27875,0.015571627341083943,0.019655893147266536
SARS-CoV-2,ORF1ab,937,0.5,139368,0.007486482698747327,0.009013993892469737
SARS-CoV-2,ORF1ab,937,0.25,69684,0.010364376014335305,0.012564077236412141
SARS-CoV-2,ORF1ab,937,0.1,27875,0.015171816686358933,0.01895704148876416
SARS-CoV-2,ORF1ab,946,0.5,139370,0.007776017693656213,0.009698038649538719
SARS-CoV-2,ORF1ab,946,0.25,69685,0.010773918296151035,0.012340985086255333
SARS-CoV-2,ORF1ab,946,0.1,27875,0.01665680493077054,0.021150356676640635
SARS-CoV-2,ORF1ab,955,0.5,139368,0.007595424102215536,0.009824509737900448
SARS-CoV-2,ORF1ab,955,0.25,69684,0.010519598246198922,0.012222052497366725
SARS-CoV-2,ORF1ab,955,0.1,27875,0.01564624721519922,0.020755639158716217
SARS-CoV-2,ORF1ab,964,0.5,139368,0.0075481008608157835,0.009634634246823339
SARS-CoV-2,ORF1ab,964,0.25,69684,0.010474883949285935,0.013148726088706068
SARS-CoV-2,ORF1ab,964,0.1,27875,0.01561090632469118,0.019460501283235232
SARS-CoV-2,ORF1ab,973,0.5,139368,0.00724580481705119,0.008667991054842932
SARS-CoV-2,ORF1ab,973,0.25,69684,0.00991286655403949,0.01251222228011042
SARS-CoV-2,ORF1ab,973,0.1,27875,0.014312672437970157,0.017467322579508192
SARS-CoV-2,ORF1ab,982,0.5,139368,0.00752368356251825,0.008935960030469006
SARS-CoV-2,ORF1ab,982,0.25,69684,0.010257822249692877,0.012264785529888288
SARS-CoV-2,ORF1ab,982,0.1,27875,0.015008477471597524,0.019653390247513128
SARS-CoV-2,ORF1ab,991,0.5,139370,0.007638167919022658,0.009487815396387302
SARS-CoV-2,ORF1ab,991,0.25,69685,0.01067614233018607,0.013154514053803886
SARS-CoV-2,ORF1ab,991,0.1,27875,0.015590337160480881,0.020250817228394256
SARS-CoV-2,ORF1ab,1000,0.5,139369,0.010363418712177075,0.01243524845140119
SARS-CoV-2,ORF1ab,1000,0.25,69685,0.014598223392177104,0.016405773214121108
SARS-CoV-2,ORF1ab,1000,0.1,27875,0.022024498727162445,0.025135508463824233
SARS-CoV-2,ORF1ab,1009,0.5,139369,0.007478164562343194,0.009477119385609191
SARS-CoV-2,ORF1ab,1009,0.25,69684,0.010223211129756637,0.013096094945030584
SARS-CoV-2,ORF1ab,1009,0.1,27875,0.015326448336818572,0.01954138625860476
SARS-CoV-2,ORF1ab,1018,0.5,139369,0.0076981171587450345,0.00977978642247672
SARS-CoV-2,ORF1ab,1018,0.25,69684,0.01073358921142156,0.013131186824564342
SARS-CoV-2,ORF1ab,1018,0.1,27875,0.01660325251774322,0.02009847813204603
SARS-CoV-2,ORF1ab,1027,0.5,139369,0.00744595848799997,0.009581393543887283
SARS-CoV-2,ORF1ab,1027,0.25,69685,0.010551589971543323,0.013609319784241455
SARS-CoV-2,ORF1ab,1027,0.1,27875,0.015256900339766285,0.019390687242901206
SARS-CoV-2,ORF1ab,1036,0.5,139370,0.007529228338342778,0.009620935586555029
SARS-CoV-2,ORF1ab,1036,0.25,69685,0.01055924225440652,0.013153646814400576
SARS-CoV-2,ORF1ab,1036,0.1,27875,0.01619694651225256,0.019167746055947316
SARS-CoV-2,ORF1ab,1045,0.5,139369,0.007569197806758327,0.009343053406446462
SARS-CoV-2,ORF1ab,1045,0.25,69685,0.01044112776218553,0.0120616141037729
SARS-CoV-2,ORF1ab,1045,0.1,27875,0.015510246457580422,0.020093966349620043
SARS-CoV-2,ORF1ab,1054,0.5,139369,0.007352749562459301,0.009520392229583395
SARS-CoV-2,ORF1ab,1054,0.25,69685,0.010045934296776417,0.012074291290033805
SARS-CoV-2,ORF1ab,1054,0.1,27875,0.014284770954724748,0.01828138204262113
SARS-CoV-2,ORF1ab,1063,0.5,139369,0.007174969075750916,0.008813660131281603
SARS-CoV-2,ORF1ab,1063,0.25,69685,0.009760347979911176,0.01136062630929118
SARS-CoV-2,ORF1ab,1063,0.1,27875,0.013733952249820746,0.016398790782092047
SARS-CoV-2,ORF1ab,1072,0.5,139369,0.007655139917818425,0.009404394535624869
SARS-CoV-2,ORF1ab,1072,0.25,69684,0.010630255898281737,0.012589200798885095
SARS-CoV-2,ORF1ab,1072,0.1,27875,0.01563647821450467,0.01824362298189505
SARS-CoV-2,ORF1ab,1081,0.5,139368,0.0078061857350736966,0.009775500526453979
SARS-CoV-2,ORF1ab,1081,0.25,69684,0.010981179700949044,0.013961207249315223
SARS-CoV-2,ORF1ab,1081,0.1,27875,0.017121417101674894,0.022863608583072105
SARS-CoV-2,ORF1ab,1090,0.5,139370,0.007450667285016559,0.008698099716359797
SARS-CoV-2,ORF1ab,1090,0.25,69685,0.009888250297608463,0.012125655935351243
SARS-CoV-2,ORF1ab,1090,0.1,27875,0.014352510885154088,0.018047574753558702
SARS-CoV-2,ORF1ab,1099,0.5,139369,0.007092954823054292,0.008550160510397076
SARS-CoV-2,ORF1ab,1099,0.25,69684,0.009463212263950381,0.012401253171464663
SARS-CoV-2,ORF1ab,1099,0.1,27875,0.013303948637245473,0.0174513908247377
SARS-CoV-2,ORF1ab,1108,0.5,139370,0.007762750515473359,0.009457262946707247
SARS-CoV-2,ORF1ab,1108,0.25,69685,0.010885391373700638,0.01256756853390042
SARS-CoV-2,ORF1ab,1108,0.1,27875,0.01677104654524857,0.02165802765919633
SARS-CoV-2,ORF1ab,1117,0.5,139369,0.007763775344186235,0.009884983794077035
SARS-CoV-2,ORF1ab,1117,0.25,69685,0.010838665772830531,0.013325266040888073
SARS-CoV-2,ORF1ab,1117,0.1,27875,0.016761720621116433,0.01984093880898295
SARS-CoV-2,ORF1ab,1126,0.5,139368,0.0077133930048070695,0.009145004187867197
SARS-CoV-2,ORF1ab,1126,0.25,69684,0.010772137263340871,0.013161274746684926
SARS-CoV-2,ORF1ab,1126,0.1,27875,0.01659149592575116,0.021136402841050707
SARS-CoV-2,ORF1ab,1135,0.5,139369,0.007602441051454941,0.009467666390613244
SARS-CoV-2,ORF1ab,1135,0.25,69684,0.010494596710174074,0.012470149529361096
SARS-CoV-2,ORF1ab,1135,0.1,27875,0.01619309565955074,0.019570855822428096
SARS-CoV-2,ORF1ab,1144,0.5,139368,0.007402124150735407,0.00924302055714471
SARS-CoV-2,ORF1ab,1144,0.25,69684,0.010269925136433555,0.01240820774912486
SARS-CoV-2,ORF1ab,1144,0.1,27875,0.015211635043157406,0.018805905976526576
SARS-CoV-2,ORF1ab,1153,0.5,139368,0.0077948436595243415,0.010370018844152064
SARS-CoV-2,ORF1ab,1153,0.25,69684,0.010739810299764884,0.013250420260867134
SARS-CoV-2,ORF1ab,1153,0.1,27875,0.01615588290161122,0.019831947921975512
SARS-CoV-2,ORF1ab,1162,0.5,139369,0.007625926995908338,0.009221698271964564
SARS-CoV-2,ORF1ab,1162,0.25,69684,0.010594489404186745,0.013684389538272878
SARS-CoV-2,ORF1ab,1162,0.1,27875,0.015671470730638622,0.020573198776888867
SARS-CoV-2,ORF1ab,1171,0.5,139369,0.007705736421427339,0.009309615576806188
SARS-CoV-2,ORF1ab,1171,0.25,69685,0.010792948972743344,0.01298983854266843
SARS-CoV-2,ORF1ab,1171,0.1,27875,0.016526397745893102,0.019065428325412765
SARS-CoV-2,ORF1ab,1180,0.5,139368,0.007749643059441402,0.009791848579766912
SARS-CoV-2,ORF1ab,1180,0.25,69684,0.010704919797629029,0.012886248127616727
SARS-CoV-2,ORF1ab,1180,0.1,27875,0.016419518327681473,0.02124989884164739
SARS-CoV-2,ORF1ab,1189,0.5,139369,0.007795787200885046,0.00958743984290671
SARS-CoV-2,ORF1ab,1189,0.25,69685,0.010798809014851526,0.013734143842011172
SARS-CoV-2,ORF1ab,1189,0.1,27875,0.016319056412515697,0.020350487985323185
SARS-CoV-2,ORF1ab,1198,0.5,139370,0.0076891173605126715,0.009746489097442274
SARS-CoV-2,ORF1ab,1198,0.25,69685,0.010852884379290254,0.012812417244254413
SARS-CoV-2,ORF1ab,1198,0.1,27875,0.016320479834740866,0.02241610651657731
SARS-CoV-2,ORF1ab,1207,0.5,139369,0.007704373316486612,0.008923596015380925
SARS-CoV-2,ORF1ab,1207,0.25,69685,0.010570033780320605,0.013003865152609246
SARS-CoV-2,ORF1ab,1207,0.1,27875,0.016318010945523514,0.01901654397226754
SARS-CoV-2,ORF1ab,1216,0.5,139369,0.007594266190974541,0.00941099189862094
SARS-CoV-2,ORF1ab,1216,0.25,69684,0.010242854134682114,0.013112897921118053
SARS-CoV-2,ORF1ab,1216,0.1,27875,0.015422411555169498,0.01841323145644396
SARS-CoV-2,ORF1ab,1225,0.5,139369,0.0102388916405442,0.012031503563410166
SARS-CoV-2,ORF1ab,1225,0.25,69684,0.013934656740634477,0.01570671893479397
SARS-CoV-2,ORF1ab,1225,0.1,27875,0.02158153008447786,0.026636870684594947
SARS-CoV-2,ORF1ab,1234,0.5,139369,0.007209595213893276,0.008546813926422332
SARS-CoV-2,ORF1ab,1234,0.25,69685,0.009525787851146756,0.012447616087895607
SARS-CoV-2,ORF1ab,1234,0.1,27875,0.013539054060172065,0.017618031906211366
SARS-CoV-2,ORF1ab,1243,0.5,139369,0.0077786169595123085,0.008836615129180317
SARS-CoV-2,ORF1ab,1243,0.25,69685,0.010696509714175668,0.013403953964773178
SARS-CoV-2,ORF1ab,1243,0.1,27875,0.016366523645746277,0.01960717883243346
SARS-CoV-2,ORF1ab,1252,0.5,139369,0.007416590574975835,0.008639870643086566
SARS-CoV-2,ORF1ab,1252,0.25,69684,0.01019678116618816,0.012949562102975952
SARS-CoV-2,ORF1ab,1252,0.1,27875,0.014773839661096935,0.017957310717561594
SARS-CoV-2,ORF1ab,1261,0.5,139369,0.007660162637543619,0.009092790821280738
SARS-CoV-2,ORF1ab,1261,0.25,69685,0.010572628788399072,0.01282831647839527
SARS-CoV-2,ORF1ab,1261,0.1,27875,0.01604336223530656,0.019406466315435487
SARS-CoV-2,ORF1ab,1270,0.5,139369,0.007411770301136559,0.010005949248793269
SARS-CoV-2,ORF1ab,1270,0.25,69684,0.010219556218862213,0.012458589097993715
SARS-CoV-2,ORF1ab,1270,0.1,27875,0.014609090187213557,0.02010278542095766
SARS-CoV-2,ORF1ab,1279,0.5,139370,0.007653587900938575,0.009630997542731154
SARS-CoV-2,ORF1ab,1279,0.25,69685,0.010443165218387394,0.013552931672912718
SARS-CoV-2,ORF1ab,1279,0.1,27875,0.015531813412326024,0.018479526332421357
SARS-CoV-2,ORF1ab,1288,0.5,139368,0.007697079722532669,0.00966641222814386
SARS-CoV-2,ORF1ab,1288,0.25,69684,0.010737206610307257,0.012857363702577748
SARS-CoV-2,ORF1ab,1288,0.1,27875,0.016175105123433106,0.02037541133153232
SARS-CoV-2,ORF1ab,1297,0.5,139369,0.007468552313671438,0.00953309432310725
SARS-CoV-2,ORF1ab,1297,0.25,69685,0.010367854319087034,0.012322671263841815
SARS-CoV-2,ORF1ab,1297,0.1,27875,0.015278362684392945,0.018443028074266756
SARS-CoV-2,ORF1ab,1306,0.5,139369,0.007539183079994458,0.009236690748363295
SARS-CoV-2,ORF1ab,1306,0.25,69684,0.010159299914573197,0.013812302136873957
SARS-CoV-2,ORF1ab,1306,0.1,27875,0.014914505916326868,0.01782438776520639
SARS-CoV-2,ORF1ab,1315,0.5,139369,0.007525158804289843,0.010107268634516161
SARS-CoV-2,ORF1ab,1315,0.25,69685,0.010374591448402531,0.013836152194459963
SARS-CoV-2,ORF1ab,1315,0.1,27875,0.015353109298731873,0.021076849273101453
SARS-CoV-2,ORF1ab,1324,0.5,139369,0.007796800668643313,0.00945615724601631
SARS-CoV-2,ORF1ab,1324,0.25,69685,0.011006999245220637,0.013045784993640747
SARS-CoV-2,ORF1ab,1324,0.1,27875,0.017098556868849406,0.02022646932877751
SARS-CoV-2,ORF1ab,1333,0.5,139370,0.007597306056441322,0.009104140198526641
SARS-CoV-2,ORF1ab,1333,0.25,69685,0.010770883765853091,0.013383409322356762
SARS-CoV-2,ORF1ab,1333,0.1,27875,0.016175956106260207,0.018977146019732796
SARS-CoV-2,ORF1ab,1342,0.5,139369,0.007735047758594293,0.009029169990363389
SARS-CoV-2,ORF1ab,1342,0.25,69685,0.01071181421938791,0.012751009389480587
SARS-CoV-2,ORF1ab,1342,0.1,27875,0.01569319444936799,0.01966186511805044
SARS-CoV-2,ORF1ab,1351,0.5,139368,0.007626258484535369,0.009068553723285923
SARS-CoV-2,ORF1ab,1351,0.25,69684,0.010508957991285244,0.011845114572630159
SARS-CoV-2,ORF1ab,1351,0.1,27875,0.015562335457992302,0.020657825051870044
SARS-CoV-2,ORF1ab,1360,0.5,139369,0.01044759849629708,0.01185721812249757
SARS-CoV-2,ORF1ab,1360,0.25,69684,0.014599522723576256,0.0174911994573534
SARS-CoV-2,ORF1ab,1360,0.1,27875,0.022143511060907776,0.02555151046990348
SARS-CoV-2,ORF1ab,1369,0.5,139369,0.007311459914291168,0.00871598837559018
SARS-CoV-2,ORF1ab,1369,0.25,69684,0.00998781773478583,0.012319391298185997
SARS-CoV-2,ORF1ab,1369,0.1,27875,0.014763272424452202,0.018788608364594363
SARS-CoV-2,ORF1ab,1378,0.5,139369,0.007493032427006638,0.009823106880257393
SARS-CoV-2,ORF1ab,1378,0.25,69684,0.010508222896593781,0.012830221346899384
SARS-CoV-2,ORF1ab,1378,0.1,27875,0.015406455741851385,0.01914997155184626
SARS-CoV-2,ORF1ab,1387,0.5,139368,0.007292829263408029,0.008897153609112538
SARS-CoV-2,ORF1ab,1387,0.25,69684,0.010077122142676264,0.012007874453282821
SARS-CoV-2,ORF1ab,1387,0.1,27875,0.014763824721923575,0.017627195223548928
SARS-CoV-2,ORF1ab,1396,0.5,139369,0.007485631946606794,0.009498934565895326
SARS-CoV-2,ORF1ab,1396,0.25,69685,0.010196370015942832,0.012194773656672535
SARS-CoV-2,ORF1ab,1396,0.1,27875,0.014445213129179693,0.01989252188543581
SARS-CoV-2,ORF1ab,1405,0.5,139368,0.007585588053582645,0.009008803534291815
SARS-CoV-2,ORF1ab,1405,0.25,69684,0.01051673270282985,0.01313581764185512
SARS-CoV-2,ORF1ab,1405,0.1,27875,0.015976904779037782,0.019261267407647883
SARS-CoV-2,ORF1ab,1414,0.5,139370,0.007744545629373583,0.009586546250938055
SARS-CoV-2,ORF1ab,1414,0.25,69685,0.010961753013421312,0.01365942648359312
SARS-CoV-2,ORF1ab,1414,0.1,27875,0.017083584848751058,0.020264080011408843
SARS-CoV-2,ORF1ab,1423,0.5,139369,0.007462426290386967,0.009498621692403826
SARS-CoV-2,ORF1ab,1423,0.25,69684,0.010152443311515174,0.012561616596768735
SARS-CoV-2,ORF1ab,1423,0.1,27875,0.01475054689495944,0.018171118584774278
SARS-CoV-2,ORF1ab,1432,0.5,139370,0.007579099709887095,0.009593999578744735
SARS-CoV-2,ORF1ab,1432,0.25,69685,0.010374367515250468,0.012021877034482938
SARS-CoV-2,ORF1ab,1432,0.1,27875,0.01579026171769281,0.019694393892062442
SARS-CoV-2,ORF1ab,1441,0.5,139370,0.007442706265650517,0.010401803397467945
SARS-CoV-2,ORF1ab,1441,0.25,69685,0.010602886737974791,0.012257540853494281
SARS-CoV-2,ORF1ab,1441,0.1,27875,0.01571299643622436,0.018380013419415947
SARS-CoV-2,ORF1ab,1450,0.5,139368,0.007687660711972932,0.00984362683782616
SARS-CoV-2,ORF1ab,1450,0.25,69684,0.010712876793342846,0.012716503717369702
SARS-CoV-2,ORF1ab,1450,0.1,27875,0.01619670142275961,0.020927258728998862
SARS-CoV-2,ORF1ab,1459,0.5,139369,0.00750833973346502,0.008922724230092471
SARS-CoV-2,ORF1ab,1459,0.25,69685,0.010149752499693078,0.012151618527667203
SARS-CoV-2,ORF1ab,1459,0.1,27875,0.014885644462979452,0.01770814581817012
SARS-CoV-2,ORF1ab,1468,0.5,139369,0.007798301973739591,0.009552380463196604
SARS-CoV-2,ORF1ab,1468,0.25,69685,0.011025771643234032,0.015192286492719873
SARS-CoV-2,ORF1ab,1468,0.1,27875,0.01696410185437178,0.021084238614693225
SARS-CoV-2,ORF1ab,1477,0.5,139370,0.007683328551231271,0.009271135676909603
SARS-CoV-2,ORF1ab,1477,0.25,69685,0.01033011885774596,0.012508781240725506
SARS-CoV-2,ORF1ab,1477,0.1,27875,0.014844856128949981,0.01968467840407435
SARS-CoV-2,ORF1ab,1486,0.5,139368,0.007593493947837384,0.008852915366091172
SARS-CoV-2,ORF1ab,1486,0.25,69684,0.010643908236222339,0.012787798215821827
SARS-CoV-2,ORF1ab,1486,0.1,27875,0.016354541455369534,0.02002376217645858
SARS-CoV-2,ORF1ab,1495,0.5,139369,0.007355347027146043,0.009122907756563828
SARS-CoV-2,ORF1ab,1495,0.25,69685,0.009932194785844175,0.011313291729701703
SARS-CoV-2,ORF1ab,1495,0.1,27875,0.014634572359429044,0.018988483731625417
SARS-CoV-2,ORF1ab,1504,0.5,139369,0.007812458037047598,0.009983940310130553
SARS-CoV-2,ORF1ab,1504,0.25,69685,0.010950125957268653,0.013002210786553722
SARS-CoV-2,ORF1ab,1504,0.1,27875,0.017057526606605932,0.021301347805369263
SARS-CoV-2,ORF1ab,1513,0.5,139369,0.007704141502830453,0.009779582145292672
SARS-CoV-2,ORF1ab,1513,0.25,69685,0.010519473014457041,0.013086741723458507
SARS-CoV-2,ORF1ab,1513,0.1,27875,0.01614377337394154,0.020039150721196514
SARS-CoV-2,ORF1ab,1522,0.5,139369,0.006698633734364415,0.008803420926859463
SARS-CoV-2,ORF1ab,1522,0.25,69684,0.00892611504162755,0.011325624062235619
SARS-CoV-2,ORF1ab,1522,0.1,27875,0.01257383454386141,0.01693583607405928
SARS-CoV-2,ORF1ab,1531,0.5,139369,0.007456847780323571,0.009063822301037526
SARS-CoV-2,ORF1ab,1531,0.25,69684,0.0099929840478611,0.012127942533393167
SARS-CoV-2,ORF1ab,1531,0.1,27875,0.014520703029027289,0.017828972050932968
SARS-CoV-2,ORF1ab,1540,0.5,139369,0.010124977366668541,0.01238934980352513
SARS-CoV-2,ORF1ab,1540,0.25,69684,0.014293455415583132,0.016482915420079666
SARS-CoV-2,ORF1ab,1540,0.1,27875,0.02180093880671988,0.0263717875982212
SARS-CoV-2,ORF1ab,1549,0.5,139369,0.007959706312745377,0.009412305949994908
SARS-CoV-2,ORF1ab,1549,0.25,69685,0.01118429917398614,0.013434248815437925
SARS-CoV-2,ORF1ab,1549,0.1,27875,0.017220995955392938,0.02090616061653125
SARS-CoV-2,ORF1ab,1558,0.5,139370,0.007514943428656921,0.009277720608764297
SARS-CoV-2,ORF1ab,1558,0.25,69685,0.01022908193915005,0.014239518047314513
SARS-CoV-2,ORF1ab,1558,0.1,27875,0.01577305556401741,0.019150900967148932
SARS-CoV-2,ORF1ab,1567,0.5,139369,0.007359559486965812,0.009074696364936886
SARS-CoV-2,ORF1ab,1567,0.25,69685,0.010102513071483077,0.012867895500666696
SARS-CoV-2,ORF1ab,1567,0.1,27875,0.014527103782541979,0.018031940754783964
SARS-CoV-2,ORF1ab,1576,0.5,139369,0.00775364807278927,0.009124989276781124
SARS-CoV-2,ORF1ab,1576,0.25,69684,0.010610831107952787,0.013152351922233652
SARS-CoV-2,ORF1ab,1576,0.1,27875,0.01637941378714145,0.021470673221833558
SARS-CoV-2,ORF1ab,1585,0.5,139370,0.007793600115951972,0.009690198393876002
SARS-CoV-2,ORF1ab,1585,0.25,69685,0.010852795990017323,0.013864476318567577
SARS-CoV-2,ORF1ab,1585,0.1,27875,0.016857651176503643,0.02199757872945883
SARS-CoV-2,ORF1ab,1594,0.5,139370,0.007611021750145576,0.009168374001937938
SARS-CoV-2,ORF1ab,1594,0.25,69685,0.010662715661479175,0.012939126489198333
SARS-CoV-2,ORF1ab,1594,0.1,27875,0.016000501464679993,0.018641613463586053
SARS-CoV-2,ORF1ab,1603,0.5,139368,0.007604241211706154,0.009973723274166962
SARS-CoV-2,ORF1ab,1603,0.25,69684,0.010517647953310415,0.013467194922644593
SARS-CoV-2,ORF1ab,1603,0.1,27875,0.015610933837553667,0.01933576776304191
SARS-CoV-2,ORF1ab,1612,0.5,139368,0.0077787339946676,0.009615920412674658
SARS-CoV-2,ORF1ab,1612,0.25,69684,0.010904399175615568,0.013452890003732622
SARS-CoV-2,ORF1ab,1612,0.1,27875,0.01717737776242629,0.02078807013908921
SARS-CoV-2,ORF1ab,1621,0.5,139368,0.0076849800984356235,0.00930061444362712
SARS-CoV-2,ORF1ab,1621,0.25,69684,0.01090821454575764,0.012784760514718715
SARS-CoV-2,ORF1ab,1621,0.1,27875,0.01666878948885512,0.02144134514734603
SARS-CoV-2,ORF1ab,1630,0.5,139369,0.007613051722194924,0.009406783250740404
SARS-CoV-2,ORF1ab,1630,0.25,69685,0.01078370476493746,0.013227031745005793
SARS-CoV-2,ORF1ab,1630,0.1,27875,0.016063705120849543,0.020604885592420477
SARS-CoV-2,ORF1ab,1639,0.5,139369,0.007870908378279187,0.00929081859391841
SARS-CoV-2,ORF1ab,1639,0.25,69685,0.011018470738255074,0.014177669313981523
SARS-CoV-2,ORF1ab,1639,0.1,27875,0.01718313759283768,0.021489577128743914
SARS-CoV-2,ORF1ab,1648,0.5,139368,0.0078119840304081084,0.009187387894379992
SARS-CoV-2,ORF1ab,1648,0.25,69684,0.010750445584086426,0.013747125004396621
SARS-CoV-2,ORF1ab,1648,0.1,27875,0.016948260822071525,0.020470742686801824
SARS-CoV-2,ORF1ab,1657,0.5,139369,0.0078685488411178,0.009235992163583541
SARS-CoV-2,ORF1ab,1657,0.25,69684,0.010706822043674846,0.014222474486312394
SARS-CoV-2,ORF1ab,1657,0.1,27875,0.016287332364614226,0.02062566077535386
SARS-CoV-2,ORF1ab,1666,0.5,139369,0.010340918109757062,0.012176848544569704
SARS-CoV-2,ORF1ab,1666,0.25,69685,0.014696332529982268,0.016972797948574307
SARS-CoV-2,ORF1ab,1666,0.1,27875,0.022714324980547596,0.027432861815890837
SARS-CoV-2,ORF1ab,1675,0.5,139369,0.007579927655813802,0.009626328469231333
SARS-CoV-2,ORF1ab,1675,0.25,69684,0.010442859945174606,0.013375972522934798
SARS-CoV-2,ORF1ab,1675,0.1,27875,0.015750723354770475,0.019677864105273765
SARS-CoV-2,ORF1ab,1684,0.5,139369,0.0077655464783293795,0.009317133511015685
SARS-CoV-2,ORF1ab,1684,0.25,69685,0.011009559120515988,0.014208361104054205
SARS-CoV-2,ORF1ab,1684,0.1,27875,0.0171316801980218,0.020962555806168258
SARS-CoV-2,ORF1ab,1693,0.5,139368,0.007686090442183191,0.008919764863460796
SARS-CoV-2,ORF1ab,1693,0.25,69684,0.010661456706028537,0.012905441390910922
SARS-CoV-2,ORF1ab,1693,0.1,27875,0.016500719121559194,0.020450901104355115
SARS-CoV-2,ORF1ab,1702,0.5,139369,0.00760027155125712,0.009069907595420644
SARS-CoV-2,ORF1ab,1702,0.25,69684,0.010697340745619954,0.013738083514832067
SARS-CoV-2,ORF1ab,1702,0.1,27875,0.016368779590057305,0.01907228156001288
SARS-CoV-2,ORF1ab,1711,0.5,139368,0.007490708389288132,0.009659370397672421
SARS-CoV-2,ORF1ab,1711,0.25,69684,0.010092896902196844,0.012113673572278187
SARS-CoV-2,ORF1ab,1711,0.1,27875,0.014631323105319734,0.01741802114480389
SARS-CoV-2,ORF1ab,1720,0.5,139368,0.00740670331762389,0.009055914199106988
SARS-CoV-2,ORF1ab,1720,0.25,69684,0.010152519658425502,0.012147134478993267
SARS-CoV-2,ORF1ab,1720,0.1,27875,0.014664461889304726,0.0171026316969162
SARS-CoV-2,ORF1ab,1729,0.5,139369,0.007195351451263725,0.008592992276938868
SARS-CoV-2,ORF1ab,1729,0.25,69685,0.009777265908889143,0.011720983268827265
SARS-CoV-2,ORF1ab,1729,0.1,27875,0.014202106182608419,0.017567463971489363
SARS-CoV-2,ORF1ab,1738,0.5,139370,0.007627554960548329,0.009593203340544773
SARS-CoV-2,ORF1ab,1738,0.25,69685,0.010545700046080145,0.014370886861562281
SARS-CoV-2,ORF1ab,1738,0.1,27875,0.015878179976546596,0.01822188780987156
SARS-CoV-2,ORF1ab,1747,0.5,139370,0.007469968713782831,0.009225358853670328
SARS-CoV-2,ORF1ab,1747,0.25,69685,0.010359202220807275,0.013165063001854964
SARS-CoV-2,ORF1ab,1747,0.1,27875,0.0149820960331262,0.019560841663467277
SARS-CoV-2,ORF1ab,1756,0.5,139370,0.007269863272624402,0.008524705648310173
SARS-CoV-2,ORF1ab,1756,0.25,69685,0.009939916140245477,0.01229284846003216
SARS-CoV-2,ORF1ab,1756,0.1,27875,0.014253100237893388,0.01782254992953202
SARS-CoV-2,ORF1ab,1765,0.5,139368,0.007889249949883874,0.009918316299173202
SARS-CoV-2,ORF1ab,1765,0.25,69684,0.010825276028133282,0.01373131257369783
SARS-CoV-2,ORF1ab,1765,0.1,27875,0.016782613200124565,0.020986512320750394
SARS-CoV-2,ORF1ab,1774,0.5,139369,0.007681145815248142,0.009279376161449476
SARS-CoV-2,ORF1ab,1774,0.25,69684,0.010744384823706137,0.013289944667285525
SARS-CoV-2,ORF1ab,1774,0.1,27875,0.016391449975479835,0.020165660586740415
SARS-CoV-2,ORF1ab,1783,0.5,139369,0.0075078849410687145,0.008923204481374689
SARS-CoV-2,ORF1ab,1783,0.25,69685,0.010220731526781643,0.012979736743455735
SARS-CoV-2,ORF1ab,1783,0.1,27875,0.015238560328532456,0.01859426440995059
SARS-CoV-2,ORF1ab,1792,0.5,139368,0.010508094230735562,0.012591569240788135
SARS-CoV-2,ORF1ab,1792,0.25,69684,0.014740464112674396,0.016347651094301842
SARS-CoV-2,ORF1ab,1792,0.1,27875,0.022647650115024925,0.026315373883606736
SARS-CoV-2,ORF1ab,1801,0.5,139369,0.007451972584763246,0.009156686587663047
SARS-CoV-2,ORF1ab,1801,0.25,69684,0.010164678734704146,0.01271719051645091
SARS-CoV-2,ORF1ab,1801,0.1,27875,0.015004885328328072,0.018306127574120735
SARS-CoV-2,ORF1ab,1810,0.5,139369,0.007352742292004863,0.008423854427372365
SARS-CoV-2,ORF1ab,1810,0.25,69685,0.010022100452846936,0.012139005836146884
SARS-CoV-2,ORF1ab,1810,0.1,27875,0.014539486101196092,0.01819836426772288
SARS-CoV-2,ORF1ab,1819,0.5,139369,0.007698622662794146,0.009331619183470622
SARS-CoV-2,ORF1ab,1819,0.25,69685,0.010563632696570267,0.012546019553746821
SARS-CoV-2,ORF1ab,1819,0.1,27875,0.016155961728593994,0.020985993836170235
SARS-CoV-2,ORF1ab,1828,0.5,139368,0.007745831257956207,0.009334230273229374
SARS-CoV-2,ORF1ab,1828,0.25,69684,0.010571864225780084,0.012845328071064605
SARS-CoV-2,ORF1ab,1828,0.1,27875,0.016169428045600436,0.01888937943283418
SARS-CoV-2,ORF1ab,1837,0.5,139369,0.010181947720678052,0.01220794808978612
SARS-CoV-2,ORF1ab,1837,0.25,69685,0.0144312677783561,0.016325053313832046
SARS-CoV-2,ORF1ab,1837,0.1,27875,0.02275552367998422,0.027323909905482127
SARS-CoV-2,ORF1ab,1846,0.5,139369,0.007573248842669118,0.00889564142771216
SARS-CoV-2,ORF1ab,1846,0.25,69685,0.0106118087535267,0.012669767106631558
SARS-CoV-2,ORF1ab,1846,0.1,27875,0.01573883318163371,0.01884857138126885
SARS-CoV-2,ORF1ab,1855,0.5,139369,0.0074226393943557815,0.009593971968258432
SARS-CoV-2,ORF1ab,1855,0.25,69685,0.010537146877483333,0.012836426995117252
SARS-CoV-2,ORF1ab,1855,0.1,27875,0.01549682591028325,0.01918105639850548
SARS-CoV-2,ORF1ab,1864,0.5,139368,0.007535368182909274,0.009176397960382672
SARS-CoV-2,ORF1ab,1864,0.25,69684,0.010136453712556916,0.012810256986786362
SARS-CoV-2,ORF1ab,1864,0.1,27875,0.015170724232071265,0.01817412594293367
SARS-CoV-2,ORF1ab,1873,0.5,139369,0.007795742488137234,0.00975491355321375
SARS-CoV-2,ORF1ab,1873,0.25,69684,0.010865613372461506,0.0134183526923034
SARS-CoV-2,ORF1ab,1873,0.1,27875,0.016584634063861122,0.021906558360988364
SARS-CoV-2,ORF1ab,1882,0.5,139369,0.00753950565999051,0.009084587648075838
SARS-CoV-2,ORF1ab,1882,0.25,69685,0.010430022152029445,0.014207407356119148
SARS-CoV-2,ORF1ab,1882,0.1,27875,0.015897692028215716,0.020424378571461222
SARS-CoV-2,ORF1ab,1891,0.5,139369,0.007717972669779257,0.009490249605363467
SARS-CoV-2,ORF1ab,1891,0.25,69684,0.010552770853845378,0.013490327084956207
SARS-CoV-2,ORF1ab,1891,0.1,27875,0.01618655695691128,0.019194016574969646
SARS-CoV-2,ORF1ab,1900,0.5,139369,0.007442020890074318,0.008790091714754396
SARS-CoV-2,ORF1ab,1900,0.25,69684,0.010210676385616672,0.013083458660308033
SARS-CoV-2,ORF1ab,1900,0.1,27875,0.015186494733990114,0.01894993356188698
SARS-CoV-2,ORF1ab,1909,0.5,139368,0.007330504961468777,0.009034331555225863
SARS-CoV-2,ORF1ab,1909,0.25,69684,0.009756343031964501,0.01223968527634089
SARS-CoV-2,ORF1ab,1909,0.1,27875,0.013995179297956342,0.017121800390219082
SARS-CoV-2,ORF1ab,1918,0.5,139369,0.007724797376728156,0.009961951908755767
SARS-CoV-2,ORF1ab,1918,0.25,69684,0.010693894661937743,0.012646858221368138
SARS-CoV-2,ORF1ab,1918,0.1,27875,0.016288251351892526,0.021059435106814198
SARS-CoV-2,ORF1ab,1927,0.5,139368,0.0076942690366281095,0.009195809299377609
SARS-CoV-2,ORF1ab,1927,0.25,69684,0.010839252293228177,0.013134707107690389
SARS-CoV-2,ORF1ab,1927,0.1,27875,0.016093087911607476,0.020069212080511146
SARS-CoV-2,ORF1ab,1936,0.5,139369,0.007940147441662448,0.009759826801273071
SARS-CoV-2,ORF1ab,1936,0.25,69685,0.010957984990789411,0.013726012552055506
SARS-CoV-2,ORF1ab,1936,0.1,27875,0.017101440847210495,0.021087380273358675
SARS-CoV-2,ORF1ab,1945,0.5,139369,0.007083226465597094,0.008443994232103888
SARS-CoV-2,ORF1ab,1945,0.25,69684,0.009465056651033001,0.012099576880282287
SARS-CoV-2,ORF1ab,1945,0.1,27875,0.013361499567035274,0.016947784013166642
SARS-CoV-2,ORF1ab,1954,0.5,139368,0.007624900158488543,0.00932809796971843
SARS-CoV-2,ORF1ab,1954,0.25,69684,0.01045526943020441,0.012897988488685026
SARS-CoV-2,ORF1ab,1954,0.1,27875,0.015758591417341213,0.0192247141860588
SARS-CoV-2,ORF1ab,1963,0.5,139369,0.007705639383468447,0.009297593263171417
SARS-CoV-2,ORF1ab,1963,0.25,69685,0.010640509402437638,0.012542262854938122
SARS-CoV-2,ORF1ab,1963,0.1,27875,0.016373776564636594,0.02017578142255417
SARS-CoV-2,ORF1ab,1972,0.5,139368,0.0075535708254583925,0.010046975092651553
SARS-CoV-2,ORF1ab,1972,0.25,69684,0.010321240024744353,0.012586386744973085
SARS-CoV-2,ORF1ab,1972,0.1,27875,0.01581084499151298,0.0188337115274063
SARS-CoV-2,ORF1ab,1981,0.5,139369,0.007634382449876918,0.01017629125569064
SARS-CoV-2,ORF1ab,1981,0.25,69685,0.010474708073150459,0.01339524933517684
SARS-CoV-2,ORF1ab,1981,0.1,27875,0.015927635087772434,0.019441637249673814
SARS-CoV-2,ORF1ab,1990,0.5,139368,0.007373228670486232,0.008649953066705789
SARS-CoV-2,ORF1ab,1990,0.25,69684,0.010559722802337627,0.012879491548740022
SARS-CoV-2,ORF1ab,1990,0.1,27875,0.01565473705799123,0.020103115893120086
SARS-CoV-2,ORF1ab,1999,0.5,139370,0.007801892404706574,0.010201268546130042
SARS-CoV-2,ORF1ab,1999,0.25,69685,0.01105685783578784,0.012973037112977315
SARS-CoV-2,ORF1ab,1999,0.1,27875,0.01656607015711921,0.0196193637804091
SARS-CoV-2,ORF1ab,2008,0.5,139369,0.007876827015807459,0.010280446006663078
SARS-CoV-2,ORF1ab,2008,0.25,69684,0.011142037773505581,0.012745582644159297
SARS-CoV-2,ORF1ab,2008,0.1,27875,0.017333185673087344,0.021149547817844144
SARS-CoV-2,ORF1ab,2017,0.5,139369,0.007587776056761065,0.008619296744333753
SARS-CoV-2,ORF1ab,2017,0.25,69685,0.010669753076218985,0.013283088394291332
SARS-CoV-2,ORF1ab,2017,0.1,27875,0.016229794610046117,0.018791463317853318
SARS-CoV-2,ORF1ab,2026,0.5,139368,0.00778533076458583,0.009399707875312446
SARS-CoV-2,ORF1ab,2026,0.25,69684,0.010957456311809437,0.014453098683277812
SARS-CoV-2,ORF1ab,2026,0.1,27875,0.016664514208742428,0.020279693137697785
SARS-CoV-2,ORF1ab,2035,0.5,139369,0.007814445239357518,0.010135794085411869
SARS-CoV-2,ORF1ab,2035,0.25,69685,0.010713533471364773,0.01293084478459682
SARS-CoV-2,ORF1ab,2035,0.1,27875,0.016161013281631716,0.019548178479152117
SARS-CoV-2,ORF1ab,2044,0.5,139369,0.007618119862036715,0.010014626837306384
SARS-CoV-2,ORF1ab,2044,0.25,69684,0.010598892795190929,0.014532957224928979
SARS-CoV-2,ORF1ab,2044,0.1,27875,0.016203493691323023,0.019080072242175006
SARS-CoV-2,ORF1ab,2053,0.5,139369,0.00795930743646675,0.009654605193830023
SARS-CoV-2,ORF1ab,2053,0.25,69684,0.010766668055168955,0.01459418669776487
SARS-CoV-2,ORF1ab,2053,0.1,27875,0.01667722024399728,0.02016465588723361
SARS-CoV-2,ORF1ab,2062,0.5,139369,0.007921919197297574,0.009979186532111172
SARS-CoV-2,ORF1ab,2062,0.25,69684,0.010908333264415763,0.013949661246875193
SARS-CoV-2,ORF1ab,2062,0.1,27875,0.017070130116893376,0.021807387353580343
SARS-CoV-2,ORF1ab,2071,0.5,139370,0.007511939079423986,0.009346613197950033
SARS-CoV-2,ORF1ab,2071,0.25,69685,0.010190038443551033,0.012362559325081629
SARS-CoV-2,ORF1ab,2071,0.1,27875,0.014869410185580068,0.018547214820704525
SARS-CoV-2,ORF1ab,2080,0.5,139370,0.007229655726095224,0.008420521579563453
SARS-CoV-2,ORF1ab,2080,0.25,69685,0.009921746572371793,0.013281691712729096
SARS-CoV-2,ORF1ab,2080,0.1,27875,0.014525710437187155,0.018248053721247205
SARS-CoV-2,ORF1ab,2089,0.5,139368,0.007492738219259016,0.008717234727665375
SARS-CoV-2,ORF1ab,2089,0.25,69684,0.010227278169967961,0.012746500013764334
SARS-CoV-2,ORF1ab,2089,0.1,27875,0.015339548583205525,0.019600477115383284
SARS-CoV-2,ORF1ab,2098,0.5,139369,0.007626816594546284,0.009174213844878973
SARS-CoV-2,ORF1ab,2098,0.25,69685,0.010391179907185398,0.01225036086710573
SARS-CoV-2,ORF1ab,2098,0.1,27875,0.015723135853622627,0.018324856545325053
SARS-CoV-2,ORF1ab,2107,0.5,139369,0.007189477762510939,0.00846136948263244
SARS-CoV-2,ORF1ab,2107,0.25,69685,0.009731968065526064,0.012139358850205456
SARS-CoV-2,ORF1ab,2107,0.1,27875,0.013789683877843531,0.01802487072982299
SARS-CoV-2,ORF1ab,2116,0.5,139369,0.007615986538796112,0.009630864407282162
SARS-CoV-2,ORF1ab,2116,0.25,69684,0.01044950777761656,0.012558905202880274
SARS-CoV-2,ORF1ab,2116,0.1,27875,0.016290176892573,0.01904031340418147
SARS-CoV-2,ORF1ab,2125,0.5,139368,0.010341406115781708,0.012563312244288569
SARS-CoV-2,ORF1ab,2125,0.25,69684,0.014445391807922536,0.017197424400722715
SARS-CoV-2,ORF1ab,2125,0.1,27875,0.02241580744112865,0.026975989998365337
SARS-CoV-2,ORF1ab,2134,0.5,139368,0.007694924991038215,0.010318676593120654
SARS-CoV-2,ORF1ab,2134,0.25,69684,0.010679052723778596,0.01304150112626519
SARS-CoV-2,ORF1ab,2134,0.1,27875,0.016322031127724734,0.02165239180037537
SARS-CoV-2,ORF1ab,2143,0.5,139370,0.007541966868027693,0.010315537521545308
SARS-CoV-2,ORF1ab,2143,0.25,69685,0.010336767573238655,0.012653566552482688
SARS-CoV-2,ORF1ab,2143,0.1,27875,0.015450512748016508,0.020133536621276853
SARS-CoV-2,ORF1ab,2152,0.5,139369,0.007409976783781887,0.008693282300442456
SARS-CoV-2,ORF1ab,2152,0.25,69685,0.010033168042028265,0.013385400577422601
SARS-CoV-2,ORF1ab,2152,0.1,27875,0.014662739859141535,0.017968446140461492
SARS-CoV-2,ORF1ab,2161,0.5,139370,0.007682295823074992,0.00993462335939544
SARS-CoV-2,ORF1ab,2161,0.25,69685,0.010820801987752917,0.01376534828150348
SARS-CoV-2,ORF1ab,2161,0.1,27875,0.01603173007770669,0.019074438835969546
SARS-CoV-2,ORF1ab,2170,0.5,139368,0.007655924455080496,0.008777838061093033
SARS-CoV-2,ORF1ab,2170,0.25,69684,0.010368803510530262,0.012582660438680875
SARS-CoV-2,ORF1ab,2170,0.1,27875,0.01516380599680901,0.01943408556487493
SARS-CoV-2,ORF1ab,2179,0.5,139370,0.007683825179586545,0.00974776545047704
SARS-CoV-2,ORF1ab,2179,0.25,69685,0.010915519991694676,0.012997607169415082
SARS-CoV-2,ORF1ab,2179,0.1,27875,0.01677171744456173,0.020592998910549668
SARS-CoV-2,ORF1ab,2188,0.5,139370,0.007891140853224475,0.00971435498996448
SARS-CoV-2,ORF1ab,2188,0.25,69685,0.011076672933911196,0.012691827850213062
SARS-CoV-2,ORF1ab,2188,0.1,27875,0.01720868804645644,0.02106486255092111
SARS-CoV-2,ORF1ab,2197,0.5,139370,0.00784623764395783,0.009042347735175043
SARS-CoV-2,ORF1ab,2197,0.25,69685,0.011177296239950712,0.01357862080631361
SARS-CoV-2,ORF1ab,2197,0.1,27875,0.016721454085199622,0.019265541102894548
SARS-CoV-2,ORF1ab,2206,0.5,139368,0.007542098003709566,0.009280765636807792
SARS-CoV-2,ORF1ab,2206,0.25,69684,0.010185573729942977,0.012124304950846009
SARS-CoV-2,ORF1ab,2206,0.1,27875,0.015153608022623498,0.019354176379226807
SARS-CoV-2,ORF1ab,2215,0.5,139369,0.007858673378774694,0.010331853350284513
SARS-CoV-2,ORF1ab,2215,0.25,69684,0.010739324124146974,0.012404588950901038
SARS-CoV-2,ORF1ab,2215,0.1,27875,0.016645545265006736,0.02048882190725531
SARS-CoV-2,ORF1ab,2224,0.5,139370,0.007620879281769876,0.009683034635331779
SARS-CoV-2,ORF1ab,2224,0.25,69685,0.010688366483194798,0.013385162039023887
SARS-CoV-2,ORF1ab,2224,0.1,27875,0.016316802409585975,0.01941241961947309
SARS-CoV-2,ORF1ab,2233,0.5,139369,0.00752101193460701,0.009163508723260232
SARS-CoV-2,ORF1ab,2233,0.25,69684,0.010446529965098414,0.013092761424582862
SARS-CoV-2,ORF1ab,2233,0.1,27875,0.015078482306059108,0.019329060362109483
SARS-CoV-2,ORF1ab,2242,0.5,139368,0.007634545466505477,0.009425003435775028
SARS-CoV-2,ORF1ab,2242,0.25,69684,0.010773544561711658,0.012324599024723455
SARS-CoV-2,ORF1ab,2242,0.1,27875,0.01644074388738137,0.01900111246257085
SARS-CoV-2,ORF1ab,2251,0.5,139369,0.00769923992847188,0.009589558526854693
SARS-CoV-2,ORF1ab,2251,0.25,69685,0.010633165709991668,0.01264649432739337
SARS-CoV-2,ORF1ab,2251,0.1,27875,0.01578793731668674,0.021940826804381072
SARS-CoV-2,ORF1ab,2260,0.5,139370,0.007495350474662168,0.009469563550991766
SARS-CoV-2,ORF1ab,2260,0.25,69685,0.010444159757515408,0.01240294867676559
SARS-CoV-2,ORF1ab,2260,0.1,27875,0.015842630652522224,0.019058050558027038
SARS-CoV-2,ORF1ab,2269,0.5,139370,0.007689211536092492,0.009404665524832044
SARS-CoV-2,ORF1ab,2269,0.25,69685,0.010577612351642788,0.012767249064743608
SARS-CoV-2,ORF1ab,2269,0.1,27875,0.016093333180923423,0.020242396992175202
SARS-CoV-2,ORF1ab,2278,0.5,139369,0.007492431965816144,0.008942509617517299
SARS-CoV-2,ORF1ab,2278,0.25,69684,0.010373809316519043,0.01209909184479863
SARS-CoV-2,ORF1ab,2278,0.1,27875,0.015613605810148486,0.02024289054546966
SARS-CoV-2,ORF1ab,2287,0.5,139368,0.007091831268025307,0.009277449362478074
SARS-CoV-2,ORF1ab,2287,0.25,69684,0.009372873758871421,0.012269220882231407
SARS-CoV-2,ORF1ab,2287,0.1,27875,0.0138318058744102,0.01692895236025663
SARS-CoV-2,ORF1ab,2296,0.5,139370,0.007701301230878514,0.009225079397554355
SARS-CoV-2,ORF1ab,2296,0.25,69685,0.010373063118970955,0.012651615486729597
SARS-CoV-2,ORF1ab,2296,0.1,27875,0.0156809411978464,0.019208632063503445
SARS-CoV-2,ORF1ab,2305,0.5,139369,0.007592744506975227,0.009325593611818386
SARS-CoV-2,ORF1ab,2305,0.25,69685,0.010679627897213802,0.01218037881292657
SARS-CoV-2,ORF1ab,2305,0.1,27875,0.016147906083713526,0.02181278474500782
SARS-CoV-2,ORF1ab,2314,0.5,139368,0.007598767126077042,0.009161513122536614
SARS-CoV-2,ORF1ab,2314,0.25,69684,0.010312672121498185,0.012218391277665965
SARS-CoV-2,ORF1ab,2314,0.1,27875,0.014930655351887055,0.01761002953229778
SARS-CoV-2,ORF1ab,2323,0.5,139369,0.007671611694662644,0.009765439887419689
SARS-CoV-2,ORF1ab,2323,0.25,69684,0.010620669783071414,0.013301666478232367
SARS-CoV-2,ORF1ab,2323,0.1,27875,0.016004166423254453,0.019825980848788997
SARS-CoV-2,ORF1ab,2332,0.5,139369,0.010243864666633103,0.01174818843744191
SARS-CoV-2,ORF1ab,2332,0.25,69685,0.014098059758470423,0.016636362569232854
SARS-CoV-2,ORF1ab,2332,0.1,27875,0.021630188860243406,0.026186346495342922
SARS-CoV-2,ORF1ab,2341,0.5,139369,0.007458767899062939,0.009051086412932702
SARS-CoV-2,ORF1ab,2341,0.25,69685,0.010399577737408865,0.012047824348182596
SARS-CoV-2,ORF1ab,2341,0.1,27875,0.015357235819921489,0.018864816472549475
SARS-CoV-2,ORF1ab,2350,0.5,139370,0.007626637511188798,0.009230109331352186
SARS-CoV-2,ORF1ab,2350,0.25,69685,0.010537225061478842,0.013265982118316125
SARS-CoV-2,ORF1ab,2350,0.1,27875,0.015555592563550475,0.02156050042322272
SARS-CoV-2,ORF1ab,2359,0.5,139369,0.007702819314781073,0.009397182461327735
SARS-CoV-2,ORF1ab,2359,0.25,69684,0.010548546491506978,0.013202987933669783
SARS-CoV-2,ORF1ab,2359,0.1,27875,0.01599229183192629,0.01980828635522791
SARS-CoV-2,ORF1ab,2368,0.5,139369,0.007327046590856289,0.008921062749182206
SARS-CoV-2,ORF1ab,2368,0.25,69684,0.009633463525231792,0.011770189347550105
SARS-CoV-2,ORF1ab,2368,0.1,27875,0.01401023250870854,0.017846021628393625
SARS-CoV-2,ORF1ab,2377,0.5,139370,0.007809353148173666,0.010021308385920533
SARS-CoV-2,ORF1ab,2377,0.25,69685,0.010629566506084183,0.012980692429547807
SARS-CoV-2,ORF1ab,2377,0.1,27875,0.01654877713673245,0.01976070201135246
SARS-CoV-2,ORF1ab,2386,0.5,139369,0.01037961274416785,0.012144477592988779
SARS-CoV-2,ORF1ab,2386,0.25,69685,0.014419452680500848,0.01690113618934365
SARS-CoV-2,ORF1ab,2386,0.1,27875,0.022138562267499242,0.026399673996231613
SARS-CoV-2,ORF1ab,2395,0.5,139369,0.007614988617761879,0.009001894521608156
SARS-CoV-2,ORF1ab,2395,0.25,69684,0.01036984903769301,0.01196076224695533
SARS-CoV-2,ORF1ab,2395,0.1,27875,0.015451634961468251,0.01781537686695581
SARS-CoV-2,ORF1ab,2404,0.5,139370,0.007650854407111287,0.009246698850800648
SARS-CoV-2,ORF1ab,2404,0.25,69685,0.010595263291449978,0.0125082517481461
SARS-CoV-2,ORF1ab,2404,0.1,27875,0.01584626187757635,0.01917386808581426
SARS-CoV-2,ORF1ab,2413,0.5,139370,0.00716873980250329,0.009071848830725076
SARS-CoV-2,ORF1ab,2413,0.25,69685,0.009795762721316723,0.012169708085731137
SARS-CoV-2,ORF1ab,2413,0.1,27875,0.01386033870850492,0.01830814349789417
SARS-CoV-2,ORF1ab,2422,0.5,139369,0.010208737034216242,0.011908119023052888
SARS-CoV-2,ORF1ab,2422,0.25,69685,0.01393277556162831,0.01620712851698946
SARS-CoV-2,ORF1ab,2422,0.1,27875,0.021080672927182742,0.024403196422381597
SARS-CoV-2,ORF1ab,2431,0.5,139369,0.007446370489073629,0.009334448314523491
SARS-CoV-2,ORF1ab,2431,0.25,69685,0.010451688714076025,0.012420661793252854
SARS-CoV-2,ORF1ab,2431,0.1,27875,0.016110025495392654,0.019342630059854985
SARS-CoV-2,ORF1ab,2440,0.5,139368,0.0078014986287313634,0.010958575916554504
SARS-CoV-2,ORF1ab,2440,0.25,69684,0.01093463465002397,0.01311629947068366
SARS-CoV-2,ORF1ab,2440,0.1,27875,0.01685220567857224,0.020302967466088024
SARS-CoV-2,ORF1ab,2449,0.5,139369,0.007444885507289221,0.009045341216872773
SARS-CoV-2,ORF1ab,2449,0.25,69685,0.010184328250696251,0.012738093941305222
SARS-CoV-2,ORF1ab,2449,0.1,27875,0.01475487958333682,0.0184877522414358
SARS-CoV-2,ORF1ab,2458,0.5,139369,0.0076246757890645845,0.009121172759487315
SARS-CoV-2,ORF1ab,2458,0.25,69685,0.010531920004665574,0.013300683863174725
SARS-CoV-2,ORF1ab,2458,0.1,27875,0.015624212597749485,0.02015704546254523
SARS-CoV-2,ORF1ab,2467,0.5,139369,0.007274399946202299,0.00951003193980681
SARS-CoV-2,ORF1ab,2467,0.25,69685,0.009754113512807566,0.012290994122042202
SARS-CoV-2,ORF1ab,2467,0.1,27875,0.013693794602288574,0.01892246499584524
SARS-CoV-2,ORF1ab,2476,0.5,139369,0.01027460286416745,0.012717791711987819
SARS-CoV-2,ORF1ab,2476,0.25,69684,0.014307811607200089,0.016103806914696768
SARS-CoV-2,ORF1ab,2476,0.1,27875,0.02208685093690094,0.02711076068711691
SARS-CoV-2,ORF1ab,2485,0.5,139368,0.0072963673726343424,0.008985825085734298
SARS-CoV-2,ORF1ab,2485,0.25,69684,0.01018788723131488,0.01311307500959179
SARS-CoV-2,ORF1ab,2485,0.1,27875,0.01454607921848,0.018629771941510317
SARS-CoV-2,ORF1ab,2494,0.5,139368,0.00723827342699303,0.008651824471794953
SARS-CoV-2,ORF1ab,2494,0.25,69684,0.009931004680954831,0.01208200308121768
SARS-CoV-2,ORF1ab,2494,0.1,27875,0.013970508696674124,0.01756946607006652
SARS-CoV-2,ORF1ab,2503,0.5,139368,0.007598921336699427,0.00967051172034837
SARS-CoV-2,ORF1ab,2503,0.25,69684,0.010416472409232635,0.012797799565460606
SARS-CoV-2,ORF1ab,2503,0.1,27875,0.015408622239050969,0.019490312331286345
SARS-CoV-2,ORF1ab,2512,0.5,139370,0.007764076508817364,0.009753026493036564
SARS-CoV-2,ORF1ab,2512,0.25,69685,0.010966240003508649,0.013873278298733843
SARS-CoV-2,ORF1ab,2512,0.1,27875,0.017048892744237494,0.02090383366627343
SARS-CoV-2,ORF1ab,2521,0.5,139369,0.010205495438705928,0.012006344096820148
SARS-CoV-2,ORF1ab,2521,0.25,69684,0.014530993984623312,0.017072421491762836
SARS-CoV-2,ORF1ab,2521,0.1,27875,0.022438241001121403,0.0267497651658904
SARS-CoV-2,ORF1ab,2530,0.5,139369,0.007162928823470483,0.008742130194777981
SARS-CoV-2,ORF1ab,2530,0.25,69685,0.009733440912173541,0.01144970085855056
SARS-CoV-2,ORF1ab,2530,0.1,27875,0.013878646150134032,0.017651525507996556
SARS-CoV-2,ORF1ab,2539,0.5,139370,0.0075143018779595845,0.008897118211721655
SARS-CoV-2,ORF1ab,2539,0.25,69685,0.010105339940491745,0.012163774926734637
SARS-CoV-2,ORF1ab,2539,0.1,27875,0.014888856321232836,0.018693569260672248
SARS-CoV-2,ORF1ab,2548,0.5,139368,0.007586867708695094,0.010593648467524683
SARS-CoV-2,ORF1ab,2548,0.25,69684,0.010715438795335867,0.013044645773396748
SARS-CoV-2,ORF1ab,2548,0.1,27875,0.016168837736248803,0.019714857655365823
SARS-CoV-2,ORF1ab,2557,0.5,139370,0.007712063803882062,0.009443741156280496
SARS-CoV-2,ORF1ab,2557,0.25,69685,0.010428500806265586,0.0123102821814703
SARS-CoV-2,ORF1ab,2557,0.1,27875,0.015672196547741022,0.019344527763482857
SARS-CoV-2,ORF1ab,2566,0.5,139369,0.010307615283448947,0.01217728293510402
SARS-CoV-2,ORF1ab,2566,0.25,69684,0.014692497813210975,0.016666985562060012
SARS-CoV-2,ORF1ab,2566,0.1,27875,0.022885638364068404,0.02628178665618904
SARS-CoV-2,ORF1ab,2575,0.5,139369,0.007787333504744912,0.008919975972810789
SARS-CoV-2,ORF1ab,2575,0.25,69684,0.0107160778370954,0.013170656120440064
SARS-CoV-2,ORF1ab,2575,0.1,27875,0.01638537971743277,0.01974503477489128
SARS-CoV-2,ORF1ab,2584,0.5,139369,0.007415686325467202,0.009551660382848565
SARS-CoV-2,ORF1ab,2584,0.25,69685,0.010424372587500228,0.012436574935765452
SARS-CoV-2,ORF1ab,2584,0.1,27875,0.015319889526549316,0.018312744899446145
SARS-CoV-2,ORF1ab,2593,0.5,139369,0.007540471371565179,0.009336640136916246
SARS-CoV-2,ORF1ab,2593,0.25,69685,0.010456356672165507,0.012921643761308612
SARS-CoV-2,ORF1ab,2593,0.1,27875,0.01565389223694651,0.02147225515473831
SARS-CoV-2,ORF1ab,2602,0.5,139370,0.007641733869303671,0.009250327645280535
SARS-CoV-2,ORF1ab,2602,0.25,69685,0.010914471629452013,0.01316895441156433
SARS-CoV-2,ORF1ab,2602,0.1,27875,0.01636586515594988,0.021496638713665302
SARS-CoV-2,ORF1ab,2611,0.5,139369,0.007672999964216585,0.008852763575905273
SARS-CoV-2,ORF1ab,2611,0.25,69685,0.010710217243770909,0.013111360216429955
SARS-CoV-2,ORF1ab,2611,0.1,27875,0.01615981291748388,0.020242432317378666
SARS-CoV-2,ORF1ab,2620,0.5,139369,0.007488242875120541,0.009338760718491984
SARS-CoV-2,ORF1ab,2620,0.25,69685,0.010560565640294076,0.01249824528063322
SARS-CoV-2,ORF1ab,2620,0.1,27875,0.01584559663078121,0.020039518588103863
SARS-CoV-2,ORF1ab,2629,0.5,139368,0.007803623852126134,0.01008982642866052
SARS-CoV-2,ORF1ab,2629,0.25,69684,0.010967402480970638,0.013639262056438273
SARS-CoV-2,ORF1ab,2629,0.1,27875,0.016686432425692368,0.021044651909320783
SARS-CoV-2,ORF1ab,2638,0.5,139370,0.007680093836664331,0.010069780827267826
SARS-CoV-2,ORF1ab,2638,0.25,69685,0.0107048572323388,0.013480982364699726
SARS-CoV-2,ORF1ab,2638,0.1,27875,0.01636331119955979,0.018852350775070286
SARS-CoV-2,ORF1ab,2647,0.5,139370,0.007605855496528516,0.009617891474239904
SARS-CoV-2,ORF1ab,2647,0.25,69685,0.010639425892752645,0.012995576267460163
SARS-CoV-2,ORF1ab,2647,0.1,27875,0.016311130605568804,0.02086442029534257
SARS-CoV-2,ORF1ab,2656,0.5,139369,0.0075026230902803005,0.009335435740797022
SARS-CoV-2,ORF1ab,2656,0.25,69684,0.010415960288789857,0.012903638629315812
SARS-CoV-2,ORF1ab,2656,0.1,27875,0.0154602290396717,0.018267123667553273
SARS-CoV-2,ORF1ab,2665,0.5,139369,0.00772424703994863,0.009394731500290876
SARS-CoV-2,ORF1ab,2665,0.25,69684,0.010779340254696887,0.012678270588340415
SARS-CoV-2,ORF1ab,2665,0.1,27875,0.01640238045409461,0.01915597073761037
SARS-CoV-2,ORF1ab,2674,0.5,139369,0.0077858426907233685,0.008878125196423357
SARS-CoV-2,ORF1ab,2674,0.25,69685,0.010764205032505088,0.013248954876873626
SARS-CoV-2,ORF1ab,2674,0.1,27875,0.016644788194953873,0.021599383390893994
SARS-CoV-2,ORF1ab,2683,0.5,139369,0.010273692655813734,0.011569589129650627
SARS-CoV-2,ORF1ab,2683,0.25,69685,0.01455141261938795,0.017080488103259652
SARS-CoV-2,ORF1ab,2683,0.1,27875,0.02288311766814645,0.027446634025715736
SARS-CoV-2,ORF1ab,2692,0.5,139369,0.007122341188187775,0.008957164477109024
SARS-CoV-2,ORF1ab,2692,0.25,69684,0.009642479858532461,0.011564183343456809
SARS-CoV-2,ORF1ab,2692,0.1,27875,0.013727418417717034,0.01779715142538301
SARS-CoV-2,ORF1ab,2701,0.5,139368,0.00786653682195524,0.009388682347104877
SARS-CoV-2,ORF1ab,2701,0.25,69684,0.010894536111671873,0.012753772525614422
SARS-CoV-2,ORF1ab,2701,0.1,27875,0.01670796022315855,0.0213334805183536
SARS-CoV-2,ORF1ab,2710,0.5,139369,0.007747057343007151,0.009766238646122185
SARS-CoV-2,ORF1ab,2710,0.25,69684,0.010488915409896916,0.0129201173426464
SARS-CoV-2,ORF1ab,2710,0.1,27875,0.01604752746086427,0.021112800883739617
SARS-CoV-2,ORF1ab,2719,0.5,139369,0.007299704057503544,0.009137961591288176
SARS-CoV-2,ORF1ab,2719,0.25,69685,0.00992370290195738,0.012072392170113107
SARS-CoV-2,ORF1ab,2719,0.1,27875,0.014117444564466515,0.016912899742515818
SARS-CoV-2,ORF1ab,2728,0.5,139368,0.007485666628463628,0.010027144929251325
SARS-CoV-2,ORF1ab,2728,0.25,69684,0.010262984540335533,0.012286175125443185
SARS-CoV-2,ORF1ab,2728,0.1,27875,0.015096743249811103,0.020486770324641915
SARS-CoV-2,ORF1ab,2737,0.5,139369,0.0077950949782893955,0.009233925297965972
SARS-CoV-2,ORF1ab,2737,0.25,69684,0.011038060186664277,0.014699988727952798
SARS-CoV-2,ORF1ab,2737,0.1,27875,0.01739985689902198,0.01956510141751121
SARS-CoV-2,ORF1ab,2746,0.5,139370,0.007387960715775605,0.00876817523515086
SARS-CoV-2,ORF1ab,2746,0.25,69685,0.009654031864194217,0.011916344669375013
SARS-CoV-2,ORF1ab,2746,0.1,27875,0.014011796767072591,0.019294846278778192
SARS-CoV-2,ORF1ab,2755,0.5,139369,0.007304260086493572,0.009718385621647419
SARS-CoV-2,ORF1ab,2755,0.25,69685,0.009760621933622312,0.012628987640491475
SARS-CoV-2,ORF1ab,2755,0.1,27875,0.01408157841792478,0.019246992034443515
SARS-CoV-2,ORF1ab,2764,0.5,139369,0.0075891249961940925,0.010109941850181953
SARS-CoV-2,ORF1ab,2764,0.25,69684,0.010644925621913146,0.013444005791467734
SARS-CoV-2,ORF1ab,2764,0.1,27875,0.015779436093210197,0.01957275522285139
SARS-CoV-2,ORF1ab,2773,0.5,139369,0.007647543919815698,0.009070174841408879
SARS-CoV-2,ORF1ab,2773,0.25,69684,0.01063682676126632,0.01292154234898119
SARS-CoV-2,ORF1ab,2773,0.1,27875,0.016003335235592435,0.022416611084692204
SARS-CoV-2,ORF1ab,2782,0.5,139369,0.007616902346476983,0.00938633102957381
SARS-CoV-2,ORF1ab,2782,0.25,69684,0.010759974536426601,0.01393672620138772
SARS-CoV-2,ORF1ab,2782,0.1,27875,0.016247362377465154,0.019498327453090703
SARS-CoV-2,ORF1ab,2791,0.5,139369,0.007451113932423054,0.0090638369243905
SARS-CoV-2,ORF1ab,2791,0.25,69684,0.010305107033018086,0.01281332754773203
SARS-CoV-2,ORF1ab,2791,0.1,27875,0.015318448954244075,0.019101330416443463
SARS-CoV-2,ORF1ab,2800,0.5,139370,0.007558764367470183,0.010827532309335627
SARS-CoV-2,ORF1ab,2800,0.25,69685,0.010465080698516207,0.012758427437511481
SARS-CoV-2,ORF1ab,2800,0.1,27875,0.01565300793953088,0.020067310611099346
SARS-CoV-2,ORF1ab,2809,0.5,139369,0.007563170588944573,0.009515478638895599
SARS-CoV-2,ORF1ab,2809,0.25,69684,0.010345684431347748,0.013096877426217892
SARS-CoV-2,ORF1ab,2809,0.1,27875,0.015235406078853852,0.018671249635586817
SARS-CoV-2,ORF1ab,2818,0.5,139369,0.007584518273198819,0.009446502138219477
SARS-CoV-2,ORF1ab,2818,0.25,69684,0.010470788702019932,0.013487892787609241
SARS-CoV-2,ORF1ab,2818,0.1,27875,0.015108467253893823,0.019110934351256496
SARS-CoV-2,ORF1ab,2827,0.5,139369,0.007786377674786333,0.010077870622689628
SARS-CoV-2,ORF1ab,2827,0.25,69685,0.010931785725007127,0.012794866359481244
SARS-CoV-2,ORF1ab,2827,0.1,27875,0.016956548751104025,0.02203660991935532
SARS-CoV-2,ORF1ab,2836,0.5,139370,0.007443249190996901,0.009046501346696772
SARS-CoV-2,ORF1ab,2836,0.25,69685,0.010302266816751109,0.013458963806249592
SARS-CoV-2,ORF1ab,2836,0.1,27875,0.015216708614262655,0.01840370023206304
SARS-CoV-2,ORF1ab,2845,0.5,139369,0.007607570235538503,0.009204318384682742
SARS-CoV-2,ORF1ab,2845,0.25,69685,0.010630462221235008,0.013477190171635843
SARS-CoV-2,ORF1ab,2845,0.1,27875,0.016122061018504795,0.019557141266195132
SARS-CoV-2,ORF1ab,2854,0.5,139369,0.007708732270814633,0.010264125382226187
SARS-CoV-2,ORF1ab,2854,0.25,69684,0.010604800348039355,0.01246431757521521
SARS-CoV-2,ORF1ab,2854,0.1,27875,0.015804607161478017,0.018356846602068003
SARS-CoV-2,ORF1ab,2863,0.5,139370,0.007219992327987232,0.008854288034723172
SARS-CoV-2,ORF1ab,2863,0.25,69685,0.009729756196502543,0.01228112282709805
SARS-CoV-2,ORF1ab,2863,0.1,27875,0.013999755423796117,0.01756180885259001
SARS-CoV-2,ORF1ab,2872,0.5,139369,0.007712457064072073,0.00972372107286015
SARS-CoV-2,ORF1ab,2872,0.25,69684,0.01064238280508669,0.01391221743712364
SARS-CoV-2,ORF1ab,2872,0.1,27875,0.01643900538190943,0.021412080651488648
SARS-CoV-2,ORF1ab,2881,0.5,139369,0.007560597517949352,0.009301647671864246
SARS-CoV-2,ORF1ab,2881,0.25,69685,0.010093924464942184,0.01348893770290711
SARS-CoV-2,ORF1ab,2881,0.1,27875,0.014943534164904442,0.01761105259753397
SARS-CoV-2,ORF1ab,2890,0.5,139369,0.007554597526249389,0.009254739655449859
SARS-CoV-2,ORF1ab,2890,0.25,69685,0.010683441128679444,0.013136588270502098
SARS-CoV-2,ORF1ab,2890,0.1,27875,0.015748098176677397,0.01946820793583725
SARS-CoV-2,ORF1ab,2899,0.5,139368,0.007791370474733908,0.008973040226195477
SARS-CoV-2,ORF1ab,2899,0.25,69684,0.010594834442314398,0.013132039013769182
SARS-CoV-2,ORF1ab,2899,0.1,27875,0.016467488658490567,0.01962880353807908
SARS-CoV-2,ORF1ab,2908,0.5,139369,0.007764552735259164,0.009886356791691512
SARS-CoV-2,ORF1ab,2908,0.25,69684,0.010717159359980535,0.013443765803287664
SARS-CoV-2,ORF1ab,2908,0.1,27875,0.01642140362295219,0.01969972954852932
SARS-CoV-2,ORF1ab,2917,0.5,139370,0.0075980612369431514,0.010266596895724388
SARS-CoV-2,ORF1ab,2917,0.25,69685,0.010329356244398048,0.012796508760779321
SARS-CoV-2,ORF1ab,2917,0.1,27875,0.01577041381267097,0.02001077241639507
SARS-CoV-2,ORF1ab,2926,0.5,139370,0.007312085729582785,0.009280389898371554
SARS-CoV-2,ORF1ab,2926,0.25,69685,0.00979762266114145,0.013726390168577258
SARS-CoV-2,ORF1ab,2926,0.1,27875,0.013733645623691665,0.016556550900070223
SARS-CoV-2,ORF1ab,2935,0.5,139369,0.007328309669606904,0.009537558572388862
SARS-CoV-2,ORF1ab,2935,0.25,69685,0.009763181636112372,0.011867872315396794
SARS-CoV-2,ORF1ab,2935,0.1,27875,0.01426079014717394,0.018024620865973243
SARS-CoV-2,ORF1ab,2944,0.5,139369,0.0073803067915223204,0.009088627696986519
SARS-CoV-2,ORF1ab,2944,0.25,69684,0.010117599756051497,0.012100590478032058
SARS-CoV-2,ORF1ab,2944,0.1,27875,0.014873859378458852,0.019058677060577837
SARS-CoV-2,ORF1ab,2953,0.5,139369,0.007471867569633157,0.00886942099077304
SARS-CoV-2,ORF1ab,2953,0.25,69684,0.010299449794988544,0.012642660960808351
SARS-CoV-2,ORF1ab,2953,0.1,27875,0.014578300080886323,0.017821183936396215
SARS-CoV-2,ORF1ab,2962,0.5,139369,0.007721896514078597,0.009129588087699987
SARS-CoV-2,ORF1ab,2962,0.25,69685,0.010584620847180691,0.012643015811972828
SARS-CoV-2,ORF1ab,2962,0.1,27875,0.015782741403338473,0.01878955687892186
SARS-CoV-2,ORF1ab,2971,0.5,139368,0.007703681675828352,0.009937487058062834
SARS-CoV-2,ORF1ab,2971,0.25,69684,0.010741858435391062,0.013033520819845311
SARS-CoV-2,ORF1ab,2971,0.1,27875,0.015694225232005646,0.02015609206966013
SARS-CoV-2,ORF1ab,2980,0.5,139368,0.007677795591803531,0.009381418629066017
SARS-CoV-2,ORF1ab,2980,0.25,69684,0.010634971955541013,0.013058112899855636
SARS-CoV-2,ORF1ab,2980,0.1,27875,0.016389255991233826,0.02023853981772606
SARS-CoV-2,ORF1ab,2989,0.5,139370,0.007683949593897144,0.00981969701005846
SARS-CoV-2,ORF1ab,2989,0.25,69685,0.010872071180149356,0.013061524779739063
SARS-CoV-2,ORF1ab,2989,0.1,27875,0.016801698624700587,0.019665653336150956
SARS-CoV-2,ORF1ab,2998,0.5,139369,0.010357457409858672,0.011909892629802436
SARS-CoV-2,ORF1ab,2998,0.25,69685,0.01450506107803215,0.016456003576159416
SARS-CoV-2,ORF1ab,2998,0.1,27875,0.02247895115634307,0.026975580211125536
SARS-CoV-2,ORF1ab,3007,0.5,139370,0.0073351648750276405,0.009011921633334386
SARS-CoV-2,ORF1ab,3007,0.25,69685,0.01048252785449298,0.01339271155826126
SARS-CoV-2,ORF1ab,3007,0.1,27875,0.014684805526424007,0.018851284599051457
SARS-CoV-2,ORF1ab,3016,0.5,139368,0.007569081996802427,0.008932233605651931
SARS-CoV-2,ORF1ab,3016,0.25,69684,0.010416263871091616,0.012917375630542113
SARS-CoV-2,ORF1ab,3016,0.1,27875,0.015688655788062007,0.020511938962580887
SARS-CoV-2,ORF1ab,3025,0.5,139370,0.007473964965627757,0.009622791682087545
SARS-CoV-2,ORF1ab,3025,0.25,69685,0.010423766184611086,0.012570578617000132
SARS-CoV-2,ORF1ab,3025,0.1,27875,0.015267886139765562,0.019569491851551695
SARS-CoV-2,ORF1ab,3034,0.5,139369,0.007523691562417399,0.009431337910530267
SARS-CoV-2,ORF1ab,3034,0.25,69684,0.010405829006843595,0.01284471938688771
SARS-CoV-2,ORF1ab,3034,0.1,27875,0.015265764965833498,0.018242708201992225
SARS-CoV-2,ORF1ab,3043,0.5,139369,0.007443497232466921,0.009065776768141307
SARS-CoV-2,ORF1ab,3043,0.25,69684,0.010377626130333972,0.014414883185589962
SARS-CoV-2,ORF1ab,3043,0.1,27875,0.015263233923890649,0.0205624218472845
SARS-CoV-2,ORF1ab,3052,0.5,139369,0.007665011653341006,0.008901408740637617
SARS-CoV-2,ORF1ab,3052,0.25,69685,0.01039309298116954,0.012812093773729695
SARS-CoV-2,ORF1ab,3052,0.1,27875,0.015228440184798674,0.01768969253359408
SARS-CoV-2,ORF1ab,3061,0.5,139368,0.007796077380543694,0.009984396972781192
SARS-CoV-2,ORF1ab,3061,0.25,69684,0.010601133467426815,0.012738467471280317
SARS-CoV-2,ORF1ab,3061,0.1,27875,0.016542430344346975,0.01985302511259624
SARS-CoV-2,ORF1ab,3070,0.5,139369,0.00764848383028034,0.009167285792852328
SARS-CoV-2,ORF1ab,3070,0.25,69684,0.010552837250931766,0.013006420909377455
SARS-CoV-2,ORF1ab,3070,0.1,27875,0.01582710590924906,0.01941598398524162
SARS-CoV-2,ORF1ab,3079,0.5,139368,0.007341932812402571,0.009115678260047803
SARS-CoV-2,ORF1ab,3079,0.25,69684,0.010205083798503272,0.012022114254326763
SARS-CoV-2,ORF1ab,3079,0.1,27875,0.015036016126264293,0.01946347600062527
SARS-CoV-2,ORF1ab,3088,0.5,139370,0.007154364409608744,0.008172929130278494
SARS-CoV-2,ORF1ab,3088,0.25,69685,0.009531130290900514,0.011458257417085076
SARS-CoV-2,ORF1ab,3088,0.1,27875,0.013695390387218112,0.016651633319537312
SARS-CoV-2,ORF1ab,3097,0.5,139369,0.007515447747529991,0.009335523591730252
SARS-CoV-2,ORF1ab,3097,0.25,69684,0.010501487687704666,0.012050000893204233
SARS-CoV-2,ORF1ab,3097,0.1,27875,0.015260220933542458,0.019745031701031174
SARS-CoV-2,ORF1ab,3106,0.5,139368,0.007233212784649023,0.00863051987631186
SARS-CoV-2,ORF1ab,3106,0.25,69684,0.009821451700542883,0.011723487125487365
SARS-CoV-2,ORF1ab,3106,0.1,27875,0.013919176534537793,0.01727507820633902
SARS-CoV-2,ORF1ab,3115,0.5,139369,0.007538432583140238,0.008913941845400574
SARS-CoV-2,ORF1ab,3115,0.25,69684,0.01022229777356226,0.012408751847541963
SARS-CoV-2,ORF1ab,3115,0.1,27875,0.015061353036862943,0.018380380751193418
SARS-CoV-2,ORF1ab,3124,0.5,139369,0.007628033277418339,0.010210327250873912
SARS-CoV-2,ORF1ab,3124,0.25,69685,0.010363637384021464,0.013266422231680888
SARS-CoV-2,ORF1ab,3124,0.1,27875,0.015566325826386654,0.01966893570232042
SARS-CoV-2,ORF1ab,3133,0.5,139369,0.007536167629090525,0.00953149443676808
SARS-CoV-2,ORF1ab,3133,0.25,69685,0.010506665375913523,0.012161196237431433
SARS-CoV-2,ORF1ab,3133,0.1,27875,0.015589134600220883,0.018943417721852193
SARS-CoV-2,ORF1ab,3142,0.5,139369,0.007596145879446367,0.00959986058224142
SARS-CoV-2,ORF1ab,3142,0.25,69685,0.01074081369398113,0.013148485918767569
SARS-CoV-2,ORF1ab,3142,0.1,27875,0.016530354898944753,0.020128101379457752
SARS-CoV-2,ORF1ab,3151,0.5,139370,0.007513487015468865,0.0090468390836064
SARS-CoV-2,ORF1ab,3151,0.25,69685,0.010359914074047539,0.012249799211893266
SARS-CoV-2,ORF1ab,3151,0.1,27875,0.01525654649358563,0.019093702565396383
SARS-CoV-2,ORF1ab,3160,0.5,139369,0.010282544651609745,0.012204997588521522
SARS-CoV-2,ORF1ab,3160,0.25,69684,0.014622213038899908,0.017220310317490755
SARS-CoV-2,ORF1ab,3160,0.1,27875,0.022900173969663016,0.025763866145309726
SARS-CoV-2,ORF1ab,3169,0.5,139369,0.007403085334734564,0.008848479301456514
SARS-CoV-2,ORF1ab,3169,0.25,69685,0.00986827477127164,0.012662326560998475
SARS-CoV-2,ORF1ab,3169,0.1,27875,0.014406631357984232,0.018741122139922736
SARS-CoV-2,ORF1ab,3178,0.5,139368,0.0075784542638373704,0.009318142076574814
SARS-CoV-2,ORF1ab,3178,0.25,69684,0.010495674166160698,0.012972008807442292
SARS-CoV-2,ORF1ab,3178,0.1,27875,0.015852533130176618,0.018988125846951028
SARS-CoV-2,ORF1ab,3187,0.5,139368,0.010004746872975654,0.012046654637852646
SARS-CoV-2,ORF1ab,3187,0.25,69684,0.013370469203902814,0.015671073415058547
SARS-CoV-2,ORF1ab,3187,0.1,27875,0.01931760678804612,0.02316952938605185
SARS-CoV-2,ORF1ab,3196,0.5,139370,0.007717264113951032,0.009408118575826303
SARS-CoV-2,ORF1ab,3196,0.25,69685,0.010608699743931103,0.012885898772658371
SARS-CoV-2,ORF1ab,3196,0.1,27875,0.016200081727355858,0.019837603418653187
SARS-CoV-2,ORF1ab,3205,0.5,139369,0.00776672135838173,0.009978882269073123
SARS-CoV-2,ORF1ab,3205,0.25,69684,0.010654814523923502,0.013877827335853425
SARS-CoV-2,ORF1ab,3205,0.1,27875,0.016288397265317826,0.019772516665453398
SARS-CoV-2,ORF1ab,3214,0.5,139368,0.0077090416088290755,0.010029195589581994
SARS-CoV-2,ORF1ab,3214,0.25,69684,0.01081947089489181,0.01340340091260098
SARS-CoV-2,ORF1ab,3214,0.1,27875,0.016560743309574317,0.022032598845837744
SARS-CoV-2,ORF1ab,3223,0.5,139369,0.007317043114667756,0.009166806203563941
SARS-CoV-2,ORF1ab,3223,0.25,69685,0.010024047213452847,0.012113120011821268
SARS-CoV-2,ORF1ab,3223,0.1,27875,0.014742325347009715,0.017675231572856265
SARS-CoV-2,ORF1ab,3232,0.5,139369,0.007471502825423545,0.009284736061621324
SARS-CoV-2,ORF1ab,3232,0.25,69685,0.01038712426536074,0.012608778022253702
SARS-CoV-2,ORF1ab,3232,0.1,27875,0.015493419406954067,0.018841626044411492
SARS-CoV-2,ORF1ab,3241,0.5,139368,0.0075717566937593735,0.00917618839984959
SARS-CoV-2,ORF1ab,3241,0.25,69684,0.01034555292875044,0.012578971317501802
SARS-CoV-2,ORF1ab,3241,0.1,27875,0.015293911471367631,0.018556535450199533
SARS-CoV-2,ORF1ab,3250,0.5,139368,0.007447483830201039,0.008820051799619817
SARS-CoV-2,ORF1ab,3250,0.25,69684,0.010106736710749015,0.012598561716654707
SARS-CoV-2,ORF1ab,3250,0.1,27875,0.014873714488271848,0.01898118137406004
SARS-CoV-2,ORF1ab,3259,0.5,139368,0.0075136587748297606,0.010569323804891843
SARS-CoV-2,ORF1ab,3259,0.25,69684,0.01057622105252295,0.013265660426700117
SARS-CoV-2,ORF1ab,3259,0.1,27875,0.016170668667678644,0.019814442966605183
SARS-CoV-2,ORF1ab,3268,0.5,139369,0.007625074957713141,0.0101191954706692
SARS-CoV-2,ORF1ab,3268,0.25,69684,0.010724331275117847,0.012975568614144395
SARS-CoV-2,ORF1ab,3268,0.1,27875,0.01613624317170852,0.02061030626052849
SARS-CoV-2,ORF1ab,3277,0.5,139369,0.007696959131159101,0.009762864439967376
SARS-CoV-2,ORF1ab,3277,0.25,69685,0.010686902531218696,0.013016438910225827
SARS-CoV-2,ORF1ab,3277,0.1,27875,0.01627560895799623,0.019655905935497153
SARS-CoV-2,ORF1ab,3286,0.5,139370,0.007748915334578886,0.00924784763347498
SARS-CoV-2,ORF1ab,3286,0.25,69685,0.01077081735708098,0.014820200254512503
SARS-CoV-2,ORF1ab,3286,0.1,27875,0.016347134712009225,0.019457905251133185
SARS-CoV-2,ORF1ab,3295,0.5,139369,0.010331462655390951,0.012213338389275743
SARS-CoV-2,ORF1ab,3295,0.25,69684,0.014688449729843659,0.016705387000346524
SARS-CoV-2,ORF1ab,3295,0.1,27875,0.022756075136536182,0.026062523875898892
SARS-CoV-2,ORF1ab,3304,0.5,139369,0.007753563156666962,0.009310566126724136
SARS-CoV-2,ORF1ab,3304,0.25,69685,0.010538153589998666,0.012946717982012567
SARS-CoV-2,ORF1ab,3304,0.1,27875,0.016231889333610517,0.019882273389095286
SARS-CoV-2,ORF1ab,3313,0.5,139369,0.0076540615037594874,0.010831356487348507
SARS-CoV-2,ORF1ab,3313,0.25,69685,0.01059762525443261,0.012556568910347957
SARS-CoV-2,ORF1ab,3313,0.1,27875,0.01616818226390309,0.018378309890358786
SARS-CoV-2,ORF1ab,3322,0.5,139369,0.007617231640213435,0.009163311924732973
SARS-CoV-2,ORF1ab,3322,0.25,69684,0.010815184971433061,0.014440819841988493
SARS-CoV-2,ORF1ab,3322,0.1,27875,0.016670346044003956,0.020936437777844923
SARS-CoV-2,ORF1ab,3331,0.5,139369,0.007706714659269919,0.00965163067261754
SARS-CoV-2,ORF1ab,3331,0.25,69685,0.01079365341551004,0.01326882946750628
SARS-CoV-2,ORF1ab,3331,0.1,27875,0.01661152953409455,0.01962791356881308
SARS-CoV-2,ORF1ab,3340,0.5,139368,0.007797261327714548,0.009191186608890425
SARS-CoV-2,ORF1ab,3340,0.25,69684,0.010588260437427135,0.014377846316193614
SARS-CoV-2,ORF1ab,3340,0.1,27875,0.015916407213900172,0.02151389078549022
SARS-CoV-2,ORF1ab,3349,0.5,139369,0.007764626633066198,0.009690703929443361
SARS-CoV-2,ORF1ab,3349,0.25,69685,0.010769853821862572,0.013122601492204749
SARS-CoV-2,ORF1ab,3349,0.1,27875,0.016577142042570214,0.020375893387315075
SARS-CoV-2,ORF1ab,3358,0.5,139370,0.0075860518718068246,0.009289052790264289
SARS-CoV-2,ORF1ab,3358,0.25,69685,0.010398327382603819,0.013315246571275481
SARS-CoV-2,ORF1ab,3358,0.1,27875,0.01601195939227452,0.019615396586876412
SARS-CoV-2,ORF1ab,3367,0.5,139369,0.007778588130036936,0.009829929935806024
SARS-CoV-2,ORF1ab,3367,0.25,69685,0.010629475342547072,0.01381632321089215
SARS-CoV-2,ORF1ab,3367,0.1,27875,0.0167222620780026,0.020024400366727788
SARS-CoV-2,ORF1ab,3376,0.5,139369,0.0076139297900392955,0.009074224395724546
SARS-CoV-2,ORF1ab,3376,0.25,69684,0.010569613761413934,0.012853735155612736
SARS-CoV-2,ORF1ab,3376,0.1,27875,0.016459162546686407,0.019630098082149394
SARS-CoV-2,ORF1ab,3385,0.5,139368,0.007850057694002429,0.009379290993362115
SARS-CoV-2,ORF1ab,3385,0.25,69684,0.010678454689383023,0.012545685813973083
SARS-CoV-2,ORF1ab,3385,0.1,27875,0.016190270422730822,0.019556349724445185
SARS-CoV-2,ORF1ab,3394,0.5,139370,0.0076979509555407015,0.009288451633726049
SARS-CoV-2,ORF1ab,3394,0.25,69685,0.010577668676296925,0.012808347139563761
SARS-CoV-2,ORF1ab,3394,0.1,27875,0.016152125648695035,0.020794119095678573
SARS-CoV-2,ORF1ab,3403,0.5,139369,0.007648699418946368,0.009163496849827747
SARS-CoV-2,ORF1ab,3403,0.25,69684,0.010716273562572655,0.013486516489563815
SARS-CoV-2,ORF1ab,3403,0.1,27875,0.016616979380817215,0.020820859380855875
SARS-CoV-2,ORF1ab,3412,0.5,139370,0.007756220647526104,0.009159751261191791
SARS-CoV-2,ORF1ab,3412,0.25,69685,0.010877888734406168,0.014270614455450475
SARS-CoV-2,ORF1ab,3412,0.1,27875,0.016337408267667927,0.020956829587994764
SARS-CoV-2,ORF1ab,3421,0.5,139368,0.00768103809110732,0.009278438593799732
SARS-CoV-2,ORF1ab,3421,0.25,69684,0.010759380571289445,0.012553020826705051
SARS-CoV-2,ORF1ab,3421,0.1,27875,0.016584390897616885,0.021069872536921764
SARS-CoV-2,ORF1ab,3430,0.5,139369,0.007816972247357402,0.009326494923104283
SARS-CoV-2,ORF1ab,3430,0.25,69685,0.01090588501741856,0.013333084332753294
SARS-CoV-2,ORF1ab,3430,0.1,27875,0.017190728476348217,0.0206311569857503
SARS-CoV-2,ORF1ab,3439,0.5,139369,0.007784459826202509,0.00934925655914426
SARS-CoV-2,ORF1ab,3439,0.25,69685,0.010370689546694494,0.012038911456259235
SARS-CoV-2,ORF1ab,3439,0.1,27875,0.01564233088064833,0.019881430342589573
SARS-CoV-2,ORF1ab,3448,0.5,139369,0.007847883849082098,0.009819641975694878
SARS-CoV-2,ORF1ab,3448,0.25,69685,0.010923132658147436,0.014033174430892557
SARS-CoV-2,ORF1ab,3448,0.1,27875,0.016415485821944006,0.019547424285019266
SARS-CoV-2,ORF1ab,3457,0.5,139369,0.0076085577740884125,0.00963863664960148
SARS-CoV-2,ORF1ab,3457,0.25,69685,0.010771782056954584,0.01291721353730182
SARS-CoV-2,ORF1ab,3457,0.1,27875,0.016298453465783732,0.019983954931474184
SARS-CoV-2,ORF1ab,3466,0.5,139370,0.007893001010271806,0.010084215157335442
SARS-CoV-2,ORF1ab,3466,0.25,69685,0.011081279492571271,0.013747283873523293
SARS-CoV-2,ORF1ab,3466,0.1,27875,0.01706187415676319,0.02200101198865635
SARS-CoV-2,ORF1ab,3475,0.5,139368,0.0077264208994439485,0.009912101212332552
SARS-CoV-2,ORF1ab,3475,0.25,69684,0.010848284431756143,0.014089124641935324
SARS-CoV-2,ORF1ab,3475,0.1,27875,0.016573341831940813,0.020165471215552982
SARS-CoV-2,ORF1ab,3484,0.5,139369,0.007718381690986398,0.009457585735197682
SARS-CoV-2,ORF1ab,3484,0.25,69684,0.010810769541821742,0.012790164586015416
SARS-CoV-2,ORF1ab,3484,0.1,27875,0.016425923100484206,0.020242704490563205
SARS-CoV-2,ORF1ab,3493,0.5,139368,0.0077996613101082605,0.009084276172739675
SARS-CoV-2,ORF1ab,3493,0.25,69684,0.010694813638510669,0.012827742222510359
SARS-CoV-2,ORF1ab,3493,0.1,27875,0.01638633271187296,0.018624738699504078
SARS-CoV-2,ORF1ab,3502,0.5,139369,0.007793636660872607,0.00931925254985124
SARS-CoV-2,ORF1ab,3502,0.25,69685,0.010905066059415788,0.012795192739812255
SARS-CoV-2,ORF1ab,3502,0.1,27875,0.016931692589852994,0.020611817046298928
SARS-CoV-2,ORF1ab,3511,0.5,139368,0.007798428626235495,0.009649876508606787
SARS-CoV-2,ORF1ab,3511,0.25,69684,0.010853508690885852,0.01384695588876724
SARS-CoV-2,ORF1ab,3511,0.1,27875,0.016692520121430854,0.020697621514083393
SARS-CoV-2,ORF1ab,3520,0.5,139368,0.007625487674891205,0.009071948231428983
SARS-CoV-2,ORF1ab,3520,0.25,69684,0.010496898805317682,0.012810216587605665
SARS-CoV-2,ORF1ab,3520,0.1,27875,0.016194257901066454,0.02019835780106018
SARS-CoV-2,ORF1ab,3529,0.5,139368,0.010188414659833389,0.0121099478149728
SARS-CoV-2,ORF1ab,3529,0.25,69684,0.01419377309219255,0.01656608757064453
SARS-CoV-2,ORF1ab,3529,0.1,27875,0.021757459520525,0.024757992013087874
SARS-CoV-2,ORF1ab,3538,0.5,139368,0.007527044210699306,0.010531222828664933
SARS-CoV-2,ORF1ab,3538,0.25,69684,0.010469266652254365,0.013794172307723807
SARS-CoV-2,ORF1ab,3538,0.1,27875,0.015811737316249352,0.01922040669225839
SARS-CoV-2,ORF1ab,3547,0.5,139368,0.00799413964102542,0.0100745153797516
SARS-CoV-2,ORF1ab,3547,0.25,69684,0.011117210862409856,0.013992610472117487
SARS-CoV-2,ORF1ab,3547,0.1,27875,0.017182448962966865,0.021340036090657353
SARS-CoV-2,ORF1ab,3556,0.5,139370,0.010068314818839937,0.011325899762781639
SARS-CoV-2,ORF1ab,3556,0.25,69685,0.013842002592039127,0.016532254855888356
SARS-CoV-2,ORF1ab,3556,0.1,27875,0.021087948750160696,0.024376149881636597
SARS-CoV-2,ORF1ab,3565,0.5,139369,0.007365866556606201,0.009114321050803008
SARS-CoV-2,ORF1ab,3565,0.25,69685,0.010142495273340641,0.012208522332534704
SARS-CoV-2,ORF1ab,3565,0.1,27875,0.014750238327039158,0.01766619378514915
SARS-CoV-2,ORF1ab,3574,0.5,139368,0.0075323267721001995,0.00908159210117685
SARS-CoV-2,ORF1ab,3574,0.25,69684,0.010160059594003111,0.012394413732717574
SARS-CoV-2,ORF1ab,3574,0.1,27875,0.014670128248784171,0.017254314663372666
SARS-CoV-2,ORF1ab,3583,0.5,139369,0.007390901102775949,0.009749701669593611
SARS-CoV-2,ORF1ab,3583,0.25,69685,0.010271919781385978,0.013024716202786644
SARS-CoV-2,ORF1ab,3583,0.1,27875,0.015554102018505732,0.018741745004297764
SARS-CoV-2,ORF1ab,3592,0.5,139368,0.010122648764594393,0.01170771497122867
SARS-CoV-2,ORF1ab,3592,0.25,69684,0.013976867001309493,0.016451204050664095
SARS-CoV-2,ORF1ab,3592,0.1,27875,0.02108105365714066,0.025304417094388108
SARS-CoV-2,ORF1ab,3601,0.5,139369,0.007785343483545366,0.00944181721266512
SARS-CoV-2,ORF1ab,3601,0.25,69685,0.010722875630183018,0.013351727401460302
SARS-CoV-2,ORF1ab,3601,0.1,27875,0.016630981332796106,0.021653163169899084
SARS-CoV-2,ORF1ab,3610,0.5,139369,0.007635877338856678,0.009179686416542498
SARS-CoV-2,ORF1ab,3610,0.25,69684,0.010557415164642245,0.012481951965310848
SARS-CoV-2,ORF1ab,3610,0.1,27875,0.016232292705578667,0.01959183717797704
SARS-CoV-2,ORF1ab,3619,0.5,139368,0.00782698299563805,0.009213128953897661
SARS-CoV-2,ORF1ab,3619,0.25,69684,0.010609489761845151,0.013208229529982485
SARS-CoV-2,ORF1ab,3619,0.1,27875,0.0166165213629384,0.020499447527090646
SARS-CoV-2,ORF1ab,3628,0.5,139369,0.007758055609888877,0.009374712127946671
SARS-CoV-2,ORF1ab,3628,0.25,69684,0.01086665136307286,0.012823467121790885
SARS-CoV-2,ORF1ab,3628,0.1,27875,0.016256409783600684,0.019616226451189753
SARS-CoV-2,ORF1ab,3637,0.5,139369,0.007757782171512103,0.009282245870611376
SARS-CoV-2,ORF1ab,3637,0.25,69685,0.010655389360307516,0.012817780212510378
SARS-CoV-2,ORF1ab,3637,0.1,27875,0.01616056734853519,0.020342509136804604
SARS-CoV-2,ORF1ab,3646,0.5,139370,0.0076367535813570185,0.008816150151446978
SARS-CoV-2,ORF1ab,3646,0.25,69685,0.010469738454671326,0.013071861498383403
SARS-CoV-2,ORF1ab,3646,0.1,27875,0.01585896069152372,0.019135966866489704
SARS-CoV-2,ORF1ab,3655,0.5,139368,0.010408992524235062,0.0119873405797829
SARS-CoV-2,ORF1ab,3655,0.25,69684,0.014427297689117918,0.016961906573774867
SARS-CoV-2,ORF1ab,3655,0.1,27875,0.021884258612959992,0.02463143694093549
SARS-CoV-2,ORF1ab,3664,0.5,139368,0.007843553051402706,0.009012372911519339
SARS-CoV-2,ORF1ab,3664,0.25,69684,0.011023115543776076,0.01338452616037697
SARS-CoV-2,ORF1ab,3664,0.1,27875,0.016986272255309503,0.023177966318112028
SARS-CoV-2,ORF1ab,3673,0.5,139370,0.0075512285822187525,0.010301579124341157
SARS-CoV-2,ORF1ab,3673,0.25,69685,0.010226464722966927,0.013676820224617888
SARS-CoV-2,ORF1ab,3673,0.1,27875,0.015177906700598225,0.01834324838888091
SARS-CoV-2,ORF1ab,3682,0.5,139370,0.007508073942262952,0.00947954779931512
SARS-CoV-2,ORF1ab,3682,0.25,69685,0.010435139720613067,0.013537504679079243
SARS-CoV-2,ORF1ab,3682,0.1,27875,0.015330597409998092,0.019114274189767917
SARS-CoV-2,ORF1ab,3691,0.5,139370,0.0076043382383731315,0.0091881625724663
SARS-CoV-2,ORF1ab,3691,0.25,69685,0.010415230870649762,0.013488405860714816
SARS-CoV-2,ORF1ab,3691,0.1,27875,0.015447802724191044,0.018297491765455393
SARS-CoV-2,ORF1ab,3700,0.5,139369,0.00765962356989751,0.0089256726143973
SARS-CoV-2,ORF1ab,3700,0.25,69685,0.010469912618692038,0.012599122907531478
SARS-CoV-2,ORF1ab,3700,0.1,27875,0.015937061525321747,0.019996801679850334
SARS-CoV-2,ORF1ab,3709,0.5,139369,0.007312429856994448,0.008861686303938186
SARS-CoV-2,ORF1ab,3709,0.25,69685,0.009941613150000052,0.012593388761533365
SARS-CoV-2,ORF1ab,3709,0.1,27875,0.01427213315286613,0.01785204290475034
SARS-CoV-2,ORF1ab,3718,0.5,139368,0.007750413323825068,0.009640666324734917
SARS-CoV-2,ORF1ab,3718,0.25,69684,0.010812629005568541,0.012472795472281204
SARS-CoV-2,ORF1ab,3718,0.1,27875,0.01645555534425283,0.019877824131227653
SARS-CoV-2,ORF1ab,3727,0.5,139369,0.007590224284248749,0.009000124073651968
SARS-CoV-2,ORF1ab,3727,0.25,69684,0.010612786601126061,0.013279680254375741
SARS-CoV-2,ORF1ab,3727,0.1,27875,0.015620123414731655,0.019516113001366502
SARS-CoV-2,ORF1ab,3736,0.5,139369,0.010203083060449246,0.012244041182327603
SARS-CoV-2,ORF1ab,3736,0.25,69684,0.014278886609041376,0.01679328076463944
SARS-CoV-2,ORF1ab,3736,0.1,27875,0.021596655824363886,0.024805753811508433
SARS-CoV-2,ORF1ab,3745,0.5,139368,0.007649733354309482,0.009837021934121946
SARS-CoV-2,ORF1ab,3745,0.25,69684,0.010776529924034049,0.012936189086581467
SARS-CoV-2,ORF1ab,3745,0.1,27875,0.016347206821669673,0.02298132719542718
SARS-CoV-2,ORF1ab,3754,0.5,139369,0.007587614674664958,0.010158500930296148
SARS-CoV-2,ORF1ab,3754,0.25,69685,0.01030282426443334,0.012812746410568588
SARS-CoV-2,ORF1ab,3754,0.1,27875,0.016181049076484863,0.020852080420549934
SARS-CoV-2,ORF1ab,3763,0.5,139370,0.007457183362434672,0.009615919979811812
SARS-CoV-2,ORF1ab,3763,0.25,69685,0.010395955925531422,0.012639095712721442
SARS-CoV-2,ORF1ab,3763,0.1,27875,0.015592719574795485,0.0199561395233189
SARS-CoV-2,ORF1ab,3772,0.5,139370,0.007547939089103137,0.009269275840783636
SARS-CoV-2,ORF1ab,3772,0.25,69685,0.010480791722401836,0.012522645818191402
SARS-CoV-2,ORF1ab,3772,0.1,27875,0.015527166650057895,0.018790579763318372
SARS-CoV-2,ORF1ab,3781,0.5,139368,0.007429282699582416,0.008807777369618488
SARS-CoV-2,ORF1ab,3781,0.25,69684,0.010347759152065544,0.013318895307818462
SARS-CoV-2,ORF1ab,3781,0.1,27875,0.015356329855413714,0.01864545131048813
SARS-CoV-2,ORF1ab,3790,0.5,139369,0.007503439701711216,0.00888039658803567
SARS-CoV-2,ORF1ab,3790,0.25,69684,0.010359687802495186,0.013345764826897867
SARS-CoV-2,ORF1ab,3790,0.1,27875,0.014924756254915674,0.018854608161041387
SARS-CoV-2,ORF1ab,3799,0.5,139369,0.007420760592342234,0.0091561461565475
SARS-CoV-2,ORF1ab,3799,0.25,69684,0.009959052282616919,0.012789560544429425
SARS-CoV-2,ORF1ab,3799,0.1,27875,0.01501171585014008,0.018646611642705126
SARS-CoV-2,ORF1ab,3808,0.5,139368,0.0073351263857364965,0.009369943650620384
SARS-CoV-2,ORF1ab,3808,0.25,69684,0.009914735463741832,0.012930986714614302
SARS-CoV-2,ORF1ab,3808,0.1,27875,0.01436396548749585,0.01839653097503647
SARS-CoV-2,ORF1ab,3817,0.5,139368,0.007793364493937509,0.010229694473485415
SARS-CoV-2,ORF1ab,3817,0.25,69684,0.010745480110678088,0.01359088645930504
SARS-CoV-2,ORF1ab,3817,0.1,27875,0.01649663701236685,0.019768040531976665
SARS-CoV-2,ORF1ab,3826,0.5,139370,0.0076403396836166645,0.009810353562312865
SARS-CoV-2,ORF1ab,3826,0.25,69685,0.010716361227702626,0.012676739217593175
SARS-CoV-2,ORF1ab,3826,0.1,27875,0.01571222605337921,0.020767181409032838
SARS-CoV-2,ORF1ab,3835,0.5,139369,0.007773363383226229,0.009448739573809801
SARS-CoV-2,ORF1ab,3835,0.25,69685,0.010881858069360678,0.012713841710717896
SARS-CoV-2,ORF1ab,3835,0.1,27875,0.016342288184886235,0.02007034603108754
SARS-CoV-2,ORF1ab,3844,0.5,139369,0.007810141558968476,0.008924999649467658
SARS-CoV-2,ORF1ab,3844,0.25,69685,0.010907385033707542,0.014661409305758355
SARS-CoV-2,ORF1ab,3844,0.1,27875,0.01684161789566214,0.021838392778618543
SARS-CoV-2,ORF1ab,3853,0.5,139369,0.007572859619230618,0.009068685215859382
SARS-CoV-2,ORF1ab,3853,0.25,69685,0.010256689467293299,0.014299413137663334
SARS-CoV-2,ORF1ab,3853,0.1,27875,0.01497603001126174,0.017564889505354748
SARS-CoV-2,ORF1ab,3862,0.5,139370,0.0073652658976867975,0.008946159002783763
SARS-CoV-2,ORF1ab,3862,0.25,69685,0.009965181455453552,0.011784804727200315
SARS-CoV-2,ORF1ab,3862,0.1,27875,0.014937502484511138,0.01907366022925265
SARS-CoV-2,ORF1ab,3871,0.5,139370,0.007903449874190206,0.009448422407224964
SARS-CoV-2,ORF1ab,3871,0.25,69685,0.010835027857631869,0.01342566590571881
SARS-CoV-2,ORF1ab,3871,0.1,27875,0.017239775989898443,0.021256383963895134
SARS-CoV-2,ORF1ab,3880,0.5,139370,0.007652014302587906,0.009357093588090145
SARS-CoV-2,ORF1ab,3880,0.25,69685,0.010691355110372166,0.013046643882144387
SARS-CoV-2,ORF1ab,3880,0.1,27875,0.01637145854497748,0.019952016101304197
SARS-CoV-2,ORF1ab,3889,0.5,139369,0.007681010134238302,0.008996882466441468
SARS-CoV-2,ORF1ab,3889,0.25,69685,0.010808063604425476,0.01305957547383032
SARS-CoV-2,ORF1ab,3889,0.1,27875,0.016420095071559556,0.021078410573401662
SARS-CoV-2,ORF1ab,3898,0.5,139369,0.007243088327841002,0.009373962961272944
SARS-CoV-2,ORF1ab,3898,0.25,69684,0.009757603818090438,0.012059584466756432
SARS-CoV-2,ORF1ab,3898,0.1,27875,0.01397633599941778,0.01708484993298049
SARS-CoV-2,ORF1ab,3907,0.5,139369,0.007473236742718057,0.009251658846867869
SARS-CoV-2,ORF1ab,3907,0.25,69685,0.009996683329836812,0.012984117382110957
SARS-CoV-2,ORF1ab,3907,0.1,27875,0.014913070604242778,0.019529502899724417
SARS-CoV-2,ORF1ab,3916,0.5,139369,0.012382078192373573,0.014193979635367754
SARS-CoV-2,ORF1ab,3916,0.25,69685,0.017282579001876366,0.01972943494698824
SARS-CoV-2,ORF1ab,3916,0.1,27875,0.026656758609543155,0.030977488589225322
SARS-CoV-2,ORF1ab,3925,0.5,139368,0.007252689140099456,0.008985122586780542
SARS-CoV-2,ORF1ab,3925,0.25,69684,0.010038461118899342,0.011957073103615979
SARS-CoV-2,ORF1ab,3925,0.1,27875,0.014063740549424615,0.01758471244061798
SARS-CoV-2,ORF1ab,3934,0.5,139368,0.00776389845545086,0.00993682154181701
SARS-CoV-2,ORF1ab,3934,0.25,69684,0.010708885571437598,0.014593808215512904
SARS-CoV-2,ORF1ab,3934,0.1,27875,0.016463156589132503,0.019832449733405824
SARS-CoV-2,ORF1ab,3943,0.5,139369,0.007474503116870614,0.00896187341593974
SARS-CoV-2,ORF1ab,3943,0.25,69684,0.010320341742914673,0.012691604836394242
SARS-CoV-2,ORF1ab,3943,0.1,27875,0.015126137244413557,0.01790924958338254
SARS-CoV-2,ORF1ab,3952,0.5,139369,0.007388956657545545,0.008969608513198099
SARS-CoV-2,ORF1ab,3952,0.25,69685,0.009991638494404952,0.01198378906319126
SARS-CoV-2,ORF1ab,3952,0.1,27875,0.014825976663673324,0.017321089827768976
SARS-CoV-2,ORF1ab,3961,0.5,139370,0.0077041572437895976,0.008876927807804252
SARS-CoV-2,ORF1ab,3961,0.25,69685,0.010628670715145684,0.01239256988916518
SARS-CoV-2,ORF1ab,3961,0.1,27875,0.01588915031710799,0.02155162465468817
SARS-CoV-2,ORF1ab,3970,0.5,139368,0.007373938617823694,0.009076095980384216
SARS-CoV-2,ORF1ab,3970,0.25,69684,0.010196638335978348,0.012734595926272659
SARS-CoV-2,ORF1ab,3970,0.1,27875,0.014581886769900989,0.019472969312934803
SARS-CoV-2,ORF1ab,3979,0.5,139369,0.007470887689962951,0.010075809810444102
SARS-CoV-2,ORF1ab,3979,0.25,69685,0.0102265245239379,0.011845947750610241
SARS-CoV-2,ORF1ab,3979,0.1,27875,0.014933649836165321,0.019294974616764975
SARS-CoV-2,ORF1ab,3988,0.5,139370,0.007917629022626176,0.010011566412741306
SARS-CoV-2,ORF1ab,3988,0.25,69685,0.010859781285584177,0.012950347933084534
SARS-CoV-2,ORF1ab,3988,0.1,27875,0.01696884484960161,0.022063689321150454
SARS-CoV-2,ORF1ab,3997,0.5,139369,0.007181286142671948,0.009261223241165795
SARS-CoV-2,ORF1ab,3997,0.25,69685,0.00947330302981698,0.01154547744663173
SARS-CoV-2,ORF1ab,3997,0.1,27875,0.013576696238800371,0.017894670286481305
SARS-CoV-2,ORF1ab,4006,0.5,139370,0.0076595205207835425,0.008836569939802535
SARS-CoV-2,ORF1ab,4006,0.25,69685,0.010672572176882862,0.014193967934110437
SARS-CoV-2,ORF1ab,4006,0.1,27875,0.01633610332376742,0.019538241886830725
SARS-CoV-2,ORF1ab,4015,0.5,139369,0.007704894072926115,0.008980752345774841
SARS-CoV-2,ORF1ab,4015,0.25,69684,0.010733707752716431,0.012883091950100003
SARS-CoV-2,ORF1ab,4015,0.1,27875,0.01632958319170281,0.020011915218367426
SARS-CoV-2,ORF1ab,4024,0.5,139369,0.007670019193730361,0.00965318497279571
SARS-CoV-2,ORF1ab,4024,0.25,69685,0.010656596026046464,0.013310623079309962
SARS-CoV-2,ORF1ab,4024,0.1,27875,0.01660893731262853,0.021080501074983857
SARS-CoV-2,ORF1ab,4033,0.5,139369,0.007550068428926008,0.009384588441387474
SARS-CoV-2,ORF1ab,4033,0.25,69684,0.010504218780235672,0.013673409110703935
SARS-CoV-2,ORF1ab,4033,0.1,27875,0.015883654595831017,0.018810669395080488
SARS-CoV-2,ORF1ab,4042,0.5,139369,0.007083146147185552,0.0087503468323798
SARS-CoV-2,ORF1ab,4042,0.25,69684,0.009326784920948114,0.011545757265971372
SARS-CoV-2,ORF1ab,4042,0.1,27875,0.013112426546109257,0.017751405668348257
SARS-CoV-2,ORF1ab,4051,0.5,139369,0.01027774575948041,0.013128646031822873
SARS-CoV-2,ORF1ab,4051,0.25,69684,0.014455526290281353,0.01738784082012145
SARS-CoV-2,ORF1ab,4051,0.1,27875,0.02240976000306001,0.025526887292013547
SARS-CoV-2,ORF1ab,4060,0.5,139370,0.007622259260249939,0.008874277711737936
SARS-CoV-2,ORF1ab,4060,0.25,69685,0.010704151071881857,0.012789881855714122
SARS-CoV-2,ORF1ab,4060,0.1,27875,0.016551106704480463,0.019543412943713746
SARS-CoV-2,ORF1ab,4069,0.5,139369,0.007358060023519292,0.009120975644562053
SARS-CoV-2,ORF1ab,4069,0.25,69685,0.009905801880608453,0.01279885423996068
SARS-CoV-2,ORF1ab,4069,0.1,27875,0.014160885796960272,0.01761669743275672
SARS-CoV-2,ORF1ab,4078,0.5,139369,0.007571180970400279,0.009508231831263883
SARS-CoV-2,ORF1ab,4078,0.25,69685,0.01041519128921614,0.01376883327038334
SARS-CoV-2,ORF1ab,4078,0.1,27875,0.016046021842890633,0.019882566149313465
SARS-CoV-2,ORF1ab,4087,0.5,139369,0.007242736632668745,0.009136716760196378
SARS-CoV-2,ORF1ab,4087,0.25,69684,0.009582041655380208,0.012851149959695092
SARS-CoV-2,ORF1ab,4087,0.1,27875,0.013774337230860858,0.018421325969517045
SARS-CoV-2,ORF1ab,4096,0.5,139369,0.0070828718951530395,0.008836790266252548
SARS-CoV-2,ORF1ab,4096,0.25,69685,0.009319864143777857,0.011011177428450834
SARS-CoV-2,ORF1ab,4096,0.1,27875,0.012963151819362946,0.01772255055574256
SARS-CoV-2,ORF1ab,4105,0.5,139370,0.006714575334179328,0.008097517836894158
SARS-CoV-2,ORF1ab,4105,0.25,69685,0.009033429415972146,0.010791985904946665
SARS-CoV-2,ORF1ab,4105,0.1,27875,0.012693180469013084,0.015554011669207347
SARS-CoV-2,ORF1ab,4114,0.5,139370,0.0070930699612742855,0.009306989938350137
SARS-CoV-2,ORF1ab,4114,0.25,69685,0.009453804782777905,0.011537342404641267
SARS-CoV-2,ORF1ab,4114,0.1,27875,0.01319637670661934,0.015914086233232764
SARS-CoV-2,ORF1ab,4123,0.5,139370,0.007729237339462628,0.009510425775868622
SARS-CoV-2,ORF1ab,4123,0.25,69685,0.010656257450282763,0.01348583038355316
SARS-CoV-2,ORF1ab,4123,0.1,27875,0.016159589333718607,0.020506978760615815
SARS-CoV-2,ORF1ab,4132,0.5,139370,0.007692695701721178,0.00887905105252397
SARS-CoV-2,ORF1ab,4132,0.25,69685,0.010774429500966305,0.012698244959946599
SARS-CoV-2,ORF1ab,4132,0.1,27875,0.016414286664343147,0.020063718927776468
SARS-CoV-2,ORF1ab,4141,0.5,139370,0.0077054329059422656,0.009636591483671911
SARS-CoV-2,ORF1ab,4141,0.25,69685,0.010757160502330637,0.012654919907880606
SARS-CoV-2,ORF1ab,4141,0.1,27875,0.0161849315069573,0.021510217420100855
SARS-CoV-2,ORF1ab,4150,0.5,139369,0.0076803569893860715,0.009233642625416566
SARS-CoV-2,ORF1ab,4150,0.25,69685,0.010692823503529186,0.013210019032635772
SARS-CoV-2,ORF1ab,4150,0.1,27875,0.01589639718709411,0.020513498057703073
SARS-CoV-2,ORF1ab,4159,0.5,139369,0.007795731001680968,0.00919139343313666
SARS-CoV-2,ORF1ab,4159,0.25,69685,0.010730698317473468,0.013169852803462825
SARS-CoV-2,ORF1ab,4159,0.1,27875,0.0162441979939277,0.02091994058751739
SARS-CoV-2,ORF1ab,4168,0.5,139370,0.0076039527565013995,0.008908735792527064
SARS-CoV-2,ORF1ab,4168,0.25,69685,0.010590079406249255,0.012998222388445516
SARS-CoV-2,ORF1ab,4168,0.1,27875,0.016275336734521847,0.020516846379605408
SARS-CoV-2,ORF1ab,4177,0.5,139370,0.00780554088014103,0.008993234570609514
SARS-CoV-2,ORF1ab,4177,0.25,69685,0.010900499921839394,0.013898076335799986
SARS-CoV-2,ORF1ab,4177,0.1,27875,0.016242363067589676,0.020146915868789785
SARS-CoV-2,ORF1ab,4186,0.5,139369,0.007731572007117783,0.010037139791161732
SARS-CoV-2,ORF1ab,4186,0.25,69685,0.011220843364541475,0.013281505073123511
SARS-CoV-2,ORF1ab,4186,0.1,27875,0.01703552511555164,0.020714380011592762
SARS-CoV-2,ORF1ab,4195,0.5,139368,0.007831064611818537,0.009327295188067108
SARS-CoV-2,ORF1ab,4195,0.25,69684,0.010623989299817123,0.012484346335849703
SARS-CoV-2,ORF1ab,4195,0.1,27875,0.016233229320577573,0.020226258241085284
SARS-CoV-2,ORF1ab,4204,0.5,139368,0.0075297784874948075,0.00924495615347103
SARS-CoV-2,ORF1ab,4204,0.25,69684,0.010601457892655933,0.012771615411283214
SARS-CoV-2,ORF1ab,4204,0.1,27875,0.015535819874208953,0.020364207035089562
SARS-CoV-2,ORF1ab,4213,0.5,139370,0.007608047994446121,0.009087282081296692
SARS-CoV-2,ORF1ab,4213,0.25,69685,0.010491281213316337,0.013250802712831989
SARS-CoV-2,ORF1ab,4213,0.1,27875,0.015464988278791654,0.01950196409187984
SARS-CoV-2,ORF1ab,4222,0.5,139368,0.007523841577937275,0.009161471127408394
SARS-CoV-2,ORF1ab,4222,0.25,69684,0.010305574612440728,0.01373005661923614
SARS-CoV-2,ORF1ab,4222,0.1,27875,0.01543487748975753,0.018775636899725615
SARS-CoV-2,ORF1ab,4231,0.5,139369,0.007698178586651254,0.009412663315693851
SARS-CoV-2,ORF1ab,4231,0.25,69685,0.010619349041008681,0.013562287128666963
SARS-CoV-2,ORF1ab,4231,0.1,27875,0.016309885232168815,0.021247682308105798
SARS-CoV-2,ORF1ab,4240,0.5,139369,0.007745668131955141,0.009563380535655025
SARS-CoV-2,ORF1ab,4240,0.25,69684,0.01062351329546152,0.012291333278943212
SARS-CoV-2,ORF1ab,4240,0.1,27875,0.01631912789235195,0.019650316788753796
SARS-CoV-2,ORF1ab,4249,0.5,139369,0.007619496095821333,0.009269799321076626
SARS-CoV-2,ORF1ab,4249,0.25,69685,0.010582668639563145,0.012673913191228282
SARS-CoV-2,ORF1ab,4249,0.1,27875,0.01596175174636971,0.019595862971415384
SARS-CoV-2,ORF1ab,4258,0.5,139369,0.007641464294673987,0.009593659336068046
SARS-CoV-2,ORF1ab,4258,0.25,69685,0.010628692652690657,0.012723133364521653
SARS-CoV-2,ORF1ab,4258,0.1,27875,0.016244257128768032,0.02088951421084931
SARS-CoV-2,ORF1ab,4267,0.5,139369,0.007814467679950629,0.00930636478936021
SARS-CoV-2,ORF1ab,4267,0.25,69684,0.010802905341871437,0.013903118244613637
SARS-CoV-2,ORF1ab,4267,0.1,27875,0.01644464294926018,0.020534435047502582
SARS-CoV-2,ORF1ab,4276,0.5,139369,0.007684140110357281,0.009582718190213781
SARS-CoV-2,ORF1ab,4276,0.25,69684,0.010829171544123436,0.013355559260237305
SARS-CoV-2,ORF1ab,4276,0.1,27875,0.016655122981378598,0.021513778688116835
SARS-CoV-2,ORF1ab,4285,0.5,139369,0.007846944502465803,0.009427141845243162
SARS-CoV-2,ORF1ab,4285,0.25,69685,0.010606539409535029,0.013197291039506379
SARS-CoV-2,ORF1ab,4285,0.1,27875,0.016414888348208822,0.01982224027046416
SARS-CoV-2,ORF1ab,4294,0.5,139369,0.0077485822799698055,0.009616652047338501
SARS-CoV-2,ORF1ab,4294,0.25,69685,0.010700200194661728,0.012361914376166443
SARS-CoV-2,ORF1ab,4294,0.1,27875,0.016581228354227748,0.019596983010481715
SARS-CoV-2,ORF1ab,4303,0.5,139369,0.007706461288553618,0.009214801500709163
SARS-CoV-2,ORF1ab,4303,0.25,69684,0.010597646453515611,0.012860710166935933
SARS-CoV-2,ORF1ab,4303,0.1,27875,0.01687084448975957,0.019990556926470834
SARS-CoV-2,ORF1ab,4312,0.5,139370,0.007883315527732014,0.010132747784307714
SARS-CoV-2,ORF1ab,4312,0.25,69685,0.011140725190256037,0.014176646865557637
SARS-CoV-2,ORF1ab,4312,0.1,27875,0.016942483753844474,0.020319081613790983
SARS-CoV-2,ORF1ab,4321,0.5,139369,0.010226370468045143,0.012580607703504445
SARS-CoV-2,ORF1ab,4321,0.25,69684,0.014157097475503075,0.016694221627862882
SARS-CoV-2,ORF1ab,4321,0.1,27875,0.02202272079928812,0.026416096743921223
SARS-CoV-2,ORF1ab,4330,0.5,139369,0.007620358624465035,0.009084863540423616
SARS-CoV-2,ORF1ab,4330,0.25,69685,0.010673606847858388,0.012878353944603335
SARS-CoV-2,ORF1ab,4330,0.1,27875,0.016390789420683293,0.021398786745701535
SARS-CoV-2,ORF1ab,4339,0.5,139369,0.00755762016856551,0.009417747284076806
SARS-CoV-2,ORF1ab,4339,0.25,69684,0.010526933916887894,0.013006999057845827
SARS-CoV-2,ORF1ab,4339,0.1,27875,0.015782510017275517,0.018907282008488055
SARS-CoV-2,ORF1ab,4348,0.5,139370,0.007616532337378809,0.009191877398591404
SARS-CoV-2,ORF1ab,4348,0.25,69685,0.010736779128712735,0.012680684823034664
SARS-CoV-2,ORF1ab,4348,0.1,27875,0.01608661575880918,0.019288398118128085
SARS-CoV-2,ORF1ab,4357,0.5,139368,0.00749645944523846,0.009673222606255291
SARS-CoV-2,ORF1ab,4357,0.25,69684,0.01062001491254705,0.013173562367405566
SARS-CoV-2,ORF1ab,4357,0.1,27875,0.01609691358971205,0.019693882732497676
SARS-CoV-2,ORF1ab,4366,0.5,139369,0.007602426341528732,0.009534223903812453
SARS-CoV-2,ORF1ab,4366,0.25,69685,0.010656082605809022,0.013532307584417511
SARS-CoV-2,ORF1ab,4366,0.1,27875,0.016364130059000895,0.020356704111165833
SARS-CoV-2,ORF1ab,4375,0.5,139369,0.007725952759385291,0.009648677965021992
SARS-CoV-2,ORF1ab,4375,0.25,69684,0.010833849562187635,0.013121482581392029
SARS-CoV-2,ORF1ab,4375,0.1,27875,0.016442382572365733,0.02085492214048911
SARS-CoV-2,ORF1ab,4384,0.5,139369,0.007770711162463534,0.009811291880491164
SARS-CoV-2,ORF1ab,4384,0.25,69685,0.010777129509054463,0.013201464611325174
SARS-CoV-2,ORF1ab,4384,0.1,27875,0.01607848087825312,0.020757942822754043
SARS-CoV-2,ORF1ab,4393,0.5,139370,0.007612847988851722,0.009296109492243436
SARS-CoV-2,ORF1ab,4393,0.25,69685,0.01057915067837906,0.012996166953957371
SARS-CoV-2,ORF1ab,4393,0.1,27875,0.01540273132146024,0.019611057476610936
SARS-CoV-2,ORF1ab,4402,0.5,139369,0.007509092217485521,0.009745143334449877
SARS-CoV-2,ORF1ab,4402,0.25,69684,0.010478610439518074,0.013530245206840045
SARS-CoV-2,ORF1ab,4402,0.1,27875,0.015392057678161267,0.019308362254132978
SARS-CoV-2,ORF1ab,4411,0.5,139370,0.007696508120766259,0.009532619170668243
SARS-CoV-2,ORF1ab,4411,0.25,69685,0.010937141893744553,0.013423985693973947
SARS-CoV-2,ORF1ab,4411,0.1,27875,0.01679249359089585,0.020634092518515314
SARS-CoV-2,ORF1ab,4420,0.5,139370,0.007458499663508568,0.009301154957429033
SARS-CoV-2,ORF1ab,4420,0.25,69685,0.01030108401999964,0.01265555653643717
SARS-CoV-2,ORF1ab,4420,0.1,27875,0.015397164841164192,0.01933699512854017
SARS-CoV-2,ORF1ab,4429,0.5,139369,0.0073507175907474775,0.00884182368196144
SARS-CoV-2,ORF1ab,4429,0.25,69685,0.010168508614289291,0.01333137003419176
SARS-CoV-2,ORF1ab,4429,0.1,27875,0.014969504002411791,0.01842164658126618
SARS-CoV-2,ORF1ab,4438,0.5,139369,0.007585341641574131,0.009504293851744113
SARS-CoV-2,ORF1ab,4438,0.25,69684,0.010581933971963949,0.01310067202105221
SARS-CoV-2,ORF1ab,4438,0.1,27875,0.01573981042056976,0.020450807362843725
SARS-CoV-2,ORF1ab,4447,0.5,139368,0.007566958378018893,0.009744963446997199
SARS-CoV-2,ORF1ab,4447,0.25,69684,0.0103050246853757,0.012919538346263994
SARS-CoV-2,ORF1ab,4447,0.1,27875,0.014902552641987796,0.019669780113850975
SARS-CoV-2,ORF1ab,4456,0.5,139368,0.006814223063523874,0.009519822886454612
SARS-CoV-2,ORF1ab,4456,0.25,69684,0.008762858495491186,0.011035689103687659
SARS-CoV-2,ORF1ab,4456,0.1,27875,0.012677806041274484,0.017037691160287066
SARS-CoV-2,ORF1ab,4465,0.5,139369,0.00718474284972327,0.008606831322604869
SARS-CoV-2,ORF1ab,4465,0.25,69684,0.009898565877032072,0.011918881865637011
SARS-CoV-2,ORF1ab,4465,0.1,27875,0.014199015012336511,0.017778102793101606
SARS-CoV-2,ORF1ab,4474,0.5,139369,0.0074054050606407965,0.009138702034098108
SARS-CoV-2,ORF1ab,4474,0.25,69685,0.009998167490545514,0.011749134996512065
SARS-CoV-2,ORF1ab,4474,0.1,27875,0.014679725123196641,0.018926120793669045
SARS-CoV-2,ORF1ab,4483,0.5,139370,0.007891959500392011,0.00957328175687615
SARS-CoV-2,ORF1ab,4483,0.25,69685,0.010851430002786738,0.013365023702399568
SARS-CoV-2,ORF1ab,4483,0.1,27875,0.016428068560478945,0.02053621121752188
SARS-CoV-2,ORF1ab,4492,0.5,139369,0.007414790481189126,0.008883880289731569
SARS-CoV-2,ORF1ab,4492,0.25,69684,0.01025854493967919,0.013232905141261575
SARS-CoV-2,ORF1ab,4492,0.1,27875,0.015173848674855843,0.018636492241204426
SARS-CoV-2,ORF1ab,4501,0.5,139370,0.006939894951279458,0.00865047891697314
SARS-CoV-2,ORF1ab,4501,0.25,69685,0.009055010669804584,0.01149332642333664
SARS-CoV-2,ORF1ab,4501,0.1,27875,0.01292823203494188,0.015644949599190428
SARS-CoV-2,ORF1ab,4510,0.5,139368,0.007679888286853712,0.009442773705318696
SARS-CoV-2,ORF1ab,4510,0.25,69684,0.010515565864763961,0.012281537622675502
SARS-CoV-2,ORF1ab,4510,0.1,27875,0.015990305169079903,0.020270488306179193
SARS-CoV-2,ORF1ab,4519,0.5,139368,0.007818484778379584,0.010301821121582963
SARS-CoV-2,ORF1ab,4519,0.25,69684,0.010614112175650028,0.014320409039215588
SARS-CoV-2,ORF1ab,4519,0.1,27875,0.01657213423779496,0.020195092646124756
SARS-CoV-2,ORF1ab,4528,0.5,139369,0.007594846028757426,0.009526489361628221
SARS-CoV-2,ORF1ab,4528,0.25,69684,0.010788356520088636,0.0132030667234564
SARS-CoV-2,ORF1ab,4528,0.1,27875,0.01660879911380323,0.022108584215919644
SARS-CoV-2,ORF1ab,4537,0.5,139369,0.007510282771754786,0.009196830028049843
SARS-CoV-2,ORF1ab,4537,0.25,69685,0.010261496675292876,0.013312761393858145
SARS-CoV-2,ORF1ab,4537,0.1,27875,0.015362532840195104,0.018118547834314415
SARS-CoV-2,ORF1ab,4546,0.5,139368,0.00736605882334927,0.009168925221062219
SARS-CoV-2,ORF1ab,4546,0.25,69684,0.010093566808812418,0.012447897717291897
SARS-CoV-2,ORF1ab,4546,0.1,27875,0.014424208135818904,0.017935812772477456
SARS-CoV-2,ORF1ab,4555,0.5,139369,0.007528260190768958,0.00914691619939248
SARS-CoV-2,ORF1ab,4555,0.25,69685,0.010114072269961354,0.013227973934880862
SARS-CoV-2,ORF1ab,4555,0.1,27875,0.014636298521052476,0.018116652215153517
SARS-CoV-2,ORF1ab,4564,0.5,139369,0.007769406752831625,0.009276860940861477
SARS-CoV-2,ORF1ab,4564,0.25,69685,0.010685211561033298,0.012968956747674454
SARS-CoV-2,ORF1ab,4564,0.1,27875,0.016094364189517756,0.020403156985266704
SARS-CoV-2,ORF1ab,4573,0.5,139369,0.007188409830703795,0.009009501630229908
SARS-CoV-2,ORF1ab,4573,0.25,69685,0.009743195950026082,0.011620078861408822
SARS-CoV-2,ORF1ab,4573,0.1,27875,0.014221822865853934,0.020729424997268736
SARS-CoV-2,ORF1ab,4582,0.5,139368,0.007554789429281004,0.009950938577976406
SARS-CoV-2,ORF1ab,4582,0.25,69684,0.0102712973423949,0.013126071497445555
SARS-CoV-2,ORF1ab,4582,0.1,27875,0.014978732020196606,0.01888466253727927
SARS-CoV-2,ORF1ab,4591,0.5,139368,0.007387323264042579,0.009211524186382861
SARS-CoV-2,ORF1ab,4591,0.25,69684,0.010158989849526196,0.01247829945259531
SARS-CoV-2,ORF1ab,4591,0.1,27875,0.014679080302132939,0.01829910969595059
SARS-CoV-2,ORF1ab,4600,0.5,139370,0.007467112204631551,0.009324198905235656
SARS-CoV-2,ORF1ab,4600,0.25,69685,0.01023152302173056,0.012262535482912031
SARS-CoV-2,ORF1ab,4600,0.1,27875,0.015053174247415925,0.018833973599176195
SARS-CoV-2,ORF1ab,4609,0.5,139368,0.0075159098592378,0.009193279046152969
SARS-CoV-2,ORF1ab,4609,0.25,69684,0.010504595648219837,0.014021017279214594
SARS-CoV-2,ORF1ab,4609,0.1,27875,0.015817581659422326,0.02035353444156164
SARS-CoV-2,ORF1ab,4618,0.5,139370,0.007712021552703449,0.009545164201425668
SARS-CoV-2,ORF1ab,4618,0.25,69685,0.010685956229319607,0.01327461244470595
SARS-CoV-2,ORF1ab,4618,0.1,27875,0.016549850533314227,0.0216124017913495
SARS-CoV-2,ORF1ab,4627,0.5,139369,0.007669879536067275,0.009265977089786093
SARS-CoV-2,ORF1ab,4627,0.25,69684,0.010801989605896246,0.013260685878739808
SARS-CoV-2,ORF1ab,4627,0.1,27875,0.017425481419778444,0.021906658287602212
SARS-CoV-2,ORF1ab,4636,0.5,139369,0.007620048267731974,0.009193508487056273
SARS-CoV-2,ORF1ab,4636,0.25,69685,0.010551578889483383,0.013284632056313347
SARS-CoV-2,ORF1ab,4636,0.1,27875,0.01589463939858806,0.019855523162186722
SARS-CoV-2,ORF1ab,4645,0.5,139368,0.007777386285024127,0.009765030084412644
SARS-CoV-2,ORF1ab,4645,0.25,69684,0.010768804991885407,0.013265481072003267
SARS-CoV-2,ORF1ab,4645,0.1,27875,0.016832674604319118,0.020183261463804142
SARS-CoV-2,ORF1ab,4654,0.5,139370,0.00777547677738128,0.008920800505431927
SARS-CoV-2,ORF1ab,4654,0.25,69685,0.010815319173617537,0.012925145319891316
SARS-CoV-2,ORF1ab,4654,0.1,27875,0.016276204591052036,0.02020715954713494
SARS-CoV-2,ORF1ab,4663,0.5,139369,0.007543615108774411,0.009071123836850188
SARS-CoV-2,ORF1ab,4663,0.25,69685,0.010695513840791452,0.013792423034639078
SARS-CoV-2,ORF1ab,4663,0.1,27875,0.0162423881432522,0.01899396597165933
SARS-CoV-2,ORF1ab,4672,0.5,139370,0.0072523976492913185,0.00874197412196348
SARS-CoV-2,ORF1ab,4672,0.25,69685,0.010013683587628436,0.012223431189735576
SARS-CoV-2,ORF1ab,4672,0.1,27875,0.014842415091714495,0.018629941266422603
SARS-CoV-2,ORF1ab,4681,0.5,139370,0.0072733365356178565,0.008683142906852837
SARS-CoV-2,ORF1ab,4681,0.25,69685,0.009944468524557232,0.012847017678440967
SARS-CoV-2,ORF1ab,4681,0.1,27875,0.013944611757653132,0.018710920472814387
SARS-CoV-2,ORF1ab,4690,0.5,139368,0.007537689065535512,0.00876402930688462
SARS-CoV-2,ORF1ab,4690,0.25,69684,0.010475213809318908,0.013345766927668496
SARS-CoV-2,ORF1ab,4690,0.1,27875,0.015161142189907285,0.018643474262020038
SARS-CoV-2,ORF1ab,4699,0.5,139369,0.00976020596764214,0.011790059044610975
SARS-CoV-2,ORF1ab,4699,0.25,69684,0.01351882536373511,0.015298654537498863
SARS-CoV-2,ORF1ab,4699,0.1,27875,0.02001561794449793,0.023008398112120843
SARS-CoV-2,ORF1ab,4708,0.5,139370,0.007697843299145758,0.009562120343064218
SARS-CoV-2,ORF1ab,4708,0.25,69685,0.010749227387969065,0.012916501036640158
SARS-CoV-2,ORF1ab,4708,0.1,27875,0.016440146277288837,0.020064420642260716
SARS-CoV-2,ORF1ab,4717,0.5,139369,0.007327792568341245,0.009144186095243676
SARS-CoV-2,ORF1ab,4717,0.25,69685,0.010052196869182352,0.012059051579855267
SARS-CoV-2,ORF1ab,4717,0.1,27875,0.014422178023732933,0.017154162015155627
SARS-CoV-2,ORF1ab,4726,0.5,139368,0.007582545927468664,0.01047315952648038
SARS-CoV-2,ORF1ab,4726,0.25,69684,0.010747272881235732,0.013046415917501079
SARS-CoV-2,ORF1ab,4726,0.1,27875,0.016715251986977354,0.021279524949080784
SARS-CoV-2,ORF1ab,4735,0.5,139368,0.007773846153512031,0.008918893582629865
SARS-CoV-2,ORF1ab,4735,0.25,69684,0.010701242119886602,0.013072097963958555
SARS-CoV-2,ORF1ab,4735,0.1,27875,0.016098415042823274,0.019902816780463267
SARS-CoV-2,ORF1ab,4744,0.5,139368,0.007609897896891798,0.009062228303875425
SARS-CoV-2,ORF1ab,4744,0.25,69684,0.010862106767830353,0.015119759578494452
SARS-CoV-2,ORF1ab,4744,0.1,27875,0.016612215617624066,0.02128418716836002
SARS-CoV-2,ORF1ab,4753,0.5,139369,0.007871576822509226,0.010424507561149578
SARS-CoV-2,ORF1ab,4753,0.25,69684,0.011064788791707322,0.013535370753670384
SARS-CoV-2,ORF1ab,4753,0.1,27875,0.016862027036965405,0.02049332835101198
SARS-CoV-2,ORF1ab,4762,0.5,139368,0.0076154188614314545,0.009417217574962493
SARS-CoV-2,ORF1ab,4762,0.25,69684,0.010452556410247251,0.012645986013389248
SARS-CoV-2,ORF1ab,4762,0.1,27875,0.015600315661744598,0.020587951469673772
SARS-CoV-2,ORF1ab,4771,0.5,139369,0.007445948722698466,0.008683630983089387
SARS-CoV-2,ORF1ab,4771,0.25,69684,0.010283794024469885,0.012303491003785806
SARS-CoV-2,ORF1ab,4771,0.1,27875,0.015513130442931473,0.019390581686107963
SARS-CoV-2,ORF1ab,4780,0.5,139370,0.007514761538132197,0.008873730986810421
SARS-CoV-2,ORF1ab,4780,0.25,69685,0.010683854035778905,0.013522428220512436
SARS-CoV-2,ORF1ab,4780,0.1,27875,0.015719024215888975,0.018931900860970827
SARS-CoV-2,ORF1ab,4789,0.5,139369,0.00765929112734162,0.009431114668015932
SARS-CoV-2,ORF1ab,4789,0.25,69684,0.010466735342933341,0.013394499935372343
SARS-CoV-2,ORF1ab,4789,0.1,27875,0.01560959972776569,0.020393180666918215
SARS-CoV-2,ORF1ab,4798,0.5,139368,0.007742016191148189,0.009198575501165727
SARS-CoV-2,ORF1ab,4798,0.25,69684,0.010584858433866149,0.013106018728041966
SARS-CoV-2,ORF1ab,4798,0.1,27875,0.016224647231726855,0.020124860103389666
SARS-CoV-2,ORF1ab,4807,0.5,139370,0.007632532537341339,0.008713767284924331
SARS-CoV-2,ORF1ab,4807,0.25,69685,0.010552970046008846,0.012695184421275962
SARS-CoV-2,ORF1ab,4807,0.1,27875,0.01607442734148097,0.019364179565214527
SARS-CoV-2,ORF1ab,4816,0.5,139369,0.006857044253110396,0.008324730280327345
SARS-CoV-2,ORF1ab,4816,0.25,69685,0.008983321066818505,0.010583846643963148
SARS-CoV-2,ORF1ab,4816,0.1,27875,0.012392991467645864,0.016077464869371613
SARS-CoV-2,ORF1ab,4825,0.5,139370,0.007711890302140218,0.009278918718113177
SARS-CoV-2,ORF1ab,4825,0.25,69685,0.01064289000917804,0.01346793766713181
SARS-CoV-2,ORF1ab,4825,0.1,27875,0.016209076031364088,0.01996088196529834
SARS-CoV-2,ORF1ab,4834,0.5,139370,0.00763500666300694,0.008998893011569725
SARS-CoV-2,ORF1ab,4834,0.25,69685,0.010336000717829018,0.012592906734248878
SARS-CoV-2,ORF1ab,4834,0.1,27875,0.01583504965878149,0.020786759708023357
SARS-CoV-2,ORF1ab,4843,0.5,139369,0.007273073795031992,0.008490334516034741
SARS-CoV-2,ORF1ab,4843,0.25,69685,0.009411711360137314,0.011958924293723963
SARS-CoV-2,ORF1ab,4843,0.1,27875,0.013556314230505354,0.016706872896054575
SARS-CoV-2,ORF1ab,4852,0.5,139368,0.006669741989603325,0.008188947987089412
SARS-CoV-2,ORF1ab,4852,0.25,69684,0.008773051780509586,0.010994676791940806
SARS-CoV-2,ORF1ab,4852,0.1,27875,0.012281343133962442,0.01613512459802962
SARS-CoV-2,ORF1ab,4861,0.5,139370,0.007497714264211132,0.00950910917658855
SARS-CoV-2,ORF1ab,4861,0.25,69685,0.009945308944607151,0.013598806765218687
SARS-CoV-2,ORF1ab,4861,0.1,27875,0.014346274738600511,0.017731166272128965
SARS-CoV-2,ORF1ab,4870,0.5,139369,0.007495296276951441,0.009312665145463953
SARS-CoV-2,ORF1ab,4870,0.25,69684,0.010218744445233392,0.012590852067380453
SARS-CoV-2,ORF1ab,4870,0.1,27875,0.015008672802662099,0.019571174765165837
SARS-CoV-2,ORF1ab,4879,0.5,139370,0.007764267936736117,0.009264369739999362
SARS-CoV-2,ORF1ab,4879,0.25,69685,0.010806369414388207,0.013259637030221658
SARS-CoV-2,ORF1ab,4879,0.1,27875,0.016544073297155428,0.018806768056029294
SARS-CoV-2,ORF1ab,4888,0.5,139370,0.007443206617616558,0.009765948380869364
SARS-CoV-2,ORF1ab,4888,0.25,69685,0.01019772691360841,0.011759611140182502
SARS-CoV-2,ORF1ab,4888,0.1,27875,0.014842139614799178,0.01779616206577281
SARS-CoV-2,ORF1ab,4897,0.5,139369,0.0075019431008637285,0.009318584424412055
SARS-CoV-2,ORF1ab,4897,0.25,69684,0.01018324851309738,0.012120279668857524
SARS-CoV-2,ORF1ab,4897,0.1,27875,0.015012110849103328,0.017686577316446864
SARS-CoV-2,ORF1ab,4906,0.5,139368,0.0076717230792359625,0.009198295145967199
SARS-CoV-2,ORF1ab,4906,0.25,69684,0.010704793094675749,0.013003749358388024
SARS-CoV-2,ORF1ab,4906,0.1,27875,0.01634639538669393,0.019607622654459256
SARS-CoV-2,ORF1ab,4915,0.5,139370,0.012345911319650267,0.01373434513602312
SARS-CoV-2,ORF1ab,4915,0.25,69685,0.017218556070459058,0.019544854620109377
SARS-CoV-2,ORF1ab,4915,0.1,27875,0.02656624188692488,0.03066646981815969
SARS-CoV-2,ORF1ab,4924,0.5,139369,0.007651686204132988,0.009676048119062926
SARS-CoV-2,ORF1ab,4924,0.25,69685,0.010620152109862262,0.01215069428387872
SARS-CoV-2,ORF1ab,4924,0.1,27875,0.01617936192657283,0.02033128531154325
SARS-CoV-2,ORF1ab,4933,0.5,139369,0.007623123923998951,0.009274045467198839
SARS-CoV-2,ORF1ab,4933,0.25,69685,0.010566759883895206,0.012769361064424804
SARS-CoV-2,ORF1ab,4933,0.1,27875,0.015926573453317938,0.018941480239896048
SARS-CoV-2,ORF1ab,4942,0.5,139369,0.007244479255089578,0.00912757829327125
SARS-CoV-2,ORF1ab,4942,0.25,69684,0.00968399454917043,0.011812917597969578
SARS-CoV-2,ORF1ab,4942,0.1,27875,0.014298958462489839,0.02050704006848358
SARS-CoV-2,ORF1ab,4951,0.5,139369,0.0077231630415203895,0.00922247433948282
SARS-CoV-2,ORF1ab,4951,0.25,69684,0.01072155728100682,0.01368709267171201
SARS-CoV-2,ORF1ab,4951,0.1,27875,0.01612255788604364,0.019679900879537172
SARS-CoV-2,ORF1ab,4960,0.5,139368,0.009920936004822752,0.011135262635422855
SARS-CoV-2,ORF1ab,4960,0.25,69684,0.013569036135102377,0.016321533395788554
SARS-CoV-2,ORF1ab,4960,0.1,27875,0.020380987822769616,0.024601470517741694
SARS-CoV-2,ORF1ab,4969,0.5,139369,0.007743828464807103,0.009672653683781375
SARS-CoV-2,ORF1ab,4969,0.25,69685,0.010660789015956892,0.014144506052477161
SARS-CoV-2,ORF1ab,4969,0.1,27875,0.01673495815858112,0.020990534249004662
SARS-CoV-2,ORF1ab,4978,0.5,139369,0.00759601750488413,0.01042642955461163
SARS-CoV-2,ORF1ab,4978,0.25,69685,0.010513872651646945,0.013337806020957512
SARS-CoV-2,ORF1ab,4978,0.1,27875,0.015904134421035478,0.01863847774525549
SARS-CoV-2,ORF1ab,4987,0.5,139368,0.007876532356140093,0.00927733738807191
SARS-CoV-2,ORF1ab,4987,0.25,69684,0.011025939443978342,0.013111797896625567
SARS-CoV-2,ORF1ab,4987,0.1,27875,0.01709923784732642,0.022053784879986382
SARS-CoV-2,ORF1ab,4996,0.5,139370,0.007548221255106259,0.009281488068815402
SARS-CoV-2,ORF1ab,4996,0.25,69685,0.01024640085837656,0.01267139375407219
SARS-CoV-2,ORF1ab,4996,0.1,27875,0.015201419819586025,0.019998632544621375
SARS-CoV-2,ORF1ab,5005,0.5,139368,0.007789467176840757,0.009390157706333438
SARS-CoV-2,ORF1ab,5005,0.25,69684,0.010753502423840607,0.013948128537358682
SARS-CoV-2,ORF1ab,5005,0.1,27875,0.01671027317210299,0.021302354608599163
SARS-CoV-2,ORF1ab,5014,0.5,139370,0.007762325194366838,0.009411876454603807
SARS-CoV-2,ORF1ab,5014,0.25,69685,0.01091209649686201,0.012979545634597927
SARS-CoV-2,ORF1ab,5014,0.1,27875,0.016968819422539777,0.02034351834130805
SARS-CoV-2,ORF1ab,5023,0.5,139369,0.0071294343365059356,0.008374695044504393
SARS-CoV-2,ORF1ab,5023,0.25,69684,0.009550963235110989,0.011954428639552421
SARS-CoV-2,ORF1ab,5023,0.1,27875,0.014200262583561876,0.018238052799768135
SARS-CoV-2,ORF1ab,5032,0.5,139370,0.007696071678491719,0.009366616389314656
SARS-CoV-2,ORF1ab,5032,0.25,69685,0.010611804478825764,0.013641681580635449
SARS-CoV-2,ORF1ab,5032,0.1,27875,0.015917084300982477,0.018346009953736114
SARS-CoV-2,ORF1ab,5041,0.5,139368,0.007755168273088139,0.009248304100999175
SARS-CoV-2,ORF1ab,5041,0.25,69684,0.010598674077323064,0.012705204576996811
SARS-CoV-2,ORF1ab,5041,0.1,27875,0.016347745366287556,0.022068958994527488
SARS-CoV-2,ORF1ab,5050,0.5,139369,0.007056093525776919,0.008947072453125829
SARS-CoV-2,ORF1ab,5050,0.25,69684,0.00944723524957917,0.011241254735677879
SARS-CoV-2,ORF1ab,5050,0.1,27875,0.013760872760834977,0.01756316969115667
SARS-CoV-2,ORF1ab,5059,0.5,139370,0.0074735279812813225,0.008887625940080092
SARS-CoV-2,ORF1ab,5059,0.25,69685,0.010275278739307486,0.012242421240026783
SARS-CoV-2,ORF1ab,5059,0.1,27875,0.01498212314599856,0.01953124312744547
SARS-CoV-2,ORF1ab,5068,0.5,139368,0.007662659983804983,0.008760966351630917
SARS-CoV-2,ORF1ab,5068,0.25,69684,0.010382510686074197,0.012216234282133979
SARS-CoV-2,ORF1ab,5068,0.1,27875,0.01553670178279029,0.018372891614139016
SARS-CoV-2,ORF1ab,5077,0.5,139369,0.00758335208575971,0.008883047659187324
SARS-CoV-2,ORF1ab,5077,0.25,69685,0.010242022307421163,0.012372718883479227
SARS-CoV-2,ORF1ab,5077,0.1,27875,0.015044561271581455,0.019568914081913677
SARS-CoV-2,ORF1ab,5086,0.5,139370,0.007197039498814865,0.008646654537828627
SARS-CoV-2,ORF1ab,5086,0.25,69685,0.009585307921035149,0.012320269785318317
SARS-CoV-2,ORF1ab,5086,0.1,27875,0.013678659018326716,0.018069026683036896
SARS-CoV-2,ORF1ab,5095,0.5,139370,0.007578738676288524,0.009146593413679545
SARS-CoV-2,ORF1ab,5095,0.25,69685,0.0106575008903371,0.013369291419732487
SARS-CoV-2,ORF1ab,5095,0.1,27875,0.016062726787805286,0.02013277404260926
SARS-CoV-2,ORF1ab,5104,0.5,139369,0.007349337850474631,0.009731005143806721
SARS-CoV-2,ORF1ab,5104,0.25,69684,0.010106419552493688,0.012308600548798789
SARS-CoV-2,ORF1ab,5104,0.1,27875,0.01471446386091392,0.019102599859591347
SARS-CoV-2,ORF1ab,5113,0.5,139369,0.010329582893436473,0.011894097995685462
SARS-CoV-2,ORF1ab,5113,0.25,69685,0.014265275889301226,0.017713654565923127
SARS-CoV-2,ORF1ab,5113,0.1,27875,0.02171264209617133,0.02584480778304833
SARS-CoV-2,ORF1ab,5122,0.5,139369,0.010283910604526884,0.012168820798422422
SARS-CoV-2,ORF1ab,5122,0.25,69685,0.014530227902445557,0.017609261157343997
SARS-CoV-2,ORF1ab,5122,0.1,27875,0.022599752109603372,0.02566082545593309
SARS-CoV-2,ORF1ab,5131,0.5,139368,0.006716373563880167,0.008009682144728159
SARS-CoV-2,ORF1ab,5131,0.25,69684,0.008713627409255907,0.011483673552182782
SARS-CoV-2,ORF1ab,5131,0.1,27875,0.012110997829096623,0.014614748557372442
SARS-CoV-2,ORF1ab,5140,0.5,139368,0.007517805984918287,0.009573140115750502
SARS-CoV-2,ORF1ab,5140,0.25,69684,0.010366745199358065,0.013076204564402026
SARS-CoV-2,ORF1ab,5140,0.1,27875,0.014931379213302523,0.018949228636211967
SARS-CoV-2,ORF1ab,5149,0.5,139370,0.007208186515122156,0.008613688690107809
SARS-CoV-2,ORF1ab,5149,0.25,69685,0.009976431471054693,0.011934176760636203
SARS-CoV-2,ORF1ab,5149,0.1,27875,0.014498582965771448,0.01899092693198547
SARS-CoV-2,ORF1ab,5158,0.5,139370,0.007579157522516531,0.009235591773856116
SARS-CoV-2,ORF1ab,5158,0.25,69685,0.010354180876358155,0.013326455174485514
SARS-CoV-2,ORF1ab,5158,0.1,27875,0.015476777543042249,0.01967777798098043
SARS-CoV-2,ORF1ab,5167,0.5,139369,0.007140970155082479,0.008663641025329735
SARS-CoV-2,ORF1ab,5167,0.25,69685,0.009473887639577589,0.012263037140836607
SARS-CoV-2,ORF1ab,5167,0.1,27875,0.013806741668227224,0.019400456220100625
SARS-CoV-2,ORF1ab,5176,0.5,139369,0.0072338287216623665,0.009124501773297612
SARS-CoV-2,ORF1ab,5176,0.25,69685,0.009854258727318486,0.014209494196596386
SARS-CoV-2,ORF1ab,5176,0.1,27875,0.014563716253114476,0.018105214409655485
SARS-CoV-2,ORF1ab,5185,0.5,139369,0.007320014704153099,0.008462836349116815
SARS-CoV-2,ORF1ab,5185,0.25,69685,0.010226188844371058,0.012376908862427429
SARS-CoV-2,ORF1ab,5185,0.1,27875,0.015006476864112418,0.01959866045702044
SARS-CoV-2,ORF1ab,5194,0.5,139369,0.007565089467871587,0.009066676518519702
SARS-CoV-2,ORF1ab,5194,0.25,69685,0.010402082910731093,0.01253506836525639
SARS-CoV-2,ORF1ab,5194,0.1,27875,0.015526191299034929,0.019290211945609988
SARS-CoV-2,ORF1ab,5203,0.5,139369,0.0075638798854361575,0.008991721045683862
SARS-CoV-2,ORF1ab,5203,0.25,69685,0.010359915672680289,0.012444303706060906
SARS-CoV-2,ORF1ab,5203,0.1,27875,0.015494446564564742,0.018926107349619754
SARS-CoV-2,ORF1ab,5212,0.5,139368,0.007379805912833781,0.00935942577042005
SARS-CoV-2,ORF1ab,5212,0.25,69684,0.010007212365267764,0.01270751890789318
SARS-CoV-2,ORF1ab,5212,0.1,27875,0.014767584595922487,0.0188677008470918
SARS-CoV-2,ORF1ab,5221,0.5,139369,0.007423055826919266,0.008835713318069675
SARS-CoV-2,ORF1ab,5221,0.25,69684,0.01013443442307239,0.012404247838483111
SARS-CoV-2,ORF1ab,5221,0.1,27875,0.014649548375071864,0.017716868742892838
SARS-CoV-2,ORF1ab,5230,0.5,139368,0.00780793153230285,0.009614567253594754
SARS-CoV-2,ORF1ab,5230,0.25,69684,0.010625229906608896,0.012549268684528193
SARS-CoV-2,ORF1ab,5230,0.1,27875,0.01646991017651764,0.01993833081342455
SARS-CoV-2,ORF1ab,5239,0.5,139369,0.007752817474565798,0.009565478518548847
SARS-CoV-2,ORF1ab,5239,0.25,69685,0.010746171757207105,0.01355369482740471
SARS-CoV-2,ORF1ab,5239,0.1,27875,0.01666702197068721,0.019959691875957506
SARS-CoV-2,ORF1ab,5248,0.5,139370,0.010294039831731789,0.011442093024748178
SARS-CoV-2,ORF1ab,5248,0.25,69685,0.01432769263220172,0.017142777221983343
SARS-CoV-2,ORF1ab,5248,0.1,27875,0.0222933742352781,0.02600105107608641
SARS-CoV-2,ORF1ab,5257,0.5,139369,0.0075451299057104505,0.009388643900775723
SARS-CoV-2,ORF1ab,5257,0.25,69685,0.010492432969317077,0.014361618100905707
SARS-CoV-2,ORF1ab,5257,0.1,27875,0.015822814910765273,0.020946543904509608
SARS-CoV-2,ORF1ab,5266,0.5,139369,0.0076336999343957785,0.009718635140062154
SARS-CoV-2,ORF1ab,5266,0.25,69684,0.010694784078208692,0.01304199213699003
SARS-CoV-2,ORF1ab,5266,0.1,27875,0.01594812114909108,0.020880967766002578
SARS-CoV-2,ORF1ab,5275,0.5,139369,0.007657105510469648,0.009304480145507308
SARS-CoV-2,ORF1ab,5275,0.25,69685,0.010345315689537195,0.013172112017402001
SARS-CoV-2,ORF1ab,5275,0.1,27875,0.015953872970537332,0.019049231297183927
SARS-CoV-2,ORF1ab,5284,0.5,139369,0.007765755337852177,0.009340261929304181
SARS-CoV-2,ORF1ab,5284,0.25,69684,0.01058723624708616,0.013066161505904719
SARS-CoV-2,ORF1ab,5284,0.1,27875,0.01625218542066454,0.02006216523027869
SARS-CoV-2,ORF1ab,5293,0.5,139369,0.007639042416482794,0.009274052731649805
SARS-CoV-2,ORF1ab,5293,0.25,69684,0.010500973802048981,0.013268068618639203
SARS-CoV-2,ORF1ab,5293,0.1,27875,0.01543532209690569,0.019177036073903034
SARS-CoV-2,ORF1ab,5302,0.5,139369,0.007791874129395301,0.009090997954611083
SARS-CoV-2,ORF1ab,5302,0.25,69684,0.010787361373021056,0.013507251274053127
SARS-CoV-2,ORF1ab,5302,0.1,27875,0.01643106758795715,0.019919414706765663
SARS-CoV-2,ORF1ab,5311,0.5,139368,0.007750271819611171,0.009796046232259631
SARS-CoV-2,ORF1ab,5311,0.25,69684,0.010943258147726322,0.013332296952022114
SARS-CoV-2,ORF1ab,5311,0.1,27875,0.016573566779780485,0.020983611708635597
SARS-CoV-2,ORF1ab,5320,0.5,139370,0.007005745264204189,0.008597077913029934
SARS-CoV-2,ORF1ab,5320,0.25,69685,0.0093415884524834,0.01123111166929127
SARS-CoV-2,ORF1ab,5320,0.1,27875,0.013304929123767257,0.01692581979085038
SARS-CoV-2,ORF1ab,5329,0.5,139369,0.006912321834235645,0.00830484941680652
SARS-CoV-2,ORF1ab,5329,0.25,69685,0.008843533850467768,0.011403279770146805
SARS-CoV-2,ORF1ab,5329,0.1,27875,0.012784612823545559,0.015423569290591643
SARS-CoV-2,ORF1ab,5338,0.5,139370,0.007518128333845401,0.009476454259803379
SARS-CoV-2,ORF1ab,5338,0.25,69685,0.010510673862693293,0.013819680120038546
SARS-CoV-2,ORF1ab,5338,0.1,27875,0.015653845344538096,0.020102011928104457
SARS-CoV-2,ORF1ab,5347,0.5,139369,0.007410161304945965,0.008579442715571468
SARS-CoV-2,ORF1ab,5347,0.25,69684,0.010132701519192659,0.012464416557806508
SARS-CoV-2,ORF1ab,5347,0.1,27875,0.01470998947923271,0.01887044283037256
SARS-CoV-2,ORF1ab,5356,0.5,139369,0.007737230321238067,0.009285065838322854
SARS-CoV-2,ORF1ab,5356,0.25,69684,0.01073356411041744,0.014311295239713587
SARS-CoV-2,ORF1ab,5356,0.1,27875,0.016138340100866882,0.019937039820899338
SARS-CoV-2,ORF1ab,5365,0.5,139370,0.006849943336317761,0.008374497576440461
SARS-CoV-2,ORF1ab,5365,0.25,69685,0.008833311321800692,0.010238062522146018
SARS-CoV-2,ORF1ab,5365,0.1,27875,0.012434414705374125,0.015535606172708601
SARS-CoV-2,ORF1ab,5374,0.5,139368,0.007290544430754391,0.009123867723082584
SARS-CoV-2,ORF1ab,5374,0.25,69684,0.010083778287088972,0.012156580492537249
SARS-CoV-2,ORF1ab,5374,0.1,27875,0.01442544570108116,0.017975943811348035
SARS-CoV-2,ORF1ab,5383,0.5,139370,0.010335627502012812,0.01249070765040472
SARS-CoV-2,ORF1ab,5383,0.25,69685,0.014306528847656,0.016046309101517213
SARS-CoV-2,ORF1ab,5383,0.1,27875,0.02250324460841599,0.02659651944864711
SARS-CoV-2,ORF1ab,5392,0.5,139368,0.007455299769373972,0.009966364341971566
SARS-CoV-2,ORF1ab,5392,0.25,69684,0.010428848959283761,0.012169114170345977
SARS-CoV-2,ORF1ab,5392,0.1,27875,0.01494144678124937,0.020588070881728458
SARS-CoV-2,ORF1ab,5401,0.5,139368,0.007603304513327613,0.009595340244370167
SARS-CoV-2,ORF1ab,5401,0.25,69684,0.010449499676201561,0.01230128143235899
SARS-CoV-2,ORF1ab,5401,0.1,27875,0.015377092286590694,0.01781441863989505
SARS-CoV-2,ORF1ab,5410,0.5,139368,0.0067620047092169285,0.008277723558906139
SARS-CoV-2,ORF1ab,5410,0.25,69684,0.008887537397027911,0.010745004643637476
SARS-CoV-2,ORF1ab,5410,0.1,27875,0.012105080744703695,0.01552199034692653
SARS-CoV-2,ORF1ab,5419,0.5,139369,0.007594374824805367,0.009721216467622518
SARS-CoV-2,ORF1ab,5419,0.25,69685,0.010456383422828671,0.01247002340016632
SARS-CoV-2,ORF1ab,5419,0.1,27875,0.015561856692314168,0.01826109993375164
SARS-CoV-2,ORF1ab,5428,0.5,139369,0.0075112514858258995,0.009435135097532611
SARS-CoV-2,ORF1ab,5428,0.25,69685,0.010153844294199736,0.012651953947603227
SARS-CoV-2,ORF1ab,5428,0.1,27875,0.015222383372498306,0.020834191002762806
SARS-CoV-2,ORF1ab,5437,0.5,139369,0.00739769112930288,0.00872284386744635
SARS-CoV-2,ORF1ab,5437,0.25,69685,0.01029689817287289,0.01292457952420572
SARS-CoV-2,ORF1ab,5437,0.1,27875,0.015049277037351644,0.018609608374696725
SARS-CoV-2,ORF1ab,5446,0.5,139368,0.00746232312895426,0.00911585999125205
SARS-CoV-2,ORF1ab,5446,0.25,69684,0.009888974912165808,0.012947061655874248
SARS-CoV-2,ORF1ab,5446,0.1,27875,0.014328829403421105,0.01820074082978999
SARS-CoV-2,ORF1ab,5455,0.5,139370,0.007486487677098753,0.008773749570794853
SARS-CoV-2,ORF1ab,5455,0.25,69685,0.010395063689202216,0.01210710295725795
SARS-CoV-2,ORF1ab,5455,0.1,27875,0.01546949510073001,0.01865310401724339
SARS-CoV-2,ORF1ab,5464,0.5,139369,0.007716274174443751,0.009263384780717672
SARS-CoV-2,ORF1ab,5464,0.25,69684,0.010802514136003902,0.013574819542693056
SARS-CoV-2,ORF1ab,5464,0.1,27875,0.01660420372744299,0.020620039057803543
SARS-CoV-2,ORF1ab,5473,0.5,139369,0.007361895170110086,0.009724595917707921
SARS-CoV-2,ORF1ab,5473,0.25,69685,0.009908748060085203,0.01151881307778084
SARS-CoV-2,ORF1ab,5473,0.1,27875,0.01414872766676654,0.01796471225095032
SARS-CoV-2,ORF1ab,5482,0.5,139368,0.007494168891047577,0.009223205043710093
SARS-CoV-2,ORF1ab,5482,0.25,69684,0.009945618094051511,0.012061577522295967
SARS-CoV-2,ORF1ab,5482,0.1,27875,0.014904439695766216,0.019844187069277385
SARS-CoV-2,ORF1ab,5491,0.5,139369,0.007260578549716824,0.009277112509020314
SARS-CoV-2,ORF1ab,5491,0.25,69684,0.009877139732070545,0.012893094919439333
SARS-CoV-2,ORF1ab,5491,0.1,27875,0.013773050466826975,0.016619246376799346
SARS-CoV-2,ORF1ab,5500,0.5,139369,0.0071487609397693636,0.008532835446790805
SARS-CoV-2,ORF1ab,5500,0.25,69684,0.009637792155156342,0.011887363280799184
SARS-CoV-2,ORF1ab,5500,0.1,27875,0.013757052626393547,0.017778103931713276
SARS-CoV-2,ORF1ab,5509,0.5,139368,0.007648227040911097,0.008848987471605818
SARS-CoV-2,ORF1ab,5509,0.25,69684,0.010740867945217563,0.013979455681651508
SARS-CoV-2,ORF1ab,5509,0.1,27875,0.01611648236058078,0.019837914709280084
SARS-CoV-2,ORF1ab,5518,0.5,139369,0.007639828176319872,0.00934494008226277
SARS-CoV-2,ORF1ab,5518,0.25,69684,0.010613953582088649,0.012759211559530336
SARS-CoV-2,ORF1ab,5518,0.1,27875,0.016092527983086274,0.01896861197211624
SARS-CoV-2,ORF1ab,5527,0.5,139369,0.007493142205996325,0.009050167594473716
SARS-CoV-2,ORF1ab,5527,0.25,69685,0.010150757571903967,0.012030132773844463
SARS-CoV-2,ORF1ab,5527,0.1,27875,0.015043731780487454,0.021155508513591968
SARS-CoV-2,ORF1ab,5536,0.5,139369,0.007613777063151143,0.009180741914676563
SARS-CoV-2,ORF1ab,5536,0.25,69685,0.010825330811421714,0.013198129881645001
SARS-CoV-2,ORF1ab,5536,0.1,27875,0.01600492994524308,0.019811780675095682
SARS-CoV-2,ORF1ab,5545,0.5,139370,0.007739645803202199,0.010280905326644304
SARS-CoV-2,ORF1ab,5545,0.25,69685,0.010785947144170072,0.012786348423368874
SARS-CoV-2,ORF1ab,5545,0.1,27875,0.016422163426904366,0.02054080260521855
SARS-CoV-2,ORF1ab,5554,0.5,139369,0.007843835306964963,0.009370123748292726
SARS-CoV-2,ORF1ab,5554,0.25,69684,0.010867301042725206,0.01306229374381066
SARS-CoV-2,ORF1ab,5554,0.1,27875,0.016622233004155978,0.022412445166570205
SARS-CoV-2,ORF1ab,5563,0.5,139368,0.007715898294003809,0.009267325372774016
SARS-CoV-2,ORF1ab,5563,0.25,69684,0.010441122524492938,0.013406342989286833
SARS-CoV-2,ORF1ab,5563,0.1,27875,0.016056910268107034,0.020306658629060507
SARS-CoV-2,ORF1ab,5572,0.5,139369,0.007583143507427867,0.009432444495492484
SARS-CoV-2,ORF1ab,5572,0.25,69684,0.010107735609348311,0.011774588445385188
SARS-CoV-2,ORF1ab,5572,0.1,27875,0.01523894866157743,0.018294574260579653
SARS-CoV-2,ORF1ab,5581,0.5,139370,0.007497076509218069,0.009244649899622015
SARS-CoV-2,ORF1ab,5581,0.25,69685,0.010368178779777215,0.01258892852317174
SARS-CoV-2,ORF1ab,5581,0.1,27875,0.0158164235869284,0.021952458953036588
SARS-CoV-2,ORF1ab,5590,0.5,139369,0.0074868399289787545,0.008845828053316688
SARS-CoV-2,ORF1ab,5590,0.25,69684,0.010290368345650046,0.01241673257593195
SARS-CoV-2,ORF1ab,5590,0.1,27875,0.015250598307362768,0.01769937920534871
SARS-CoV-2,ORF1ab,5599,0.5,139370,0.01012796722622682,0.01278906085487501
SARS-CoV-2,ORF1ab,5599,0.25,69685,0.013889459917664443,0.01663857624363424
SARS-CoV-2,ORF1ab,5599,0.1,27875,0.02081837098277985,0.024639624808874532
SARS-CoV-2,ORF1ab,5608,0.5,139368,0.007371894622066279,0.008604238798488055
SARS-CoV-2,ORF1ab,5608,0.25,69684,0.010139913885109883,0.011575618018589666
SARS-CoV-2,ORF1ab,5608,0.1,27875,0.014709537359137454,0.018371962694537947
SARS-CoV-2,ORF1ab,5617,0.5,139369,0.00785009180364811,0.010261045906230655
SARS-CoV-2,ORF1ab,5617,0.25,69684,0.011056332023262167,0.012645152107163785
SARS-CoV-2,ORF1ab,5617,0.1,27875,0.016815012713425417,0.01978257652729289
SARS-CoV-2,ORF1ab,5626,0.5,139370,0.007410551776963715,0.009078774487648053
SARS-CoV-2,ORF1ab,5626,0.25,69685,0.01022537510975048,0.012429551580654974
SARS-CoV-2,ORF1ab,5626,0.1,27875,0.014621224671340785,0.018182194864529634
SARS-CoV-2,ORF1ab,5635,0.5,139370,0.007667941284024468,0.009142571408818122
SARS-CoV-2,ORF1ab,5635,0.25,69685,0.010612035934057426,0.012874137249354992
SARS-CoV-2,ORF1ab,5635,0.1,27875,0.016705252589499908,0.020869405646856007
SARS-CoV-2,ORF1ab,5644,0.5,139368,0.0072029733526548815,0.009424133812563816
SARS-CoV-2,ORF1ab,5644,0.25,69684,0.00982106863062857,0.011778704110233459
SARS-CoV-2,ORF1ab,5644,0.1,27875,0.01397820991463027,0.018540618309184603
SARS-CoV-2,ORF1ab,5653,0.5,139369,0.0074622385296445135,0.009615301166272365
SARS-CoV-2,ORF1ab,5653,0.25,69685,0.010285987562583934,0.01214780721172379
SARS-CoV-2,ORF1ab,5653,0.1,27875,0.01494382827714344,0.019415351348525046
SARS-CoV-2,ORF1ab,5662,0.5,139370,0.007657239923556399,0.009403904807882418
SARS-CoV-2,ORF1ab,5662,0.25,69685,0.010827493792718834,0.01216025026174978
SARS-CoV-2,ORF1ab,5662,0.1,27875,0.016085410307451694,0.019787634717322165
SARS-CoV-2,ORF1ab,5671,0.5,139369,0.007705692431106285,0.009919519823458359
SARS-CoV-2,ORF1ab,5671,0.25,69685,0.010673057653046963,0.012471116702873018
SARS-CoV-2,ORF1ab,5671,0.1,27875,0.016379002804436247,0.019199876664901406
SARS-CoV-2,ORF1ab,5680,0.5,139370,0.00754276513092589,0.010598505544981396
SARS-CoV-2,ORF1ab,5680,0.25,69685,0.010519578579993447,0.01245082701928335
SARS-CoV-2,ORF1ab,5680,0.1,27875,0.015409286464246075,0.019680896633371095
SARS-CoV-2,ORF1ab,5689,0.5,139368,0.007732651712884099,0.009572697997345517
SARS-CoV-2,ORF1ab,5689,0.25,69684,0.010494430894158344,0.01263644874855027
SARS-CoV-2,ORF1ab,5689,0.1,27875,0.015813971279843967,0.01844758366023485
SARS-CoV-2,ORF1ab,5698,0.5,139369,0.007048324610624615,0.008488568379258607
SARS-CoV-2,ORF1ab,5698,0.25,69684,0.009361642805070255,0.012270991619294205
SARS-CoV-2,ORF1ab,5698,0.1,27875,0.013799374484834533,0.01690324487231436
SARS-CoV-2,ORF1ab,5707,0.5,139369,0.00781804488750361,0.009500950817713273
SARS-CoV-2,ORF1ab,5707,0.25,69684,0.011066511418011862,0.014201042781414756
SARS-CoV-2,ORF1ab,5707,0.1,27875,0.016788997730582778,0.020728060576086955
SARS-CoV-2,ORF1ab,5716,0.5,139369,0.01017459160496805,0.01223497839858253
SARS-CoV-2,ORF1ab,5716,0.25,69684,0.013994496330177086,0.01642799460762301
SARS-CoV-2,ORF1ab,5716,0.1,27875,0.021701444080008618,0.02575131301921033
SARS-CoV-2,ORF1ab,5725,0.5,139370,0.007598683852179865,0.009622282722574097
SARS-CoV-2,ORF1ab,5725,0.25,69685,0.010332542349544232,0.012800048116689782
SARS-CoV-2,ORF1ab,5725,0.1,27875,0.014991212393817066,0.01942715676744804
SARS-CoV-2,ORF1ab,5734,0.5,139369,0.007582433970576124,0.009459418410052682
SARS-CoV-2,ORF1ab,5734,0.25,69685,0.010323681519826737,0.012994833553736942
SARS-CoV-2,ORF1ab,5734,0.1,27875,0.015286733973120878,0.019257951293142315
SARS-CoV-2,ORF1ab,5743,0.5,139369,0.00766436788429886,0.01006579738343146
SARS-CoV-2,ORF1ab,5743,0.25,69685,0.010500683930180327,0.01265685068479364
SARS-CoV-2,ORF1ab,5743,0.1,27875,0.01582731295707561,0.019218276354799738
SARS-CoV-2,ORF1ab,5752,0.5,139369,0.007540278886860411,0.009622821128138299
SARS-CoV-2,ORF1ab,5752,0.25,69685,0.010266614599855523,0.012744962088383214
SARS-CoV-2,ORF1ab,5752,0.1,27875,0.014973493833684754,0.018987131376110963
SARS-CoV-2,ORF1ab,5761,0.5,139369,0.01043584980600061,0.011993282795228488
SARS-CoV-2,ORF1ab,5761,0.25,69685,0.01471017756511388,0.0166746855606533
SARS-CoV-2,ORF1ab,5761,0.1,27875,0.02305469687924256,0.02769847761274294
SARS-CoV-2,ORF1ab,5770,0.5,139368,0.007875666990447297,0.008972008621321309
SARS-CoV-2,ORF1ab,5770,0.25,69684,0.010694129482158816,0.013758716413645584
SARS-CoV-2,ORF1ab,5770,0.1,27875,0.016448370626381662,0.02128128925727362
SARS-CoV-2,ORF1ab,5779,0.5,139369,0.007328888561005425,0.009304191187547769
SARS-CoV-2,ORF1ab,5779,0.25,69685,0.009770451534819006,0.012214221299228934
SARS-CoV-2,ORF1ab,5779,0.1,27875,0.014251719882683691,0.01864789543574806
SARS-CoV-2,ORF1ab,5788,0.5,139368,0.007289984383703496,0.009272534345588638
SARS-CoV-2,ORF1ab,5788,0.25,69684,0.009850573980060385,0.012745370946350624
SARS-CoV-2,ORF1ab,5788,0.1,27875,0.014221422336243994,0.01707211851054514
SARS-CoV-2,ORF1ab,5797,0.5,139369,0.007860298657007138,0.01011318592159194
SARS-CoV-2,ORF1ab,5797,0.25,69685,0.010907129986512077,0.014280288730945109
SARS-CoV-2,ORF1ab,5797,0.1,27875,0.016774052928424415,0.02233905498576953
SARS-CoV-2,ORF1ab,5806,0.5,139368,0.00767164209471298,0.009081201714541192
SARS-CoV-2,ORF1ab,5806,0.25,69684,0.010337286427799535,0.013741444587136019
SARS-CoV-2,ORF1ab,5806,0.1,27875,0.01541698758116442,0.018337192821670213
SARS-CoV-2,ORF1ab,5815,0.5,139370,0.007574705734956599,0.009818445964005518
SARS-CoV-2,ORF1ab,5815,0.25,69685,0.010495407913473177,0.013027400324158106
SARS-CoV-2,ORF1ab,5815,0.1,27875,0.015756833861723617,0.01973183942887547
SARS-CoV-2,ORF1ab,5824,0.5,139368,0.007578708200350455,0.008884230040376624
SARS-CoV-2,ORF1ab,5824,0.25,69684,0.010420863079012195,0.011945557453294597
SARS-CoV-2,ORF1ab,5824,0.1,27875,0.01554995707062207,0.01818855995318163
SARS-CoV-2,ORF1ab,5833,0.5,139370,0.01025050483540564,0.012614589102200481
SARS-CoV-2,ORF1ab,5833,0.25,69685,0.014436896699328244,0.01637311149555801
SARS-CoV-2,ORF1ab,5833,0.1,27875,0.021814988157029543,0.02490048051887276
SARS-CoV-2,ORF1ab,5842,0.5,139368,0.007560291252549655,0.009796132942730136
SARS-CoV-2,ORF1ab,5842,0.25,69684,0.010346756956356127,0.012683951002713693
SARS-CoV-2,ORF1ab,5842,0.1,27875,0.015876363756621974,0.02056535726869309
SARS-CoV-2,ORF1ab,5851,0.5,139370,0.007597844369443909,0.009287700003652116
SARS-CoV-2,ORF1ab,5851,0.25,69685,0.01046498915288585,0.01353543665824822
SARS-CoV-2,ORF1ab,5851,0.1,27875,0.015576514676401726,0.018984740201126213
SARS-CoV-2,ORF1ab,5860,0.5,139370,0.007278780981637885,0.008463990563306543
SARS-CoV-2,ORF1ab,5860,0.25,69685,0.00996406386976757,0.011695674088933291
SARS-CoV-2,ORF1ab,5860,0.1,27875,0.01372665514386408,0.01779110035725753
SARS-CoV-2,ORF1ab,5869,0.5,139370,0.007336457788355445,0.00846552954766056
SARS-CoV-2,ORF1ab,5869,0.25,69685,0.009909066410419116,0.011861237094680248
SARS-CoV-2,ORF1ab,5869,0.1,27875,0.014459546259298897,0.019380763170571046
SARS-CoV-2,ORF1ab,5878,0.5,139370,0.0076375529660239125,0.009372194696749485
SARS-CoV-2,ORF1ab,5878,0.25,69685,0.01057114161285873,0.012478376657795392
SARS-CoV-2,ORF1ab,5878,0.1,27875,0.01602114108199666,0.019750860004903066
SARS-CoV-2,ORF1ab,5887,0.5,139369,0.00726817147312139,0.009178417721595356
SARS-CoV-2,ORF1ab,5887,0.25,69685,0.009833378729848135,0.01169364632003892
SARS-CoV-2,ORF1ab,5887,0.1,27875,0.013970804591289186,0.018436644264656448
SARS-CoV-2,ORF1ab,5896,0.5,139370,0.007879589098845546,0.00981479103318689
SARS-CoV-2,ORF1ab,5896,0.25,69685,0.010753336139640522,0.013703524751757682
SARS-CoV-2,ORF1ab,5896,0.1,27875,0.016962897254064028,0.021074181661911363
SARS-CoV-2,ORF1ab,5905,0.5,139370,0.007163712767248219,0.009196797846850421
SARS-CoV-2,ORF1ab,5905,0.25,69685,0.009467072939566158,0.01158526652081629
SARS-CoV-2,ORF1ab,5905,0.1,27875,0.01368115459735919,0.01684212529139806
SARS-CoV-2,ORF1ab,5914,0.5,139369,0.010176531309716175,0.011975372761898875
SARS-CoV-2,ORF1ab,5914,0.25,69684,0.014128920108912767,0.01601757095397924
SARS-CoV-2,ORF1ab,5914,0.1,27875,0.02169811011901387,0.02607404775760892
SARS-CoV-2,ORF1ab,5923,0.5,139368,0.00784368238910338,0.009158514249423556
SARS-CoV-2,ORF1ab,5923,0.25,69684,0.011100499240920594,0.012811919712821737
SARS-CoV-2,ORF1ab,5923,0.1,27875,0.016997004865599356,0.0211121903263256
SARS-CoV-2,ORF1ab,5932,0.5,139369,0.0073448504224782486,0.009400667895917739
SARS-CoV-2,ORF1ab,5932,0.25,69684,0.00982890124032692,0.01274822411030851
SARS-CoV-2,ORF1ab,5932,0.1,27875,0.01421987841130331,0.018316895539969343
SARS-CoV-2,ORF1ab,5941,0.5,139370,0.007285979672386551,0.008929557367629978
SARS-CoV-2,ORF1ab,5941,0.25,69685,0.009760271735706825,0.012802467438946799
SARS-CoV-2,ORF1ab,5941,0.1,27875,0.014182192941956315,0.018661041367705692
SARS-CoV-2,ORF1ab,5950,0.5,139368,0.006850695115277829,0.008380063419434758
SARS-CoV-2,ORF1ab,5950,0.25,69684,0.009086824922683338,0.011458695438223148
SARS-CoV-2,ORF1ab,5950,0.1,27875,0.012725566229595904,0.016261902450725185
SARS-CoV-2,ORF1ab,5959,0.5,139369,0.007390946101373514,0.008474138639732972
SARS-CoV-2,ORF1ab,5959,0.25,69684,0.009902277199093491,0.012504623188593605
SARS-CoV-2,ORF1ab,5959,0.1,27875,0.01423746272027805,0.018437132574150767
SARS-CoV-2,ORF1ab,5968,0.5,139369,0.006970993724564289,0.010030898074314646
SARS-CoV-2,ORF1ab,5968,0.25,69685,0.009379912319703202,0.011644545508223874
SARS-CoV-2,ORF1ab,5968,0.1,27875,0.013235647663728213,0.017106491081259292
SARS-CoV-2,ORF1ab,5977,0.5,139369,0.0074909880606302895,0.008879001894874445
SARS-CoV-2,ORF1ab,5977,0.25,69685,0.010418555421099648,0.0121282703932864
SARS-CoV-2,ORF1ab,5977,0.1,27875,0.015626303750473598,0.018033659796017853
SARS-CoV-2,ORF1ab,5986,0.5,139369,0.007710671197563596,0.01004445894054464
SARS-CoV-2,ORF1ab,5986,0.25,69684,0.010552468201456939,0.012750855469795826
SARS-CoV-2,ORF1ab,5986,0.1,27875,0.016382214491219026,0.019388590091882353
SARS-CoV-2,ORF1ab,5995,0.5,139370,0.007836696944155069,0.008990387125941732
SARS-CoV-2,ORF1ab,5995,0.25,69685,0.01082794458670883,0.013580767793883258
SARS-CoV-2,ORF1ab,5995,0.1,27875,0.016590810364732023,0.020297865254786007
SARS-CoV-2,ORF1ab,6004,0.5,139369,0.00780164191953237,0.009546889065388336
SARS-CoV-2,ORF1ab,6004,0.25,69685,0.010743451685370949,0.013240102428797034
SARS-CoV-2,ORF1ab,6004,0.1,27875,0.01652086877092311,0.021624456610655648
SARS-CoV-2,ORF1ab,6013,0.5,139369,0.010245892863034445,0.011636751043706386
SARS-CoV-2,ORF1ab,6013,0.25,69684,0.014384023991363052,0.016737019102526535
SARS-CoV-2,ORF1ab,6013,0.1,27875,0.02194092775833802,0.02493857473483975
SARS-CoV-2,ORF1ab,6022,0.5,139369,0.007462173913063947,0.00928102512517636
SARS-CoV-2,ORF1ab,6022,0.25,69685,0.010102759509182392,0.013895049124820678
SARS-CoV-2,ORF1ab,6022,0.1,27875,0.014936592764279645,0.019159697054734675
SARS-CoV-2,ORF1ab,6031,0.5,139368,0.007179225552192403,0.008511795971301542
SARS-CoV-2,ORF1ab,6031,0.25,69684,0.009670014688044183,0.011751476371900469
SARS-CoV-2,ORF1ab,6031,0.1,27875,0.0136565259936012,0.017830789024844834
SARS-CoV-2,ORF1ab,6040,0.5,139369,0.007649723657993623,0.009911237054458434
SARS-CoV-2,ORF1ab,6040,0.25,69685,0.01077799916558769,0.013337678766286724
SARS-CoV-2,ORF1ab,6040,0.1,27875,0.016653712272795287,0.01996709880922757
SARS-CoV-2,ORF1ab,6049,0.5,139369,0.010475902557251584,0.012447816214134759
SARS-CoV-2,ORF1ab,6049,0.25,69685,0.014798240065440307,0.016668439073802253
SARS-CoV-2,ORF1ab,6049,0.1,27875,0.022861613105920015,0.0272850369946122
SARS-CoV-2,ORF1ab,6058,0.5,139370,0.0074646406687831944,0.008789030529489011
SARS-CoV-2,ORF1ab,6058,0.25,69685,0.010323565451998768,0.011859840709992093
SARS-CoV-2,ORF1ab,6058,0.1,27875,0.015091880690430793,0.01902598562879229
SARS-CoV-2,ORF1ab,6067,0.5,139368,0.007765398565006902,0.009531920323083632
SARS-CoV-2,ORF1ab,6067,0.25,69684,0.010941517554999907,0.013520830559423857
SARS-CoV-2,ORF1ab,6067,0.1,27875,0.017005656925749874,0.020274021845775023
SARS-CoV-2,ORF1ab,6076,0.5,139369,0.007790734133699685,0.00937489281250518
SARS-CoV-2,ORF1ab,6076,0.25,69684,0.010919350806866604,0.013407185399503016
SARS-CoV-2,ORF1ab,6076,0.1,27875,0.016409163851005965,0.019755075294578376
SARS-CoV-2,ORF1ab,6085,0.5,139368,0.007874062913836993,0.009868831921702077
SARS-CoV-2,ORF1ab,6085,0.25,69684,0.011117915205525101,0.014618039983635492
SARS-CoV-2,ORF1ab,6085,0.1,27875,0.0167187545180249,0.019884839923895996
SARS-CoV-2,ORF1ab,6094,0.5,139369,0.007792758083506243,0.00916641606097511
SARS-CoV-2,ORF1ab,6094,0.25,69685,0.01112068274588677,0.012777166933463669
SARS-CoV-2,ORF1ab,6094,0.1,27875,0.01688122401245249,0.02129111263576197
SARS-CoV-2,ORF1ab,6103,0.5,139368,0.007722987145056354,0.009516859474745183
SARS-CoV-2,ORF1ab,6103,0.25,69684,0.010698942662633304,0.012716964773265102
SARS-CoV-2,ORF1ab,6103,0.1,27875,0.016073493822243514,0.020237945463198934
SARS-CoV-2,ORF1ab,6112,0.5,139370,0.00786268449506026,0.009724643555009939
SARS-CoV-2,ORF1ab,6112,0.25,69685,0.011106966567287036,0.014193609934056703
SARS-CoV-2,ORF1ab,6112,0.1,27875,0.01670630319338153,0.021431411631703326
SARS-CoV-2,ORF1ab,6121,0.5,139369,0.007782192418605347,0.009634990411512561
SARS-CoV-2,ORF1ab,6121,0.25,69685,0.010654923645929243,0.013549396528501829
SARS-CoV-2,ORF1ab,6121,0.1,27875,0.01641389466258313,0.02027784507762706
SARS-CoV-2,ORF1ab,6130,0.5,139369,0.010288394482796451,0.011850030970905564
SARS-CoV-2,ORF1ab,6130,0.25,69685,0.014573533965755123,0.017486925011467157
SARS-CoV-2,ORF1ab,6130,0.1,27875,0.022766748451689096,0.02707292023888915
SARS-CoV-2,ORF1ab,6139,0.5,139369,0.007676929401122815,0.0097932062541969
SARS-CoV-2,ORF1ab,6139,0.25,69685,0.01100579402746326,0.013370501459490544
SARS-CoV-2,ORF1ab,6139,0.1,27875,0.016231611188615904,0.02034894375052952
SARS-CoV-2,ORF1ab,6148,0.5,139370,0.007474597876559262,0.009152359076817256
SARS-CoV-2,ORF1ab,6148,0.25,69685,0.01041821296648996,0.01236486459867449
SARS-CoV-2,ORF1ab,6148,0.1,27875,0.015310458347696936,0.01865435607306053
SARS-CoV-2,ORF1ab,6157,0.5,139369,0.007670718326899666,0.009364278126667671
SARS-CoV-2,ORF1ab,6157,0.25,69684,0.010457500549681288,0.014025225101360998
SARS-CoV-2,ORF1ab,6157,0.1,27875,0.015902532619236933,0.019177343829921718
SARS-CoV-2,ORF1ab,6166,0.5,139369,0.007708103998085095,0.009421262184205567
SARS-CoV-2,ORF1ab,6166,0.25,69685,0.010417539071254365,0.012739668368377949
SARS-CoV-2,ORF1ab,6166,0.1,27875,0.015665244294947967,0.020894753948145595
SARS-CoV-2,ORF1ab,6175,0.5,139368,0.00773483331794607,0.008762546577128386
SARS-CoV-2,ORF1ab,6175,0.25,69684,0.01076695574993439,0.013285584225083318
SARS-CoV-2,ORF1ab,6175,0.1,27875,0.01624829117389186,0.021003562726041283
SARS-CoV-2,ORF1ab,6184,0.5,139370,0.007728816775141659,0.009372431861429295
SARS-CoV-2,ORF1ab,6184,0.25,69685,0.010448338833291501,0.012580799031773345
SARS-CoV-2,ORF1ab,6184,0.1,27875,0.015944952121033813,0.018651033174953112
SARS-CoV-2,ORF1ab,6193,0.5,139369,0.0075018849010232026,0.009146048551710419
SARS-CoV-2,ORF1ab,6193,0.25,69685,0.010242091742576547,0.012333033118599396
SARS-CoV-2,ORF1ab,6193,0.1,27875,0.014680914497460056,0.017648033549449944
SARS-CoV-2,ORF1ab,6202,0.5,139369,0.007690983290181563,0.009316761477991225
SARS-CoV-2,ORF1ab,6202,0.25,69685,0.01071329856399729,0.01326175856667079
SARS-CoV-2,ORF1ab,6202,0.1,27875,0.01570346750955598,0.01872768597423082
SARS-CoV-2,ORF1ab,6211,0.5,139369,0.007670003082474202,0.009726116319536167
SARS-CoV-2,ORF1ab,6211,0.25,69685,0.010701883002141694,0.01349861845554002
SARS-CoV-2,ORF1ab,6211,0.1,27875,0.016204062026404162,0.02064749516541901
SARS-CoV-2,ORF1ab,6220,0.5,139369,0.007678758994545008,0.009268941914228052
SARS-CoV-2,ORF1ab,6220,0.25,69685,0.01058495769895622,0.013391351890238535
SARS-CoV-2,ORF1ab,6220,0.1,27875,0.015994531879882867,0.019526649021923186
SARS-CoV-2,ORF1ab,6229,0.5,139370,0.007695367674878496,0.010575499398737241
SARS-CoV-2,ORF1ab,6229,0.25,69685,0.010739942540290372,0.013286314394686803
SARS-CoV-2,ORF1ab,6229,0.1,27875,0.01591037403865687,0.019331360731152252
SARS-CoV-2,ORF1ab,6238,0.5,139368,0.007532200812821781,0.009388395500247825
SARS-CoV-2,ORF1ab,6238,0.25,69684,0.010427838455396181,0.01193380903004493
SARS-CoV-2,ORF1ab,6238,0.1,27875,0.015571681824175657,0.02107631872987519
SARS-CoV-2,ORF1ab,6247,0.5,139368,0.010264526506887237,0.011721734751379298
SARS-CoV-2,ORF1ab,6247,0.25,69684,0.014447795428562367,0.016593001922451837
SARS-CoV-2,ORF1ab,6247,0.1,27875,0.022750147169395156,0.02625727827023186
SARS-CoV-2,ORF1ab,6256,0.5,139368,0.007706609371796081,0.010312612947706622
SARS-CoV-2,ORF1ab,6256,0.25,69684,0.010553879664580745,0.012616600044503257
SARS-CoV-2,ORF1ab,6256,0.1,27875,0.016745907360969026,0.021325441756611038
SARS-CoV-2,ORF1ab,6265,0.5,139369,0.007841065845235366,0.01002592290585896
SARS-CoV-2,ORF1ab,6265,0.25,69685,0.011064452059375916,0.013269466024513711
SARS-CoV-2,ORF1ab,6265,0.1,27875,0.0165635162293923,0.02122144055639042
SARS-CoV-2,ORF1ab,6274,0.5,139369,0.0078220426001628,0.009667340136664482
SARS-CoV-2,ORF1ab,6274,0.25,69685,0.011109407259441486,0.015182474962021613
SARS-CoV-2,ORF1ab,6274,0.1,27875,0.01705600557154095,0.020770164478184302
SARS-CoV-2,ORF1ab,6283,0.5,139370,0.00777446441605427,0.009714055034452686
SARS-CoV-2,ORF1ab,6283,0.25,69685,0.010992425594207827,0.013718946977472146
SARS-CoV-2,ORF1ab,6283,0.1,27875,0.01681295761100954,0.0215050335669096
SARS-CoV-2,ORF1ab,6292,0.5,139369,0.007740959042784235,0.009334108056599223
SARS-CoV-2,ORF1ab,6292,0.25,69685,0.010769168743069381,0.013428018655513003
SARS-CoV-2,ORF1ab,6292,0.1,27875,0.01644833844796672,0.020134968840856575
SARS-CoV-2,ORF1ab,6301,0.5,139369,0.0077972506144836145,0.009148419335083173
SARS-CoV-2,ORF1ab,6301,0.25,69685,0.010875978352949572,0.013095129293079192
SARS-CoV-2,ORF1ab,6301,0.1,27875,0.017038274815028995,0.021045657610504535
SARS-CoV-2,ORF1ab,6310,0.5,139369,0.007735012003251286,0.00916325913018494
SARS-CoV-2,ORF1ab,6310,0.25,69685,0.01068391594835927,0.013299084401795669
SARS-CoV-2,ORF1ab,6310,0.1,27875,0.01634535234475369,0.020134944122541732
SARS-CoV-2,ORF1ab,6319,0.5,139369,0.007830524600813009,0.009496359093867993
SARS-CoV-2,ORF1ab,6319,0.25,69685,0.010654230488468383,0.015125874734308825
SARS-CoV-2,ORF1ab,6319,0.1,27875,0.016451922853607064,0.020441010882921155
SARS-CoV-2,ORF1ab,6328,0.5,139368,0.007787476699497498,0.009688095847839891
SARS-CoV-2,ORF1ab,6328,0.25,69684,0.010483303680861632,0.012707924320306105
SARS-CoV-2,ORF1ab,6328,0.1,27875,0.01632316411272485,0.020445675896829087
SARS-CoV-2,ORF1ab,6337,0.5,139369,0.007757871091731126,0.009970742044518076
SARS-CoV-2,ORF1ab,6337,0.25,69685,0.010713723080708833,0.012240328110911993
SARS-CoV-2,ORF1ab,6337,0.1,27875,0.016514119328964898,0.01880094583081513
SARS-CoV-2,ORF1ab,6346,0.5,139370,0.010440889109540174,0.012450662911014038
SARS-CoV-2,ORF1ab,6346,0.25,69685,0.014589846806573614,0.018534134680628898
SARS-CoV-2,ORF1ab,6346,0.1,27875,0.022519883851160247,0.026078891010088413
SARS-CoV-2,ORF1ab,6355,0.5,139370,0.007917199506368407,0.00999695210817821
SARS-CoV-2,ORF1ab,6355,0.25,69685,0.010977429115483685,0.012976683510632091
SARS-CoV-2,ORF1ab,6355,0.1,27875,0.01705561975092373,0.02009547312076898
SARS-CoV-2,ORF1ab,6364,0.5,139368,0.007765240238776988,0.009152288435035934
SARS-CoV-2,ORF1ab,6364,0.25,69684,0.010865099071840289,0.012552050447894784
SARS-CoV-2,ORF1ab,6364,0.1,27875,0.016790220503201024,0.02110834054055373
SARS-CoV-2,ORF1ab,6373,0.5,139369,0.0077165733183291235,0.009465891063880924
SARS-CoV-2,ORF1ab,6373,0.25,69685,0.010748586271463398,0.0139683955640582
SARS-CoV-2,ORF1ab,6373,0.1,27875,0.016156420475845715,0.01926256960838514
SARS-CoV-2,ORF1ab,6382,0.5,139369,0.007825196879343122,0.00991806738917266
SARS-CoV-2,ORF1ab,6382,0.25,69684,0.010748834822329785,0.013713815444654361
SARS-CoV-2,ORF1ab,6382,0.1,27875,0.016682254385121616,0.019835874631357327
SARS-CoV-2,ORF1ab,6391,0.5,139368,0.0076077273047245484,0.009521534165071443
SARS-CoV-2,ORF1ab,6391,0.25,69684,0.010742567142157022,0.013696814897694351
SARS-CoV-2,ORF1ab,6391,0.1,27875,0.016050073666792362,0.019618019832998008
SARS-CoV-2,ORF1ab,6400,0.5,139369,0.0076866663600265155,0.009703495327424067
SARS-CoV-2,ORF1ab,6400,0.25,69685,0.010347473214058886,0.012461064153134303
SARS-CoV-2,ORF1ab,6400,0.1,27875,0.015643320300434364,0.018733234731432978
SARS-CoV-2,ORF1ab,6409,0.5,139369,0.007564535875443147,0.008741390568680634
SARS-CoV-2,ORF1ab,6409,0.25,69684,0.010467512514745881,0.01397066795522448
SARS-CoV-2,ORF1ab,6409,0.1,27875,0.01572683782825517,0.019745313882125255
SARS-CoV-2,ORF1ab,6418,0.5,139370,0.007445351076219283,0.01003474006219837
SARS-CoV-2,ORF1ab,6418,0.25,69685,0.010250359221402931,0.012503287911075111
SARS-CoV-2,ORF1ab,6418,0.1,27875,0.01523785728547927,0.019593065731307303
SARS-CoV-2,ORF1ab,6427,0.5,139369,0.007535718389082754,0.009218551957823638
SARS-CoV-2,ORF1ab,6427,0.25,69684,0.010673787610449473,0.012920844253550355
SARS-CoV-2,ORF1ab,6427,0.1,27875,0.016489211171551398,0.02015747515050454
SARS-CoV-2,ORF1ab,6436,0.5,139369,0.007821436588230203,0.009477178057476086
SARS-CoV-2,ORF1ab,6436,0.25,69684,0.011013178014116477,0.013055775485735652
SARS-CoV-2,ORF1ab,6436,0.1,27875,0.017048930945780937,0.020650051285654777
SARS-CoV-2,ORF1ab,6445,0.5,139370,0.0075330929270936335,0.009865669507822201
SARS-CoV-2,ORF1ab,6445,0.25,69685,0.010337850269990416,0.013043933713847803
SARS-CoV-2,ORF1ab,6445,0.1,27875,0.015597794217276846,0.019310946921759633
SARS-CoV-2,ORF1ab,6454,0.5,139368,0.007695299745939765,0.009487903193733244
SARS-CoV-2,ORF1ab,6454,0.25,69684,0.010648582897829186,0.01450177506365245
SARS-CoV-2,ORF1ab,6454,0.1,27875,0.01676849031099485,0.02053135267769524
SARS-CoV-2,ORF1ab,6463,0.5,139368,0.007783050880931225,0.00938082736648538
SARS-CoV-2,ORF1ab,6463,0.25,69684,0.011038649946279474,0.0132825270259669
SARS-CoV-2,ORF1ab,6463,0.1,27875,0.0169648129465577,0.021179160217975765
SARS-CoV-2,ORF1ab,6472,0.5,139369,0.007547686796591146,0.008954079243134478
SARS-CoV-2,ORF1ab,6472,0.25,69684,0.010558634699574061,0.013759365879960914
SARS-CoV-2,ORF1ab,6472,0.1,27875,0.01635180461097409,0.018502766054010345
SARS-CoV-2,ORF1ab,6481,0.5,139369,0.007670414930942761,0.009466715944709382
SARS-CoV-2,ORF1ab,6481,0.25,69685,0.010740888091620672,0.013789109474857746
SARS-CoV-2,ORF1ab,6481,0.1,27875,0.016045949199444874,0.019894874359389195
SARS-CoV-2,ORF1ab,6490,0.5,139368,0.007779734594226177,0.00926206783545139
SARS-CoV-2,ORF1ab,6490,0.25,69684,0.010868325335894616,0.014323050370766291
SARS-CoV-2,ORF1ab,6490,0.1,27875,0.016742113561630013,0.020136149034319293
SARS-CoV-2,ORF1ab,6499,0.5,139370,0.007585499801111644,0.009551539863132178
SARS-CoV-2,ORF1ab,6499,0.25,69685,0.010624724241127433,0.013290458223602114
SARS-CoV-2,ORF1ab,6499,0.1,27875,0.01571179975803166,0.01887696861931393
SARS-CoV-2,ORF1ab,6508,0.5,139368,0.007672807261829008,0.009317367211585973
SARS-CoV-2,ORF1ab,6508,0.25,69684,0.010734357263268903,0.013390149428993074
SARS-CoV-2,ORF1ab,6508,0.1,27875,0.016694503543323164,0.02094896432504245
SARS-CoV-2,ORF1ab,6517,0.5,139369,0.007659831723832257,0.00900298853609987
SARS-CoV-2,ORF1ab,6517,0.25,69685,0.010453483577109296,0.0127137284596545
SARS-CoV-2,ORF1ab,6517,0.1,27875,0.015706112422214445,0.019928445375448144
SARS-CoV-2,ORF1ab,6526,0.5,139370,0.0074200361797306675,0.009006271498365196
SARS-CoV-2,ORF1ab,6526,0.25,69685,0.010101321854012187,0.012721030718958309
SARS-CoV-2,ORF1ab,6526,0.1,27875,0.014862277851275934,0.019386430223549477
SARS-CoV-2,ORF1ab,6535,0.5,139369,0.007466905985534907,0.009800598697373208
SARS-CoV-2,ORF1ab,6535,0.25,69685,0.010294355718630346,0.01343705027400423
SARS-CoV-2,ORF1ab,6535,0.1,27875,0.015118816459643617,0.0173895572928266
SARS-CoV-2,ORF1ab,6544,0.5,139369,0.007633620268789834,0.009324153522775623
SARS-CoV-2,ORF1ab,6544,0.25,69684,0.010658738242512785,0.012821213819548528
SARS-CoV-2,ORF1ab,6544,0.1,27875,0.01671387350046961,0.020111128272960306
SARS-CoV-2,ORF1ab,6553,0.5,139370,0.007615149329473052,0.008676057929934892
SARS-CoV-2,ORF1ab,6553,0.25,69685,0.01066163249080956,0.013432925939888908
SARS-CoV-2,ORF1ab,6553,0.1,27875,0.016370654550216395,0.020085270232348955
SARS-CoV-2,ORF1ab,6562,0.5,139369,0.00763986094293046,0.00877026606010306
SARS-CoV-2,ORF1ab,6562,0.25,69685,0.010530992494135326,0.01350413998891166
SARS-CoV-2,ORF1ab,6562,0.1,27875,0.015944591881721624,0.0198695443726835
SARS-CoV-2,ORF1ab,6571,0.5,139370,0.007743817544032407,0.009544243002031782
SARS-CoV-2,ORF1ab,6571,0.25,69685,0.01069181181272532,0.012887541253408977
SARS-CoV-2,ORF1ab,6571,0.1,27875,0.01629833306432104,0.019150038485763885
SARS-CoV-2,ORF1ab,6580,0.5,139368,0.007765503796536063,0.009567702582854018
SARS-CoV-2,ORF1ab,6580,0.25,69684,0.010700821735215648,0.01363937875152884
SARS-CoV-2,ORF1ab,6580,0.1,27875,0.016767971670018113,0.019860775005904465
SARS-CoV-2,ORF1ab,6589,0.5,139370,0.007723429709944795,0.009373020970720606
SARS-CoV-2,ORF1ab,6589,0.25,69685,0.010816024647359774,0.013921629803500537
SARS-CoV-2,ORF1ab,6589,0.1,27875,0.016559547098100487,0.021733628351841117
SARS-CoV-2,ORF1ab,6598,0.5,139369,0.007831377403637707,0.009247457829666489
SARS-CoV-2,ORF1ab,6598,0.25,69685,0.010848459198534931,0.012720546653731613
SARS-CoV-2,ORF1ab,6598,0.1,27875,0.016879022367592835,0.02131001817859254
SARS-CoV-2,ORF1ab,6607,0.5,139368,0.007745763274115894,0.00929691828808563
SARS-CoV-2,ORF1ab,6607,0.25,69684,0.010742080147024194,0.012912493448847064
SARS-CoV-2,ORF1ab,6607,0.1,27875,0.016471175645005345,0.020662971917064735
SARS-CoV-2,ORF1ab,6616,0.5,139369,0.007681028386609628,0.009098367090051837
SARS-CoV-2,ORF1ab,6616,0.25,69685,0.01084103002510147,0.013209491976084136
SARS-CoV-2,ORF1ab,6616,0.1,27875,0.016816220927513312,0.019977071690162045
SARS-CoV-2,ORF1ab,6625,0.5,139369,0.00792253354292096,0.010565488444582096
SARS-CoV-2,ORF1ab,6625,0.25,69684,0.011028527704292225,0.013022336299363895
SARS-CoV-2,ORF1ab,6625,0.1,27875,0.017197016303116604,0.02089468182779042
SARS-CoV-2,ORF1ab,6634,0.5,139370,0.007654230209966945,0.009163400469332788
SARS-CoV-2,ORF1ab,6634,0.25,69685,0.010796635523022022,0.013011651376040625
SARS-CoV-2,ORF1ab,6634,0.1,27875,0.01653438243720013,0.021735256607808253
SARS-CoV-2,ORF1ab,6643,0.5,139370,0.007642290119606311,0.009427625499441516
SARS-CoV-2,ORF1ab,6643,0.25,69685,0.010613474846342189,0.013347330633631171
SARS-CoV-2,ORF1ab,6643,0.1,27875,0.016035938457344384,0.01981527230681557
SARS-CoV-2,ORF1ab,6652,0.5,139369,0.007710292683610766,0.009740587029059796
SARS-CoV-2,ORF1ab,6652,0.25,69684,0.010682643999774652,0.012422148889630452
SARS-CoV-2,ORF1ab,6652,0.1,27875,0.01612282296297464,0.020993996345945145
SARS-CoV-2,ORF1ab,6661,0.5,139370,0.007743227448741892,0.009531546954871314
SARS-CoV-2,ORF1ab,6661,0.25,69685,0.010546772109035513,0.013467981751506021
SARS-CoV-2,ORF1ab,6661,0.1,27875,0.016045947453465347,0.019084001727459145
SARS-CoV-2,ORF1ab,6670,0.5,139368,0.007620681547402246,0.009420817289077048
SARS-CoV-2,ORF1ab,6670,0.25,69684,0.010788649318278346,0.013534321236239166
SARS-CoV-2,ORF1ab,6670,0.1,27875,0.016459635755152628,0.024559760214873595
SARS-CoV-2,ORF1ab,6679,0.5,139369,0.007814452443141388,0.009456402664835889
SARS-CoV-2,ORF1ab,6679,0.25,69684,0.010706867929898223,0.013671426849919328
SARS-CoV-2,ORF1ab,6679,0.1,27875,0.016063835115529654,0.020445947675239044
SARS-CoV-2,ORF1ab,6688,0.5,139369,0.010260121172246622,0.011994947227551019
SARS-CoV-2,ORF1ab,6688,0.25,69684,0.01441114012132945,0.01751615466175212
SARS-CoV-2,ORF1ab,6688,0.1,27875,0.02233719899259687,0.025704701626468544
SARS-CoV-2,ORF1ab,6697,0.5,139369,0.007797317673102234,0.009365186993610813
SARS-CoV-2,ORF1ab,6697,0.25,69685,0.01085966495129241,0.01284731504643945
SARS-CoV-2,ORF1ab,6697,0.1,27875,0.01651399769794214,0.02032519773123833
SARS-CoV-2,ORF1ab,6706,0.5,139369,0.007680632611334014,0.008991723855128109
SARS-CoV-2,ORF1ab,6706,0.25,69685,0.010564653823414937,0.01407285303610412
SARS-CoV-2,ORF1ab,6706,0.1,27875,0.01602697733854389,0.019143784548534343
SARS-CoV-2,ORF1ab,6715,0.5,139370,0.007651285860721094,0.009655687716711091
SARS-CoV-2,ORF1ab,6715,0.25,69685,0.010645631576662967,0.013124886415073403
SARS-CoV-2,ORF1ab,6715,0.1,27875,0.015964683214619482,0.01986824139716856
SARS-CoV-2,ORF1ab,6724,0.5,139370,0.007747006139122746,0.010007937420798578
SARS-CoV-2,ORF1ab,6724,0.25,69685,0.01094807400362783,0.014689354402404452
SARS-CoV-2,ORF1ab,6724,0.1,27875,0.016481929690149007,0.01925375289083051
SARS-CoV-2,ORF1ab,6733,0.5,139370,0.007788917666260541,0.009516648928360608
SARS-CoV-2,ORF1ab,6733,0.25,69685,0.010752178515058705,0.0140774726302816
SARS-CoV-2,ORF1ab,6733,0.1,27875,0.016510900360277126,0.019194866551207473
SARS-CoV-2,ORF1ab,6742,0.5,139369,0.0076578744871327944,0.008678844328488715
SARS-CoV-2,ORF1ab,6742,0.25,69685,0.010671527136921545,0.012728747031530716
SARS-CoV-2,ORF1ab,6742,0.1,27875,0.016188897062395013,0.019639515422682507
SARS-CoV-2,ORF1ab,6751,0.5,139369,0.007504074267000116,0.00914754407639966
SARS-CoV-2,ORF1ab,6751,0.25,69684,0.010490634876752683,0.012638921108819994
SARS-CoV-2,ORF1ab,6751,0.1,27875,0.01581497128328258,0.018656802890500476
SARS-CoV-2,ORF1ab,6760,0.5,139369,0.0076115384210232685,0.009446574893343166
SARS-CoV-2,ORF1ab,6760,0.25,69685,0.010574346017265203,0.013686459343616135
SARS-CoV-2,ORF1ab,6760,0.1,27875,0.015784039342182525,0.02145068616268399
SARS-CoV-2,ORF1ab,6769,0.5,139368,0.007473147103436401,0.009278217505177312
SARS-CoV-2,ORF1ab,6769,0.25,69684,0.010744814598293913,0.013352143592051424
SARS-CoV-2,ORF1ab,6769,0.1,27875,0.016809962715254697,0.0202492991615048
SARS-CoV-2,ORF1ab,6778,0.5,139368,0.00775731014864746,0.009300365526737697
SARS-CoV-2,ORF1ab,6778,0.25,69684,0.010724760209789994,0.013230653020768451
SARS-CoV-2,ORF1ab,6778,0.1,27875,0.01672389968672654,0.020008454271007614
SARS-CoV-2,ORF1ab,6787,0.5,139368,0.007693007284808824,0.009697460557443596
SARS-CoV-2,ORF1ab,6787,0.25,69684,0.01073028523478853,0.013977294514120418
SARS-CoV-2,ORF1ab,6787,0.1,27875,0.016409651035829517,0.020155209619676213
SARS-CoV-2,ORF1ab,6796,0.5,139369,0.007622645947637338,0.010406777506714801
SARS-CoV-2,ORF1ab,6796,0.25,69684,0.010707728039463345,0.013526656927876645
SARS-CoV-2,ORF1ab,6796,0.1,27875,0.016186440984102754,0.01903733811669155
SARS-CoV-2,ORF1ab,6805,0.5,139369,0.0073873074982912425,0.00910892098348066
SARS-CoV-2,ORF1ab,6805,0.25,69685,0.009963310008762036,0.013440864040967513
SARS-CoV-2,ORF1ab,6805,0.1,27875,0.014595988345137353,0.018222039574485108
SARS-CoV-2,ORF1ab,6814,0.5,139369,0.00765464680395188,0.009576500498009212
SARS-CoV-2,ORF1ab,6814,0.25,69685,0.010478371397299298,0.014220505729563468
SARS-CoV-2,ORF1ab,6814,0.1,27875,0.016576484059752625,0.020498942032066574
SARS-CoV-2,ORF1ab,6823,0.5,139369,0.0076735919025198406,0.009223208856242351
SARS-CoV-2,ORF1ab,6823,0.25,69684,0.010851980092201756,0.013702079446796984
SARS-CoV-2,ORF1ab,6823,0.1,27875,0.01648438443696794,0.020794543990072686
SARS-CoV-2,ORF1ab,6832,0.5,139369,0.00787151219954274,0.009385804640925905
SARS-CoV-2,ORF1ab,6832,0.25,69684,0.010707829577083272,0.013667535703690496
SARS-CoV-2,ORF1ab,6832,0.1,27875,0.01677982026057625,0.02050945080337852
SARS-CoV-2,ORF1ab,6841,0.5,139369,0.010417230108850907,0.01162528110606505
SARS-CoV-2,ORF1ab,6841,0.25,69684,0.014700110065898588,0.016527035667822963
SARS-CoV-2,ORF1ab,6841,0.1,27875,0.022565343950861762,0.025784732918466453
SARS-CoV-2,ORF1ab,6850,0.5,139370,0.007693906722285732,0.008916896043009145
SARS-CoV-2,ORF1ab,6850,0.25,69685,0.010823766674539936,0.013225246870993447
SARS-CoV-2,ORF1ab,6850,0.1,27875,0.01677424027372079,0.022479099738780112
SARS-CoV-2,ORF1ab,6859,0.5,139369,0.010181788065287873,0.011413458855730314
SARS-CoV-2,ORF1ab,6859,0.25,69685,0.014457870363491308,0.01752781161131882
SARS-CoV-2,ORF1ab,6859,0.1,27875,0.022387325835609595,0.026743304964094543
SARS-CoV-2,ORF1ab,6868,0.5,139368,0.007592572752117529,0.008634166630580318
SARS-CoV-2,ORF1ab,6868,0.25,69684,0.010698397875837961,0.012402778874318102
SARS-CoV-2,ORF1ab,6868,0.1,27875,0.01630302376278431,0.020775914084010895
SARS-CoV-2,ORF1ab,6877,0.5,139369,0.007724756809852587,0.009210467254479637
SARS-CoV-2,ORF1ab,6877,0.25,69684,0.010857138613102653,0.013431764179823457
SARS-CoV-2,ORF1ab,6877,0.1,27875,0.01657167566094364,0.020262652927626464
SARS-CoV-2,ORF1ab,6886,0.5,139369,0.0076990584214397,0.009707867114379052
SARS-CoV-2,ORF1ab,6886,0.25,69685,0.01060738910198002,0.013024181047362773
SARS-CoV-2,ORF1ab,6886,0.1,27875,0.016106508573635128,0.019826112010512785
SARS-CoV-2,ORF1ab,6895,0.5,139369,0.00786912200447965,0.009560542661492864
SARS-CoV-2,ORF1ab,6895,0.25,69684,0.011145688034938065,0.013440521585857236
SARS-CoV-2,ORF1ab,6895,0.1,27875,0.016987420005567074,0.021259730528499273
SARS-CoV-2,ORF1ab,6904,0.5,139369,0.007754582961545328,0.0098607630815588
SARS-CoV-2,ORF1ab,6904,0.25,69684,0.010514993889286414,0.012751849452812592
SARS-CoV-2,ORF1ab,6904,0.1,27875,0.016191331365444726,0.02152180237397612
SARS-CoV-2,ORF1ab,6913,0.5,139368,0.007494205669415479,0.009425692712007067
SARS-CoV-2,ORF1ab,6913,0.25,69684,0.010568176899186562,0.012839561691587252
SARS-CoV-2,ORF1ab,6913,0.1,27875,0.01595097610671026,0.01896560527602734
SARS-CoV-2,ORF1ab,6922,0.5,139369,0.007587842992488544,0.009451678000630548
SARS-CoV-2,ORF1ab,6922,0.25,69684,0.010686282029052729,0.013493792126378686
SARS-CoV-2,ORF1ab,6922,0.1,27875,0.016286252039326175,0.019252654767492588
SARS-CoV-2,ORF1ab,6931,0.5,139369,0.010370445286761237,0.012247466444894663
SARS-CoV-2,ORF1ab,6931,0.25,69685,0.014480375052637636,0.017522186275225126
SARS-CoV-2,ORF1ab,6931,0.1,27875,0.022142627129646424,0.025136116718364902
SARS-CoV-2,ORF1ab,6940,0.5,139369,0.007574012251810935,0.009809126867567327
SARS-CoV-2,ORF1ab,6940,0.25,69685,0.010569136244258832,0.012970352446677935
SARS-CoV-2,ORF1ab,6940,0.1,27875,0.016123025234502104,0.020569846931912515
SARS-CoV-2,ORF1ab,6949,0.5,139369,0.007686348050044043,0.010154711211678737
SARS-CoV-2,ORF1ab,6949,0.25,69685,0.010698871416909998,0.01245989894615744
SARS-CoV-2,ORF1ab,6949,0.1,27875,0.01617222286094215,0.01904845978080195
SARS-CoV-2,ORF1ab,6958,0.5,139369,0.007787069067168162,0.008920742613986036
SARS-CoV-2,ORF1ab,6958,0.25,69685,0.01054071125700986,0.012498883793332418
SARS-CoV-2,ORF1ab,6958,0.1,27875,0.01674404567062373,0.01980041393832585
SARS-CoV-2,ORF1ab,6967,0.5,139370,0.007698109389470235,0.009204600813274033
SARS-CoV-2,ORF1ab,6967,0.25,69685,0.010798891235715685,0.014370033259010718
SARS-CoV-2,ORF1ab,6967,0.1,27875,0.016655417772913322,0.019926819184354294
SARS-CoV-2,ORF1ab,6976,0.5,139369,0.00756345527922488,0.009333203126785782
SARS-CoV-2,ORF1ab,6976,0.25,69684,0.010670227224816291,0.013059435479566358
SARS-CoV-2,ORF1ab,6976,0.1,27875,0.015987287069159067,0.01956445082402459
SARS-CoV-2,ORF1ab,6985,0.5,139370,0.007587486403198749,0.009468186638498797
SARS-CoV-2,ORF1ab,6985,0.25,69685,0.01078106848288806,0.012830852709751275
SARS-CoV-2,ORF1ab,6985,0.1,27875,0.016188232616575194,0.019492291033979914
SARS-CoV-2,ORF1ab,6994,0.5,139369,0.007725427785213432,0.009354707827218122
SARS-CoV-2,ORF1ab,6994,0.25,69684,0.010676939284157602,0.013131056362676584
SARS-CoV-2,ORF1ab,6994,0.1,27875,0.016424579793231208,0.019566795397185015
SARS-CoV-2,ORF1ab,7003,0.5,139370,0.007849942296396373,0.009792198953521031
SARS-CoV-2,ORF1ab,7003,0.25,69685,0.010830220395545887,0.013974264197210443
SARS-CoV-2,ORF1ab,7003,0.1,27875,0.01679211756619783,0.020375546777161736
SARS-CoV-2,ORF1ab,7012,0.5,139369,0.007744257292837763,0.010104252100536469
SARS-CoV-2,ORF1ab,7012,0.25,69684,0.01085587576729422,0.013374695020488417
SARS-CoV-2,ORF1ab,7012,0.1,27875,0.0165568134149513,0.01986103868606696
SARS-CoV-2,ORF1ab,7021,0.5,139369,0.007628461278875824,0.009209510280341908
SARS-CoV-2,ORF1ab,7021,0.25,69684,0.010431377053042628,0.013884655586272353
SARS-CoV-2,ORF1ab,7021,0.1,27875,0.01643639397987576,0.019961888056857096
SARS-CoV-2,ORF1ab,7030,0.5,139369,0.007894951695297152,0.009037830982475448
SARS-CoV-2,ORF1ab,7030,0.25,69685,0.011108727940957519,0.012943655190531998
SARS-CoV-2,ORF1ab,7030,0.1,27875,0.0171845586681392,0.020008298060710337
SARS-CoV-2,ORF1ab,7039,0.5,139370,0.007607537165745369,0.00894464869654338
SARS-CoV-2,ORF1ab,7039,0.25,69685,0.010597716043892754,0.014220763708757748
SARS-CoV-2,ORF1ab,7039,0.1,27875,0.016294969938060892,0.020131396549931766
SARS-CoV-2,ORF1ab,7048,0.5,139370,0.007679040916920649,0.009466620616613864
SARS-CoV-2,ORF1ab,7048,0.25,69685,0.010738012015589741,0.012864596537901823
SARS-CoV-2,ORF1ab,7048,0.1,27875,0.016297912167959155,0.018626312010624455
SARS-CoV-2,ORF1ab,7057,0.5,139370,0.0076200153394373835,0.009312339975252291
SARS-CoV-2,ORF1ab,7057,0.25,69685,0.010524885423652621,0.01299079538835445
SARS-CoV-2,ORF1ab,7057,0.1,27875,0.015851063234748133,0.018480765716389114
SARS-CoV-2,ORF1ab,7066,0.5,139368,0.007652137310693706,0.010573063183882462
SARS-CoV-2,ORF1ab,7066,0.25,69684,0.010336404834047101,0.012346811760474122
SARS-CoV-2,ORF1ab,7066,0.1,27875,0.01588895665500732,0.019330962867844765
SARS-CoV-2,ORF1ab,7075,0.5,139369,0.007459962703156246,0.009063619432433391
SARS-CoV-2,ORF1ab,7075,0.25,69685,0.01033886727269043,0.012824085701819164
SARS-CoV-2,ORF1ab,7075,0.1,27875,0.01526495712430078,0.01887772624625811
SARS-CoV-2,ORF1ab,7084,0.5,139369,0.006961179720565732,0.00860201351450862
SARS-CoV-2,ORF1ab,7084,0.25,69684,0.009019036353010847,0.012750900487172858
SARS-CoV-2,ORF1ab,7084,0.1,27875,0.012823287227513792,0.01674829777353702
SARS-CoV-2,ORF1ab,7093,0.5,139369,0.007560581658882276,0.008928750366721458
SARS-CoV-2,ORF1ab,7093,0.25,69684,0.01035335653565964,0.01239887480776509
SARS-CoV-2,ORF1ab,7093,0.1,27875,0.016243278004091383,0.019676118055071887
SARS-CoV-2,ORF1ab,7102,0.5,139369,0.007217660878584104,0.008838562912294326
SARS-CoV-2,ORF1ab,7102,0.25,69684,0.009508011640877962,0.01186069422087944
SARS-CoV-2,ORF1ab,7102,0.1,27875,0.013681095910621997,0.016231984737646178
SARS-CoV-2,ORF1ab,7111,0.5,139368,0.007224418763628147,0.00864270910817047
SARS-CoV-2,ORF1ab,7111,0.25,69684,0.009581136174496607,0.011958941390574119
SARS-CoV-2,ORF1ab,7111,0.1,27875,0.013867013353361546,0.019169618474474747
SARS-CoV-2,ORF1ab,7120,0.5,139368,0.007724206999465508,0.010985165436530792
SARS-CoV-2,ORF1ab,7120,0.25,69684,0.01076165532015061,0.012766851511913991
SARS-CoV-2,ORF1ab,7120,0.1,27875,0.016389407196991827,0.020060596850049014
SARS-CoV-2,ORF1ab,7129,0.5,139369,0.007359220458374905,0.008768906977302758
SARS-CoV-2,ORF1ab,7129,0.25,69684,0.010137042403192444,0.012340869903449424
SARS-CoV-2,ORF1ab,7129,0.1,27875,0.015064342044556592,0.019058759914519673
SARS-CoV-2,ORF1ab,7138,0.5,139369,0.007273336566012702,0.008973669178865324
SARS-CoV-2,ORF1ab,7138,0.25,69684,0.010076996235097765,0.012088256064648724
SARS-CoV-2,ORF1ab,7138,0.1,27875,0.014284248777465782,0.01788127676315627
SARS-CoV-2,ORF1ab,7147,0.5,139369,0.0076762852781208325,0.008947704952180018
SARS-CoV-2,ORF1ab,7147,0.25,69685,0.010471866413308065,0.013406703923797196
SARS-CoV-2,ORF1ab,7147,0.1,27875,0.016131585515593495,0.019789514589946013
SARS-CoV-2,ORF1ab,7156,0.5,139369,0.010167263172285038,0.011965273297847467
SARS-CoV-2,ORF1ab,7156,0.25,69685,0.013870448162459144,0.016647172514807768
SARS-CoV-2,ORF1ab,7156,0.1,27875,0.02096141417623185,0.02402417146985326
SARS-CoV-2,ORF1ab,7165,0.5,139369,0.007497397249897689,0.009434674479124647
SARS-CoV-2,ORF1ab,7165,0.25,69684,0.010259095552124186,0.012672657066877783
SARS-CoV-2,ORF1ab,7165,0.1,27875,0.01476421240136608,0.01945265862087602
SARS-CoV-2,ORF1ab,7174,0.5,139369,0.007002593093508378,0.008558319284197272
SARS-CoV-2,ORF1ab,7174,0.25,69684,0.008993192764343653,0.010878723541048173
SARS-CoV-2,ORF1ab,7174,0.1,27875,0.01285474780166551,0.017223292902292495
SARS-CoV-2,ORF1ab,7183,0.5,139369,0.006990575686172235,0.008406416031666766
SARS-CoV-2,ORF1ab,7183,0.25,69684,0.00933810106867036,0.012316834892565619
SARS-CoV-2,ORF1ab,7183,0.1,27875,0.012842456941969598,0.016615882571734613
SARS-CoV-2,ORF1ab,7192,0.5,139369,0.007227372166930132,0.008952891176929365
SARS-CoV-2,ORF1ab,7192,0.25,69684,0.010012194437749559,0.013116236510671885
SARS-CoV-2,ORF1ab,7192,0.1,27875,0.014255769330350332,0.01710631309739522
SARS-CoV-2,ORF1ab,7201,0.5,139368,0.007498921954081676,0.009142513591055241
SARS-CoV-2,ORF1ab,7201,0.25,69684,0.010190093018780776,0.012441846949317895
SARS-CoV-2,ORF1ab,7201,0.1,27875,0.015152941486656243,0.018423781551014137
SARS-CoV-2,ORF1ab,7210,0.5,139369,0.007562320548241797,0.00949468413073134
SARS-CoV-2,ORF1ab,7210,0.25,69684,0.01042689575906919,0.01296329460314915
SARS-CoV-2,ORF1ab,7210,0.1,27875,0.01533600755542226,0.018766664424445627
SARS-CoV-2,ORF1ab,7219,0.5,139369,0.007442355288590162,0.009947537259719428
SARS-CoV-2,ORF1ab,7219,0.25,69685,0.010269123719697338,0.014024713962105839
SARS-CoV-2,ORF1ab,7219,0.1,27875,0.014943541115638764,0.01797740165852293
SARS-CoV-2,ORF1ab,7228,0.5,139370,0.006648769197281762,0.008721706721346941
SARS-CoV-2,ORF1ab,7228,0.25,69685,0.008799492715167851,0.011438954915905962
SARS-CoV-2,ORF1ab,7228,0.1,27875,0.012534696773935513,0.016567514220321617
SARS-CoV-2,ORF1ab,7237,0.5,139368,0.006984297770140376,0.008574293238671253
SARS-CoV-2,ORF1ab,7237,0.25,69684,0.009447433438311873,0.011297856606325284
SARS-CoV-2,ORF1ab,7237,0.1,27875,0.013082722843945307,0.01725908637163515
SARS-CoV-2,ORF1ab,7246,0.5,139369,0.007387115201057706,0.009035371766135149
SARS-CoV-2,ORF1ab,7246,0.25,69685,0.010029302148554802,0.013577260509629775
SARS-CoV-2,ORF1ab,7246,0.1,27875,0.014606169133796306,0.01813604188163697
SARS-CoV-2,ORF1ab,7255,0.5,139369,0.007739372280559346,0.009460536411532407
SARS-CoV-2,ORF1ab,7255,0.25,69685,0.011061128543940328,0.014134548875910452
SARS-CoV-2,ORF1ab,7255,0.1,27875,0.01703285450340331,0.019219842410516597
SARS-CoV-2,ORF1ab,7264,0.5,139369,0.007310509370155717,0.009010909087655478
SARS-CoV-2,ORF1ab,7264,0.25,69685,0.009503155665463801,0.012123830567624954
SARS-CoV-2,ORF1ab,7264,0.1,27875,0.013635779949085424,0.017173165855953687
SARS-CoV-2,ORF1ab,7273,0.5,139368,0.0071607805982676865,0.009346589342705979
SARS-CoV-2,ORF1ab,7273,0.25,69684,0.00931672271712808,0.012087451235042639
SARS-CoV-2,ORF1ab,7273,0.1,27875,0.01352421598262238,0.018703321006408022
SARS-CoV-2,ORF1ab,7282,0.5,139369,0.007644518029716699,0.009229145432348821
SARS-CoV-2,ORF1ab,7282,0.25,69685,0.010432404532549113,0.012148356847006036
SARS-CoV-2,ORF1ab,7282,0.1,27875,0.015192687028626218,0.01854142977045311
SARS-CoV-2,ORF1ab,7291,0.5,139369,0.00743904793600543,0.009299994357653739
SARS-CoV-2,ORF1ab,7291,0.25,69685,0.010483293079254764,0.013255543266298644
SARS-CoV-2,ORF1ab,7291,0.1,27875,0.015395103367350713,0.018309104427111405
SARS-CoV-2,ORF1ab,7300,0.5,139370,0.0073219499651552035,0.009156655604850298
SARS-CoV-2,ORF1ab,7300,0.25,69685,0.01005186338892169,0.013258732331786354
SARS-CoV-2,ORF1ab,7300,0.1,27875,0.01431702453113065,0.01774300021235006
SARS-CoV-2,ORF1ab,7309,0.5,139370,0.007138644166266731,0.008421957011796686
SARS-CoV-2,ORF1ab,7309,0.25,69685,0.009654233065305958,0.011950119191412291
SARS-CoV-2,ORF1ab,7309,0.1,27875,0.01393346711852664,0.01619176290827437
SARS-CoV-2,ORF1ab,7318,0.5,139368,0.007535699360636085,0.009173994865126607
SARS-CoV-2,ORF1ab,7318,0.25,69684,0.010178804008926524,0.01248943661201546
SARS-CoV-2,ORF1ab,7318,0.1,27875,0.015073396314003123,0.01814669941700276
SARS-CoV-2,ORF1ab,7327,0.5,139368,0.00757671511719489,0.008699403179512595
SARS-CoV-2,ORF1ab,7327,0.25,69684,0.010599966513499664,0.012834199822187092
SARS-CoV-2,ORF1ab,7327,0.1,27875,0.01644325354425939,0.019100804486396488
SARS-CoV-2,ORF1ab,7336,0.5,139369,0.007627752369591731,0.009208818265810628
SARS-CoV-2,ORF1ab,7336,0.25,69684,0.010504642672853106,0.013093702907572433
SARS-CoV-2,ORF1ab,7336,0.1,27875,0.015304664579247722,0.018398065864443466
SARS-CoV-2,ORF1ab,7345,0.5,139370,0.007313306185937565,0.009652685961260898
SARS-CoV-2,ORF1ab,7345,0.25,69685,0.009807990734630605,0.011988858982362365
SARS-CoV-2,ORF1ab,7345,0.1,27875,0.014089265251195464,0.017420707226042918
SARS-CoV-2,ORF1ab,7354,0.5,139369,0.00740531426978835,0.008835716576788704
SARS-CoV-2,ORF1ab,7354,0.25,69685,0.009948454268523293,0.012617072033007251
SARS-CoV-2,ORF1ab,7354,0.1,27875,0.014088252381214908,0.01984587106986521
SARS-CoV-2,ORF1ab,7363,0.5,139369,0.007608113711720977,0.009444572768514098
SARS-CoV-2,ORF1ab,7363,0.25,69685,0.010433861081010385,0.012343448193818801
SARS-CoV-2,ORF1ab,7363,0.1,27875,0.015576004354334825,0.01802889422883729
SARS-CoV-2,ORF1ab,7372,0.5,139370,0.00745736695652775,0.00869090958120209
SARS-CoV-2,ORF1ab,7372,0.25,69685,0.010276112511974668,0.012802829594279487
SARS-CoV-2,ORF1ab,7372,0.1,27875,0.01487690030289317,0.017727770769670314
SARS-CoV-2,ORF1ab,7381,0.5,139370,0.007104760709759224,0.008370382365598537
SARS-CoV-2,ORF1ab,7381,0.25,69685,0.009661499752483975,0.011484454785397027
SARS-CoV-2,ORF1ab,7381,0.1,27875,0.013422428546596239,0.017557659671130172
SARS-CoV-2,ORF1ab,7390,0.5,139369,0.007097120708336948,0.008698606300899242
SARS-CoV-2,ORF1ab,7390,0.25,69685,0.009445935521136387,0.011943016067057716
SARS-CoV-2,ORF1ab,7390,0.1,27875,0.013677933556953544,0.017262284053926245
SARS-CoV-2,ORF1ab,7399,0.5,139368,0.0073183718276180545,0.008758126404263504
SARS-CoV-2,ORF1ab,7399,0.25,69684,0.009743338692210196,0.012351085270552883
SARS-CoV-2,ORF1ab,7399,0.1,27875,0.013934147052978293,0.018820754102841567
SARS-CoV-2,ORF1ab,7408,0.5,139370,0.007557085469806404,0.009299330223706196
SARS-CoV-2,ORF1ab,7408,0.25,69685,0.010502505057684897,0.012900193578907352
SARS-CoV-2,ORF1ab,7408,0.1,27875,0.015702153639385975,0.019209103441936676
SARS-CoV-2,ORF1ab,7417,0.5,139368,0.007398916069356603,0.008510091988382424
SARS-CoV-2,ORF1ab,7417,0.25,69684,0.010190156953605653,0.012731959437172487
SARS-CoV-2,ORF1ab,7417,0.1,27875,0.014747754645301155,0.02009491060984745
SARS-CoV-2,ORF1ab,7426,0.5,139370,0.007371957269546447,0.008694769592838254
SARS-CoV-2,ORF1ab,7426,0.25,69685,0.009941381962817518,0.011943366940140535
SARS-CoV-2,ORF1ab,7426,0.1,27875,0.014658180682238217,0.018967172330043445
SARS-CoV-2,ORF1ab,7435,0.5,139368,0.0072817466278583395,0.008831365679925431
SARS-CoV-2,ORF1ab,7435,0.25,69684,0.009682721068837124,0.011872264489416862
SARS-CoV-2,ORF1ab,7435,0.1,27875,0.013819996602509547,0.01774582708895146
SARS-CoV-2,ORF1ab,7444,0.5,139370,0.007593214939881688,0.009019019845880601
SARS-CoV-2,ORF1ab,7444,0.25,69685,0.010411457851787192,0.012470202205278343
SARS-CoV-2,ORF1ab,7444,0.1,27875,0.01577715299009242,0.0198355566395937
SARS-CoV-2,ORF1ab,7453,0.5,139368,0.006970361920549812,0.00860499317711536
SARS-CoV-2,ORF1ab,7453,0.25,69684,0.009280125550470787,0.011572014336770383
SARS-CoV-2,ORF1ab,7453,0.1,27875,0.012765449759940197,0.017020198800070274
SARS-CoV-2,ORF1ab,7462,0.5,139370,0.007785292155308459,0.009043270229927427
SARS-CoV-2,ORF1ab,7462,0.25,69685,0.010884740564230217,0.014190274780919304
SARS-CoV-2,ORF1ab,7462,0.1,27875,0.016957552326181173,0.020245273389833476
SARS-CoV-2,ORF1ab,7471,0.5,139370,0.007715475484188132,0.00919914246575727
SARS-CoV-2,ORF1ab,7471,0.25,69685,0.01047511458041847,0.013256405424215988
SARS-CoV-2,ORF1ab,7471,0.1,27875,0.015430876953332858,0.019895548265307685
SARS-CoV-2,ORF1ab,7480,0.5,139368,0.007778249900155985,0.009056710688920418
SARS-CoV-2,ORF1ab,7480,0.25,69684,0.010800261888503707,0.013002073145351633
SARS-CoV-2,ORF1ab,7480,0.1,27875,0.016815751815830886,0.02093181769852143
SARS-CoV-2,ORF1ab,7489,0.5,139369,0.007492863913894402,0.009782416705577427
SARS-CoV-2,ORF1ab,7489,0.25,69685,0.010684035424155441,0.01301518984147313
SARS-CoV-2,ORF1ab,7489,0.1,27875,0.01566121139626646,0.02137078070631165
SARS-CoV-2,ORF1ab,7498,0.5,139368,0.007610663113327633,0.009644810005736634
SARS-CoV-2,ORF1ab,7498,0.25,69684,0.010891312731974924,0.014075577592222143
SARS-CoV-2,ORF1ab,7498,0.1,27875,0.016902855138829824,0.02087327207109256
SARS-CoV-2,ORF1ab,7507,0.5,139368,0.007500350430918934,0.009170012498462716
SARS-CoV-2,ORF1ab,7507,0.25,69684,0.010555954468924447,0.01324483000884649
SARS-CoV-2,ORF1ab,7507,0.1,27875,0.015655100009577705,0.019079862561483155
SARS-CoV-2,ORF1ab,7516,0.5,139369,0.007472215609767404,0.009007188811754158
SARS-CoV-2,ORF1ab,7516,0.25,69684,0.01022248409794864,0.012394629086242155
SARS-CoV-2,ORF1ab,7516,0.1,27875,0.014733417666487381,0.017678781065020452
SARS-CoV-2,ORF1ab,7525,0.5,139370,0.007462477492987999,0.009426404777805455
SARS-CoV-2,ORF1ab,7525,0.25,69685,0.010442800700951459,0.01281495543746533
SARS-CoV-2,ORF1ab,7525,0.1,27875,0.01577975770946375,0.019670136650172067
SARS-CoV-2,ORF1ab,7534,0.5,139369,0.006809933650106906,0.008089688322398566
SARS-CoV-2,ORF1ab,7534,0.25,69684,0.008830079388282858,0.01073159414787251
SARS-CoV-2,ORF1ab,7534,0.1,27875,0.012790004889726418,0.015334674798277747
SARS-CoV-2,ORF1ab,7543,0.5,139370,0.007546214564841337,0.009407654203268065
SARS-CoV-2,ORF1ab,7543,0.25,69685,0.010545906706289205,0.012583632120793721
SARS-CoV-2,ORF1ab,7543,0.1,27875,0.015374127190648304,0.01802702371912729
SARS-CoV-2,ORF1ab,7552,0.5,139369,0.0076305888369690884,0.009005435780619596
SARS-CoV-2,ORF1ab,7552,0.25,69685,0.010455032235091736,0.01350355819279509
SARS-CoV-2,ORF1ab,7552,0.1,27875,0.015588214219148692,0.01879944204491315
SARS-CoV-2,ORF1ab,7561,0.5,139369,0.007735127769769578,0.009531277374262265
SARS-CoV-2,ORF1ab,7561,0.25,69684,0.010831346249632888,0.014052730845035884
SARS-CoV-2,ORF1ab,7561,0.1,27875,0.01685649407596388,0.020878794130045588
SARS-CoV-2,ORF1ab,7570,0.5,139369,0.010347945176901857,0.011736297858550192
SARS-CoV-2,ORF1ab,7570,0.25,69685,0.014414949389664169,0.017671619308883203
SARS-CoV-2,ORF1ab,7570,0.1,27875,0.022544166881575484,0.025451538078424717
SARS-CoV-2,ORF1ab,7579,0.5,139370,0.007628963761234343,0.009167903058463529
SARS-CoV-2,ORF1ab,7579,0.25,69685,0.010532263110862203,0.012747004424305841
SARS-CoV-2,ORF1ab,7579,0.1,27875,0.01618926793606413,0.02127415612200668
SARS-CoV-2,ORF1ab,7588,0.5,139370,0.007527882777443059,0.009773076315159224
SARS-CoV-2,ORF1ab,7588,0.25,69685,0.010427179932192585,0.013130503093023342
SARS-CoV-2,ORF1ab,7588,0.1,27875,0.015357486402733867,0.01785809477598485
SARS-CoV-2,ORF1ab,7597,0.5,139368,0.0077592332994731745,0.00961186976116229
SARS-CoV-2,ORF1ab,7597,0.25,69684,0.010572874283473763,0.013131743708554322
SARS-CoV-2,ORF1ab,7597,0.1,27875,0.01640575157747339,0.02099353414190361
SARS-CoV-2,ORF1ab,7606,0.5,139370,0.0071365576728155905,0.008559122015810815
SARS-CoV-2,ORF1ab,7606,0.25,69685,0.00959415947413246,0.011360618533258534
SARS-CoV-2,ORF1ab,7606,0.1,27875,0.013739508596111961,0.01691226901690255
SARS-CoV-2,ORF1ab,7615,0.5,139370,0.0072597221122579925,0.009269415739268053
SARS-CoV-2,ORF1ab,7615,0.25,69685,0.009638909943049702,0.011803158211417314
SARS-CoV-2,ORF1ab,7615,0.1,27875,0.013413294552949305,0.016011198685631094
SARS-CoV-2,ORF1ab,7624,0.5,139369,0.006814041008714973,0.008314965424677299
SARS-CoV-2,ORF1ab,7624,0.25,69685,0.008998542080884082,0.011211297135308381
SARS-CoV-2,ORF1ab,7624,0.1,27875,0.012881732454971605,0.01669724195716282
SARS-CoV-2,ORF1ab,7633,0.5,139370,0.0075858586738008,0.009885359000245739
SARS-CoV-2,ORF1ab,7633,0.25,69685,0.010623478567325761,0.01387060104251317
SARS-CoV-2,ORF1ab,7633,0.1,27875,0.015977506013094438,0.019402776756611298
SARS-CoV-2,ORF1ab,7642,0.5,139368,0.007272868490861284,0.008777593636075233
SARS-CoV-2,ORF1ab,7642,0.25,69684,0.009971244918869788,0.01196309026089136
SARS-CoV-2,ORF1ab,7642,0.1,27875,0.014330544332291723,0.01830739889116759
SARS-CoV-2,ORF1ab,7651,0.5,139369,0.007426277204159675,0.010081825984355874
SARS-CoV-2,ORF1ab,7651,0.25,69684,0.010084706404171691,0.012882108518575082
SARS-CoV-2,ORF1ab,7651,0.1,27875,0.014698411971194638,0.018131683960563985
SARS-CoV-2,ORF1ab,7660,0.5,139368,0.007629418571246171,0.008928324154438734
SARS-CoV-2,ORF1ab,7660,0.25,69684,0.01061756082742008,0.013276584476196245
SARS-CoV-2,ORF1ab,7660,0.1,27875,0.016346280564439163,0.01907920107759731
SARS-CoV-2,ORF1ab,7669,0.5,139370,0.007636141011278458,0.0088593867650135
SARS-CoV-2,ORF1ab,7669,0.25,69685,0.010543863989649743,0.012948779975122244
SARS-CoV-2,ORF1ab,7669,0.1,27875,0.016037406410024487,0.019341173330899908
SARS-CoV-2,ORF1ab,7678,0.5,139368,0.007717232974891225,0.008961766363937565
SARS-CoV-2,ORF1ab,7678,0.25,69684,0.010739147420494472,0.013287874113221822
SARS-CoV-2,ORF1ab,7678,0.1,27875,0.01607150804292721,0.02029872745706337
SARS-CoV-2,ORF1ab,7687,0.5,139369,0.007441843448688029,0.009285493340006418
SARS-CoV-2,ORF1ab,7687,0.25,69685,0.010225571510921396,0.01360913932143061
SARS-CoV-2,ORF1ab,7687,0.1,27875,0.014806984158371282,0.019172507518630155
SARS-CoV-2,ORF1ab,7696,0.5,139369,0.007247669683285417,0.00857294800621443
SARS-CoV-2,ORF1ab,7696,0.25,69685,0.009625011949890664,0.011149837729140284
SARS-CoV-2,ORF1ab,7696,0.1,27875,0.013712890990230613,0.016591174855100817
SARS-CoV-2,ORF1ab,7705,0.5,139368,0.007271037380164633,0.008441775231908028
SARS-CoV-2,ORF1ab,7705,0.25,69684,0.009767802195499966,0.011488258340656997
SARS-CoV-2,ORF1ab,7705,0.1,27875,0.013854232213380845,0.01778847128855241
SARS-CoV-2,ORF1ab,7714,0.5,139370,0.007691457611688883,0.009613746085262167
SARS-CoV-2,ORF1ab,7714,0.25,69685,0.010903719053216172,0.013707407760842708
SARS-CoV-2,ORF1ab,7714,0.1,27875,0.017283309793392432,0.020964915946153986
SARS-CoV-2,ORF1ab,7723,0.5,139369,0.007428339986882659,0.008850674197536506
SARS-CoV-2,ORF1ab,7723,0.25,69685,0.01020813339373624,0.013376684225991123
SARS-CoV-2,ORF1ab,7723,0.1,27875,0.015298893465990553,0.018365830440719204
SARS-CoV-2,ORF1ab,7732,0.5,139368,0.00756991716286415,0.009222918828399795
SARS-CoV-2,ORF1ab,7732,0.25,69684,0.01045727385098098,0.013630486537886235
SARS-CoV-2,ORF1ab,7732,0.1,27875,0.015280339567142408,0.01766872212729288
SARS-CoV-2,ORF1ab,7741,0.5,139370,0.00710140637517256,0.008566986508212011
SARS-CoV-2,ORF1ab,7741,0.25,69685,0.0097940749062531,0.012703925259439072
SARS-CoV-2,ORF1ab,7741,0.1,27875,0.013730832459280078,0.018645948034596415
SARS-CoV-2,ORF1ab,7750,0.5,139369,0.007702039381236018,0.009256435421376928
SARS-CoV-2,ORF1ab,7750,0.25,69684,0.01074165466734287,0.013956690628155546
SARS-CoV-2,ORF1ab,7750,0.1,27875,0.01661411903634757,0.019873158508737845
SARS-CoV-2,ORF1ab,7759,0.5,139370,0.009987977529523986,0.011046591915220396
SARS-CoV-2,ORF1ab,7759,0.25,69685,0.013910861748137377,0.01635007264021434
SARS-CoV-2,ORF1ab,7759,0.1,27875,0.02072320068236491,0.024695342600737323
SARS-CoV-2,ORF1ab,7768,0.5,139368,0.00722727719096364,0.009423389368534905
SARS-CoV-2,ORF1ab,7768,0.25,69684,0.009754574606627412,0.011986134213486434
SARS-CoV-2,ORF1ab,7768,0.1,27875,0.01373453726366951,0.016801138344489045
SARS-CoV-2,ORF1ab,7777,0.5,139369,0.007496265606200354,0.00908433812310721
SARS-CoV-2,ORF1ab,7777,0.25,69685,0.010516405640739718,0.013991849267846789
SARS-CoV-2,ORF1ab,7777,0.1,27875,0.015579452676078269,0.019155567891337513
SARS-CoV-2,ORF1ab,7786,0.5,139369,0.0073495624979817795,0.00868869000817377
SARS-CoV-2,ORF1ab,7786,0.25,69685,0.009869864057326622,0.011650815641005237
SARS-CoV-2,ORF1ab,7786,0.1,27875,0.014364626788118067,0.019041810408621462
SARS-CoV-2,ORF1ab,7795,0.5,139370,0.0074790122069898005,0.008942421137856909
SARS-CoV-2,ORF1ab,7795,0.25,69685,0.010033037366880493,0.012132195795802771
SARS-CoV-2,ORF1ab,7795,0.1,27875,0.014885099513139105,0.018727764480730085
SARS-CoV-2,ORF1ab,7804,0.5,139369,0.007440379372042365,0.009971585123058456
SARS-CoV-2,ORF1ab,7804,0.25,69685,0.010509360125579735,0.01246153791205125
SARS-CoV-2,ORF1ab,7804,0.1,27875,0.015317494846161213,0.020021714609752078
SARS-CoV-2,ORF1ab,7813,0.5,139369,0.007466192254930665,0.009338934351837056
SARS-CoV-2,ORF1ab,7813,0.25,69684,0.010281643312629981,0.012136636140828723
SARS-CoV-2,ORF1ab,7813,0.1,27875,0.015387490628105347,0.019675322952348234
SARS-CoV-2,ORF1ab,7822,0.5,139368,0.007733567080357101,0.009724154165323113
SARS-CoV-2,ORF1ab,7822,0.25,69684,0.010847426965674065,0.013591719697895865
SARS-CoV-2,ORF1ab,7822,0.1,27875,0.016437929475457563,0.020216396407686472
SARS-CoV-2,ORF1ab,7831,0.5,139369,0.007745536581480868,0.009376820978467386
SARS-CoV-2,ORF1ab,7831,0.25,69685,0.010749563975947849,0.012917691238008866
SARS-CoV-2,ORF1ab,7831,0.1,27875,0.016007435125433424,0.01953872477272784
SARS-CoV-2,ORF1ab,7840,0.5,139368,0.00757398033724902,0.009288881313151932
SARS-CoV-2,ORF1ab,7840,0.25,69684,0.01054643389542657,0.01328261337440669
SARS-CoV-2,ORF1ab,7840,0.1,27875,0.01592199579999317,0.020143590641332122
SARS-CoV-2,ORF1ab,7849,0.5,139369,0.0074576821017602,0.008920284373138744
SARS-CoV-2,ORF1ab,7849,0.25,69685,0.009993271020856093,0.012646564251601477
SARS-CoV-2,ORF1ab,7849,0.1,27875,0.014595861228212872,0.018321098994873067
SARS-CoV-2,ORF1ab,7858,0.5,139370,0.007529287217396236,0.009187683164089012
SARS-CoV-2,ORF1ab,7858,0.25,69685,0.010470377562282687,0.013661743384246805
SARS-CoV-2,ORF1ab,7858,0.1,27875,0.0158806013333118,0.01856693103161053
SARS-CoV-2,ORF1ab,7867,0.5,139370,0.00791714674896043,0.009288801027423044
SARS-CoV-2,ORF1ab,7867,0.25,69685,0.010885829773797307,0.012993683919316233
SARS-CoV-2,ORF1ab,7867,0.1,27875,0.016776318500100636,0.020576491906810827
SARS-CoV-2,ORF1ab,7876,0.5,139370,0.007467801009709443,0.00918773964317086
SARS-CoV-2,ORF1ab,7876,0.25,69685,0.010193257227941817,0.013436059548155379
SARS-CoV-2,ORF1ab,7876,0.1,27875,0.014870252279088001,0.017724031751191076
SARS-CoV-2,ORF1ab,7885,0.5,139368,0.00764379256496898,0.00886414759614588
SARS-CoV-2,ORF1ab,7885,0.25,69684,0.010322344168672637,0.012232167325481625
SARS-CoV-2,ORF1ab,7885,0.1,27875,0.015031113516725706,0.01976755050036876
SARS-CoV-2,ORF1ab,7894,0.5,139369,0.007410750605473554,0.009107328515082605
SARS-CoV-2,ORF1ab,7894,0.25,69685,0.01012547472042806,0.013009125864254845
SARS-CoV-2,ORF1ab,7894,0.1,27875,0.014636975966657532,0.01783468092615801
SARS-CoV-2,ORF1ab,7903,0.5,139370,0.007663420635893199,0.009313408881932753
SARS-CoV-2,ORF1ab,7903,0.25,69685,0.010629120314560814,0.014885072020245192
SARS-CoV-2,ORF1ab,7903,0.1,27875,0.015898554011072572,0.020876865651591033
SARS-CoV-2,ORF1ab,7912,0.5,139369,0.007627753255214792,0.009460872794834388
SARS-CoV-2,ORF1ab,7912,0.25,69684,0.010552684386344003,0.01316112789601935
SARS-CoV-2,ORF1ab,7912,0.1,27875,0.015664903392060097,0.01961371118296071
SARS-CoV-2,ORF1ab,7921,0.5,139370,0.00705548771169148,0.00879077221964091
SARS-CoV-2,ORF1ab,7921,0.25,69685,0.00901522894074493,0.011731531255811951
SARS-CoV-2,ORF1ab,7921,0.1,27875,0.01320964385164367,0.017212912129427636
SARS-CoV-2,ORF1ab,7930,0.5,139369,0.007195515765740914,0.009037098238498608
SARS-CoV-2,ORF1ab,7930,0.25,69684,0.009816530101336332,0.012401601342250008
SARS-CoV-2,ORF1ab,7930,0.1,27875,0.01392347375930468,0.019296900831665208
SARS-CoV-2,ORF1ab,7939,0.5,139369,0.007696938127630514,0.008953312244588283
SARS-CoV-2,ORF1ab,7939,0.25,69685,0.010711041802857585,0.013343102658244987
SARS-CoV-2,ORF1ab,7939,0.1,27875,0.015920487262495,0.020124803611926038
SARS-CoV-2,ORF1ab,7948,0.5,139369,0.0074500702842850985,0.008905771908496382
SARS-CoV-2,ORF1ab,7948,0.25,69684,0.009975163623781357,0.014968923315994908
SARS-CoV-2,ORF1ab,7948,0.1,27875,0.014436291827332238,0.017845645921249854
SARS-CoV-2,ORF1ab,7957,0.5,139370,0.006885565113049978,0.008671271786838764
SARS-CoV-2,ORF1ab,7957,0.25,69685,0.009146968426073166,0.011279796692623483
SARS-CoV-2,ORF1ab,7957,0.1,27875,0.013035471123392539,0.01666201104901926
SARS-CoV-2,ORF1ab,7966,0.5,139368,0.0073701247852140375,0.009644120224164186
SARS-CoV-2,ORF1ab,7966,0.25,69684,0.01019045985107301,0.012391655144934179
SARS-CoV-2,ORF1ab,7966,0.1,27875,0.014619011018959035,0.01908670091254672
SARS-CoV-2,ORF1ab,7975,0.5,139370,0.007605754906851965,0.009141005129602186
SARS-CoV-2,ORF1ab,7975,0.25,69685,0.01049048867946057,0.012389738201094945
SARS-CoV-2,ORF1ab,7975,0.1,27875,0.016137363617175562,0.019493226367826726
SARS-CoV-2,ORF1ab,7984,0.5,139368,0.007647285620105677,0.009196994442945788
SARS-CoV-2,ORF1ab,7984,0.25,69684,0.010716579284078757,0.012690819975368445
SARS-CoV-2,ORF1ab,7984,0.1,27875,0.01607257422901549,0.020653421457527212
SARS-CoV-2,ORF1ab,7993,0.5,139369,0.0077644044144513456,0.009823754252943951
SARS-CoV-2,ORF1ab,7993,0.25,69684,0.010370389797950694,0.012395268385737505
SARS-CoV-2,ORF1ab,7993,0.1,27875,0.015494509273831203,0.019758274102353573
SARS-CoV-2,ORF1ab,8002,0.5,139370,0.006638581031579429,0.008084937014049868
SARS-CoV-2,ORF1ab,8002,0.25,69685,0.008519969605025803,0.010676843840205213
SARS-CoV-2,ORF1ab,8002,0.1,27875,0.011948244027399066,0.014405442543687029
SARS-CoV-2,ORF1ab,8011,0.5,139368,0.007334435311281825,0.008623539629697446
SARS-CoV-2,ORF1ab,8011,0.25,69684,0.00965898703373036,0.012636373089338395
SARS-CoV-2,ORF1ab,8011,0.1,27875,0.013775605709183108,0.018564844514083564
SARS-CoV-2,ORF1ab,8020,0.5,139368,0.010377887592708334,0.012177534189878996
SARS-CoV-2,ORF1ab,8020,0.25,69684,0.014573145446955132,0.016842779408300524
SARS-CoV-2,ORF1ab,8020,0.1,27875,0.022760868181770387,0.027451423293890175
SARS-CoV-2,ORF1ab,8029,0.5,139369,0.0076572069858154585,0.009772263691236564
SARS-CoV-2,ORF1ab,8029,0.25,69684,0.010580345663736189,0.012687965420567802
SARS-CoV-2,ORF1ab,8029,0.1,27875,0.015499320209437173,0.01931333845641865
SARS-CoV-2,ORF1ab,8038,0.5,139369,0.007834829046172711,0.009751863775171909
SARS-CoV-2,ORF1ab,8038,0.25,69685,0.010822769879672081,0.013598290790250756
SARS-CoV-2,ORF1ab,8038,0.1,27875,0.016624920015851623,0.020026175619610374
SARS-CoV-2,ORF1ab,8047,0.5,139370,0.007595656587291713,0.009237390078473033
SARS-CoV-2,ORF1ab,8047,0.25,69685,0.010607562744705224,0.01353608109743758
SARS-CoV-2,ORF1ab,8047,0.1,27875,0.016482124884839834,0.020422219644477536
SARS-CoV-2,ORF1ab,8056,0.5,139368,0.007747514549478384,0.009687835121281636
SARS-CoV-2,ORF1ab,8056,0.25,69684,0.010707220274840938,0.012670229287934598
SARS-CoV-2,ORF1ab,8056,0.1,27875,0.016674159824097326,0.020860511059206735
SARS-CoV-2,ORF1ab,8065,0.5,139369,0.00712531491373541,0.00928321595085503
SARS-CoV-2,ORF1ab,8065,0.25,69684,0.009470910132269666,0.011645753731720419
SARS-CoV-2,ORF1ab,8065,0.1,27875,0.013476820452193334,0.01609608229389583
SARS-CoV-2,ORF1ab,8074,0.5,139370,0.007531614119341275,0.009075558089090472
SARS-CoV-2,ORF1ab,8074,0.25,69685,0.010349121188108266,0.012513095929515028
SARS-CoV-2,ORF1ab,8074,0.1,27875,0.015452818182060972,0.018202420544645968
SARS-CoV-2,ORF1ab,8083,0.5,139370,0.007590824785769398,0.009267777539644955
SARS-CoV-2,ORF1ab,8083,0.25,69685,0.010428649906355036,0.013423355332745638
SARS-CoV-2,ORF1ab,8083,0.1,27875,0.015800987663764726,0.020358625482340333
SARS-CoV-2,ORF1ab,8092,0.5,139370,0.007861405045017453,0.009527410280177675
SARS-CoV-2,ORF1ab,8092,0.25,69685,0.010834802738033807,0.013264181151587773
SARS-CoV-2,ORF1ab,8092,0.1,27875,0.016278745369313407,0.020042277381658192
SARS-CoV-2,ORF1ab,8101,0.5,139370,0.007505719106108682,0.00921490032625802
SARS-CoV-2,ORF1ab,8101,0.25,69685,0.01056509409278757,0.013526054812787599
SARS-CoV-2,ORF1ab,8101,0.1,27875,0.016130122731159744,0.01985781328213811
SARS-CoV-2,ORF1ab,8110,0.5,139370,0.007241679136532365,0.008405152847678057
SARS-CoV-2,ORF1ab,8110,0.25,69685,0.009793489865874572,0.011693094314956866
SARS-CoV-2,ORF1ab,8110,0.1,27875,0.013911445900300422,0.01717285306141355
SARS-CoV-2,ORF1ab,8119,0.5,139369,0.007548806408273108,0.009713561104167635
SARS-CoV-2,ORF1ab,8119,0.25,69685,0.010550441963382494,0.013680552102044169
SARS-CoV-2,ORF1ab,8119,0.1,27875,0.01622328017425411,0.019428560141982007
SARS-CoV-2,ORF1ab,8128,0.5,139368,0.010083852395474695,0.011516829186151814
SARS-CoV-2,ORF1ab,8128,0.25,69684,0.013998315142812492,0.01571975735280003
SARS-CoV-2,ORF1ab,8128,0.1,27875,0.021184870564958123,0.02499535190344733
SARS-CoV-2,ORF1ab,8137,0.5,139368,0.007202312820054269,0.0090968758185869
SARS-CoV-2,ORF1ab,8137,0.25,69684,0.00979107039522532,0.011614768598639698
SARS-CoV-2,ORF1ab,8137,0.1,27875,0.013996500587156393,0.01747970326206665
SARS-CoV-2,ORF1ab,8146,0.5,139369,0.007245366759520846,0.009080171613970341
SARS-CoV-2,ORF1ab,8146,0.25,69685,0.009604087968353521,0.011819782821002503
SARS-CoV-2,ORF1ab,8146,0.1,27875,0.014053163341295678,0.01726463363598348
SARS-CoV-2,ORF1ab,8155,0.5,139369,0.00707383267918532,0.008388150419622093
SARS-CoV-2,ORF1ab,8155,0.25,69685,0.009329257324125801,0.011819820106594894
SARS-CoV-2,ORF1ab,8155,0.1,27875,0.013195576470319523,0.01814613229366764
SARS-CoV-2,ORF1ab,8164,0.5,139368,0.007248218346176038,0.00871769373404789
SARS-CoV-2,ORF1ab,8164,0.25,69684,0.009431060004976406,0.01169765552641419
SARS-CoV-2,ORF1ab,8164,0.1,27875,0.013534587537366837,0.016534379227587596
SARS-CoV-2,ORF1ab,8173,0.5,139369,0.0073506201507637535,0.008475222094277871
SARS-CoV-2,ORF1ab,8173,0.25,69685,0.009992416866050137,0.012341005287229851
SARS-CoV-2,ORF1ab,8173,0.1,27875,0.01505339423038346,0.01985332600681779
SARS-CoV-2,ORF1ab,8182,0.5,139368,0.006995724346734533,0.008582388495836537
SARS-CoV-2,ORF1ab,8182,0.25,69684,0.00934350571272076,0.012243738075735922
SARS-CoV-2,ORF1ab,8182,0.1,27875,0.012915075577035858,0.016282125965031695
SARS-CoV-2,ORF1ab,8191,0.5,139369,0.007164380447745129,0.008919121049093308
SARS-CoV-2,ORF1ab,8191,0.25,69685,0.009804014515955866,0.012550309088863475
SARS-CoV-2,ORF1ab,8191,0.1,27875,0.01390281351589602,0.01652735963615125
SARS-CoV-2,ORF1ab,8200,0.5,139370,0.007171377945095386,0.008969186240734972
SARS-CoV-2,ORF1ab,8200,0.25,69685,0.009913801061814267,0.012218635452399935
SARS-CoV-2,ORF1ab,8200,0.1,27875,0.014033983972702562,0.01729306303334749
SARS-CoV-2,ORF1ab,8209,0.5,139369,0.007641139303055904,0.008889008595831013
SARS-CoV-2,ORF1ab,8209,0.25,69684,0.010454351933280466,0.012594854494610038
SARS-CoV-2,ORF1ab,8209,0.1,27875,0.015493151180521124,0.019269224932557078
SARS-CoV-2,ORF1ab,8218,0.5,139368,0.007378628337866518,0.009240552252381004
SARS-CoV-2,ORF1ab,8218,0.25,69684,0.010155617358102251,0.012295549996027668
SARS-CoV-2,ORF1ab,8218,0.1,27875,0.014499448258786277,0.017635857923012144
SARS-CoV-2,ORF1ab,8227,0.5,139369,0.007217511048611203,0.008983221273453742
SARS-CoV-2,ORF1ab,8227,0.25,69685,0.009850454172572343,0.012097519767974813
SARS-CoV-2,ORF1ab,8227,0.1,27875,0.01412162549875488,0.017865779280579433
SARS-CoV-2,ORF1ab,8236,0.5,139369,0.007010870615751386,0.008908358776535895
SARS-CoV-2,ORF1ab,8236,0.25,69685,0.009435285105125861,0.01166396937441436
SARS-CoV-2,ORF1ab,8236,0.1,27875,0.013823405021266322,0.017479699660567727
SARS-CoV-2,ORF1ab,8245,0.5,139370,0.007557531589145099,0.010003943703830832
SARS-CoV-2,ORF1ab,8245,0.25,69685,0.010462869400092823,0.012873081889604893
SARS-CoV-2,ORF1ab,8245,0.1,27875,0.01602159108112078,0.019760020428342892
SARS-CoV-2,ORF1ab,8254,0.5,139368,0.007422001508050803,0.009159528700691267
SARS-CoV-2,ORF1ab,8254,0.25,69684,0.010182362242266154,0.012835645778970405
SARS-CoV-2,ORF1ab,8254,0.1,27875,0.014866188617360906,0.018983812151811483
SARS-CoV-2,ORF1ab,8263,0.5,139369,0.006949262884930663,0.008309421414743485
SARS-CoV-2,ORF1ab,8263,0.25,69684,0.009349723207510693,0.011709078096903837
SARS-CoV-2,ORF1ab,8263,0.1,27875,0.013644941767630748,0.01758806667355373
SARS-CoV-2,ORF1ab,8272,0.5,139370,0.007309652183488221,0.010131920644325729
SARS-CoV-2,ORF1ab,8272,0.25,69685,0.010145824269052946,0.011620175490009866
SARS-CoV-2,ORF1ab,8272,0.1,27875,0.014463500363458458,0.018292182712224613
SARS-CoV-2,ORF1ab,8281,0.5,139368,0.007413818864463202,0.009120470981875137
SARS-CoV-2,ORF1ab,8281,0.25,69684,0.010183055819896149,0.012287043226188184
SARS-CoV-2,ORF1ab,8281,0.1,27875,0.015313180767519507,0.01793883246792326
SARS-CoV-2,ORF1ab,8290,0.5,139369,0.007561024170610396,0.009330671056931932
SARS-CoV-2,ORF1ab,8290,0.25,69685,0.010345595341894403,0.012268810156508828
SARS-CoV-2,ORF1ab,8290,0.1,27875,0.015212124871053457,0.01846363044923256
SARS-CoV-2,ORF1ab,8299,0.5,139369,0.0075369068873573945,0.0093704742045875
SARS-CoV-2,ORF1ab,8299,0.25,69684,0.010315881426286528,0.012370578075456981
SARS-CoV-2,ORF1ab,8299,0.1,27875,0.015080189652709273,0.018736841734258547
SARS-CoV-2,ORF1ab,8308,0.5,139369,0.0076151059765921505,0.009379627320441402
SARS-CoV-2,ORF1ab,8308,0.25,69684,0.010572438508096658,0.012487915704015062
SARS-CoV-2,ORF1ab,8308,0.1,27875,0.01567471341638943,0.0190435349191408
SARS-CoV-2,ORF1ab,8317,0.5,139369,0.007534435247095325,0.009538154727158481
SARS-CoV-2,ORF1ab,8317,0.25,69685,0.010406674122025573,0.012802448666034706
SARS-CoV-2,ORF1ab,8317,0.1,27875,0.015550616308683986,0.02057914849361834
SARS-CoV-2,ORF1ab,8326,0.5,139369,0.010226868882768402,0.011915238187611712
SARS-CoV-2,ORF1ab,8326,0.25,69684,0.01410447681435624,0.01604267562056054
SARS-CoV-2,ORF1ab,8326,0.1,27875,0.021208477186437584,0.025903511478498408
SARS-CoV-2,ORF1ab,8335,0.5,139370,0.007787809292781841,0.009113924186658677
SARS-CoV-2,ORF1ab,8335,0.25,69685,0.011041514787400144,0.01310449833760093
SARS-CoV-2,ORF1ab,8335,0.1,27875,0.01697111830458103,0.02190711881069185
SARS-CoV-2,ORF1ab,8344,0.5,139370,0.007531630705663799,0.00912963672089944
SARS-CoV-2,ORF1ab,8344,0.25,69685,0.01044397577206801,0.01305340679975754
SARS-CoV-2,ORF1ab,8344,0.1,27875,0.015409838914585831,0.020891601480261354
SARS-CoV-2,ORF1ab,8353,0.5,139370,0.007713106465075909,0.00995301465987935
SARS-CoV-2,ORF1ab,8353,0.25,69685,0.01080889853381239,0.01485386168701186
SARS-CoV-2,ORF1ab,8353,0.1,27875,0.016519261278166858,0.020266003213344284
SARS-CoV-2,ORF1ab,8362,0.5,139368,0.0075639861711669755,0.010225539088803078
SARS-CoV-2,ORF1ab,8362,0.25,69684,0.010098013758101857,0.011799759883275536
SARS-CoV-2,ORF1ab,8362,0.1,27875,0.014932709476761247,0.01801802178852931
SARS-CoV-2,ORF1ab,8371,0.5,139369,0.0076297794453162315,0.009960013067646505
SARS-CoV-2,ORF1ab,8371,0.25,69684,0.010443400173921587,0.012538012593827275
SARS-CoV-2,ORF1ab,8371,0.1,27875,0.01590349737637308,0.019654054377448882
SARS-CoV-2,ORF1ab,8380,0.5,139369,0.007819911888891503,0.009217322292308495
SARS-CoV-2,ORF1ab,8380,0.25,69685,0.010682616141705004,0.01276448478193829
SARS-CoV-2,ORF1ab,8380,0.1,27875,0.016028017310828504,0.020148170284934333
SARS-CoV-2,ORF1ab,8389,0.5,139368,0.0075979440346277795,0.009135005951002325
SARS-CoV-2,ORF1ab,8389,0.25,69684,0.010865256413388502,0.013144333798209997
SARS-CoV-2,ORF1ab,8389,0.1,27875,0.016453958546054366,0.020455721254600608
SARS-CoV-2,ORF1ab,8398,0.5,139369,0.0074414656711662775,0.008501520036952627
SARS-CoV-2,ORF1ab,8398,0.25,69685,0.010316280694125659,0.012330954494631442
SARS-CoV-2,ORF1ab,8398,0.1,27875,0.015529658718228541,0.020506459352972267
SARS-CoV-2,ORF1ab,8407,0.5,139369,0.007572441213803702,0.009298049473114033
SARS-CoV-2,ORF1ab,8407,0.25,69684,0.010312212829397094,0.012506933073722146
SARS-CoV-2,ORF1ab,8407,0.1,27875,0.015558834983242727,0.020103134860557644
SARS-CoV-2,ORF1ab,8416,0.5,139370,0.00772820404167038,0.008880952859662406
SARS-CoV-2,ORF1ab,8416,0.25,69685,0.010743680493467068,0.013163569229506133
SARS-CoV-2,ORF1ab,8416,0.1,27875,0.016085934370493646,0.020213192261871956
SARS-CoV-2,ORF1ab,8425,0.5,139369,0.00739209244408369,0.008748719238964878
SARS-CoV-2,ORF1ab,8425,0.25,69685,0.01021184433638064,0.012398161893095666
SARS-CoV-2,ORF1ab,8425,0.1,27875,0.01508948502881877,0.020371582707729007
SARS-CoV-2,ORF1ab,8434,0.5,139369,0.007414375281070934,0.008547619398197733
SARS-CoV-2,ORF1ab,8434,0.25,69684,0.010144589682963652,0.014080869961532029
SARS-CoV-2,ORF1ab,8434,0.1,27875,0.014663701982067725,0.01847575501453022
SARS-CoV-2,ORF1ab,8443,0.5,139370,0.007411245601213095,0.008934112195733134
SARS-CoV-2,ORF1ab,8443,0.25,69685,0.010057404937591686,0.011578184331450197
SARS-CoV-2,ORF1ab,8443,0.1,27875,0.014690169205061603,0.019091026932755984
SARS-CoV-2,ORF1ab,8452,0.5,139370,0.007307926929610699,0.00894225075104739
SARS-CoV-2,ORF1ab,8452,0.25,69685,0.01000251048532472,0.011908405608602134
SARS-CoV-2,ORF1ab,8452,0.1,27875,0.014737481886665262,0.019396720318649786
SARS-CoV-2,ORF1ab,8461,0.5,139369,0.007593369036175858,0.009868438633086323
SARS-CoV-2,ORF1ab,8461,0.25,69685,0.01083949184028825,0.012976485531759419
SARS-CoV-2,ORF1ab,8461,0.1,27875,0.016031234491629544,0.019830783511171034
SARS-CoV-2,ORF1ab,8470,0.5,139370,0.007655841921835561,0.010125331392905923
SARS-CoV-2,ORF1ab,8470,0.25,69685,0.010787100119195356,0.012884761940300181
SARS-CoV-2,ORF1ab,8470,0.1,27875,0.01667332980396531,0.02003817456242538
SARS-CoV-2,ORF1ab,8479,0.5,139368,0.0075403409908408455,0.009352089678451045
SARS-CoV-2,ORF1ab,8479,0.25,69684,0.010507055182831761,0.012839569319551075
SARS-CoV-2,ORF1ab,8479,0.1,27875,0.015603093740643661,0.01977374577150549
SARS-CoV-2,ORF1ab,8488,0.5,139368,0.007538308341912214,0.010037759508558735
SARS-CoV-2,ORF1ab,8488,0.25,69684,0.010402223527036573,0.013422240669589138
SARS-CoV-2,ORF1ab,8488,0.1,27875,0.015408014631902,0.019574821588378356
SARS-CoV-2,ORF1ab,8497,0.5,139368,0.007569662311867662,0.0095600531818713
SARS-CoV-2,ORF1ab,8497,0.25,69684,0.01038602230717555,0.012362303287689416
SARS-CoV-2,ORF1ab,8497,0.1,27875,0.015532997921735629,0.0198992220149728
SARS-CoV-2,ORF1ab,8506,0.5,139369,0.00755846668961239,0.009422827703327127
SARS-CoV-2,ORF1ab,8506,0.25,69685,0.010583272136674992,0.012575523623847458
SARS-CoV-2,ORF1ab,8506,0.1,27875,0.0162657465502125,0.02033640917494353
SARS-CoV-2,ORF1ab,8515,0.5,139369,0.007637366900641108,0.009321395657733336
SARS-CoV-2,ORF1ab,8515,0.25,69684,0.01030080503537089,0.011951486151111121
SARS-CoV-2,ORF1ab,8515,0.1,27875,0.015579583307498764,0.020310449117173467
SARS-CoV-2,ORF1ab,8524,0.5,139369,0.007258016225397727,0.008854983233186018
SARS-CoV-2,ORF1ab,8524,0.25,69685,0.009572692869160664,0.01208191692199934
SARS-CoV-2,ORF1ab,8524,0.1,27875,0.01400704147461959,0.017606894111249913
SARS-CoV-2,ORF1ab,8533,0.5,139369,0.007821186531263317,0.009801792548695117
SARS-CoV-2,ORF1ab,8533,0.25,69685,0.010776725436923656,0.012854812690872897
SARS-CoV-2,ORF1ab,8533,0.1,27875,0.016603622743594927,0.019514535581538983
SARS-CoV-2,ORF1ab,8542,0.5,139368,0.010179451084037715,0.012138528705189383
SARS-CoV-2,ORF1ab,8542,0.25,69684,0.014131572955502965,0.016152027783513687
SARS-CoV-2,ORF1ab,8542,0.1,27875,0.02178491180301854,0.025845365163858876
SARS-CoV-2,ORF1ab,8551,0.5,139370,0.007554810503536993,0.009360634007802765
SARS-CoV-2,ORF1ab,8551,0.25,69685,0.01061874804457776,0.013125257533601577
SARS-CoV-2,ORF1ab,8551,0.1,27875,0.016026964301796696,0.0222393322642591
SARS-CoV-2,ORF1ab,8560,0.5,139369,0.0076920075416015,0.00937787819040778
SARS-CoV-2,ORF1ab,8560,0.25,69684,0.01066365655831243,0.013464412970433732
SARS-CoV-2,ORF1ab,8560,0.1,27875,0.016306966668916182,0.020434967460423965
SARS-CoV-2,ORF1ab,8569,0.5,139369,0.007645642200329045,0.008750880536242487
SARS-CoV-2,ORF1ab,8569,0.25,69684,0.010377005520224959,0.012206921037100566
SARS-CoV-2,ORF1ab,8569,0.1,27875,0.0158686681757349,0.019524880746989177
SARS-CoV-2,ORF1ab,8578,0.5,139368,0.007503463120481918,0.008750722252399593
SARS-CoV-2,ORF1ab,8578,0.25,69684,0.010607229495459286,0.013570313094927327
SARS-CoV-2,ORF1ab,8578,0.1,27875,0.015433817146167981,0.018186156413771092
SARS-CoV-2,ORF1ab,8587,0.5,139369,0.007630199426493939,0.009696643321111028
SARS-CoV-2,ORF1ab,8587,0.25,69684,0.010512818102078332,0.012438961833724352
SARS-CoV-2,ORF1ab,8587,0.1,27875,0.015758536120872378,0.01877070548170786
SARS-CoV-2,ORF1ab,8596,0.5,139368,0.007810489391762811,0.009617322685135593
SARS-CoV-2,ORF1ab,8596,0.25,69684,0.01066023576664535,0.013046494381579276
SARS-CoV-2,ORF1ab,8596,0.1,27875,0.016545028297462495,0.019733832003454452
SARS-CoV-2,ORF1ab,8605,0.5,139369,0.0075355335708955345,0.008954866006467709
SARS-CoV-2,ORF1ab,8605,0.25,69684,0.010334151783633148,0.013056109120890542
SARS-CoV-2,ORF1ab,8605,0.1,27875,0.01572891794805178,0.019527981921728388
SARS-CoV-2,ORF1ab,8614,0.5,139370,0.007641830222350752,0.009144558501459591
SARS-CoV-2,ORF1ab,8614,0.25,69685,0.010516328859558055,0.013139779787265687
SARS-CoV-2,ORF1ab,8614,0.1,27875,0.016102354667351354,0.018461755616443563
SARS-CoV-2,ORF1ab,8623,0.5,139370,0.00777953854708546,0.00901466255803786
SARS-CoV-2,ORF1ab,8623,0.25,69685,0.010946858389737604,0.012931847999984656
SARS-CoV-2,ORF1ab,8623,0.1,27875,0.017194258413314307,0.02052784699274985
SARS-CoV-2,ORF1ab,8632,0.5,139369,0.0074994266681055665,0.008828830980799295
SARS-CoV-2,ORF1ab,8632,0.25,69685,0.010346297182794294,0.013454376930882982
SARS-CoV-2,ORF1ab,8632,0.1,27875,0.015465837216028738,0.019578441467253887
SARS-CoV-2,ORF1ab,8641,0.5,139370,0.007236884882355414,0.00873044087369282
SARS-CoV-2,ORF1ab,8641,0.25,69685,0.009740983212603586,0.01160918705187223
SARS-CoV-2,ORF1ab,8641,0.1,27875,0.013942864128527441,0.016523834054734118
SARS-CoV-2,ORF1ab,8650,0.5,139369,0.0075839002927966005,0.009459679796417379
SARS-CoV-2,ORF1ab,8650,0.25,69684,0.01057755959708685,0.01272101155401392
SARS-CoV-2,ORF1ab,8650,0.1,27875,0.015620270214081937,0.01852853707977572
SARS-CoV-2,ORF1ab,8659,0.5,139369,0.007030214683110267,0.009064823433531275
SARS-CoV-2,ORF1ab,8659,0.25,69685,0.009253216361967348,0.011892206102200523
SARS-CoV-2,ORF1ab,8659,0.1,27875,0.012952135321155203,0.016989110056151436
SARS-CoV-2,ORF1ab,8668,0.5,139368,0.00747331104948726,0.009567071962977697
SARS-CoV-2,ORF1ab,8668,0.25,69684,0.01020000946692879,0.012631988726306768
SARS-CoV-2,ORF1ab,8668,0.1,27875,0.014985034219705621,0.018881108514152426
SARS-CoV-2,ORF1ab,8677,0.5,139370,0.010246946351874463,0.012559277976169132
SARS-CoV-2,ORF1ab,8677,0.25,69685,0.01452658311888407,0.01736136462113974
SARS-CoV-2,ORF1ab,8677,0.1,27875,0.022639102511175985,0.02539565236778419
SARS-CoV-2,ORF1ab,8686,0.5,139369,0.007669722275415412,0.00928767399674273
SARS-CoV-2,ORF1ab,8686,0.25,69684,0.010737871535722171,0.01319425365419195
SARS-CoV-2,ORF1ab,8686,0.1,27875,0.01601637295274017,0.020168116286217324
SARS-CoV-2,ORF1ab,8695,0.5,139370,0.007546751954743376,0.009474068477447294
SARS-CoV-2,ORF1ab,8695,0.25,69685,0.010519579657234504,0.013111762726391637
SARS-CoV-2,ORF1ab,8695,0.1,27875,0.016073476593459583,0.0200203581499069
SARS-CoV-2,ORF1ab,8704,0.5,139369,0.007567871200260107,0.009099794916919026
SARS-CoV-2,ORF1ab,8704,0.25,69684,0.01037891271299586,0.012993113675355916
SARS-CoV-2,ORF1ab,8704,0.1,27875,0.01543471701231403,0.01867325946298394
SARS-CoV-2,ORF1ab,8713,0.5,139369,0.010240318587663517,0.012427134662236137
SARS-CoV-2,ORF1ab,8713,0.25,69685,0.01439356654452017,0.016795787020601114
SARS-CoV-2,ORF1ab,8713,0.1,27875,0.022170900745560614,0.02508785223367251
SARS-CoV-2,ORF1ab,8722,0.5,139369,0.00764200006770064,0.01019186041673029
SARS-CoV-2,ORF1ab,8722,0.25,69685,0.010551882875850462,0.012148559095622924
SARS-CoV-2,ORF1ab,8722,0.1,27875,0.01604190974647823,0.01900219265928161
SARS-CoV-2,ORF1ab,8731,0.5,139370,0.007018485511375982,0.008358525612670814
SARS-CoV-2,ORF1ab,8731,0.25,69685,0.009289955813177347,0.011653785649034187
SARS-CoV-2,ORF1ab,8731,0.1,27875,0.013236815125052927,0.016495497143144782
SARS-CoV-2,ORF1ab,8740,0.5,139369,0.0073601140730160525,0.009130754046971853
SARS-CoV-2,ORF1ab,8740,0.25,69685,0.009892463444536334,0.012355534618436415
SARS-CoV-2,ORF1ab,8740,0.1,27875,0.01444512184062207,0.020412613023163374
SARS-CoV-2,ORF1ab,8749,0.5,139370,0.007754888892392499,0.009414179648287864
SARS-CoV-2,ORF1ab,8749,0.25,69685,0.010784349320681353,0.013286771581320076
SARS-CoV-2,ORF1ab,8749,0.1,27875,0.01664151377479047,0.020012814721790752
SARS-CoV-2,ORF1ab,8758,0.5,139370,0.00689879324135877,0.008558693517199302
SARS-CoV-2,ORF1ab,8758,0.25,69685,0.009122754982874955,0.011886628254311294
SARS-CoV-2,ORF1ab,8758,0.1,27875,0.012855135321579801,0.017095635718495237
SARS-CoV-2,ORF1ab,8767,0.5,139368,0.007396534854862132,0.010021833590248178
SARS-CoV-2,ORF1ab,8767,0.25,69684,0.01013633102085362,0.012130410597268163
SARS-CoV-2,ORF1ab,8767,0.1,27875,0.014545681701935301,0.017095517940307822
SARS-CoV-2,ORF1ab,8776,0.5,139370,0.0076556672924426965,0.009616349038746285
SARS-CoV-2,ORF1ab,8776,0.25,69685,0.010680022610253588,0.0125859397223989
SARS-CoV-2,ORF1ab,8776,0.1,27875,0.01588087850193387,0.019435921145193963
SARS-CoV-2,ORF1ab,8785,0.5,139369,0.010264712265366188,0.012417405011969536
SARS-CoV-2,ORF1ab,8785,0.25,69685,0.014436211481758901,0.016052722861290607
SARS-CoV-2,ORF1ab,8785,0.1,27875,0.02197459357179871,0.025714777470047297
SARS-CoV-2,ORF1ab,8794,0.5,139369,0.006291159312872781,0.008139304575951776
SARS-CoV-2,ORF1ab,8794,0.25,69684,0.008303160619494184,0.011299932131710688
SARS-CoV-2,ORF1ab,8794,0.1,27875,0.010802652181155168,0.013909221427843801
SARS-CoV-2,ORF1ab,8803,0.5,139369,0.0077756838048529805,0.00967533278889236
SARS-CoV-2,ORF1ab,8803,0.25,69684,0.010783698152338943,0.01377216330947674
SARS-CoV-2,ORF1ab,8803,0.1,27875,0.015874303610767103,0.018685603467107646
SARS-CoV-2,ORF1ab,8812,0.5,139370,0.007456978169912272,0.00965844864643139
SARS-CoV-2,ORF1ab,8812,0.25,69685,0.010152697558992665,0.013229092804724552
SARS-CoV-2,ORF1ab,8812,0.1,27875,0.014626803309655307,0.019129308880522708
SARS-CoV-2,ORF1ab,8821,0.5,139369,0.007639510038046643,0.009449465694530361
SARS-CoV-2,ORF1ab,8821,0.25,69685,0.010381238727931464,0.012912054154055526
SARS-CoV-2,ORF1ab,8821,0.1,27875,0.016101893062799674,0.020118450009060748
SARS-CoV-2,ORF1ab,8830,0.5,139368,0.007012735807122135,0.009226426388616546
SARS-CoV-2,ORF1ab,8830,0.25,69684,0.009308011190458496,0.01133103204992302
SARS-CoV-2,ORF1ab,8830,0.1,27875,0.013380099511007427,0.018935283701037635
SARS-CoV-2,ORF1ab,8839,0.5,139369,0.007226751345446429,0.00879020343720147
SARS-CoV-2,ORF1ab,8839,0.25,69684,0.009903793260762706,0.012753396123549149
SARS-CoV-2,ORF1ab,8839,0.1,27875,0.014742509454742262,0.01821743445051554
SARS-CoV-2,ORF1ab,8848,0.5,139369,0.0075036152358920315,0.008943605816900822
SARS-CoV-2,ORF1ab,8848,0.25,69685,0.010348646901268202,0.014736733816351048
SARS-CoV-2,ORF1ab,8848,0.1,27875,0.0155305210076934,0.019053795019051568
SARS-CoV-2,ORF1ab,8857,0.5,139369,0.007590913508254047,0.009042521835898033
SARS-CoV-2,ORF1ab,8857,0.25,69685,0.010348399946180453,0.012256420826474506
SARS-CoV-2,ORF1ab,8857,0.1,27875,0.01571529791092759,0.01854103761164297
SARS-CoV-2,ORF1ab,8866,0.5,139368,0.007595562106231744,0.009574790207376836
SARS-CoV-2,ORF1ab,8866,0.25,69684,0.010464912322925849,0.012390629303260887
SARS-CoV-2,ORF1ab,8866,0.1,27875,0.015788975152835085,0.019680646040343305
SARS-CoV-2,ORF1ab,8875,0.5,139369,0.007456362176478828,0.009497477193491395
SARS-CoV-2,ORF1ab,8875,0.25,69684,0.010232188562778107,0.012788996279101753
SARS-CoV-2,ORF1ab,8875,0.1,27875,0.015034237681002786,0.01783793077657381
SARS-CoV-2,ORF1ab,8884,0.5,139368,0.00789381829348287,0.010049780236662838
SARS-CoV-2,ORF1ab,8884,0.25,69684,0.010820902370255013,0.013801948172931101
SARS-CoV-2,ORF1ab,8884,0.1,27875,0.016745930012288756,0.020449864260793416
SARS-CoV-2,ORF1ab,8893,0.5,139369,0.007689485641235352,0.009250699646452545
SARS-CoV-2,ORF1ab,8893,0.25,69684,0.01094681121814542,0.013043363162659636
SARS-CoV-2,ORF1ab,8893,0.1,27875,0.01644665884625283,0.019252192001215723
SARS-CoV-2,ORF1ab,8902,0.5,139370,0.007656047821614817,0.010074057340760995
SARS-CoV-2,ORF1ab,8902,0.25,69685,0.010549075409134669,0.012323286107418816
SARS-CoV-2,ORF1ab,8902,0.1,27875,0.015812166769789845,0.019807850961602914
SARS-CoV-2,ORF1ab,8911,0.5,139369,0.0072872336661122675,0.009095529435429649
SARS-CoV-2,ORF1ab,8911,0.25,69684,0.009894195966740951,0.01247395169013641
SARS-CoV-2,ORF1ab,8911,0.1,27875,0.014806347601883329,0.01702579136436655
SARS-CoV-2,ORF1ab,8920,0.5,139368,0.00747529192727543,0.009430431968422767
SARS-CoV-2,ORF1ab,8920,0.25,69684,0.010324446666354528,0.012389421748651989
SARS-CoV-2,ORF1ab,8920,0.1,27875,0.015155424065992748,0.019434571974569662
SARS-CoV-2,ORF1ab,8929,0.5,139370,0.007496988527963103,0.009279353055009173
SARS-CoV-2,ORF1ab,8929,0.25,69685,0.01063690383215316,0.012759596134038589
SARS-CoV-2,ORF1ab,8929,0.1,27875,0.016337645153822796,0.020162709207435132
SARS-CoV-2,ORF1ab,8938,0.5,139370,0.010405961303746521,0.011878749794158828
SARS-CoV-2,ORF1ab,8938,0.25,69685,0.01471594876686058,0.017852581597451476
SARS-CoV-2,ORF1ab,8938,0.1,27875,0.02277344864296995,0.02654963355204619
SARS-CoV-2,ORF1ab,8947,0.5,139368,0.007415089419034661,0.00881557294322682
SARS-CoV-2,ORF1ab,8947,0.25,69684,0.010231384563847009,0.012539230988745919
SARS-CoV-2,ORF1ab,8947,0.1,27875,0.01523646139353664,0.018484763258192132
SARS-CoV-2,ORF1ab,8956,0.5,139369,0.007447834713883125,0.008726562938870263
SARS-CoV-2,ORF1ab,8956,0.25,69685,0.010337674690796928,0.012396717850757372
SARS-CoV-2,ORF1ab,8956,0.1,27875,0.015634723555255196,0.019802179988137786
SARS-CoV-2,ORF1ab,8965,0.5,139370,0.007671631955650955,0.010168662983045576
SARS-CoV-2,ORF1ab,8965,0.25,69685,0.010705047628189482,0.01322789823941966
SARS-CoV-2,ORF1ab,8965,0.1,27875,0.016179233511646574,0.018757136870640363
SARS-CoV-2,ORF1ab,8974,0.5,139370,0.007759651177440082,0.00925009133252177
SARS-CoV-2,ORF1ab,8974,0.25,69685,0.010855288500146842,0.01338887542295728
SARS-CoV-2,ORF1ab,8974,0.1,27875,0.016660203041029782,0.020869231013792053
SARS-CoV-2,ORF1ab,8983,0.5,139369,0.007608774440223741,0.009223086083241853
SARS-CoV-2,ORF1ab,8983,0.25,69685,0.010529348185164232,0.012800806546604255
SARS-CoV-2,ORF1ab,8983,0.1,27875,0.016051971273816287,0.018618919302059767
SARS-CoV-2,ORF1ab,8992,0.5,139369,0.0075924407023401225,0.008761261722521502
SARS-CoV-2,ORF1ab,8992,0.25,69685,0.010434304610956431,0.013023920144308457
SARS-CoV-2,ORF1ab,8992,0.1,27875,0.015874674636737546,0.01878932270866864
SARS-CoV-2,ORF1ab,9001,0.5,139368,0.007569089343116402,0.00937265506307993
SARS-CoV-2,ORF1ab,9001,0.25,69684,0.010411666014329036,0.01372130112269605
SARS-CoV-2,ORF1ab,9001,0.1,27875,0.015501849155613489,0.018282165934462153
SARS-CoV-2,ORF1ab,9010,0.5,139368,0.007312186807632563,0.008962139088146227
SARS-CoV-2,ORF1ab,9010,0.25,69684,0.009717145940382185,0.012563808710425065
SARS-CoV-2,ORF1ab,9010,0.1,27875,0.014068888455641913,0.01735843051372311
SARS-CoV-2,ORF1ab,9019,0.5,139369,0.007784241141904474,0.009257784139183408
SARS-CoV-2,ORF1ab,9019,0.25,69684,0.010671900045349564,0.012938150156983387
SARS-CoV-2,ORF1ab,9019,0.1,27875,0.016278510874125716,0.019575820644666557
SARS-CoV-2,ORF1ab,9028,0.5,139370,0.007391882350852526,0.009571816487323564
SARS-CoV-2,ORF1ab,9028,0.25,69685,0.010255826389321926,0.012407069680001428
SARS-CoV-2,ORF1ab,9028,0.1,27875,0.015364766943312147,0.01830459886065635
SARS-CoV-2,ORF1ab,9037,0.5,139370,0.007391650557549512,0.009858958291078924
SARS-CoV-2,ORF1ab,9037,0.25,69685,0.01010646396670958,0.012634303397140174
SARS-CoV-2,ORF1ab,9037,0.1,27875,0.014546879344125014,0.01905990564756592
SARS-CoV-2,ORF1ab,9046,0.5,139369,0.007628453305049262,0.008791811994490846
SARS-CoV-2,ORF1ab,9046,0.25,69685,0.01052747068011004,0.01370351438803934
SARS-CoV-2,ORF1ab,9046,0.1,27875,0.01570569546854396,0.021276974285395354
SARS-CoV-2,ORF1ab,9055,0.5,139370,0.007319788785737614,0.008570030152099372
SARS-CoV-2,ORF1ab,9055,0.25,69685,0.010079071710565966,0.011868804088280246
SARS-CoV-2,ORF1ab,9055,0.1,27875,0.014736638688029564,0.019524191299558874
SARS-CoV-2,ORF1ab,9064,0.5,139370,0.00751546873327575,0.008965844561079407
SARS-CoV-2,ORF1ab,9064,0.25,69685,0.010286787671906104,0.012967648116956986
SARS-CoV-2,ORF1ab,9064,0.1,27875,0.015481938050524684,0.018828897733495813
SARS-CoV-2,ORF1ab,9073,0.5,139369,0.010281683557116644,0.011554669273811033
SARS-CoV-2,ORF1ab,9073,0.25,69685,0.01413506802237043,0.017391806952699786
SARS-CoV-2,ORF1ab,9073,0.1,27875,0.02169678027730511,0.026521945236061793
SARS-CoV-2,ORF1ab,9082,0.5,139368,0.007452652956593341,0.009016320270802689
SARS-CoV-2,ORF1ab,9082,0.25,69684,0.010114899615826225,0.012898925172504483
SARS-CoV-2,ORF1ab,9082,0.1,27875,0.014918093386435034,0.0187763675166009
SARS-CoV-2,ORF1ab,9091,0.5,139370,0.007525850392689696,0.009275357741611817
SARS-CoV-2,ORF1ab,9091,0.25,69685,0.01014438340155545,0.0126644428173203
SARS-CoV-2,ORF1ab,9091,0.1,27875,0.01513335426094501,0.019707357913725156
SARS-CoV-2,ORF1ab,9100,0.5,139370,0.007553676493034141,0.00890357978703598
SARS-CoV-2,ORF1ab,9100,0.25,69685,0.010217752146146751,0.012239781075774413
SARS-CoV-2,ORF1ab,9100,0.1,27875,0.014880747706845747,0.019218082147533167
SARS-CoV-2,ORF1ab,9109,0.5,139370,0.0076248436919344464,0.009737960591106092
SARS-CoV-2,ORF1ab,9109,0.25,69685,0.010398527033657724,0.01276839208820785
SARS-CoV-2,ORF1ab,9109,0.1,27875,0.015439755265477667,0.018853457228140507
SARS-CoV-2,ORF1ab,9118,0.5,139370,0.007330638177956095,0.009653876456784668
SARS-CoV-2,ORF1ab,9118,0.25,69685,0.010472595748873688,0.012332565109092407
SARS-CoV-2,ORF1ab,9118,0.1,27875,0.015207950063460221,0.019394062531737272
SARS-CoV-2,ORF1ab,9127,0.5,139368,0.007779275024329461,0.00928926802676814
SARS-CoV-2,ORF1ab,9127,0.25,69684,0.01091827826184946,0.01307802664378396
SARS-CoV-2,ORF1ab,9127,0.1,27875,0.016736617602226195,0.020697229132013023
SARS-CoV-2,ORF1ab,9136,0.5,139369,0.007439222565714416,0.008760631234701693
SARS-CoV-2,ORF1ab,9136,0.25,69685,0.010271476586768339,0.01293660672677041
SARS-CoV-2,ORF1ab,9136,0.1,27875,0.014555053763132023,0.02044559538248002
SARS-CoV-2,ORF1ab,9145,0.5,139369,0.007850872482768983,0.009303408599526955
SARS-CoV-2,ORF1ab,9145,0.25,69685,0.010757774889347389,0.013059716112073325
SARS-CoV-2,ORF1ab,9145,0.1,27875,0.016515620305868995,0.019594766287518026
SARS-CoV-2,ORF1ab,9154,0.5,139370,0.010175820820747857,0.011569975720529467
SARS-CoV-2,ORF1ab,9154,0.25,69685,0.014236843011719142,0.01695681625898403
SARS-CoV-2,ORF1ab,9154,0.1,27875,0.022236679456999885,0.02529462808925127
SARS-CoV-2,ORF1ab,9163,0.5,139369,0.007785290132303924,0.009981823522773188
SARS-CoV-2,ORF1ab,9163,0.25,69684,0.011049516666619246,0.014252555416768557
SARS-CoV-2,ORF1ab,9163,0.1,27875,0.01710148527184521,0.020575041970076823
SARS-CoV-2,ORF1ab,9172,0.5,139369,0.007831296645202195,0.009955266291737347
SARS-CoV-2,ORF1ab,9172,0.25,69684,0.010740801608172684,0.012810355351748329
SARS-CoV-2,ORF1ab,9172,0.1,27875,0.016093202626556617,0.020143891897976385
SARS-CoV-2,ORF1ab,9181,0.5,139370,0.007680576546670351,0.008921779966262434
SARS-CoV-2,ORF1ab,9181,0.25,69685,0.010496371729519241,0.012319442493482356
SARS-CoV-2,ORF1ab,9181,0.1,27875,0.015815838151635328,0.018533055050990354
SARS-CoV-2,ORF1ab,9190,0.5,139370,0.007158292143548005,0.009278351920671156
SARS-CoV-2,ORF1ab,9190,0.25,69685,0.009675229548234344,0.012490050728854944
SARS-CoV-2,ORF1ab,9190,0.1,27875,0.013970492204945175,0.017905710043492746
SARS-CoV-2,ORF1ab,9199,0.5,139370,0.007659975297961954,0.009178931974099951
SARS-CoV-2,ORF1ab,9199,0.25,69685,0.010645671026840416,0.012814204149958434
SARS-CoV-2,ORF1ab,9199,0.1,27875,0.015814747238815152,0.020922497478635678
SARS-CoV-2,ORF1ab,9208,0.5,139370,0.007708487930637428,0.00937273637047521
SARS-CoV-2,ORF1ab,9208,0.25,69685,0.010693256293264867,0.01338253328169456
SARS-CoV-2,ORF1ab,9208,0.1,27875,0.016657712565105915,0.021300096661219587
SARS-CoV-2,ORF1ab,9217,0.5,139369,0.007794640428067128,0.0094562847346374
SARS-CoV-2,ORF1ab,9217,0.25,69685,0.010678286024439645,0.013546844179166826
SARS-CoV-2,ORF1ab,9217,0.1,27875,0.016490873786832054,0.020782733490280425
SARS-CoV-2,ORF1ab,9226,0.5,139370,0.007721844323594045,0.010110607029003165
SARS-CoV-2,ORF1ab,9226,0.25,69685,0.010659888825557753,0.012230755643451448
SARS-CoV-2,ORF1ab,9226,0.1,27875,0.01627076297057852,0.021092799497769946
SARS-CoV-2,ORF1ab,9235,0.5,139369,0.007865106771709107,0.009511543036146815
SARS-CoV-2,ORF1ab,9235,0.25,69684,0.010689000003371436,0.012947251702219881
SARS-CoV-2,ORF1ab,9235,0.1,27875,0.016271789147534108,0.018802541096677623
SARS-CoV-2,ORF1ab,9244,0.5,139369,0.007539178864269664,0.008970930300388178
SARS-CoV-2,ORF1ab,9244,0.25,69685,0.010387275652920792,0.013507806046364238
SARS-CoV-2,ORF1ab,9244,0.1,27875,0.015888948299621796,0.019817634527727845
SARS-CoV-2,ORF1ab,9253,0.5,139370,0.007670288181645222,0.009028018655107817
SARS-CoV-2,ORF1ab,9253,0.25,69685,0.010674109874634161,0.013617868752765102
SARS-CoV-2,ORF1ab,9253,0.1,27875,0.015952500814995448,0.018920244908773167
SARS-CoV-2,ORF1ab,9262,0.5,139368,0.010344488183797261,0.011706108676302675
SARS-CoV-2,ORF1ab,9262,0.25,69684,0.014721623629187733,0.0174911349776402
SARS-CoV-2,ORF1ab,9262,0.1,27875,0.022922563825541694,0.025639824442189246
SARS-CoV-2,ORF1ab,9271,0.5,139369,0.007696590442055408,0.009552762901471877
SARS-CoV-2,ORF1ab,9271,0.25,69685,0.010653167912453718,0.012614138025494047
SARS-CoV-2,ORF1ab,9271,0.1,27875,0.016356164954087364,0.02065033823281915
SARS-CoV-2,ORF1ab,9280,0.5,139369,0.00744930420138482,0.00928700504082604
SARS-CoV-2,ORF1ab,9280,0.25,69684,0.010360847275772148,0.012832333585772479
SARS-CoV-2,ORF1ab,9280,0.1,27875,0.015052156420717352,0.01876354997547151
SARS-CoV-2,ORF1ab,9289,0.5,139370,0.0078003780048806655,0.009215823984920888
SARS-CoV-2,ORF1ab,9289,0.25,69685,0.011103352799066294,0.01332507214176462
SARS-CoV-2,ORF1ab,9289,0.1,27875,0.017127185623534782,0.021229462300327774
SARS-CoV-2,ORF1ab,9298,0.5,139368,0.010105839846934528,0.011588070118883543
SARS-CoV-2,ORF1ab,9298,0.25,69684,0.014075783743022688,0.01700134910759216
SARS-CoV-2,ORF1ab,9298,0.1,27875,0.02123412225631757,0.02529847980514605
SARS-CoV-2,ORF1ab,9307,0.5,139368,0.007287885060227601,0.009685466594518785
SARS-CoV-2,ORF1ab,9307,0.25,69684,0.009591038880940433,0.011445544709811427
SARS-CoV-2,ORF1ab,9307,0.1,27875,0.013594582452669526,0.018653167192055856
SARS-CoV-2,ORF1ab,9316,0.5,139369,0.00737355277709496,0.009208099495903857
SARS-CoV-2,ORF1ab,9316,0.25,69684,0.010353415364005292,0.012845788702361197
SARS-CoV-2,ORF1ab,9316,0.1,27875,0.01529688663135209,0.01781575806702767
SARS-CoV-2,ORF1ab,9325,0.5,139368,0.007700119895307959,0.009333913072534252
SARS-CoV-2,ORF1ab,9325,0.25,69684,0.011048983872259619,0.012936847164437803
SARS-CoV-2,ORF1ab,9325,0.1,27875,0.016980247008040433,0.02052616506579361
SARS-CoV-2,ORF1ab,9334,0.5,139370,0.006777278186966517,0.008332174184596183
SARS-CoV-2,ORF1ab,9334,0.25,69685,0.008796626818870175,0.011190762083184784
SARS-CoV-2,ORF1ab,9334,0.1,27875,0.012590029001260274,0.016540519662169805
SARS-CoV-2,ORF1ab,9343,0.5,139369,0.007836960847114771,0.009313216846379193
SARS-CoV-2,ORF1ab,9343,0.25,69685,0.01075382854450685,0.013286202805563722
SARS-CoV-2,ORF1ab,9343,0.1,27875,0.016925489973679552,0.021185863333599286
SARS-CoV-2,ORF1ab,9352,0.5,139369,0.007109090310905331,0.009061865802032543
SARS-CoV-2,ORF1ab,9352,0.25,69684,0.00957507630408565,0.011369579982021044
SARS-CoV-2,ORF1ab,9352,0.1,27875,0.013444858290238317,0.01633832711288665
SARS-CoV-2,ORF1ab,9361,0.5,139369,0.006599209091740471,0.008574125572324105
SARS-CoV-2,ORF1ab,9361,0.25,69684,0.008622415690707602,0.011047517592215379
SARS-CoV-2,ORF1ab,9361,0.1,27875,0.011410418037065577,0.015473247225564556
SARS-CoV-2,ORF1ab,9370,0.5,139369,0.00742439071732386,0.009726700132084725
SARS-CoV-2,ORF1ab,9370,0.25,69684,0.010084952316740604,0.012731784900071803
SARS-CoV-2,ORF1ab,9370,0.1,27875,0.014805421371075671,0.018059469930724124
SARS-CoV-2,ORF1ab,9379,0.5,139370,0.007407569546995266,0.009110435525771891
SARS-CoV-2,ORF1ab,9379,0.25,69685,0.01005104979073497,0.012031147953110837
SARS-CoV-2,ORF1ab,9379,0.1,27875,0.014522819420622383,0.01830389800607852
SARS-CoV-2,ORF1ab,9388,0.5,139370,0.007691610787823443,0.008948564382113187
SARS-CoV-2,ORF1ab,9388,0.25,69685,0.010895253220464342,0.012902034060548392
SARS-CoV-2,ORF1ab,9388,0.1,27875,0.016374602868640235,0.022648790285035976
SARS-CoV-2,ORF1ab,9397,0.5,139369,0.007672449757047127,0.009851400243816151
SARS-CoV-2,ORF1ab,9397,0.25,69684,0.010121820502236959,0.012345670907890448
SARS-CoV-2,ORF1ab,9397,0.1,27875,0.015564877227006436,0.01871857082565336
SARS-CoV-2,ORF1ab,9406,0.5,139369,0.010356436404641059,0.012376111540078272
SARS-CoV-2,ORF1ab,9406,0.25,69685,0.014285779531509711,0.01651610289157582
SARS-CoV-2,ORF1ab,9406,0.1,27875,0.021745369151802356,0.02617159470261616
SARS-CoV-2,ORF1ab,9415,0.5,139369,0.007181327372341711,0.009290590331539565
SARS-CoV-2,ORF1ab,9415,0.25,69684,0.00953150358511904,0.011790767132485884
SARS-CoV-2,ORF1ab,9415,0.1,27875,0.013569940834355258,0.016774543155226168
SARS-CoV-2,ORF1ab,9424,0.5,139369,0.007811433195794421,0.009333388759792215
SARS-CoV-2,ORF1ab,9424,0.25,69684,0.010812000020722082,0.012480389848816128
SARS-CoV-2,ORF1ab,9424,0.1,27875,0.016690760470617697,0.02089665613673067
SARS-CoV-2,ORF1ab,9433,0.5,139370,0.007483706907659267,0.008899552771908143
SARS-CoV-2,ORF1ab,9433,0.25,69685,0.010373790127337636,0.013765986724187655
SARS-CoV-2,ORF1ab,9433,0.1,27875,0.015302749140251726,0.019614351797454594
SARS-CoV-2,ORF1ab,9442,0.5,139370,0.007578088853124361,0.009247423174719879
SARS-CoV-2,ORF1ab,9442,0.25,69685,0.010426558944439493,0.012963928694121744
SARS-CoV-2,ORF1ab,9442,0.1,27875,0.01615617121892418,0.019569579286789828
SARS-CoV-2,ORF1ab,9451,0.5,139368,0.007592753422301926,0.009247006933089457
SARS-CoV-2,ORF1ab,9451,0.25,69684,0.01034358698651127,0.012601899028720047
SARS-CoV-2,ORF1ab,9451,0.1,27875,0.015713522399376546,0.01842671523699167
SARS-CoV-2,ORF1ab,9460,0.5,139370,0.00711444946361183,0.008772184537397174
SARS-CoV-2,ORF1ab,9460,0.25,69685,0.009429546599366031,0.011119498955057958
SARS-CoV-2,ORF1ab,9460,0.1,27875,0.013811613635657078,0.01701167779608952
SARS-CoV-2,ORF1ab,9469,0.5,139369,0.010201480242437019,0.012060869024380068
SARS-CoV-2,ORF1ab,9469,0.25,69684,0.013995723425364016,0.015553741148013438
SARS-CoV-2,ORF1ab,9469,0.1,27875,0.02131223767385438,0.024855986262548015
SARS-CoV-2,ORF1ab,9478,0.5,139370,0.007409413680493648,0.009594060564139518
SARS-CoV-2,ORF1ab,9478,0.25,69685,0.01020413077213094,0.01250255979083301
SARS-CoV-2,ORF1ab,9478,0.1,27875,0.014994890273649995,0.018481642442267753
SARS-CoV-2,ORF1ab,9487,0.5,139368,0.007158853406358994,0.00877372764591741
SARS-CoV-2,ORF1ab,9487,0.25,69684,0.00957683798174972,0.012013261620947086
SARS-CoV-2,ORF1ab,9487,0.1,27875,0.0140120159625669,0.02034036777788138
SARS-CoV-2,ORF1ab,9496,0.5,139368,0.007596066815285402,0.009937047712273807
SARS-CoV-2,ORF1ab,9496,0.25,69684,0.01022140227657203,0.012625511088668587
SARS-CoV-2,ORF1ab,9496,0.1,27875,0.014631062332332962,0.01759793441392645
SARS-CoV-2,ORF1ab,9505,0.5,139370,0.007380147382614237,0.009299882874524717
SARS-CoV-2,ORF1ab,9505,0.25,69685,0.010008206236663144,0.012699827066614836
SARS-CoV-2,ORF1ab,9505,0.1,27875,0.014560868745483976,0.017400311383126022
SARS-CoV-2,ORF1ab,9514,0.5,139369,0.007263555115266775,0.008985980942963177
SARS-CoV-2,ORF1ab,9514,0.25,69685,0.009752672964261785,0.01183072271679143
SARS-CoV-2,ORF1ab,9514,0.1,27875,0.014005350220219556,0.016826270407700124
SARS-CoV-2,ORF1ab,9523,0.5,139370,0.006746827309719426,0.007906289542497476
SARS-CoV-2,ORF1ab,9523,0.25,69685,0.008827255217477398,0.010917696295524162
SARS-CoV-2,ORF1ab,9523,0.1,27875,0.012278295856329514,0.015054589190090412
SARS-CoV-2,ORF1ab,9532,0.5,139369,0.007907542984825381,0.009423612115626303
SARS-CoV-2,ORF1ab,9532,0.25,69684,0.0109359852520695,0.012880367961562481
SARS-CoV-2,ORF1ab,9532,0.1,27875,0.01686717168700376,0.020854695813746195
SARS-CoV-2,ORF1ab,9541,0.5,139369,0.007444615781950671,0.009282874611912389
SARS-CoV-2,ORF1ab,9541,0.25,69684,0.010103634173762874,0.013034199230922385
SARS-CoV-2,ORF1ab,9541,0.1,27875,0.014529807862374643,0.01809478945606636
SARS-CoV-2,ORF1ab,9550,0.5,139368,0.007357275497921113,0.009118880989125586
SARS-CoV-2,ORF1ab,9550,0.25,69684,0.009865074838084712,0.011948546882360534
SARS-CoV-2,ORF1ab,9550,0.1,27875,0.01448038536137315,0.017393659589202172
SARS-CoV-2,ORF1ab,9559,0.5,139369,0.0066626913829969546,0.008040593692993559
SARS-CoV-2,ORF1ab,9559,0.25,69684,0.008732561004346717,0.011292953811175394
SARS-CoV-2,ORF1ab,9559,0.1,27875,0.011810819024963996,0.01700380067325032
SARS-CoV-2,ORF1ab,9568,0.5,139368,0.006962854828356068,0.008184822801058766
SARS-CoV-2,ORF1ab,9568,0.25,69684,0.009325920293891609,0.011775917571634355
SARS-CoV-2,ORF1ab,9568,0.1,27875,0.01312002259391998,0.016614645368352752
SARS-CoV-2,ORF1ab,9577,0.5,139369,0.007371650228779163,0.008536049752212577
SARS-CoV-2,ORF1ab,9577,0.25,69684,0.009606600730523586,0.012196352858870245
SARS-CoV-2,ORF1ab,9577,0.1,27875,0.014145701468283468,0.017511974775524446
SARS-CoV-2,ORF1ab,9586,0.5,139369,0.010361483662081688,0.012834518105747008
SARS-CoV-2,ORF1ab,9586,0.25,69685,0.014534906153203412,0.017022513414739204
SARS-CoV-2,ORF1ab,9586,0.1,27875,0.02227585597810401,0.02503249897295927
SARS-CoV-2,ORF1ab,9595,0.5,139370,0.012318276802615265,0.014436348446584063
SARS-CoV-2,ORF1ab,9595,0.25,69685,0.017240527709790926,0.020367948125429285
SARS-CoV-2,ORF1ab,9595,0.1,27875,0.027122350843920832,0.03026319944979758
SARS-CoV-2,ORF1ab,9604,0.5,139370,0.007190356929667428,0.0083762887898521
SARS-CoV-2,ORF1ab,9604,0.25,69685,0.010001459582566131,0.013133433289866974
SARS-CoV-2,ORF1ab,9604,0.1,27875,0.014060268261539091,0.01855862901403002
SARS-CoV-2,ORF1ab,9613,0.5,139368,0.006982556167367455,0.008611910694245063
SARS-CoV-2,ORF1ab,9613,0.25,69684,0.009131238060514572,0.01238344005010792
SARS-CoV-2,ORF1ab,9613,0.1,27875,0.013238592294105206,0.016978580388223943
SARS-CoV-2,ORF1ab,9622,0.5,139370,0.007857838662303452,0.009879358774260898
SARS-CoV-2,ORF1ab,9622,0.25,69685,0.010886708445872346,0.013309843683068126
SARS-CoV-2,ORF1ab,9622,0.1,27875,0.01683497729707091,0.021299202182452508
SARS-CoV-2,ORF1ab,9631,0.5,139369,0.00701429704993663,0.008706762155508257
SARS-CoV-2,ORF1ab,9631,0.25,69684,0.00957508838916538,0.011541940200779028
SARS-CoV-2,ORF1ab,9631,0.1,27875,0.013448450056292409,0.016160936008094734
SARS-CoV-2,ORF1ab,9640,0.5,139370,0.007306161990260869,0.009018114577811855
SARS-CoV-2,ORF1ab,9640,0.25,69685,0.009737744769749332,0.0117559231451885
SARS-CoV-2,ORF1ab,9640,0.1,27875,0.014410753874872291,0.021147544182965067
SARS-CoV-2,ORF1ab,9649,0.5,139369,0.007490655783658462,0.010125051055958362
SARS-CoV-2,ORF1ab,9649,0.25,69685,0.01009753199672355,0.01240817745595153
SARS-CoV-2,ORF1ab,9649,0.1,27875,0.014866966992494948,0.01771127994293674
SARS-CoV-2,ORF1ab,9658,0.5,139370,0.007641388050402554,0.009265348809249582
SARS-CoV-2,ORF1ab,9658,0.25,69685,0.010587108740000014,0.013067961905813826
SARS-CoV-2,ORF1ab,9658,0.1,27875,0.01634233027792774,0.020549037758433353
SARS-CoV-2,ORF1ab,9667,0.5,139370,0.007584430942099025,0.009548111078270742
SARS-CoV-2,ORF1ab,9667,0.25,69685,0.010239034704934534,0.011897086760989486
SARS-CoV-2,ORF1ab,9667,0.1,27875,0.014543644309175409,0.01964303571279435
SARS-CoV-2,ORF1ab,9676,0.5,139369,0.007640120385160862,0.008791135193676837
SARS-CoV-2,ORF1ab,9676,0.25,69685,0.010601705284376494,0.012922480160451154
SARS-CoV-2,ORF1ab,9676,0.1,27875,0.016086949910028004,0.020183787667125412
SARS-CoV-2,ORF1ab,9685,0.5,139368,0.007027592418228009,0.008431942732482961
SARS-CoV-2,ORF1ab,9685,0.25,69684,0.009555876486762246,0.011702522229190866
SARS-CoV-2,ORF1ab,9685,0.1,27875,0.013618379204811324,0.016547805290019826
SARS-CoV-2,ORF1ab,9694,0.5,139368,0.007691223764349979,0.008988989726887574
SARS-CoV-2,ORF1ab,9694,0.25,69684,0.010810634357566243,0.012567512925659968
SARS-CoV-2,ORF1ab,9694,0.1,27875,0.016657149279554088,0.01997292081389984
SARS-CoV-2,ORF1ab,9703,0.5,139368,0.007495948477098512,0.009405351569367977
SARS-CoV-2,ORF1ab,9703,0.25,69684,0.010392804953679863,0.015176696350604157
SARS-CoV-2,ORF1ab,9703,0.1,27875,0.015275749067572258,0.018292119301977373
SARS-CoV-2,ORF1ab,9712,0.5,139370,0.00788279652001304,0.009720940428474363
SARS-CoV-2,ORF1ab,9712,0.25,69685,0.011162369412452503,0.013829081408160774
SARS-CoV-2,ORF1ab,9712,0.1,27875,0.017135245533611343,0.019339085570863786
SARS-CoV-2,ORF1ab,9721,0.5,139370,0.0073977744211747125,0.009556918477541285
SARS-CoV-2,ORF1ab,9721,0.25,69685,0.010168578562183814,0.01265758392467699
SARS-CoV-2,ORF1ab,9721,0.1,27875,0.015123368875044757,0.01891042774589368
SARS-CoV-2,ORF1ab,9730,0.5,139369,0.007769231128020258,0.009618124543535186
SARS-CoV-2,ORF1ab,9730,0.25,69685,0.010831840171366134,0.013704181485798762
SARS-CoV-2,ORF1ab,9730,0.1,27875,0.01664310081872697,0.020969888448803962
SARS-CoV-2,ORF1ab,9739,0.5,139369,0.007283473559441722,0.009735774092150205
SARS-CoV-2,ORF1ab,9739,0.25,69685,0.010254139847106152,0.012743678442863225
SARS-CoV-2,ORF1ab,9739,0.1,27875,0.014859659127055197,0.017899930021065685
SARS-CoV-2,ORF1ab,9748,0.5,139370,0.007218180316737131,0.009293234326393295
SARS-CoV-2,ORF1ab,9748,0.25,69685,0.009812131990049598,0.012097727847725462
SARS-CoV-2,ORF1ab,9748,0.1,27875,0.014109518885104524,0.017902973209317642
SARS-CoV-2,ORF1ab,9757,0.5,139369,0.010245021951787338,0.01206449948555566
SARS-CoV-2,ORF1ab,9757,0.25,69685,0.014284123812014944,0.01656913710798252
SARS-CoV-2,ORF1ab,9757,0.1,27875,0.02206744610616,0.02549227934759334
SARS-CoV-2,ORF1ab,9766,0.5,139369,0.007825367450652421,0.009947530996205618
SARS-CoV-2,ORF1ab,9766,0.25,69684,0.010704441441606209,0.012763780944369727
SARS-CoV-2,ORF1ab,9766,0.1,27875,0.016164693581892185,0.018221393672560603
SARS-CoV-2,ORF1ab,9775,0.5,139369,0.007587291511935974,0.008869241291246529
SARS-CoV-2,ORF1ab,9775,0.25,69684,0.01049075773527894,0.012347211694151742
SARS-CoV-2,ORF1ab,9775,0.1,27875,0.015667984606880184,0.019931090368264365
SARS-CoV-2,ORF1ab,9784,0.5,139368,0.0075836132248311055,0.00998356978149941
SARS-CoV-2,ORF1ab,9784,0.25,69684,0.01017626479104356,0.01192344143419587
SARS-CoV-2,ORF1ab,9784,0.1,27875,0.015093103351927251,0.01813470658538944
SARS-CoV-2,ORF1ab,9793,0.5,139369,0.007384671479519116,0.008492709461860143
SARS-CoV-2,ORF1ab,9793,0.25,69684,0.010470455177498282,0.01261146290940244
SARS-CoV-2,ORF1ab,9793,0.1,27875,0.015240990494460248,0.018314617852424046
SARS-CoV-2,ORF1ab,9802,0.5,139368,0.007330372360545553,0.008978526983782233
SARS-CoV-2,ORF1ab,9802,0.25,69684,0.009729469227245399,0.011145425155410052
SARS-CoV-2,ORF1ab,9802,0.1,27875,0.014153051662142264,0.01647645632193762
SARS-CoV-2,ORF1ab,9811,0.5,139369,0.007727305070910439,0.009269580879452139
SARS-CoV-2,ORF1ab,9811,0.25,69684,0.010861204822590028,0.013886096816704442
SARS-CoV-2,ORF1ab,9811,0.1,27875,0.016474335643665305,0.02116933218828154
SARS-CoV-2,ORF1ab,9820,0.5,139370,0.007232416546243958,0.008461871951682647
SARS-CoV-2,ORF1ab,9820,0.25,69685,0.009729875943495482,0.013046219764875005
SARS-CoV-2,ORF1ab,9820,0.1,27875,0.014041090935404012,0.017785158127556953
SARS-CoV-2,ORF1ab,9829,0.5,139369,0.009751429483019968,0.010953444908349663
SARS-CoV-2,ORF1ab,9829,0.25,69685,0.01318026110905647,0.015261726820159355
SARS-CoV-2,ORF1ab,9829,0.1,27875,0.019378803075206022,0.02358385936356322
SARS-CoV-2,ORF1ab,9838,0.5,139370,0.0073999656508287005,0.008909972210029657
SARS-CoV-2,ORF1ab,9838,0.25,69685,0.010040336658258878,0.012269117065862858
SARS-CoV-2,ORF1ab,9838,0.1,27875,0.014977039755570116,0.017992482887462753
SARS-CoV-2,ORF1ab,9847,0.5,139369,0.007712835953011978,0.00919430004638081
SARS-CoV-2,ORF1ab,9847,0.25,69684,0.010817404583689369,0.012859070232050069
SARS-CoV-2,ORF1ab,9847,0.1,27875,0.016410496609472764,0.01945711871888266
SARS-CoV-2,ORF1ab,9856,0.5,139368,0.007760557043920437,0.0095035928269737
SARS-CoV-2,ORF1ab,9856,0.25,69684,0.010405579692678442,0.013451321525433282
SARS-CoV-2,ORF1ab,9856,0.1,27875,0.016224941923578026,0.02053297334591988
SARS-CoV-2,ORF1ab,9865,0.5,139369,0.007762439658898479,0.009903014219722091
SARS-CoV-2,ORF1ab,9865,0.25,69685,0.010965994990472636,0.012862955689580985
SARS-CoV-2,ORF1ab,9865,0.1,27875,0.01645792876553176,0.0200591131458915
SARS-CoV-2,ORF1ab,9874,0.5,139369,0.0072711315952378635,0.00953648386697142
SARS-CoV-2,ORF1ab,9874,0.25,69685,0.009510349302816506,0.011224520115844063
SARS-CoV-2,ORF1ab,9874,0.1,27875,0.013359922550519505,0.018629199321478003
SARS-CoV-2,ORF1ab,9883,0.5,139368,0.007839776394887069,0.009291208591339029
SARS-CoV-2,ORF1ab,9883,0.25,69684,0.010865100958150763,0.012339371166092515
SARS-CoV-2,ORF1ab,9883,0.1,27875,0.016728467890546113,0.02076215763015444
SARS-CoV-2,ORF1ab,9892,0.5,139369,0.007407765891828332,0.009314656879633934
SARS-CoV-2,ORF1ab,9892,0.25,69685,0.010033873781971292,0.01152587747424156
SARS-CoV-2,ORF1ab,9892,0.1,27875,0.014169572141645595,0.017581491379801716
SARS-CoV-2,ORF1ab,9901,0.5,139369,0.0071616747766363965,0.009563425473995538
SARS-CoV-2,ORF1ab,9901,0.25,69685,0.009616158025570006,0.01170027479035573
SARS-CoV-2,ORF1ab,9901,0.1,27875,0.013966130970963947,0.017844673994766844
SARS-CoV-2,ORF1ab,9910,0.5,139368,0.007537826174096111,0.00891300009720296
SARS-CoV-2,ORF1ab,9910,0.25,69684,0.010039660441595493,0.012714893565394748
SARS-CoV-2,ORF1ab,9910,0.1,27875,0.01515403890185456,0.019856961145367173
SARS-CoV-2,ORF1ab,9919,0.5,139369,0.007678915339982438,0.009325686036352535
SARS-CoV-2,ORF1ab,9919,0.25,69684,0.010606638321044876,0.013147774286128944
SARS-CoV-2,ORF1ab,9919,0.1,27875,0.015901231945881895,0.020014704050539452
SARS-CoV-2,ORF1ab,9928,0.5,139369,0.010277907587942385,0.013247917613753638
SARS-CoV-2,ORF1ab,9928,0.25,69684,0.01457950978633707,0.01633011974431004
SARS-CoV-2,ORF1ab,9928,0.1,27875,0.02292289518560026,0.02646350788372943
SARS-CoV-2,ORF1ab,9937,0.5,139368,0.00740668652341958,0.008721388794348138
SARS-CoV-2,ORF1ab,9937,0.25,69684,0.01058322285233273,0.014131662689732635
SARS-CoV-2,ORF1ab,9937,0.1,27875,0.015626122424674156,0.01846641993182059
SARS-CoV-2,ORF1ab,9946,0.5,139369,0.007044725514569684,0.00856347837609784
SARS-CoV-2,ORF1ab,9946,0.25,69685,0.009301965572337997,0.012835984159037955
SARS-CoV-2,ORF1ab,9946,0.1,27875,0.013229317534274986,0.01628199069389958
SARS-CoV-2,ORF1ab,9955,0.5,139369,0.007681417002082175,0.00874720729773636
SARS-CoV-2,ORF1ab,9955,0.25,69684,0.01071683847705922,0.013534646491277032
SARS-CoV-2,ORF1ab,9955,0.1,27875,0.015932829535170848,0.020464132616321806
SARS-CoV-2,ORF1ab,9964,0.5,139370,0.007494994803494707,0.008928272552298997
SARS-CoV-2,ORF1ab,9964,0.25,69685,0.010055788108566012,0.011829557428348637
SARS-CoV-2,ORF1ab,9964,0.1,27875,0.01474866783259485,0.01993953530494374
SARS-CoV-2,ORF1ab,9973,0.5,139369,0.007142153608990704,0.008383125738908797
SARS-CoV-2,ORF1ab,9973,0.25,69684,0.00939579361202515,0.011505544207053763
SARS-CoV-2,ORF1ab,9973,0.1,27875,0.013330456689988453,0.01629735226593533
SARS-CoV-2,ORF1ab,9982,0.5,139370,0.00769400261699294,0.01061373587693462
SARS-CoV-2,ORF1ab,9982,0.25,69685,0.010695021316631219,0.01309297846231495
SARS-CoV-2,ORF1ab,9982,0.1,27875,0.016487839666279286,0.0187418480231127
SARS-CoV-2,ORF1ab,9991,0.5,139370,0.0071968215034448274,0.009631714107965973
SARS-CoV-2,ORF1ab,9991,0.25,69685,0.009790357162999683,0.012032253403980842
SARS-CoV-2,ORF1ab,9991,0.1,27875,0.014513361833966967,0.017101504969987108
SARS-CoV-2,ORF1ab,10000,0.5,139369,0.0076843144783874905,0.008654043813371388
SARS-CoV-2,ORF1ab,10000,0.25,69685,0.010388950469053826,0.013420333577133169
SARS-CoV-2,ORF1ab,10000,0.1,27875,0.01529892052713713,0.01936542080846828
SARS-CoV-2,ORF1ab,10009,0.5,139369,0.007728606018634809,0.00919138549411123
SARS-CoV-2,ORF1ab,10009,0.25,69684,0.011081612974529557,0.013533397112975293
SARS-CoV-2,ORF1ab,10009,0.1,27875,0.017257733421433216,0.020825466059494955
SARS-CoV-2,ORF1ab,10018,0.5,139369,0.007227726855725966,0.009364245763582716
SARS-CoV-2,ORF1ab,10018,0.25,69685,0.009873117637694818,0.011337365637488746
SARS-CoV-2,ORF1ab,10018,0.1,27875,0.014235413219244101,0.017431614802235516
SARS-CoV-2,ORF1ab,10027,0.5,139370,0.007546768928180984,0.008810793985293015
SARS-CoV-2,ORF1ab,10027,0.25,69685,0.010183849191804987,0.012605118888607558
SARS-CoV-2,ORF1ab,10027,0.1,27875,0.014786140633716922,0.018070011019843655
SARS-CoV-2,ORF1ab,10036,0.5,139370,0.007166180597689239,0.008946346681068066
SARS-CoV-2,ORF1ab,10036,0.25,69685,0.009548445767457232,0.011534320865207276
SARS-CoV-2,ORF1ab,10036,0.1,27875,0.013499855424338158,0.017147578641126187
SARS-CoV-2,ORF1ab,10045,0.5,139369,0.00756306216550059,0.009261739160147149
SARS-CoV-2,ORF1ab,10045,0.25,69685,0.01068572207011902,0.012716288934864808
SARS-CoV-2,ORF1ab,10045,0.1,27875,0.015794352941921625,0.01934780804772434
SARS-CoV-2,ORF1ab,10054,0.5,139369,0.010152014118050952,0.011346553980233275
SARS-CoV-2,ORF1ab,10054,0.25,69685,0.01420356064172316,0.016502523477357856
SARS-CoV-2,ORF1ab,10054,0.1,27875,0.022167944746127526,0.02528042893038344
SARS-CoV-2,ORF1ab,10063,0.5,139368,0.007765991857803059,0.00888999225273459
SARS-CoV-2,ORF1ab,10063,0.25,69684,0.010621080828975673,0.012720200018902074
SARS-CoV-2,ORF1ab,10063,0.1,27875,0.0164284840800339,0.019177482332314415
SARS-CoV-2,ORF1ab,10072,0.5,139368,0.00769279655597592,0.00985435602385072
SARS-CoV-2,ORF1ab,10072,0.25,69684,0.010468074499815542,0.01240344029786771
SARS-CoV-2,ORF1ab,10072,0.1,27875,0.016134765083229183,0.01916679048249053
SARS-CoV-2,ORF1ab,10081,0.5,139369,0.007587005915251711,0.009205008727358091
SARS-CoV-2,ORF1ab,10081,0.25,69685,0.010552848036853477,0.012400165632511461
SARS-CoV-2,ORF1ab,10081,0.1,27875,0.015550911766642984,0.01834038332873378
SARS-CoV-2,ORF1ab,10090,0.5,139369,0.007595480501272149,0.009095580670913346
SARS-CoV-2,ORF1ab,10090,0.25,69684,0.010319656770837111,0.012217502152834656
SARS-CoV-2,ORF1ab,10090,0.1,27875,0.014951765648729043,0.019465755261839694
SARS-CoV-2,ORF1ab,10099,0.5,139369,0.007945697465096593,0.009854654651693
SARS-CoV-2,ORF1ab,10099,0.25,69684,0.010889192727898955,0.014001740611648342
SARS-CoV-2,ORF1ab,10099,0.1,27875,0.016793310909102247,0.02095019249412182
SARS-CoV-2,ORF1ab,10108,0.5,139368,0.00780190841020355,0.009083733047439877
SARS-CoV-2,ORF1ab,10108,0.25,69684,0.010592348376751137,0.0127634153022182
SARS-CoV-2,ORF1ab,10108,0.1,27875,0.016460968892469275,0.020813842483032984
SARS-CoV-2,ORF1ab,10117,0.5,139369,0.00764951861885861,0.010419680853601707
SARS-CoV-2,ORF1ab,10117,0.25,69684,0.010567385827223488,0.012668111112411647
SARS-CoV-2,ORF1ab,10117,0.1,27875,0.01487415171133222,0.01859779394792485
SARS-CoV-2,ORF1ab,10126,0.5,139368,0.0077492673558614104,0.009257489289901994
SARS-CoV-2,ORF1ab,10126,0.25,69684,0.010536580159078114,0.013162123230120178
SARS-CoV-2,ORF1ab,10126,0.1,27875,0.015745906229891814,0.018352000381925256
SARS-CoV-2,ORF1ab,10135,0.5,139368,0.007457670024361881,0.008889823526709126
SARS-CoV-2,ORF1ab,10135,0.25,69684,0.010291788246877319,0.011683362626914402
SARS-CoV-2,ORF1ab,10135,0.1,27875,0.014857657296579098,0.019279788510047087
SARS-CoV-2,ORF1ab,10144,0.5,139369,0.007596770108922028,0.009533614160093145
SARS-CoV-2,ORF1ab,10144,0.25,69685,0.010666772993225665,0.01320747241923045
SARS-CoV-2,ORF1ab,10144,0.1,27875,0.01572360232347465,0.02011550807553845
SARS-CoV-2,ORF1ab,10153,0.5,139369,0.006711234156458043,0.008054745816113987
SARS-CoV-2,ORF1ab,10153,0.25,69685,0.008752137713388503,0.010791855085935399
SARS-CoV-2,ORF1ab,10153,0.1,27875,0.012378498168067409,0.015695897977277176
SARS-CoV-2,ORF1ab,10162,0.5,139369,0.007320724044522166,0.009422566309026196
SARS-CoV-2,ORF1ab,10162,0.25,69684,0.009595396557487425,0.012149314503070786
SARS-CoV-2,ORF1ab,10162,0.1,27875,0.013467367770912383,0.016341730350905873
SARS-CoV-2,ORF1ab,10171,0.5,139369,0.007718623224654937,0.009417424628938995
SARS-CoV-2,ORF1ab,10171,0.25,69685,0.010619622468412162,0.013168357766980027
SARS-CoV-2,ORF1ab,10171,0.1,27875,0.016694708561750364,0.019557386846071806
SARS-CoV-2,ORF1ab,10180,0.5,139369,0.012428810528976552,0.013525856209804985
SARS-CoV-2,ORF1ab,10180,0.25,69685,0.017590816152988017,0.021291129902779326
SARS-CoV-2,ORF1ab,10180,0.1,27875,0.027520259967348543,0.03150548332313289
SARS-CoV-2,ORF1ab,10189,0.5,139370,0.007497153098833975,0.009316711505107394
SARS-CoV-2,ORF1ab,10189,0.25,69685,0.010638225467445297,0.013819451358837607
SARS-CoV-2,ORF1ab,10189,0.1,27875,0.015707868959556646,0.019499161006923504
SARS-CoV-2,ORF1ab,10198,0.5,139369,0.007338464893033343,0.00940898415595778
SARS-CoV-2,ORF1ab,10198,0.25,69685,0.010000709192815184,0.011369041639117696
SARS-CoV-2,ORF1ab,10198,0.1,27875,0.014417178021672264,0.017089120414318502
SARS-CoV-2,ORF1ab,10207,0.5,139370,0.007131305301596235,0.008132049099584692
SARS-CoV-2,ORF1ab,10207,0.25,69685,0.009258927263098128,0.012819930594627204
SARS-CoV-2,ORF1ab,10207,0.1,27875,0.013217337554044093,0.016266846444934757
SARS-CoV-2,ORF1ab,10216,0.5,139368,0.006479520782856277,0.00776405983525842
SARS-CoV-2,ORF1ab,10216,0.25,69684,0.008558210351912524,0.010816498947434387
SARS-CoV-2,ORF1ab,10216,0.1,27875,0.012013011552970675,0.015908196218487505
SARS-CoV-2,ORF1ab,10225,0.5,139368,0.006454282097387761,0.007717666651491827
SARS-CoV-2,ORF1ab,10225,0.25,69684,0.008244540613886788,0.010109310941346716
SARS-CoV-2,ORF1ab,10225,0.1,27875,0.010931983664236462,0.01515397292727851
SARS-CoV-2,ORF1ab,10234,0.5,139370,0.0077775370318597355,0.009359716230867237
SARS-CoV-2,ORF1ab,10234,0.25,69685,0.011061674710305463,0.014134701266985678
SARS-CoV-2,ORF1ab,10234,0.1,27875,0.016825614955618465,0.020313303807144825
SARS-CoV-2,ORF1ab,10243,0.5,139369,0.007332184153814907,0.009394952744460033
SARS-CoV-2,ORF1ab,10243,0.25,69684,0.009727255992545333,0.011716694976324316
SARS-CoV-2,ORF1ab,10243,0.1,27875,0.01395509635667806,0.01640092075256445
SARS-CoV-2,ORF1ab,10252,0.5,139370,0.007668049407043967,0.00941219144438022
SARS-CoV-2,ORF1ab,10252,0.25,69685,0.01049679097589462,0.013714799240879929
SARS-CoV-2,ORF1ab,10252,0.1,27875,0.01590974439028798,0.020058552015960372
SARS-CoV-2,ORF1ab,10261,0.5,139370,0.007513890552489138,0.008910614981845057
SARS-CoV-2,ORF1ab,10261,0.25,69685,0.010328298412791185,0.012778758162037497
SARS-CoV-2,ORF1ab,10261,0.1,27875,0.014999862313618802,0.020132241181277082
SARS-CoV-2,ORF1ab,10270,0.5,139370,0.0076827168072322845,0.009668684718301067
SARS-CoV-2,ORF1ab,10270,0.25,69685,0.010650954709282229,0.013248626085049595
SARS-CoV-2,ORF1ab,10270,0.1,27875,0.016200358502516346,0.019723661305547893
SARS-CoV-2,ORF1ab,10279,0.5,139368,0.006951782595646655,0.008910690442461669
SARS-CoV-2,ORF1ab,10279,0.25,69684,0.009202247852933,0.011958114224515887
SARS-CoV-2,ORF1ab,10279,0.1,27875,0.013176151975129113,0.017352938012642448
SARS-CoV-2,ORF1ab,10288,0.5,139368,0.007077255703980448,0.00889778252120498
SARS-CoV-2,ORF1ab,10288,0.25,69684,0.009296135564016289,0.011662926530154629
SARS-CoV-2,ORF1ab,10288,0.1,27875,0.013053471532574567,0.017024749321789382
SARS-CoV-2,ORF1ab,10297,0.5,139368,0.007342370957332577,0.009130836050069232
SARS-CoV-2,ORF1ab,10297,0.25,69684,0.010041161790983638,0.011838479961075666
SARS-CoV-2,ORF1ab,10297,0.1,27875,0.014644003926048975,0.018215259451761848
SARS-CoV-2,ORF1ab,10306,0.5,139369,0.007412456073633738,0.009110514676182367
SARS-CoV-2,ORF1ab,10306,0.25,69685,0.00995102388476059,0.011741006543175884
SARS-CoV-2,ORF1ab,10306,0.1,27875,0.014154866243877873,0.017830786254160822
SARS-CoV-2,ORF1ab,10315,0.5,139370,0.007589101734644721,0.009173895404664864
SARS-CoV-2,ORF1ab,10315,0.25,69685,0.010306343618705206,0.011888331758248447
SARS-CoV-2,ORF1ab,10315,0.1,27875,0.015355203959088149,0.018530454928377776
SARS-CoV-2,ORF1ab,10324,0.5,139369,0.007105575400045631,0.00877996454839803
SARS-CoV-2,ORF1ab,10324,0.25,69685,0.009532102840189953,0.01127581729017653
SARS-CoV-2,ORF1ab,10324,0.1,27875,0.013569759504308717,0.01783770578198288
SARS-CoV-2,ORF1ab,10333,0.5,139370,0.007628432031152041,0.008960287279900139
SARS-CoV-2,ORF1ab,10333,0.25,69685,0.01054275361390862,0.01280996252767096
SARS-CoV-2,ORF1ab,10333,0.1,27875,0.015719958044004202,0.021156081119283684
SARS-CoV-2,ORF1ab,10342,0.5,139370,0.007933321410985444,0.00930555692403285
SARS-CoV-2,ORF1ab,10342,0.25,69685,0.010655314598591868,0.014288494533084069
SARS-CoV-2,ORF1ab,10342,0.1,27875,0.016481277008712766,0.01917412076547567
SARS-CoV-2,ORF1ab,10351,0.5,139370,0.007683184558323745,0.009165674718200009
SARS-CoV-2,ORF1ab,10351,0.25,69685,0.010282304306793565,0.012541176315710693
SARS-CoV-2,ORF1ab,10351,0.1,27875,0.01567546722136255,0.018225807670971823
SARS-CoV-2,ORF1ab,10360,0.5,139368,0.007525114511704798,0.009011396127869975
SARS-CoV-2,ORF1ab,10360,0.25,69684,0.010296267762864967,0.012912923073227752
SARS-CoV-2,ORF1ab,10360,0.1,27875,0.015331763079201569,0.018399705056364644
SARS-CoV-2,ORF1ab,10369,0.5,139368,0.007893494050122617,0.008769459518962193
SARS-CoV-2,ORF1ab,10369,0.25,69684,0.010939110298806167,0.013551713293225777
SARS-CoV-2,ORF1ab,10369,0.1,27875,0.016784703138065266,0.020107126718467934
SARS-CoV-2,ORF1ab,10378,0.5,139368,0.007616553733900999,0.009528575849917478
SARS-CoV-2,ORF1ab,10378,0.25,69684,0.01051782395421387,0.012849026198803362
SARS-CoV-2,ORF1ab,10378,0.1,27875,0.01585202625530722,0.018952476652477047
SARS-CoV-2,ORF1ab,10387,0.5,139369,0.007068774680573118,0.008597547369371576
SARS-CoV-2,ORF1ab,10387,0.25,69684,0.0092898574292871,0.01181776874965294
SARS-CoV-2,ORF1ab,10387,0.1,27875,0.013422679590032242,0.017041705172118848
SARS-CoV-2,ORF1ab,10396,0.5,139370,0.007440881353337629,0.008907528648312525
SARS-CoV-2,ORF1ab,10396,0.25,69685,0.010124678183890219,0.012114962022742573
SARS-CoV-2,ORF1ab,10396,0.1,27875,0.01523687586869273,0.020143996129690755
SARS-CoV-2,ORF1ab,10405,0.5,139369,0.00738212339028831,0.008594610167036412
SARS-CoV-2,ORF1ab,10405,0.25,69684,0.010162598129908612,0.011793198259819589
SARS-CoV-2,ORF1ab,10405,0.1,27875,0.013965854439428787,0.017830499605674708
SARS-CoV-2,ORF1ab,10414,0.5,139369,0.007447542607562292,0.008712999132187862
SARS-CoV-2,ORF1ab,10414,0.25,69684,0.01014353579603826,0.012735803447207969
SARS-CoV-2,ORF1ab,10414,0.1,27875,0.01481176621810426,0.01785085736243851
SARS-CoV-2,ORF1ab,10423,0.5,139370,0.007272459902655479,0.00922224949044769
SARS-CoV-2,ORF1ab,10423,0.25,69685,0.009838702454687194,0.011976097264947414
SARS-CoV-2,ORF1ab,10423,0.1,27875,0.01418062139391991,0.016705168869758702
SARS-CoV-2,ORF1ab,10432,0.5,139368,0.00756033613395684,0.009699473402290298
SARS-CoV-2,ORF1ab,10432,0.25,69684,0.01060980296642368,0.014551018700266921
SARS-CoV-2,ORF1ab,10432,0.1,27875,0.016010466883771304,0.021748174616157134
SARS-CoV-2,ORF1ab,10441,0.5,139370,0.00754948858433458,0.009637877453142023
SARS-CoV-2,ORF1ab,10441,0.25,69685,0.010303849811972118,0.01197904686279473
SARS-CoV-2,ORF1ab,10441,0.1,27875,0.015273159357263739,0.019775420933922653
SARS-CoV-2,ORF1ab,10450,0.5,139369,0.007668185373324046,0.00973140568065775
SARS-CoV-2,ORF1ab,10450,0.25,69684,0.010632708132764465,0.012667738571292978
SARS-CoV-2,ORF1ab,10450,0.1,27875,0.015977914555518447,0.018031441697139654
SARS-CoV-2,ORF1ab,10459,0.5,139368,0.00789269771075498,0.00987350636085393
SARS-CoV-2,ORF1ab,10459,0.25,69684,0.010974032877599177,0.013390049213257904
SARS-CoV-2,ORF1ab,10459,0.1,27875,0.01645864488469688,0.020506626139722088
SARS-CoV-2,ORF1ab,10468,0.5,139368,0.007461371742821786,0.009378703452285475
SARS-CoV-2,ORF1ab,10468,0.25,69684,0.010288565643809344,0.012750149848663243
SARS-CoV-2,ORF1ab,10468,0.1,27875,0.01564277997471155,0.01891289588279684
SARS-CoV-2,ORF1ab,10477,0.5,139369,0.007846973538099735,0.009551132470045092
SARS-CoV-2,ORF1ab,10477,0.25,69685,0.010773119239840144,0.01378354863438918
SARS-CoV-2,ORF1ab,10477,0.1,27875,0.016873301921276722,0.022238856627398898
SARS-CoV-2,ORF1ab,10486,0.5,139369,0.007599106574910633,0.009603137653807152
SARS-CoV-2,ORF1ab,10486,0.25,69685,0.010516566810439075,0.012394879191922297
SARS-CoV-2,ORF1ab,10486,0.1,27875,0.015855425572781138,0.021539721922068742
SARS-CoV-2,ORF1ab,10495,0.5,139370,0.007415884353805567,0.008601728430018711
SARS-CoV-2,ORF1ab,10495,0.25,69685,0.010363042977096941,0.01373212836026226
SARS-CoV-2,ORF1ab,10495,0.1,27875,0.015049353932172669,0.019268388850327327
SARS-CoV-2,ORF1ab,10504,0.5,139369,0.007955122460537416,0.009608173887322538
SARS-CoV-2,ORF1ab,10504,0.25,69684,0.010877345743286181,0.012582239458870345
SARS-CoV-2,ORF1ab,10504,0.1,27875,0.016986529429296394,0.02135298694820533
SARS-CoV-2,ORF1ab,10513,0.5,139368,0.007459327701188965,0.009618981036782276
SARS-CoV-2,ORF1ab,10513,0.25,69684,0.010531196755086543,0.012569346638904693
SARS-CoV-2,ORF1ab,10513,0.1,27875,0.015344041849252248,0.019425482555306024
SARS-CoV-2,ORF1ab,10522,0.5,139369,0.007748449789497261,0.00906738987091629
SARS-CoV-2,ORF1ab,10522,0.25,69685,0.011092222147349633,0.013584460047039991
SARS-CoV-2,ORF1ab,10522,0.1,27875,0.016751845237421476,0.020480748858438702
SARS-CoV-2,ORF1ab,10531,0.5,139369,0.007563115460765262,0.010147202145150313
SARS-CoV-2,ORF1ab,10531,0.25,69684,0.010367367542511947,0.012958010583549966
SARS-CoV-2,ORF1ab,10531,0.1,27875,0.015239100772278046,0.01957949759236376
SARS-CoV-2,ORF1ab,10540,0.5,139370,0.00719509827792946,0.00837730728270954
SARS-CoV-2,ORF1ab,10540,0.25,69685,0.009457019171502292,0.011911646580385961
SARS-CoV-2,ORF1ab,10540,0.1,27875,0.013617020661810184,0.016841699045995744
SARS-CoV-2,ORF1ab,10549,0.5,139369,0.007502617668274247,0.009026977734009834
SARS-CoV-2,ORF1ab,10549,0.25,69685,0.01015845505915763,0.012819492889430626
SARS-CoV-2,ORF1ab,10549,0.1,27875,0.015050040079558234,0.01943615641014073
SARS-CoV-2,ORF1ab,10558,0.5,139370,0.00782571665991331,0.01058198072609022
SARS-CoV-2,ORF1ab,10558,0.25,69685,0.010773143952195386,0.01296465729399155
SARS-CoV-2,ORF1ab,10558,0.1,27875,0.016723835942102264,0.021395879547060626
SARS-CoV-2,ORF1ab,10567,0.5,139369,0.007692381377817225,0.010082979116654674
SARS-CoV-2,ORF1ab,10567,0.25,69685,0.010902879800264822,0.01380364617243402
SARS-CoV-2,ORF1ab,10567,0.1,27875,0.016675006832035804,0.020708999356973287
SARS-CoV-2,ORF1ab,10576,0.5,139370,0.007524171899185278,0.0093208383627876
SARS-CoV-2,ORF1ab,10576,0.25,69685,0.010140547049160075,0.01336428380191198
SARS-CoV-2,ORF1ab,10576,0.1,27875,0.015118343577194809,0.018412629725320505
SARS-CoV-2,ORF1ab,10585,0.5,139369,0.007485975392544537,0.009432344789719866
SARS-CoV-2,ORF1ab,10585,0.25,69684,0.01034776033853124,0.01180509398226754
SARS-CoV-2,ORF1ab,10585,0.1,27875,0.015182217411470795,0.018722341406417358
SARS-CoV-2,ORF1ab,10594,0.5,139368,0.006991381058732653,0.008110766431341761
SARS-CoV-2,ORF1ab,10594,0.25,69684,0.009502594271472058,0.012280904271551438
SARS-CoV-2,ORF1ab,10594,0.1,27875,0.013401046064179977,0.01700903552425257
SARS-CoV-2,ORF1ab,10603,0.5,139370,0.007647718313892834,0.010077395172863112
SARS-CoV-2,ORF1ab,10603,0.25,69685,0.01083739898668343,0.012695154475359122
SARS-CoV-2,ORF1ab,10603,0.1,27875,0.01633649964264852,0.019420312143488386
SARS-CoV-2,ORF1ab,10612,0.5,139370,0.007648176899266199,0.00956581347798527
SARS-CoV-2,ORF1ab,10612,0.25,69685,0.010121604390594289,0.012009184052943954
SARS-CoV-2,ORF1ab,10612,0.1,27875,0.015056235732488567,0.01866390953610262
SARS-CoV-2,ORF1ab,10621,0.5,139369,0.007292652481491084,0.00886481645468255
SARS-CoV-2,ORF1ab,10621,0.25,69684,0.009987165375662344,0.01266756114300054
SARS-CoV-2,ORF1ab,10621,0.1,27875,0.014588756658348169,0.018448283600086133
SARS-CoV-2,ORF1ab,10630,0.5,139369,0.007378178892528107,0.00867479263247186
SARS-CoV-2,ORF1ab,10630,0.25,69684,0.009603852630042504,0.011759119246896965
SARS-CoV-2,ORF1ab,10630,0.1,27875,0.014063662475161985,0.018134860917058827
SARS-CoV-2,ORF1ab,10639,0.5,139370,0.007278004767626501,0.008684366473131186
SARS-CoV-2,ORF1ab,10639,0.25,69685,0.009811859545077206,0.012316783904633227
SARS-CoV-2,ORF1ab,10639,0.1,27875,0.014215759852401,0.017986990429458404
SARS-CoV-2,ORF1ab,10648,0.5,139370,0.00721588826301333,0.008356717352179929
SARS-CoV-2,ORF1ab,10648,0.25,69685,0.009478038556754189,0.012317606548197935
SARS-CoV-2,ORF1ab,10648,0.1,27875,0.013805973264172653,0.01736717745453349
SARS-CoV-2,ORF1ab,10657,0.5,139368,0.006292752717096591,0.007919822109468561
SARS-CoV-2,ORF1ab,10657,0.25,69684,0.00820291313799833,0.01032469563449005
SARS-CoV-2,ORF1ab,10657,0.1,27875,0.010931983664236462,0.016458850430228697
SARS-CoV-2,ORF1ab,10666,0.5,139370,0.0070791350308078,0.008266113899331516
SARS-CoV-2,ORF1ab,10666,0.25,69685,0.00979620275484492,0.012578989869378901
SARS-CoV-2,ORF1ab,10666,0.1,27875,0.013800457661271078,0.016422918222866126
SARS-CoV-2,ORF1ab,10675,0.5,139368,0.007182061040773764,0.008585073053276247
SARS-CoV-2,ORF1ab,10675,0.25,69684,0.009463683676434556,0.011960716168175357
SARS-CoV-2,ORF1ab,10675,0.1,27875,0.013139794855493245,0.016734030078055157
SARS-CoV-2,ORF1ab,10684,0.5,139370,0.007394567846459757,0.00882082513237174
SARS-CoV-2,ORF1ab,10684,0.25,69685,0.010500411972953646,0.01362308047115665
SARS-CoV-2,ORF1ab,10684,0.1,27875,0.01559410266641408,0.019269323555437295
SARS-CoV-2,ORF1ab,10693,0.5,139369,0.006972233200536392,0.008646937321157245
SARS-CoV-2,ORF1ab,10693,0.25,69684,0.009113324758600737,0.011326556093858775
SARS-CoV-2,ORF1ab,10693,0.1,27875,0.012984451650962398,0.016302368497872526
SARS-CoV-2,ORF1ab,10702,0.5,139369,0.007507685619599969,0.009123424374717005
SARS-CoV-2,ORF1ab,10702,0.25,69684,0.01049079124081271,0.012742926496573081
SARS-CoV-2,ORF1ab,10702,0.1,27875,0.015965301927297906,0.020069867546799694
SARS-CoV-2,ORF1ab,10711,0.5,139369,0.010122528431306529,0.011683179721237006
SARS-CoV-2,ORF1ab,10711,0.25,69684,0.014298671298748327,0.015926727142096312
SARS-CoV-2,ORF1ab,10711,0.1,27875,0.02120678200315138,0.02592775964864191
SARS-CoV-2,ORF1ab,10720,0.5,139370,0.007368263927502353,0.01014190972244605
SARS-CoV-2,ORF1ab,10720,0.25,69685,0.009921508363786505,0.012361046504572176
SARS-CoV-2,ORF1ab,10720,0.1,27875,0.01441152695884012,0.019462175254895877
SARS-CoV-2,ORF1ab,10729,0.5,139369,0.007366185932437575,0.009159212479694085
SARS-CoV-2,ORF1ab,10729,0.25,69685,0.010155518785967444,0.012912894147905665
SARS-CoV-2,ORF1ab,10729,0.1,27875,0.015065063998750567,0.018652370891534684
SARS-CoV-2,ORF1ab,10738,0.5,139369,0.010419509752999604,0.012308956070919265
SARS-CoV-2,ORF1ab,10738,0.25,69684,0.014383016594822228,0.01627655587060344
SARS-CoV-2,ORF1ab,10738,0.1,27875,0.022214572963138002,0.025202023423369906
SARS-CoV-2,ORF1ab,10747,0.5,139369,0.007624034722506291,0.008830298107107205
SARS-CoV-2,ORF1ab,10747,0.25,69684,0.010749716119584675,0.013474905691744005
SARS-CoV-2,ORF1ab,10747,0.1,27875,0.016467342626459554,0.019809602365289804
SARS-CoV-2,ORF1ab,10756,0.5,139369,0.007084470653086554,0.00857975075052701
SARS-CoV-2,ORF1ab,10756,0.25,69684,0.009271597918280137,0.011152735860106792
SARS-CoV-2,ORF1ab,10756,0.1,27875,0.013129162123397032,0.01831205332094274
SARS-CoV-2,ORF1ab,10765,0.5,139369,0.007104273288956702,0.009111975925561764
SARS-CoV-2,ORF1ab,10765,0.25,69684,0.009527226844328256,0.011315274399128198
SARS-CoV-2,ORF1ab,10765,0.1,27875,0.013692072839194658,0.016765787428684547
SARS-CoV-2,ORF1ab,10774,0.5,139369,0.010135855653303154,0.011281574475390748
SARS-CoV-2,ORF1ab,10774,0.25,69684,0.013751692953272799,0.01597843642457115
SARS-CoV-2,ORF1ab,10774,0.1,27875,0.02111606753009413,0.024814404315536394
SARS-CoV-2,ORF1ab,10783,0.5,139368,0.007909036038416835,0.00913076957417484
SARS-CoV-2,ORF1ab,10783,0.25,69684,0.010744685854312156,0.013178153428512604
SARS-CoV-2,ORF1ab,10783,0.1,27875,0.0164787871082315,0.021627743363144068
SARS-CoV-2,ORF1ab,10792,0.5,139368,0.007156593425452078,0.008984283249870401
SARS-CoV-2,ORF1ab,10792,0.25,69684,0.009493297998049013,0.011405841340635244
SARS-CoV-2,ORF1ab,10792,0.1,27875,0.01342236361745591,0.017717801509725836
SARS-CoV-2,ORF1ab,10801,0.5,139368,0.007777621193250983,0.00961311448353562
SARS-CoV-2,ORF1ab,10801,0.25,69684,0.01068977798742743,0.012847196653729074
SARS-CoV-2,ORF1ab,10801,0.1,27875,0.016356978219834433,0.01983747306743207
SARS-CoV-2,ORF1ab,10810,0.5,139368,0.007784085593969734,0.00948756436047537
SARS-CoV-2,ORF1ab,10810,0.25,69684,0.010908811287972886,0.013861311831405458
SARS-CoV-2,ORF1ab,10810,0.1,27875,0.01719578142217482,0.02051081728454237
SARS-CoV-2,ORF1ab,10819,0.5,139369,0.007039675388302928,0.008748847269265546
SARS-CoV-2,ORF1ab,10819,0.25,69685,0.009490519308552797,0.012534306360233007
SARS-CoV-2,ORF1ab,10819,0.1,27875,0.013804317362524347,0.016379239493394787
SARS-CoV-2,ORF1ab,10828,0.5,139369,0.007656486362772138,0.009025609326844668
SARS-CoV-2,ORF1ab,10828,0.25,69684,0.010648300151324643,0.01342928230496128
SARS-CoV-2,ORF1ab,10828,0.1,27875,0.0159143076914592,0.019397965441341685
SARS-CoV-2,ORF1ab,10837,0.5,139370,0.007737876862309011,0.00935108268506366
SARS-CoV-2,ORF1ab,10837,0.25,69685,0.010749856188514791,0.012822770996086388
SARS-CoV-2,ORF1ab,10837,0.1,27875,0.01637590224050358,0.020147854538583067
SARS-CoV-2,ORF1ab,10846,0.5,139369,0.007511789576285583,0.00883794889182825
SARS-CoV-2,ORF1ab,10846,0.25,69684,0.010281205570372024,0.01254619123897772
SARS-CoV-2,ORF1ab,10846,0.1,27875,0.015517290823825518,0.018809100368120998
SARS-CoV-2,ORF1ab,10855,0.5,139368,0.00760140460403694,0.009444382904444711
SARS-CoV-2,ORF1ab,10855,0.25,69684,0.010344318976661108,0.012696794904466149
SARS-CoV-2,ORF1ab,10855,0.1,27875,0.015673476473568235,0.018285014126665833
SARS-CoV-2,ORF1ab,10864,0.5,139370,0.007464231453173639,0.009453890293671396
SARS-CoV-2,ORF1ab,10864,0.25,69685,0.010293229546060522,0.012545521793436156
SARS-CoV-2,ORF1ab,10864,0.1,27875,0.014910299238269904,0.01978277774040046
SARS-CoV-2,ORF1ab,10873,0.5,139370,0.007508597012715543,0.009420308655898789
SARS-CoV-2,ORF1ab,10873,0.25,69685,0.010526920843901425,0.013049170711634753
SARS-CoV-2,ORF1ab,10873,0.1,27875,0.015725230825493177,0.02068012192682532
SARS-CoV-2,ORF1ab,10882,0.5,139370,0.0074416741693723015,0.009498873823235443
SARS-CoV-2,ORF1ab,10882,0.25,69685,0.010315805796328808,0.012131275604016042
SARS-CoV-2,ORF1ab,10882,0.1,27875,0.015425470133896679,0.018854288015722573
SARS-CoV-2,ORF1ab,10891,0.5,139370,0.0071422413427083865,0.008829573103720671
SARS-CoV-2,ORF1ab,10891,0.25,69685,0.00927470173417484,0.012004665031244813
SARS-CoV-2,ORF1ab,10891,0.1,27875,0.013131508562523604,0.016464658477255537
SARS-CoV-2,ORF1ab,10900,0.5,139369,0.00775077646774112,0.009563689739869354
SARS-CoV-2,ORF1ab,10900,0.25,69684,0.010857331483897899,0.014550406904301854
SARS-CoV-2,ORF1ab,10900,0.1,27875,0.016588061599598716,0.02037632937221213
SARS-CoV-2,ORF1ab,10909,0.5,139370,0.007311957107385734,0.00995303029299323
SARS-CoV-2,ORF1ab,10909,0.25,69685,0.009796681625502401,0.012368674760574221
SARS-CoV-2,ORF1ab,10909,0.1,27875,0.013760144668666107,0.01734803206953856
SARS-CoV-2,ORF1ab,10918,0.5,139368,0.00706553048111754,0.009112093332573065
SARS-CoV-2,ORF1ab,10918,0.25,69684,0.009030062501524183,0.011000295715674088
SARS-CoV-2,ORF1ab,10918,0.1,27875,0.013031873534780653,0.0161515667103892
SARS-CoV-2,ORF1ab,10927,0.5,139369,0.007628186435776581,0.009519281968924488
SARS-CoV-2,ORF1ab,10927,0.25,69684,0.01076161818116689,0.013142383081146554
SARS-CoV-2,ORF1ab,10927,0.1,27875,0.0166063656828331,0.020762393483150246
SARS-CoV-2,ORF1ab,10936,0.5,139369,0.010267585761924837,0.01161013363365758
SARS-CoV-2,ORF1ab,10936,0.25,69684,0.014303083603356883,0.016343806982328745
SARS-CoV-2,ORF1ab,10936,0.1,27875,0.022014183956229186,0.025738279281653842
SARS-CoV-2,ORF1ab,10945,0.5,139370,0.0068759517821537835,0.008409639050110843
SARS-CoV-2,ORF1ab,10945,0.25,69685,0.00916781134943575,0.011077775651004904
SARS-CoV-2,ORF1ab,10945,0.1,27875,0.013086900199741304,0.017082058991854204
SARS-CoV-2,ORF1ab,10954,0.5,139369,0.00764315853347068,0.008908210548493304
SARS-CoV-2,ORF1ab,10954,0.25,69684,0.010660504282469242,0.01244052285800873
SARS-CoV-2,ORF1ab,10954,0.1,27875,0.01590300650351104,0.018896518723121675
SARS-CoV-2,ORF1ab,10963,0.5,139370,0.0073997039951002935,0.009050001125092086
SARS-CoV-2,ORF1ab,10963,0.25,69685,0.010342259393790541,0.01329719946524881
SARS-CoV-2,ORF1ab,10963,0.1,27875,0.015189400079729262,0.019571852415350217
SARS-CoV-2,ORF1ab,10972,0.5,139370,0.007706162880339756,0.009253117961202546
SARS-CoV-2,ORF1ab,10972,0.25,69685,0.010511198742545606,0.013294304616044266
SARS-CoV-2,ORF1ab,10972,0.1,27875,0.015455118828186627,0.018615020108420303
SARS-CoV-2,ORF1ab,10981,0.5,139369,0.007342188720104811,0.008744982779827597
SARS-CoV-2,ORF1ab,10981,0.25,69684,0.010084271795226056,0.012342598318341636
SARS-CoV-2,ORF1ab,10981,0.1,27875,0.014607094763054804,0.01916062768053076
SARS-CoV-2,ORF1ab,10990,0.5,139369,0.0070326280081618045,0.009290362973412914
SARS-CoV-2,ORF1ab,10990,0.25,69685,0.0091816098320938,0.012977392359944523
SARS-CoV-2,ORF1ab,10990,0.1,27875,0.012812169842659284,0.016328652019833616
SARS-CoV-2,ORF1ab,10999,0.5,139368,0.007476621719478896,0.009061866428198378
SARS-CoV-2,ORF1ab,10999,0.25,69684,0.009893080657790708,0.012569944993129079
SARS-CoV-2,ORF1ab,10999,0.1,27875,0.014625366918517737,0.01751404731596547
SARS-CoV-2,ORF1ab,11008,0.5,139369,0.007607732986668956,0.009714126291556206
SARS-CoV-2,ORF1ab,11008,0.25,69685,0.010558954841805069,0.012974365015502361
SARS-CoV-2,ORF1ab,11008,0.1,27875,0.015849368142544538,0.019850049954231362
SARS-CoV-2,ORF1ab,11017,0.5,139370,0.01229054106543791,0.014269293240288116
SARS-CoV-2,ORF1ab,11017,0.25,69685,0.01738734781866861,0.019691423929386657
SARS-CoV-2,ORF1ab,11017,0.1,27875,0.02721373050354426,0.03147787805591422
SARS-CoV-2,ORF1ab,11026,0.5,139370,0.012299680218894448,0.013763069736227906
SARS-CoV-2,ORF1ab,11026,0.25,69685,0.017644928005972803,0.02015782302478541
SARS-CoV-2,ORF1ab,11026,0.1,27875,0.02731933896977978,0.030680549368704756
SARS-CoV-2,ORF1ab,11035,0.5,139370,0.007614655052599529,0.00903220109197431
SARS-CoV-2,ORF1ab,11035,0.25,69685,0.010401699429250488,0.011897634428593363
SARS-CoV-2,ORF1ab,11035,0.1,27875,0.015722726644742595,0.019390151624700168
SARS-CoV-2,ORF1ab,11044,0.5,139370,0.007587618990710026,0.009764072953889442
SARS-CoV-2,ORF1ab,11044,0.25,69685,0.010478172555448669,0.012342199788818028
SARS-CoV-2,ORF1ab,11044,0.1,27875,0.015740031990237265,0.01876698509259658
SARS-CoV-2,ORF1ab,11053,0.5,139369,0.007153377474921793,0.008448811362055705
SARS-CoV-2,ORF1ab,11053,0.25,69685,0.00969622883637245,0.01153657938412638
SARS-CoV-2,ORF1ab,11053,0.1,27875,0.013754535130894908,0.017131181385532462
SARS-CoV-2,ORF1ab,11062,0.5,139369,0.010390093303271786,0.012223832151365733
SARS-CoV-2,ORF1ab,11062,0.25,69685,0.014382027103527959,0.016542215096808657
SARS-CoV-2,ORF1ab,11062,0.1,27875,0.022100976445668725,0.026154268652867
SARS-CoV-2,ORF1ab,11071,0.5,139369,0.0074586606397462445,0.009016030619155584
SARS-CoV-2,ORF1ab,11071,0.25,69684,0.010308075878847318,0.012781172953290735
SARS-CoV-2,ORF1ab,11071,0.1,27875,0.015366891268758872,0.019251149823436862
SARS-CoV-2,ORF1ab,11080,0.5,139369,0.00779341910359662,0.009294771628656209
SARS-CoV-2,ORF1ab,11080,0.25,69685,0.010745025021797736,0.013287110492856889
SARS-CoV-2,ORF1ab,11080,0.1,27875,0.016613748655201793,0.020819198656492656
SARS-CoV-2,ORF1ab,11089,0.5,139368,0.007580175373140581,0.0096598861399251
SARS-CoV-2,ORF1ab,11089,0.25,69684,0.010047138370313218,0.012498968188226975
SARS-CoV-2,ORF1ab,11089,0.1,27875,0.014809326907114779,0.01870563215067724
SARS-CoV-2,ORF1ab,11098,0.5,139369,0.00796896231635586,0.009257396951898134
SARS-CoV-2,ORF1ab,11098,0.25,69685,0.010996170118799952,0.013854950165159615
SARS-CoV-2,ORF1ab,11098,0.1,27875,0.01722976807851497,0.02073982647269021
SARS-CoV-2,ORF1ab,11107,0.5,139368,0.0074943988852024844,0.009137876524587134
SARS-CoV-2,ORF1ab,11107,0.25,69684,0.010502521131683097,0.013634713662302763
SARS-CoV-2,ORF1ab,11107,0.1,27875,0.01596160908516491,0.019099977396492808
SARS-CoV-2,ORF1ab,11116,0.5,139370,0.007142053880465069,0.008939340934170169
SARS-CoV-2,ORF1ab,11116,0.25,69685,0.00964127816147174,0.012787520582105822
SARS-CoV-2,ORF1ab,11116,0.1,27875,0.01374184639981622,0.01740374223389025
SARS-CoV-2,ORF1ab,11125,0.5,139369,0.007208385265531874,0.008975546350192782
SARS-CoV-2,ORF1ab,11125,0.25,69684,0.009724156282538251,0.012013227164839553
SARS-CoV-2,ORF1ab,11125,0.1,27875,0.014020309421338155,0.017575646862435377
SARS-CoV-2,ORF1ab,11134,0.5,139369,0.007666299036771288,0.009279589437023082
SARS-CoV-2,ORF1ab,11134,0.25,69684,0.010535702548829668,0.013153264547432987
SARS-CoV-2,ORF1ab,11134,0.1,27875,0.016237660797459846,0.019496113422643648
SARS-CoV-2,ORF1ab,11143,0.5,139369,0.007680867204881958,0.009278448134117242
SARS-CoV-2,ORF1ab,11143,0.25,69685,0.010364445030007406,0.01312944990459778
SARS-CoV-2,ORF1ab,11143,0.1,27875,0.015518585828710421,0.01901558656961638
SARS-CoV-2,ORF1ab,11152,0.5,139370,0.007686339292886397,0.01075565733541857
SARS-CoV-2,ORF1ab,11152,0.25,69685,0.010894342235496585,0.012503421237961504
SARS-CoV-2,ORF1ab,11152,0.1,27875,0.017001653959379394,0.01953142521488805
SARS-CoV-2,ORF1ab,11161,0.5,139370,0.007292260732620036,0.008866400639480925
SARS-CoV-2,ORF1ab,11161,0.25,69685,0.009896876088397425,0.01216059596523556
SARS-CoV-2,ORF1ab,11161,0.1,27875,0.014200365335456393,0.017953192543699627
SARS-CoV-2,ORF1ab,11170,0.5,139369,0.007391884395161492,0.008680012285087121
SARS-CoV-2,ORF1ab,11170,0.25,69684,0.009939448777865489,0.01188864377644994
SARS-CoV-2,ORF1ab,11170,0.1,27875,0.014422178607159558,0.018994274149570792
SARS-CoV-2,ORF1ab,11179,0.5,139369,0.007414952946454914,0.008643833744749148
SARS-CoV-2,ORF1ab,11179,0.25,69685,0.01000865357457144,0.012155572594803757
SARS-CoV-2,ORF1ab,11179,0.1,27875,0.014062863025307959,0.018170853778421023
SARS-CoV-2,ORF1ab,11188,0.5,139369,0.007660376009582699,0.009713559264196037
SARS-CoV-2,ORF1ab,11188,0.25,69685,0.010807763539535237,0.012715560271293846
SARS-CoV-2,ORF1ab,11188,0.1,27875,0.016268547367564314,0.02144204175415333
SARS-CoV-2,ORF1ab,11197,0.5,139370,0.007375704802364312,0.008815312450646878
SARS-CoV-2,ORF1ab,11197,0.25,69685,0.010408589950523812,0.013082917698732176
SARS-CoV-2,ORF1ab,11197,0.1,27875,0.014750001023846632,0.018478655988275354
SARS-CoV-2,ORF1ab,11206,0.5,139368,0.007782866800878,0.009470140745119145
SARS-CoV-2,ORF1ab,11206,0.25,69684,0.010766376649069482,0.013226311182163289
SARS-CoV-2,ORF1ab,11206,0.1,27875,0.01635714918550003,0.019965374680357115
SARS-CoV-2,ORF1ab,11215,0.5,139369,0.0072434799899528425,0.009020548040092656
SARS-CoV-2,ORF1ab,11215,0.25,69684,0.0099483494743463,0.013096750075173
SARS-CoV-2,ORF1ab,11215,0.1,27875,0.013969574014193763,0.017325512494593822
SARS-CoV-2,ORF1ab,11224,0.5,139369,0.007370674928784573,0.009159821444576367
SARS-CoV-2,ORF1ab,11224,0.25,69685,0.010093866773602508,0.012339948763973395
SARS-CoV-2,ORF1ab,11224,0.1,27875,0.014502550703838065,0.019053152387743848
SARS-CoV-2,ORF1ab,11233,0.5,139370,0.007358101093834302,0.008748157277422638
SARS-CoV-2,ORF1ab,11233,0.25,69685,0.009953521621961522,0.012989662426162245
SARS-CoV-2,ORF1ab,11233,0.1,27875,0.014443144452699655,0.017794599580231663
SARS-CoV-2,ORF1ab,11242,0.5,139368,0.00804530976851028,0.010001278534887956
SARS-CoV-2,ORF1ab,11242,0.25,69684,0.011262494856865998,0.01365401351408532
SARS-CoV-2,ORF1ab,11242,0.1,27875,0.016882579725409914,0.02077495580576474
SARS-CoV-2,ORF1ab,11251,0.5,139369,0.007775854308649517,0.009637562472497507
SARS-CoV-2,ORF1ab,11251,0.25,69685,0.010649832616656793,0.012542411459293582
SARS-CoV-2,ORF1ab,11251,0.1,27875,0.016489756872188673,0.020505273018387605
SARS-CoV-2,ORF1ab,11260,0.5,139369,0.007636313838936995,0.0091000615124284
SARS-CoV-2,ORF1ab,11260,0.25,69684,0.010219303706305341,0.012614373976618886
SARS-CoV-2,ORF1ab,11260,0.1,27875,0.015102746075079443,0.019491570919633633
SARS-CoV-2,ORF1ab,11269,0.5,139369,0.010252938035600326,0.01196561274053774
SARS-CoV-2,ORF1ab,11269,0.25,69684,0.014309426070911275,0.01654935642806782
SARS-CoV-2,ORF1ab,11269,0.1,27875,0.022334607004562974,0.027316282757983583
SARS-CoV-2,ORF1ab,11278,0.5,139368,0.007142814966952376,0.00889810226922493
SARS-CoV-2,ORF1ab,11278,0.25,69684,0.009671485029239472,0.011822591234418275
SARS-CoV-2,ORF1ab,11278,0.1,27875,0.013679800954347976,0.016803763582781062
SARS-CoV-2,ORF1ab,11287,0.5,139369,0.007531212731976884,0.008974292008726455
SARS-CoV-2,ORF1ab,11287,0.25,69684,0.010420620884518044,0.01218177383801338
SARS-CoV-2,ORF1ab,11287,0.1,27875,0.015370495096348002,0.01881659025189628
SARS-CoV-2,ORF1ab,11296,0.5,139369,0.00764381886853582,0.009705027883835577
SARS-CoV-2,ORF1ab,11296,0.25,69684,0.010794442122614196,0.01371031878341846
SARS-CoV-2,ORF1ab,11296,0.1,27875,0.016387039337377046,0.019772865355169693
SARS-CoV-2,ORF1ab,11305,0.5,139370,0.007854432099794,0.009430084594334892
SARS-CoV-2,ORF1ab,11305,0.25,69685,0.011013666464746769,0.013971386779385789
SARS-CoV-2,ORF1ab,11305,0.1,27875,0.017212884111881165,0.0218550282148866
SARS-CoV-2,ORF1ab,11314,0.5,139370,0.007297922028771463,0.00947811081915172
SARS-CoV-2,ORF1ab,11314,0.25,69685,0.009910767503474223,0.012052482682784799
SARS-CoV-2,ORF1ab,11314,0.1,27875,0.014465458779772355,0.018285154207630914
SARS-CoV-2,ORF1ab,11323,0.5,139369,0.0077423451789103035,0.009719863879408012
SARS-CoV-2,ORF1ab,11323,0.25,69684,0.010527300698881477,0.01318808957772132
SARS-CoV-2,ORF1ab,11323,0.1,27875,0.01579183170441055,0.020250257093115637
SARS-CoV-2,ORF1ab,11332,0.5,139370,0.007646279522457758,0.008874093193602873
SARS-CoV-2,ORF1ab,11332,0.25,69685,0.010655052503882581,0.012459802871509097
SARS-CoV-2,ORF1ab,11332,0.1,27875,0.01642059323154138,0.018909249669795646
SARS-CoV-2,ORF1ab,11341,0.5,139370,0.0075162651180433315,0.009252019561192756
SARS-CoV-2,ORF1ab,11341,0.25,69685,0.010457115575591161,0.012474058707200829
SARS-CoV-2,ORF1ab,11341,0.1,27875,0.01531847417995326,0.01919238648656455
SARS-CoV-2,ORF1ab,11350,0.5,139369,0.007636361657079166,0.00905559577519167
SARS-CoV-2,ORF1ab,11350,0.25,69685,0.010589678786151458,0.012599705476486558
SARS-CoV-2,ORF1ab,11350,0.1,27875,0.016254021781319527,0.01953296386057155
SARS-CoV-2,ORF1ab,11359,0.5,139368,0.007772771851889398,0.009448248410661811
SARS-CoV-2,ORF1ab,11359,0.25,69684,0.010964853119269263,0.012894711292929947
SARS-CoV-2,ORF1ab,11359,0.1,27875,0.01655041735167634,0.022577567796368207
SARS-CoV-2,ORF1ab,11368,0.5,139370,0.007714226332250934,0.009650531477725514
SARS-CoV-2,ORF1ab,11368,0.25,69685,0.010837731181096783,0.014056656256940823
SARS-CoV-2,ORF1ab,11368,0.1,27875,0.016584069417501953,0.020193495687801582
SARS-CoV-2,ORF1ab,11377,0.5,139370,0.00746469158340808,0.00999923853124101
SARS-CoV-2,ORF1ab,11377,0.25,69685,0.010200522243367724,0.012913365717677368
SARS-CoV-2,ORF1ab,11377,0.1,27875,0.014716737831018956,0.017907406264639703
SARS-CoV-2,ORF1ab,11386,0.5,139369,0.007764432942530976,0.009018990316131445
SARS-CoV-2,ORF1ab,11386,0.25,69684,0.010923146126413716,0.013109158393019337
SARS-CoV-2,ORF1ab,11386,0.1,27875,0.016587049831701083,0.021807129396190356
SARS-CoV-2,ORF1ab,11395,0.5,139370,0.007485737388531354,0.009329436358072164
SARS-CoV-2,ORF1ab,11395,0.25,69685,0.010133621345823114,0.012168838453158458
SARS-CoV-2,ORF1ab,11395,0.1,27875,0.01468909754071989,0.017576142723824607
SARS-CoV-2,ORF1ab,11404,0.5,139369,0.007808679236406504,0.00985755793771983
SARS-CoV-2,ORF1ab,11404,0.25,69685,0.010820016402289155,0.013403796429861807
SARS-CoV-2,ORF1ab,11404,0.1,27875,0.016655346851122334,0.02165792529807987
SARS-CoV-2,ORF1ab,11413,0.5,139369,0.007411785317314046,0.00962969561184003
SARS-CoV-2,ORF1ab,11413,0.25,69685,0.010460591716391202,0.012929949354627915
SARS-CoV-2,ORF1ab,11413,0.1,27875,0.015404083945852217,0.018385827083064188
SARS-CoV-2,ORF1ab,11422,0.5,139368,0.007068238287985263,0.008698251973837907
SARS-CoV-2,ORF1ab,11422,0.25,69684,0.009308998884698223,0.013122779149669481
SARS-CoV-2,ORF1ab,11422,0.1,27875,0.01344137063489523,0.01871183829253698
SARS-CoV-2,ORF1ab,11431,0.5,139369,0.007593524378108192,0.00965359301059041
SARS-CoV-2,ORF1ab,11431,0.25,69684,0.010500304015581314,0.0127256835797008
SARS-CoV-2,ORF1ab,11431,0.1,27875,0.015671840665112357,0.01944445621813555
SARS-CoV-2,ORF1ab,11440,0.5,139369,0.007018202531372565,0.008839866027922107
SARS-CoV-2,ORF1ab,11440,0.25,69684,0.009099246179361028,0.01128223077063693
SARS-CoV-2,ORF1ab,11440,0.1,27875,0.013345401817367103,0.0177446825323064
SARS-CoV-2,ORF1ab,11449,0.5,139369,0.0065141628560579775,0.008204255196288224
SARS-CoV-2,ORF1ab,11449,0.25,69685,0.008618648073642704,0.011098615281559336
SARS-CoV-2,ORF1ab,11449,0.1,27875,0.012040048999124676,0.01451346568885828
SARS-CoV-2,ORF1ab,11458,0.5,139369,0.00980131547906805,0.010933548564338907
SARS-CoV-2,ORF1ab,11458,0.25,69685,0.013629683913847468,0.015532332674879103
SARS-CoV-2,ORF1ab,11458,0.1,27875,0.020714406519166756,0.02434685088832354
SARS-CoV-2,ORF1ab,11467,0.5,139370,0.006994375959741458,0.008812490890910499
SARS-CoV-2,ORF1ab,11467,0.25,69685,0.00928732522713348,0.011499386315850733
SARS-CoV-2,ORF1ab,11467,0.1,27875,0.013173576964165448,0.01794527566772055
SARS-CoV-2,ORF1ab,11476,0.5,139368,0.007721420757715485,0.009435420062748329
SARS-CoV-2,ORF1ab,11476,0.25,69684,0.010698893276140674,0.012798648228867119
SARS-CoV-2,ORF1ab,11476,0.1,27875,0.016324936942154786,0.018955806037618515
SARS-CoV-2,ORF1ab,11485,0.5,139369,0.010377898223859861,0.01257529208647508
SARS-CoV-2,ORF1ab,11485,0.25,69685,0.01450366725546786,0.01729290072049498
SARS-CoV-2,ORF1ab,11485,0.1,27875,0.02253500700391989,0.02612063158174272
SARS-CoV-2,ORF1ab,11494,0.5,139370,0.007590233519440907,0.009608556436213177
SARS-CoV-2,ORF1ab,11494,0.25,69685,0.010295297714644944,0.012334269614743806
SARS-CoV-2,ORF1ab,11494,0.1,27875,0.015183624877961637,0.018174034449628784
SARS-CoV-2,ORF1ab,11503,0.5,139370,0.007515679544910524,0.00889252291653416
SARS-CoV-2,ORF1ab,11503,0.25,69685,0.010236200389113688,0.012553712740457593
SARS-CoV-2,ORF1ab,11503,0.1,27875,0.015359534622035348,0.020047420339227844
SARS-CoV-2,ORF1ab,11512,0.5,139369,0.0077485152773778395,0.009217234483048613
SARS-CoV-2,ORF1ab,11512,0.25,69685,0.010713251593186817,0.012775000917587358
SARS-CoV-2,ORF1ab,11512,0.1,27875,0.01661383803473935,0.020204219289188384
SARS-CoV-2,ORF1ab,11521,0.5,139369,0.00716963518632726,0.008805306917888205
SARS-CoV-2,ORF1ab,11521,0.25,69684,0.009607135610173533,0.011877112581750806
SARS-CoV-2,ORF1ab,11521,0.1,27875,0.013941793921797827,0.01712233740352473
SARS-CoV-2,ORF1ab,11530,0.5,139368,0.007427681596520757,0.009599095651744896
SARS-CoV-2,ORF1ab,11530,0.25,69684,0.010107596819084989,0.011963302822752465
SARS-CoV-2,ORF1ab,11530,0.1,27875,0.015188924530059017,0.017441837687660985
SARS-CoV-2,ORF1ab,11539,0.5,139369,0.0075757183411433735,0.009362177968143077
SARS-CoV-2,ORF1ab,11539,0.25,69685,0.010464696856649172,0.013191804500692775
SARS-CoV-2,ORF1ab,11539,0.1,27875,0.01555293711093917,0.019207628278510143
SARS-CoV-2,ORF1ab,11548,0.5,139368,0.00746372425083486,0.008649706996442401
SARS-CoV-2,ORF1ab,11548,0.25,69684,0.010202963142874511,0.014648094111328993
SARS-CoV-2,ORF1ab,11548,0.1,27875,0.015016149970939243,0.01844225870123775
SARS-CoV-2,ORF1ab,11557,0.5,139369,0.007744357385598409,0.009530231768354465
SARS-CoV-2,ORF1ab,11557,0.25,69685,0.0107516113700885,0.012211473838233832
SARS-CoV-2,ORF1ab,11557,0.1,27875,0.0164095116694933,0.02154101452888839
SARS-CoV-2,ORF1ab,11566,0.5,139370,0.007609761619968308,0.00969406131437161
SARS-CoV-2,ORF1ab,11566,0.25,69685,0.010492332207114118,0.013224000736442906
SARS-CoV-2,ORF1ab,11566,0.1,27875,0.01571982644569289,0.020797639301639463
SARS-CoV-2,ORF1ab,11575,0.5,139370,0.0072834659997283455,0.00934631889028184
SARS-CoV-2,ORF1ab,11575,0.25,69685,0.009923554289572605,0.012382979057291604
SARS-CoV-2,ORF1ab,11575,0.1,27875,0.014436494635701668,0.017001410984960767
SARS-CoV-2,ORF1ab,11584,0.5,139369,0.007257029254592065,0.008878776006018014
SARS-CoV-2,ORF1ab,11584,0.25,69684,0.009855255314074125,0.012086079931114652
SARS-CoV-2,ORF1ab,11584,0.1,27875,0.01400826605326469,0.0171536146117817
SARS-CoV-2,ORF1ab,11593,0.5,139370,0.00784571961893525,0.009110711035869086
SARS-CoV-2,ORF1ab,11593,0.25,69685,0.010809510696679165,0.013083125125295093
SARS-CoV-2,ORF1ab,11593,0.1,27875,0.016186986692822806,0.01870745495744493
SARS-CoV-2,ORF1ab,11602,0.5,139369,0.007238382897342714,0.008355706177865909
SARS-CoV-2,ORF1ab,11602,0.25,69684,0.009656282790004087,0.01198321336901156
SARS-CoV-2,ORF1ab,11602,0.1,27875,0.014103482874191296,0.016740883828380695
SARS-CoV-2,ORF1ab,11611,0.5,139369,0.007519637496501857,0.009169520354237822
SARS-CoV-2,ORF1ab,11611,0.25,69685,0.010179004156319593,0.01220438769958338
SARS-CoV-2,ORF1ab,11611,0.1,27875,0.014666526231932233,0.018889771629204823
SARS-CoV-2,ORF1ab,11620,0.5,139369,0.007619891529888669,0.009506093370305004
SARS-CoV-2,ORF1ab,11620,0.25,69685,0.010372315605736602,0.013123155886132736
SARS-CoV-2,ORF1ab,11620,0.1,27875,0.015359208929649398,0.020133762346535796
SARS-CoV-2,ORF1ab,11629,0.5,139370,0.007480881201185897,0.009046712973395618
SARS-CoV-2,ORF1ab,11629,0.25,69685,0.01057226618015713,0.013130371202215494
SARS-CoV-2,ORF1ab,11629,0.1,27875,0.01557185537163359,0.018949731598467395
SARS-CoV-2,ORF1ab,11638,0.5,139368,0.00694868701694091,0.008850665202887274
SARS-CoV-2,ORF1ab,11638,0.25,69684,0.009185174113874294,0.012172220232292764
SARS-CoV-2,ORF1ab,11638,0.1,27875,0.013172459367797795,0.016863943580446093
SARS-CoV-2,ORF1ab,11647,0.5,139369,0.007299249592640618,0.009750954976449278
SARS-CoV-2,ORF1ab,11647,0.25,69685,0.010014626090324434,0.012267451138176252
SARS-CoV-2,ORF1ab,11647,0.1,27875,0.014744512975650215,0.0185951451382525
SARS-CoV-2,ORF1ab,11656,0.5,139368,0.007126929972919348,0.008641703680947972
SARS-CoV-2,ORF1ab,11656,0.25,69684,0.00954435925528627,0.012487266925955776
SARS-CoV-2,ORF1ab,11656,0.1,27875,0.013415078800391323,0.018792067033842286
SARS-CoV-2,ORF1ab,11665,0.5,139370,0.007178688754354187,0.009069207578024496
SARS-CoV-2,ORF1ab,11665,0.25,69685,0.009936702000069353,0.012532015723804465
SARS-CoV-2,ORF1ab,11665,0.1,27875,0.014421739200128217,0.018009353657742862
SARS-CoV-2,ORF1ab,11674,0.5,139368,0.0075880920735008645,0.009392431794515656
SARS-CoV-2,ORF1ab,11674,0.25,69684,0.010475946149017224,0.012599629758885499
SARS-CoV-2,ORF1ab,11674,0.1,27875,0.01574489874701212,0.01969232835558635
SARS-CoV-2,ORF1ab,11683,0.5,139369,0.00768389127658937,0.00910730353014253
SARS-CoV-2,ORF1ab,11683,0.25,69685,0.010685544762502809,0.012739560046839998
SARS-CoV-2,ORF1ab,11683,0.1,27875,0.016224318247368908,0.020448407403193796
SARS-CoV-2,ORF1ab,11692,0.5,139368,0.007626857884192255,0.00925392265749263
SARS-CoV-2,ORF1ab,11692,0.25,69684,0.010648992434417826,0.012138859784081853
SARS-CoV-2,ORF1ab,11692,0.1,27875,0.016141213897568087,0.019887000218109314
SARS-CoV-2,ORF1ab,11701,0.5,139369,0.007321700836219319,0.009299413706855336
SARS-CoV-2,ORF1ab,11701,0.25,69684,0.009908740447535175,0.012139240516728001
SARS-CoV-2,ORF1ab,11701,0.1,27875,0.014106002984552625,0.01752389215834711
SARS-CoV-2,ORF1ab,11710,0.5,139368,0.007238258352370808,0.009047792636615959
SARS-CoV-2,ORF1ab,11710,0.25,69684,0.01001866287146888,0.012517140183622053
SARS-CoV-2,ORF1ab,11710,0.1,27875,0.014170255394751979,0.017143290368453926
SARS-CoV-2,ORF1ab,11719,0.5,139369,0.007451356742816438,0.008914924032404792
SARS-CoV-2,ORF1ab,11719,0.25,69684,0.009996955479269059,0.011788926100055849
SARS-CoV-2,ORF1ab,11719,0.1,27875,0.014320893003620033,0.018135867288934755
SARS-CoV-2,ORF1ab,11728,0.5,139368,0.006728197900427448,0.00963045342406873
SARS-CoV-2,ORF1ab,11728,0.25,69684,0.008860855610524231,0.010784105601826929
SARS-CoV-2,ORF1ab,11728,0.1,27875,0.012377528213382196,0.017023296320556745
SARS-CoV-2,ORF1ab,11737,0.5,139370,0.00776290615785488,0.009179169393731356
SARS-CoV-2,ORF1ab,11737,0.25,69685,0.01051037462843879,0.012641159015081302
SARS-CoV-2,ORF1ab,11737,0.1,27875,0.015819649703129903,0.01857956761019344
SARS-CoV-2,ORF1ab,11746,0.5,139369,0.007670228681635814,0.009592755894952591
SARS-CoV-2,ORF1ab,11746,0.25,69684,0.010302495127484795,0.012364904273650596
SARS-CoV-2,ORF1ab,11746,0.1,27875,0.015363311867894806,0.020503211781037076
SARS-CoV-2,ORF1ab,11755,0.5,139369,0.0077438002339464155,0.009293583474323512
SARS-CoV-2,ORF1ab,11755,0.25,69684,0.010763288038146522,0.014700097070750944
SARS-CoV-2,ORF1ab,11755,0.1,27875,0.016539000091485675,0.019962128508247506
SARS-CoV-2,ORF1ab,11764,0.5,139368,0.007658533030450614,0.009469559809312108
SARS-CoV-2,ORF1ab,11764,0.25,69684,0.010394527854975605,0.012037426471104617
SARS-CoV-2,ORF1ab,11764,0.1,27875,0.015244030149871192,0.018715448640919
SARS-CoV-2,ORF1ab,11773,0.5,139369,0.007634642591154447,0.009229133308536332
SARS-CoV-2,ORF1ab,11773,0.25,69684,0.010366350002609446,0.013164969070040389
SARS-CoV-2,ORF1ab,11773,0.1,27875,0.01601063938597326,0.019313200187531368
SARS-CoV-2,ORF1ab,11782,0.5,139369,0.007706557036196226,0.009237492529280501
SARS-CoV-2,ORF1ab,11782,0.25,69685,0.010905162309554392,0.01276827493545178
SARS-CoV-2,ORF1ab,11782,0.1,27875,0.01688886290847176,0.022553641283857753
SARS-CoV-2,ORF1ab,11791,0.5,139369,0.007218716822238563,0.008519090995287167
SARS-CoV-2,ORF1ab,11791,0.25,69685,0.009763495874786636,0.01219692236010607
SARS-CoV-2,ORF1ab,11791,0.1,27875,0.013857382440788909,0.017263997284225063
SARS-CoV-2,ORF1ab,11800,0.5,139368,0.0077211216605436875,0.009736763993922296
SARS-CoV-2,ORF1ab,11800,0.25,69684,0.010985927646056794,0.013377159884090632
SARS-CoV-2,ORF1ab,11800,0.1,27875,0.016515716155277232,0.021124443992252724
SARS-CoV-2,ORF1ab,11809,0.5,139370,0.0076938775603354334,0.00980650461547016
SARS-CoV-2,ORF1ab,11809,0.25,69685,0.010810922105444846,0.01345547820287387
SARS-CoV-2,ORF1ab,11809,0.1,27875,0.01623593812725751,0.020865249786194213
SARS-CoV-2,ORF1ab,11818,0.5,139369,0.007703931474845146,0.00937293293528206
SARS-CoV-2,ORF1ab,11818,0.25,69685,0.010696817343824395,0.014863287510380796
SARS-CoV-2,ORF1ab,11818,0.1,27875,0.016172721078849428,0.01956273249044564
SARS-CoV-2,ORF1ab,11827,0.5,139369,0.010096225018831952,0.011707734692359978
SARS-CoV-2,ORF1ab,11827,0.25,69684,0.013973905293237658,0.016080795591073314
SARS-CoV-2,ORF1ab,11827,0.1,27875,0.021425243134913206,0.025211794261589072
SARS-CoV-2,ORF1ab,11836,0.5,139370,0.007336777825312498,0.00886058435236101
SARS-CoV-2,ORF1ab,11836,0.25,69685,0.01037485796449108,0.012427726001512035
SARS-CoV-2,ORF1ab,11836,0.1,27875,0.014936389370410079,0.018493509124068382
SARS-CoV-2,ORF1ab,11845,0.5,139368,0.007718961971870934,0.009698029221699626
SARS-CoV-2,ORF1ab,11845,0.25,69684,0.011158405510726574,0.013687797756288669
SARS-CoV-2,ORF1ab,11845,0.1,27875,0.017253165767744032,0.021228056873070607
SARS-CoV-2,ORF1ab,11854,0.5,139369,0.007505415603479089,0.009651650250977454
SARS-CoV-2,ORF1ab,11854,0.25,69685,0.010315462507901711,0.012471152449178844
SARS-CoV-2,ORF1ab,11854,0.1,27875,0.015394464219296656,0.017936716662430532
SARS-CoV-2,ORF1ab,11863,0.5,139370,0.007575350937241931,0.009048744631733087
SARS-CoV-2,ORF1ab,11863,0.25,69685,0.010513121780871128,0.013255275677913392
SARS-CoV-2,ORF1ab,11863,0.1,27875,0.016144884350904824,0.020600405506850956
SARS-CoV-2,ORF1ab,11872,0.5,139370,0.007343590374499634,0.008990527004071259
SARS-CoV-2,ORF1ab,11872,0.25,69685,0.01008232078369085,0.011963620381229887
SARS-CoV-2,ORF1ab,11872,0.1,27875,0.01511948788736864,0.018716985347125542
SARS-CoV-2,ORF1ab,11881,0.5,139368,0.007422616237935686,0.008512094748297276
SARS-CoV-2,ORF1ab,11881,0.25,69684,0.010038594035835893,0.011701342786129321
SARS-CoV-2,ORF1ab,11881,0.1,27875,0.014780256973922025,0.021164293425437585
SARS-CoV-2,ORF1ab,11890,0.5,139369,0.010012753540058308,0.011946859637504347
SARS-CoV-2,ORF1ab,11890,0.25,69685,0.014303889196803378,0.016960154917879763
SARS-CoV-2,ORF1ab,11890,0.1,27875,0.022614235960004656,0.02667396794806818
SARS-CoV-2,ORF1ab,11899,0.5,139368,0.007408183952580162,0.008971493711462863
SARS-CoV-2,ORF1ab,11899,0.25,69684,0.010063248636382301,0.012061296163649343
SARS-CoV-2,ORF1ab,11899,0.1,27875,0.01432711861359878,0.019554395722094702
SARS-CoV-2,ORF1ab,11908,0.5,139369,0.007345931253212055,0.009920161884919919
SARS-CoV-2,ORF1ab,11908,0.25,69685,0.010239309357834115,0.013031325217362496
SARS-CoV-2,ORF1ab,11908,0.1,27875,0.015049929380885726,0.01994606667077427
SARS-CoV-2,ORF1ab,11917,0.5,139369,0.007738789595288671,0.00938328041601709
SARS-CoV-2,ORF1ab,11917,0.25,69685,0.010973952129762678,0.013011490268226004
SARS-CoV-2,ORF1ab,11917,0.1,27875,0.016565743634818393,0.02209317305606367
SARS-CoV-2,ORF1ab,11926,0.5,139370,0.007068625540074461,0.008008944580300936
SARS-CoV-2,ORF1ab,11926,0.25,69685,0.00953536815154458,0.011788457151053942
SARS-CoV-2,ORF1ab,11926,0.1,27875,0.013842290752925817,0.017972452483625747
SARS-CoV-2,ORF1ab,11935,0.5,139369,0.0071409442329990296,0.008795513079212369
SARS-CoV-2,ORF1ab,11935,0.25,69684,0.009305304798063112,0.012261788309723989
SARS-CoV-2,ORF1ab,11935,0.1,27875,0.013451989969041489,0.01672361690952712
SARS-CoV-2,ORF1ab,11944,0.5,139368,0.006974272516322002,0.008581635098398828
SARS-CoV-2,ORF1ab,11944,0.25,69684,0.00917983008473956,0.011688483253086334
SARS-CoV-2,ORF1ab,11944,0.1,27875,0.01317995671086379,0.01626189367245206
SARS-CoV-2,ORF1ab,11953,0.5,139369,0.007275104724480072,0.009170421636575174
SARS-CoV-2,ORF1ab,11953,0.25,69684,0.009985057011506291,0.01413839276650431
SARS-CoV-2,ORF1ab,11953,0.1,27875,0.013913227187628446,0.01728601759336002
SARS-CoV-2,ORF1ab,11962,0.5,139368,0.007257999883314186,0.009173133594502142
SARS-CoV-2,ORF1ab,11962,0.25,69684,0.009384203661171523,0.011275785381281937
SARS-CoV-2,ORF1ab,11962,0.1,27875,0.013579288087342567,0.018369774127765096
SARS-CoV-2,ORF1ab,11971,0.5,139369,0.007375067966902081,0.008483669829299368
SARS-CoV-2,ORF1ab,11971,0.25,69685,0.010077999712739759,0.013157835649058574
SARS-CoV-2,ORF1ab,11971,0.1,27875,0.014012412921640498,0.017947751677665463
SARS-CoV-2,ORF1ab,11980,0.5,139368,0.007332023183554273,0.009589390664368994
SARS-CoV-2,ORF1ab,11980,0.25,69684,0.009919339949923577,0.012378084002376012
SARS-CoV-2,ORF1ab,11980,0.1,27875,0.014639474719433443,0.017357635969039643
SARS-CoV-2,ORF1ab,11989,0.5,139368,0.006957604521304519,0.008672597798360574
SARS-CoV-2,ORF1ab,11989,0.25,69684,0.009077864853693605,0.011371802337163797
SARS-CoV-2,ORF1ab,11989,0.1,27875,0.012779240497883612,0.01613640195295831
SARS-CoV-2,ORF1ab,11998,0.5,139368,0.006936858418043489,0.008761944720210255
SARS-CoV-2,ORF1ab,11998,0.25,69684,0.009333453500521277,0.012062885645248546
SARS-CoV-2,ORF1ab,11998,0.1,27875,0.013144641578250458,0.015611215912175826
SARS-CoV-2,ORF1ab,12007,0.5,139369,0.007041660129882314,0.008794602149961105
SARS-CoV-2,ORF1ab,12007,0.25,69684,0.00942126846642109,0.011529012898752786
SARS-CoV-2,ORF1ab,12007,0.1,27875,0.013625070728059087,0.01665567977605302
SARS-CoV-2,ORF1ab,12016,0.5,139369,0.007004456340261911,0.009004030970781497
SARS-CoV-2,ORF1ab,12016,0.25,69684,0.009403321657045279,0.011586393685805479
SARS-CoV-2,ORF1ab,12016,0.1,27875,0.013477972879941999,0.016487712640915794
SARS-CoV-2,ORF1ab,12025,0.5,139370,0.007325944142443971,0.009291948923420851
SARS-CoV-2,ORF1ab,12025,0.25,69685,0.009979200945145695,0.012321148114767727
SARS-CoV-2,ORF1ab,12025,0.1,27875,0.014522367972995104,0.01841962988423423
SARS-CoV-2,ORF1ab,12034,0.5,139370,0.006916704549558331,0.008232632135818948
SARS-CoV-2,ORF1ab,12034,0.25,69685,0.009180819710067782,0.011778296764409755
SARS-CoV-2,ORF1ab,12034,0.1,27875,0.012588185199244095,0.017067452932967752
SARS-CoV-2,ORF1ab,12043,0.5,139369,0.007744472940497007,0.009586383316973607
SARS-CoV-2,ORF1ab,12043,0.25,69685,0.010873980085950787,0.012687257260889402
SARS-CoV-2,ORF1ab,12043,0.1,27875,0.016721599680040944,0.0212275808804431
SARS-CoV-2,ORF1ab,12052,0.5,139370,0.007654642945051954,0.009643381738889664
SARS-CoV-2,ORF1ab,12052,0.25,69685,0.010807391941412484,0.013208703109680331
SARS-CoV-2,ORF1ab,12052,0.1,27875,0.01625281506866415,0.019808729278444227
SARS-CoV-2,ORF1ab,12061,0.5,139369,0.007192317304195839,0.008786067836616689
SARS-CoV-2,ORF1ab,12061,0.25,69685,0.01003702205735435,0.012150620480207305
SARS-CoV-2,ORF1ab,12061,0.1,27875,0.01441970324877851,0.018212227157507747
SARS-CoV-2,ORF1ab,12070,0.5,139368,0.007041899177899486,0.009059400903676133
SARS-CoV-2,ORF1ab,12070,0.25,69684,0.009051676700671895,0.01098919013483512
SARS-CoV-2,ORF1ab,12070,0.1,27875,0.012734626067642132,0.018021631089341322
SARS-CoV-2,ORF1ab,12079,0.5,139369,0.006474285000739633,0.007914937123735534
SARS-CoV-2,ORF1ab,12079,0.25,69685,0.00844607024511867,0.011046498953620481
SARS-CoV-2,ORF1ab,12079,0.1,27875,0.01151672323442634,0.015444834017624944
SARS-CoV-2,ORF1ab,12088,0.5,139370,0.007881448746174479,0.009021939584341807
SARS-CoV-2,ORF1ab,12088,0.25,69685,0.010844828063268235,0.014056925460609925
SARS-CoV-2,ORF1ab,12088,0.1,27875,0.016829072274769496,0.021813435019865234
SARS-CoV-2,ORF1ab,12097,0.5,139370,0.0072841710051085575,0.009336046544108986
SARS-CoV-2,ORF1ab,12097,0.25,69685,0.010135729073369864,0.012090527737725239
SARS-CoV-2,ORF1ab,12097,0.1,27875,0.0148921862985099,0.01929011612312741
SARS-CoV-2,ORF1ab,12106,0.5,139369,0.007003737219867204,0.00807194876870143
SARS-CoV-2,ORF1ab,12106,0.25,69684,0.009349365219956078,0.011326745855278299
SARS-CoV-2,ORF1ab,12106,0.1,27875,0.013541115608749158,0.016260806110374563
SARS-CoV-2,ORF1ab,12115,0.5,139368,0.0075144927512080205,0.008765276553449185
SARS-CoV-2,ORF1ab,12115,0.25,69684,0.010315477332993107,0.01213614790736648
SARS-CoV-2,ORF1ab,12115,0.1,27875,0.0150463815458181,0.019850233572930632
SARS-CoV-2,ORF1ab,12124,0.5,139369,0.007202294229331949,0.009134503911463315
SARS-CoV-2,ORF1ab,12124,0.25,69685,0.009490222092037533,0.01153239540310481
SARS-CoV-2,ORF1ab,12124,0.1,27875,0.013837672289435617,0.019860030140966375
SARS-CoV-2,ORF1ab,12133,0.5,139369,0.007808532657099683,0.009330818742725707
SARS-CoV-2,ORF1ab,12133,0.25,69684,0.010863065927767045,0.013513416600532792
SARS-CoV-2,ORF1ab,12133,0.1,27875,0.016733176546176825,0.022088569050963035
SARS-CoV-2,ORF1ab,12142,0.5,139369,0.007667147359597943,0.009250106427783003
SARS-CoV-2,ORF1ab,12142,0.25,69684,0.010482392517399906,0.01207109859717059
SARS-CoV-2,ORF1ab,12142,0.1,27875,0.01607367335322254,0.019462318808927872
SARS-CoV-2,ORF1ab,12151,0.5,139369,0.00716852949682735,0.008536883255058247
SARS-CoV-2,ORF1ab,12151,0.25,69685,0.009659766257794059,0.011884986007746137
SARS-CoV-2,ORF1ab,12151,0.1,27875,0.01389445082960768,0.017437069411121605
SARS-CoV-2,ORF1ab,12160,0.5,139369,0.007530190778153313,0.009465220823949417
SARS-CoV-2,ORF1ab,12160,0.25,69685,0.010683622553342995,0.01343991386653912
SARS-CoV-2,ORF1ab,12160,0.1,27875,0.016059207559630636,0.020372588730578498
SARS-CoV-2,ORF1ab,12169,0.5,139368,0.007904064698184537,0.009563484533656005
SARS-CoV-2,ORF1ab,12169,0.25,69684,0.01094923892231428,0.013063382919256475
SARS-CoV-2,ORF1ab,12169,0.1,27875,0.01661384645460555,0.020361759516767355
SARS-CoV-2,ORF1ab,12178,0.5,139368,0.009798876820726441,0.01170400224666827
SARS-CoV-2,ORF1ab,12178,0.25,69684,0.013360646376619363,0.015889536393683627
SARS-CoV-2,ORF1ab,12178,0.1,27875,0.019667280672770893,0.023924158010500324
SARS-CoV-2,ORF1ab,12187,0.5,139370,0.007555820540396672,0.009095253639598802
SARS-CoV-2,ORF1ab,12187,0.25,69685,0.010777523444537921,0.013151674483441112
SARS-CoV-2,ORF1ab,12187,0.1,27875,0.016152268230626404,0.018205645436707045
SARS-CoV-2,ORF1ab,12196,0.5,139369,0.007542050006095649,0.009381566463851005
SARS-CoV-2,ORF1ab,12196,0.25,69685,0.010144221897513246,0.012074133754178899
SARS-CoV-2,ORF1ab,12196,0.1,27875,0.014873835990838599,0.01887547824311073
SARS-CoV-2,ORF1ab,12205,0.5,139368,0.007795413830223024,0.009617692379494789
SARS-CoV-2,ORF1ab,12205,0.25,69684,0.0106736120972109,0.01341885124843879
SARS-CoV-2,ORF1ab,12205,0.1,27875,0.0165978977993156,0.0214439908867048
SARS-CoV-2,ORF1ab,12214,0.5,139369,0.007701191825089136,0.00916381457253456
SARS-CoV-2,ORF1ab,12214,0.25,69684,0.010682213128521231,0.01338120588293778
SARS-CoV-2,ORF1ab,12214,0.1,27875,0.01603162597063799,0.019973042363918437
SARS-CoV-2,ORF1ab,12223,0.5,139369,0.007243091167000359,0.008838873679829908
SARS-CoV-2,ORF1ab,12223,0.25,69685,0.010198437113234905,0.013344476424813071
SARS-CoV-2,ORF1ab,12223,0.1,27875,0.01459544133322433,0.01929063054137225
SARS-CoV-2,ORF1ab,12232,0.5,139369,0.0072978419826045865,0.008635169203186318
SARS-CoV-2,ORF1ab,12232,0.25,69684,0.009750984579200515,0.011828528616470123
SARS-CoV-2,ORF1ab,12232,0.1,27875,0.013858284153231927,0.017395693121288237
SARS-CoV-2,ORF1ab,12241,0.5,139370,0.007680087875887839,0.009242885983202005
SARS-CoV-2,ORF1ab,12241,0.25,69685,0.010799630307660313,0.012849379877970355
SARS-CoV-2,ORF1ab,12241,0.1,27875,0.016380771668046478,0.019399349366393728
SARS-CoV-2,ORF1ab,12250,0.5,139368,0.00768739321548085,0.00972580852233335
SARS-CoV-2,ORF1ab,12250,0.25,69684,0.010401797742160832,0.012523974393312808
SARS-CoV-2,ORF1ab,12250,0.1,27875,0.015356794003885095,0.017925410620893707
SARS-CoV-2,ORF1ab,12259,0.5,139370,0.007724954204540076,0.009433205697774576
SARS-CoV-2,ORF1ab,12259,0.25,69685,0.011073711077249113,0.012329244534826395
SARS-CoV-2,ORF1ab,12259,0.1,27875,0.01705933214908865,0.021323178242801024
SARS-CoV-2,ORF1ab,12268,0.5,139369,0.0076436148837947535,0.008904049122207353
SARS-CoV-2,ORF1ab,12268,0.25,69685,0.010732242765926084,0.012623478533293042
SARS-CoV-2,ORF1ab,12268,0.1,27875,0.015757407666393428,0.020868499665633287
SARS-CoV-2,ORF1ab,12277,0.5,139369,0.007307575715396266,0.009768753068998695
SARS-CoV-2,ORF1ab,12277,0.25,69685,0.00993447870173804,0.012696637462410608
SARS-CoV-2,ORF1ab,12277,0.1,27875,0.014576911396532572,0.018247038761304527
SARS-CoV-2,ORF1ab,12286,0.5,139368,0.0077353761229246995,0.009149876111700463
SARS-CoV-2,ORF1ab,12286,0.25,69684,0.010490129964349686,0.012857200190081157
SARS-CoV-2,ORF1ab,12286,0.1,27875,0.01596318928165915,0.019101435942610073
SARS-CoV-2,ORF1ab,12295,0.5,139368,0.00700607369455004,0.008647670310929436
SARS-CoV-2,ORF1ab,12295,0.25,69684,0.009182800316367734,0.011342674197535985
SARS-CoV-2,ORF1ab,12295,0.1,27875,0.013191544671876469,0.016310406213309817
SARS-CoV-2,ORF1ab,12304,0.5,139369,0.0070969083144516165,0.008852241916061338
SARS-CoV-2,ORF1ab,12304,0.25,69684,0.009052330219321874,0.012647515772530867
SARS-CoV-2,ORF1ab,12304,0.1,27875,0.013135996444983688,0.015820234224412453
SARS-CoV-2,ORF1ab,12313,0.5,139369,0.007209656926817791,0.009228117349530945
SARS-CoV-2,ORF1ab,12313,0.25,69685,0.00958111786441222,0.012284210208105195
SARS-CoV-2,ORF1ab,12313,0.1,27875,0.013925959784416412,0.01927848194869484
SARS-CoV-2,ORF1ab,12322,0.5,139368,0.0070831780314940555,0.008530984479756858
SARS-CoV-2,ORF1ab,12322,0.25,69684,0.009378261952502923,0.011629465347708541
SARS-CoV-2,ORF1ab,12322,0.1,27875,0.01370682006810771,0.017256169239036553
SARS-CoV-2,ORF1ab,12331,0.5,139370,0.0075860970810398285,0.00923258476056488
SARS-CoV-2,ORF1ab,12331,0.25,69685,0.010315110529786002,0.011895746752969024
SARS-CoV-2,ORF1ab,12331,0.1,27875,0.015160335095284265,0.02029440086522835
SARS-CoV-2,ORF1ab,12340,0.5,139369,0.007185527970274903,0.008908704739821097
SARS-CoV-2,ORF1ab,12340,0.25,69684,0.009778171555872371,0.01212714511979661
SARS-CoV-2,ORF1ab,12340,0.1,27875,0.014039908967124141,0.017260234412359774
SARS-CoV-2,ORF1ab,12349,0.5,139369,0.010208020871259995,0.011891741771154261
SARS-CoV-2,ORF1ab,12349,0.25,69684,0.014335351972762186,0.01660534389595934
SARS-CoV-2,ORF1ab,12349,0.1,27875,0.021718801150597076,0.027551409969946934
SARS-CoV-2,ORF1ab,12358,0.5,139368,0.007446325371150202,0.008734674340197616
SARS-CoV-2,ORF1ab,12358,0.25,69684,0.010004326260973676,0.012420889184254465
SARS-CoV-2,ORF1ab,12358,0.1,27875,0.014808694187877341,0.020941326637386806
SARS-CoV-2,ORF1ab,12367,0.5,139369,0.007369995366600841,0.00870757632472192
SARS-CoV-2,ORF1ab,12367,0.25,69684,0.009958738033750709,0.012763501325831149
SARS-CoV-2,ORF1ab,12367,0.1,27875,0.014682709948788536,0.017756446794987554
SARS-CoV-2,ORF1ab,12376,0.5,139369,0.007406082955593196,0.009004150995915323
SARS-CoV-2,ORF1ab,12376,0.25,69685,0.009579818681420686,0.012056513017930051
SARS-CoV-2,ORF1ab,12376,0.1,27875,0.013712637803133643,0.016720139890490985
SARS-CoV-2,ORF1ab,12385,0.5,139370,0.007542814769934308,0.008845397621577048
SARS-CoV-2,ORF1ab,12385,0.25,69685,0.01056246665852695,0.012690109013952408
SARS-CoV-2,ORF1ab,12385,0.1,27875,0.01596942056892864,0.01957996483841984
SARS-CoV-2,ORF1ab,12394,0.5,139370,0.0077269725318947985,0.00962205301923589
SARS-CoV-2,ORF1ab,12394,0.25,69685,0.010822643921070471,0.013194719967496108
SARS-CoV-2,ORF1ab,12394,0.1,27875,0.016184331059073947,0.019806152519292276
SARS-CoV-2,ORF1ab,12403,0.5,139369,0.007453458801759934,0.009233891070861922
SARS-CoV-2,ORF1ab,12403,0.25,69685,0.01004719725557822,0.012785994719825812
SARS-CoV-2,ORF1ab,12403,0.1,27875,0.014164014564883575,0.0174131720835064
SARS-CoV-2,ORF1ab,12412,0.5,139368,0.007027793842056333,0.008759657184552978
SARS-CoV-2,ORF1ab,12412,0.25,69684,0.009395933139078348,0.011495906704923658
SARS-CoV-2,ORF1ab,12412,0.1,27875,0.013088355903310622,0.015571648061046866
SARS-CoV-2,ORF1ab,12421,0.5,139369,0.006719355855643952,0.008373097329553407
SARS-CoV-2,ORF1ab,12421,0.25,69685,0.008787278309455622,0.011006635793908977
SARS-CoV-2,ORF1ab,12421,0.1,27875,0.012217705741596916,0.015511678771006116
SARS-CoV-2,ORF1ab,12430,0.5,139369,0.007013495899923568,0.008864138006886534
SARS-CoV-2,ORF1ab,12430,0.25,69685,0.009186393612049914,0.011836621628122117
SARS-CoV-2,ORF1ab,12430,0.1,27875,0.013139274691627583,0.017740225184787795
SARS-CoV-2,ORF1ab,12439,0.5,139369,0.007872097452354693,0.009583494576546222
SARS-CoV-2,ORF1ab,12439,0.25,69685,0.0108929330891472,0.013084273481239521
SARS-CoV-2,ORF1ab,12439,0.1,27875,0.016597017339653786,0.019957659768269815
SARS-CoV-2,ORF1ab,12448,0.5,139369,0.0069896106911396935,0.008494689499433286
SARS-CoV-2,ORF1ab,12448,0.25,69685,0.009230808205086635,0.012338149647059884
SARS-CoV-2,ORF1ab,12448,0.1,27875,0.013071962949412876,0.015774037396870964
SARS-CoV-2,ORF1ab,12457,0.5,139369,0.007128202674332863,0.008983958835674233
SARS-CoV-2,ORF1ab,12457,0.25,69685,0.009441007604262882,0.010942011113507557
SARS-CoV-2,ORF1ab,12457,0.1,27875,0.013285078515338458,0.016418654931213868
SARS-CoV-2,ORF1ab,12466,0.5,139368,0.007516250350149539,0.009618569709865257
SARS-CoV-2,ORF1ab,12466,0.25,69684,0.010257690780374548,0.012753520505729976
SARS-CoV-2,ORF1ab,12466,0.1,27875,0.015839756050540544,0.019266034414869807
SARS-CoV-2,ORF1ab,12475,0.5,139368,0.007743677236109388,0.009373042567007063
SARS-CoV-2,ORF1ab,12475,0.25,69684,0.010876660788615725,0.01348120590722102
SARS-CoV-2,ORF1ab,12475,0.1,27875,0.01705646842952203,0.019071906228221018
SARS-CoV-2,ORF1ab,12484,0.5,139370,0.007592961493015939,0.009328744585805272
SARS-CoV-2,ORF1ab,12484,0.25,69685,0.010832933953216405,0.013041239004572984
SARS-CoV-2,ORF1ab,12484,0.1,27875,0.01625374443456977,0.019571773985088036
SARS-CoV-2,ORF1ab,12493,0.5,139368,0.007384605269268851,0.009468183904281984
SARS-CoV-2,ORF1ab,12493,0.25,69684,0.01030165222086421,0.012447936408214759
SARS-CoV-2,ORF1ab,12493,0.1,27875,0.01476313284083236,0.019316487882077807
SARS-CoV-2,ORF1ab,12502,0.5,139368,0.007874595261832141,0.009396635010590187
SARS-CoV-2,ORF1ab,12502,0.25,69684,0.010964394163389044,0.013699535600187513
SARS-CoV-2,ORF1ab,12502,0.1,27875,0.01641787907335611,0.019915958395882304
SARS-CoV-2,ORF1ab,12511,0.5,139370,0.01035893701825267,0.011655942151678273
SARS-CoV-2,ORF1ab,12511,0.25,69685,0.014564480188299561,0.017149691000519135
SARS-CoV-2,ORF1ab,12511,0.1,27875,0.022841264508674162,0.026367000231552307
SARS-CoV-2,ORF1ab,12520,0.5,139368,0.010235750783448301,0.01349506165551612
SARS-CoV-2,ORF1ab,12520,0.25,69684,0.014601449937829658,0.01782390631152953
SARS-CoV-2,ORF1ab,12520,0.1,27875,0.022206683662276613,0.025370123493395687
SARS-CoV-2,ORF1ab,12529,0.5,139369,0.007436357745408506,0.01017014303659114
SARS-CoV-2,ORF1ab,12529,0.25,69684,0.010125706059578448,0.013164458235910038
SARS-CoV-2,ORF1ab,12529,0.1,27875,0.014891529506599418,0.01681603488094282
SARS-CoV-2,ORF1ab,12538,0.5,139369,0.007775373479841887,0.009461311219632913
SARS-CoV-2,ORF1ab,12538,0.25,69685,0.010782221786021035,0.014121404276679562
SARS-CoV-2,ORF1ab,12538,0.1,27875,0.016975143356449923,0.020767686954282064
SARS-CoV-2,ORF1ab,12547,0.5,139369,0.010129044070625483,0.012075270847701014
SARS-CoV-2,ORF1ab,12547,0.25,69685,0.01385869047754212,0.01616979879233361
SARS-CoV-2,ORF1ab,12547,0.1,27875,0.021004477351894483,0.024469526185164712
SARS-CoV-2,ORF1ab,12556,0.5,139369,0.007571438515977479,0.009304437737165473
SARS-CoV-2,ORF1ab,12556,0.25,69685,0.010386444626900472,0.013280578599012854
SARS-CoV-2,ORF1ab,12556,0.1,27875,0.01590467339397015,0.018587869672763203
SARS-CoV-2,ORF1ab,12565,0.5,139369,0.007418419713040967,0.009176425622325023
SARS-CoV-2,ORF1ab,12565,0.25,69684,0.010269561178588802,0.013403940527080275
SARS-CoV-2,ORF1ab,12565,0.1,27875,0.01509019795646841,0.019273144419777424
SARS-CoV-2,ORF1ab,12574,0.5,139370,0.007377933702726528,0.008673711188155768
SARS-CoV-2,ORF1ab,12574,0.25,69685,0.010010089315363397,0.013940819911951292
SARS-CoV-2,ORF1ab,12574,0.1,27875,0.014111718872802794,0.01899056349959791
SARS-CoV-2,ORF1ab,12583,0.5,139368,0.007546754274667438,0.009399962319390638
SARS-CoV-2,ORF1ab,12583,0.25,69684,0.01035778788800061,0.013792057592911971
SARS-CoV-2,ORF1ab,12583,0.1,27875,0.015603547442692593,0.018677400506809
SARS-CoV-2,ORF1ab,12592,0.5,139369,0.006883603235874744,0.008948089784878946
SARS-CoV-2,ORF1ab,12592,0.25,69685,0.009166463177799497,0.011136216528271691
SARS-CoV-2,ORF1ab,12592,0.1,27875,0.013121252570285742,0.016673210618219136
SARS-CoV-2,ORF1ab,12601,0.5,139370,0.007045216484863621,0.00836074099998064
SARS-CoV-2,ORF1ab,12601,0.25,69685,0.009403114741856471,0.011232452828329902
SARS-CoV-2,ORF1ab,12601,0.1,27875,0.013162555999603994,0.016410800959207536
SARS-CoV-2,ORF1ab,12610,0.5,139369,0.012172331160824954,0.013743951243729922
SARS-CoV-2,ORF1ab,12610,0.25,69685,0.01707900275162874,0.01957676534998448
SARS-CoV-2,ORF1ab,12610,0.1,27875,0.02633868229770347,0.029027920088454066
SARS-CoV-2,ORF1ab,12619,0.5,139368,0.007587273356196347,0.00939016590281545
SARS-CoV-2,ORF1ab,12619,0.25,69684,0.010522613848835292,0.012702044223741776
SARS-CoV-2,ORF1ab,12619,0.1,27875,0.016332644236859196,0.021227060915572322
SARS-CoV-2,ORF1ab,12628,0.5,139369,0.007601590648225966,0.009200130541642211
SARS-CoV-2,ORF1ab,12628,0.25,69684,0.010018403370637077,0.011892991232855563
SARS-CoV-2,ORF1ab,12628,0.1,27875,0.014760566914382057,0.017721966942806946
SARS-CoV-2,ORF1ab,12637,0.5,139368,0.0065559921021915634,0.008923632295703136
SARS-CoV-2,ORF1ab,12637,0.25,69684,0.008620154199592492,0.011032829716228468
SARS-CoV-2,ORF1ab,12637,0.1,27875,0.01177650253122802,0.015262345596538046
SARS-CoV-2,ORF1ab,12646,0.5,139370,0.007523184378246992,0.010150124179460695
SARS-CoV-2,ORF1ab,12646,0.25,69685,0.010410576508433383,0.0133666724595064
SARS-CoV-2,ORF1ab,12646,0.1,27875,0.015417761217791443,0.018801727096342924
SARS-CoV-2,ORF1ab,12655,0.5,139369,0.007547383822956464,0.008987769928883635
SARS-CoV-2,ORF1ab,12655,0.25,69685,0.010264323204750793,0.012603415346897483
SARS-CoV-2,ORF1ab,12655,0.1,27875,0.015486275707777308,0.018975254401595476
SARS-CoV-2,ORF1ab,12664,0.5,139369,0.007699461866220272,0.00956750149013614
SARS-CoV-2,ORF1ab,12664,0.25,69685,0.01074616864065214,0.013584890364451013
SARS-CoV-2,ORF1ab,12664,0.1,27875,0.016759330151474343,0.022973905686204166
SARS-CoV-2,ORF1ab,12673,0.5,139370,0.007652467345446481,0.009791389591757233
SARS-CoV-2,ORF1ab,12673,0.25,69685,0.010679843321418303,0.014590461046180916
SARS-CoV-2,ORF1ab,12673,0.1,27875,0.016207641790743264,0.01972961652600167
SARS-CoV-2,ORF1ab,12682,0.5,139369,0.006766982449143022,0.008208459841381714
SARS-CoV-2,ORF1ab,12682,0.25,69685,0.008878489544101701,0.011543602979218484
SARS-CoV-2,ORF1ab,12682,0.1,27875,0.012555856284032404,0.01529019437066671
SARS-CoV-2,ORF1ab,12691,0.5,139370,0.006948343206687811,0.00849069078934172
SARS-CoV-2,ORF1ab,12691,0.25,69685,0.009338946134955764,0.012673568942432713
SARS-CoV-2,ORF1ab,12691,0.1,27875,0.012877190436182994,0.01671002499225485
SARS-CoV-2,ORF1ab,12700,0.5,139370,0.007865436872222827,0.009276305684887038
SARS-CoV-2,ORF1ab,12700,0.25,69685,0.011018278268052753,0.013068811215587648
SARS-CoV-2,ORF1ab,12700,0.1,27875,0.016750225616560692,0.020021277549248533
SARS-CoV-2,ORF1ab,12709,0.5,139369,0.007333213293439366,0.009027068495233917
SARS-CoV-2,ORF1ab,12709,0.25,69685,0.009751625963372184,0.011285849392266794
SARS-CoV-2,ORF1ab,12709,0.1,27875,0.01379444703450293,0.018029803641927085
SARS-CoV-2,ORF1ab,12718,0.5,139369,0.007475978878327759,0.00919111317542497
SARS-CoV-2,ORF1ab,12718,0.25,69685,0.010324720851748575,0.012265195105933725
SARS-CoV-2,ORF1ab,12718,0.1,27875,0.015184552776776739,0.019356998972452768
SARS-CoV-2,ORF1ab,12727,0.5,139370,0.006782540096475694,0.007907974676801691
SARS-CoV-2,ORF1ab,12727,0.25,69685,0.008890083965283468,0.012157105488329812
SARS-CoV-2,ORF1ab,12727,0.1,27875,0.012786962275868058,0.015957638873757153
SARS-CoV-2,ORF1ab,12736,0.5,139370,0.007448004995623099,0.008793139912379712
SARS-CoV-2,ORF1ab,12736,0.25,69685,0.01014308997913621,0.012418249982650485
SARS-CoV-2,ORF1ab,12736,0.1,27875,0.014949100567062066,0.01977402222759924
SARS-CoV-2,ORF1ab,12745,0.5,139369,0.007614624707864812,0.009358045853635167
SARS-CoV-2,ORF1ab,12745,0.25,69684,0.010306256161604825,0.013336630879160736
SARS-CoV-2,ORF1ab,12745,0.1,27875,0.015510919041470459,0.01937032578513447
SARS-CoV-2,ORF1ab,12754,0.5,139369,0.00805468774381544,0.009953051693699512
SARS-CoV-2,ORF1ab,12754,0.25,69684,0.010838443458509501,0.01420796599223159
SARS-CoV-2,ORF1ab,12754,0.1,27875,0.017065737233184292,0.020622491627806744
SARS-CoV-2,ORF1ab,12763,0.5,139369,0.007109740840504988,0.008156877434272198
SARS-CoV-2,ORF1ab,12763,0.25,69684,0.009484959102047977,0.011091411784560025
SARS-CoV-2,ORF1ab,12763,0.1,27875,0.013589501407934405,0.01722547877614884
SARS-CoV-2,ORF1ab,12772,0.5,139370,0.007443908366622859,0.009824888578466178
SARS-CoV-2,ORF1ab,12772,0.25,69685,0.010322523311312226,0.013372331925208786
SARS-CoV-2,ORF1ab,12772,0.1,27875,0.014932213374069563,0.017545800975549194
SARS-CoV-2,ORF1ab,12781,0.5,139369,0.00755709665944606,0.00865672376467446
SARS-CoV-2,ORF1ab,12781,0.25,69685,0.010283521876142166,0.013175870143862909
SARS-CoV-2,ORF1ab,12781,0.1,27875,0.015134026409655823,0.018534014830064855
SARS-CoV-2,ORF1ab,12790,0.5,139368,0.00754133585264196,0.00962039631982662
SARS-CoV-2,ORF1ab,12790,0.25,69684,0.010196555897433127,0.013214552550906668
SARS-CoV-2,ORF1ab,12790,0.1,27875,0.015435326688213201,0.01784046195048242
SARS-CoV-2,ORF1ab,12799,0.5,139369,0.007307872950132116,0.009192785880172775
SARS-CoV-2,ORF1ab,12799,0.25,69685,0.010080848633022355,0.012013438082016532
SARS-CoV-2,ORF1ab,12799,0.1,27875,0.014352149218099774,0.019404233673051084
SARS-CoV-2,ORF1ab,12808,0.5,139370,0.007168252560383379,0.009512249667987473
SARS-CoV-2,ORF1ab,12808,0.25,69685,0.009782440625596125,0.012090493469079254
SARS-CoV-2,ORF1ab,12808,0.1,27875,0.013892769283716102,0.017475136838356914
SARS-CoV-2,ORF1ab,12817,0.5,139370,0.007346562133421382,0.00881239638954031
SARS-CoV-2,ORF1ab,12817,0.25,69685,0.010353938271362943,0.012471506032213862
SARS-CoV-2,ORF1ab,12817,0.1,27875,0.0148463213141066,0.01926460545927241
SARS-CoV-2,ORF1ab,12826,0.5,139370,0.007067904228021238,0.008274565310609923
SARS-CoV-2,ORF1ab,12826,0.25,69685,0.00938004915681186,0.011358801290782592
SARS-CoV-2,ORF1ab,12826,0.1,27875,0.01368833914255278,0.017091200292102256
SARS-CoV-2,ORF1ab,12835,0.5,139368,0.007602168700364131,0.00920783195357507
SARS-CoV-2,ORF1ab,12835,0.25,69684,0.010181389618729872,0.012155820907164029
SARS-CoV-2,ORF1ab,12835,0.1,27875,0.015102913049817075,0.01880848735564327
SARS-CoV-2,ORF1ab,12844,0.5,139369,0.007815832842698567,0.01007986184186873
SARS-CoV-2,ORF1ab,12844,0.25,69684,0.01083964613234957,0.012966325360438022
SARS-CoV-2,ORF1ab,12844,0.1,27875,0.01654425648065975,0.019910038708437904
SARS-CoV-2,ORF1ab,12853,0.5,139370,0.01037291896695391,0.012421518625321211
SARS-CoV-2,ORF1ab,12853,0.25,69685,0.014602201058071867,0.01675012450960085
SARS-CoV-2,ORF1ab,12853,0.1,27875,0.022373856605249973,0.025424689461875073
SARS-CoV-2,ORF1ab,12862,0.5,139369,0.007467331700155757,0.008644120903986953
SARS-CoV-2,ORF1ab,12862,0.25,69684,0.010372034640086403,0.013038322280081085
SARS-CoV-2,ORF1ab,12862,0.1,27875,0.01505131565614208,0.01911901656102588
SARS-CoV-2,ORF1ab,12871,0.5,139369,0.007342939390418629,0.00916685716756918
SARS-CoV-2,ORF1ab,12871,0.25,69684,0.010333065361614418,0.01316099293670102
SARS-CoV-2,ORF1ab,12871,0.1,27875,0.014927793764660083,0.01807987218026486
SARS-CoV-2,ORF1ab,12880,0.5,139369,0.0067346084426626075,0.007903425051980696
SARS-CoV-2,ORF1ab,12880,0.25,69684,0.008890253429627949,0.011204383740833934
SARS-CoV-2,ORF1ab,12880,0.1,27875,0.012515758997476685,0.015516357931306148
SARS-CoV-2,ORF1ab,12889,0.5,139370,0.006459920356244205,0.007888745311152707
SARS-CoV-2,ORF1ab,12889,0.25,69685,0.008340856081375476,0.011233873758937437
SARS-CoV-2,ORF1ab,12889,0.1,27875,0.010842581032726069,0.014842541502898723
SARS-CoV-2,ORF1ab,12898,0.5,139369,0.0075305109605175126,0.010283414551851165
SARS-CoV-2,ORF1ab,12898,0.25,69684,0.010202641733938584,0.012360621586165438
SARS-CoV-2,ORF1ab,12898,0.1,27875,0.015541987003159561,0.02045961275854191
SARS-CoV-2,ORF1ab,12907,0.5,139369,0.0077581781198673575,0.009410882952040362
SARS-CoV-2,ORF1ab,12907,0.25,69685,0.010489481141760414,0.01258564706690706
SARS-CoV-2,ORF1ab,12907,0.1,27875,0.016069534586828575,0.019373542265222657
SARS-CoV-2,ORF1ab,12916,0.5,139368,0.007530948758663242,0.009938809085914806
SARS-CoV-2,ORF1ab,12916,0.25,69684,0.010233306496585569,0.012191969750231206
SARS-CoV-2,ORF1ab,12916,0.1,27875,0.015340235277136878,0.018198345122725
SARS-CoV-2,ORF1ab,12925,0.5,139368,0.01045606450082227,0.011686976037472027
SARS-CoV-2,ORF1ab,12925,0.25,69684,0.014420030399985314,0.016511708715283166
SARS-CoV-2,ORF1ab,12925,0.1,27875,0.02254265134447848,0.027272256579619226
SARS-CoV-2,ORF1ab,12934,0.5,139369,0.0075976181743153,0.00912418070222775
SARS-CoV-2,ORF1ab,12934,0.25,69684,0.010513848222383874,0.012022599954606836
SARS-CoV-2,ORF1ab,12934,0.1,27875,0.015870423968254003,0.018635269217329338
SARS-CoV-2,ORF1ab,12943,0.5,139370,0.007457714101529537,0.00919326210552755
SARS-CoV-2,ORF1ab,12943,0.25,69685,0.01032409953805943,0.012143450933621392
SARS-CoV-2,ORF1ab,12943,0.1,27875,0.01538259256582046,0.018676111994185597
SARS-CoV-2,ORF1ab,12952,0.5,139369,0.007457174947549381,0.009204323121466032
SARS-CoV-2,ORF1ab,12952,0.25,69685,0.009883799975329644,0.011451455835616171
SARS-CoV-2,ORF1ab,12952,0.1,27875,0.01441585129281858,0.018936774184545098
SARS-CoV-2,ORF1ab,12961,0.5,139368,0.0060896056002231,0.007826557388073911
SARS-CoV-2,ORF1ab,12961,0.25,69684,0.007676354634074818,0.010018893057686402
SARS-CoV-2,ORF1ab,12961,0.1,27875,0.01084899637276152,0.013879962641216976
SARS-CoV-2,ORF1ab,12970,0.5,139368,0.006972571930901817,0.008557169161081629
SARS-CoV-2,ORF1ab,12970,0.25,69684,0.009529454996050303,0.011576157229619933
SARS-CoV-2,ORF1ab,12970,0.1,27875,0.013203532195454623,0.018176208084672494
SARS-CoV-2,ORF1ab,12979,0.5,139368,0.007577155510678557,0.009561554902802251
SARS-CoV-2,ORF1ab,12979,0.25,69684,0.010130205470161885,0.01257799794331919
SARS-CoV-2,ORF1ab,12979,0.1,27875,0.015286485482101994,0.01826401399778799
SARS-CoV-2,ORF1ab,12988,0.5,139369,0.007496200999399371,0.009737925854445755
SARS-CoV-2,ORF1ab,12988,0.25,69685,0.010453381980417335,0.013027006816680668
SARS-CoV-2,ORF1ab,12988,0.1,27875,0.015702933246360722,0.018738948415545326
SARS-CoV-2,ORF1ab,12997,0.5,139368,0.0075619741088067075,0.009147321205564735
SARS-CoV-2,ORF1ab,12997,0.25,69684,0.010299232913765341,0.013374111411035368
SARS-CoV-2,ORF1ab,12997,0.1,27875,0.015268874817985802,0.021289887818478678
SARS-CoV-2,ORF1ab,13006,0.5,139369,0.007319644453187237,0.009281144886365613
SARS-CoV-2,ORF1ab,13006,0.25,69685,0.010065045574460986,0.012382854153898708
SARS-CoV-2,ORF1ab,13006,0.1,27875,0.014868523797495372,0.018576268417426336
SARS-CoV-2,ORF1ab,13015,0.5,139369,0.006624851727404797,0.008862945954722262
SARS-CoV-2,ORF1ab,13015,0.25,69685,0.008706597573774585,0.010683397612728572
SARS-CoV-2,ORF1ab,13015,0.1,27875,0.012198780420244184,0.015903631039971083
SARS-CoV-2,ORF1ab,13024,0.5,139369,0.007771311274378165,0.009201919191957756
SARS-CoV-2,ORF1ab,13024,0.25,69684,0.011052822082090826,0.012882732007417031
SARS-CoV-2,ORF1ab,13024,0.1,27875,0.01655857542209644,0.021554915233994467
SARS-CoV-2,ORF1ab,13033,0.5,139369,0.007146662741832107,0.008905000345201164
SARS-CoV-2,ORF1ab,13033,0.25,69685,0.009714379798386076,0.012017160302613251
SARS-CoV-2,ORF1ab,13033,0.1,27875,0.013836745120967643,0.017269580375750458
SARS-CoV-2,ORF1ab,13042,0.5,139370,0.007190539078186204,0.009113196584604322
SARS-CoV-2,ORF1ab,13042,0.25,69685,0.009687444560953294,0.012620685388015924
SARS-CoV-2,ORF1ab,13042,0.1,27875,0.013899345029349109,0.017930313908727635
SARS-CoV-2,ORF1ab,13051,0.5,139369,0.006333097972967501,0.008263981329014031
SARS-CoV-2,ORF1ab,13051,0.25,69684,0.008273685504661083,0.009934357473133038
SARS-CoV-2,ORF1ab,13051,0.1,27875,0.011056835275124063,0.015305888074626612
SARS-CoV-2,ORF1ab,13060,0.5,139369,0.0078054704436888115,0.009383951859241966
SARS-CoV-2,ORF1ab,13060,0.25,69684,0.010363004883903881,0.012281883859235175
SARS-CoV-2,ORF1ab,13060,0.1,27875,0.016430110492198734,0.019324869083027364
SARS-CoV-2,ORF1ab,13069,0.5,139369,0.010339305705446309,0.01274070828058579
SARS-CoV-2,ORF1ab,13069,0.25,69684,0.01428943329364927,0.017446409044949047
SARS-CoV-2,ORF1ab,13069,0.1,27875,0.02214187211484054,0.02526875242523323
SARS-CoV-2,ORF1ab,13078,0.5,139368,0.007439388822727625,0.00931898426098396
SARS-CoV-2,ORF1ab,13078,0.25,69684,0.010033189959927467,0.012963934218159662
SARS-CoV-2,ORF1ab,13078,0.1,27875,0.014903605653670132,0.01902801381583376
SARS-CoV-2,ORF1ab,13087,0.5,139370,0.007516355334811906,0.00963149967352547
SARS-CoV-2,ORF1ab,13087,0.25,69685,0.010146183167448019,0.012071442659402442
SARS-CoV-2,ORF1ab,13087,0.1,27875,0.015047764587605384,0.019281034726540063
SARS-CoV-2,ORF1ab,13096,0.5,139369,0.007411341304144993,0.009062812082500333
SARS-CoV-2,ORF1ab,13096,0.25,69685,0.00999080052180404,0.011660018947125
SARS-CoV-2,ORF1ab,13096,0.1,27875,0.014337582528233611,0.019880508143677613
SARS-CoV-2,ORF1ab,13105,0.5,139370,0.007641011874578128,0.009254952221641834
SARS-CoV-2,ORF1ab,13105,0.25,69685,0.010449965867481259,0.013436099616280683
SARS-CoV-2,ORF1ab,13105,0.1,27875,0.015998733015855485,0.01992069849581554
SARS-CoV-2,ORF1ab,13114,0.5,139370,0.007738328613384597,0.01028580563013705
SARS-CoV-2,ORF1ab,13114,0.25,69685,0.010917573452850216,0.012818323686363214
SARS-CoV-2,ORF1ab,13114,0.1,27875,0.016226566455259217,0.02066644871562628
SARS-CoV-2,ORF1ab,13123,0.5,139369,0.0072790893225636154,0.008353259740113266
SARS-CoV-2,ORF1ab,13123,0.25,69684,0.00965861847612255,0.011310422216058725
SARS-CoV-2,ORF1ab,13123,0.1,27875,0.013920927051190878,0.016763151289488652
SARS-CoV-2,ORF1ab,13132,0.5,139369,0.007571129183449708,0.009119373206974977
SARS-CoV-2,ORF1ab,13132,0.25,69684,0.010642996394058062,0.01402591256916174
SARS-CoV-2,ORF1ab,13132,0.1,27875,0.015817297263611647,0.019253171518468684
SARS-CoV-2,ORF1ab,13141,0.5,139369,0.00709866935554941,0.008319486720425802
SARS-CoV-2,ORF1ab,13141,0.25,69684,0.009379263288870622,0.01186658678882674
SARS-CoV-2,ORF1ab,13141,0.1,27875,0.013485368508042939,0.019017794552481995
SARS-CoV-2,ORF1ab,13150,0.5,139370,0.0074772709694994974,0.009532955268680181
SARS-CoV-2,ORF1ab,13150,0.25,69685,0.01057246248312404,0.013204123387977974
SARS-CoV-2,ORF1ab,13150,0.1,27875,0.01562995517139134,0.019156424799335322
SARS-CoV-2,ORF1ab,13159,0.5,139368,0.0078231817640012,0.009329919662078322
SARS-CoV-2,ORF1ab,13159,0.25,69684,0.010869447405808893,0.013659447677414486
SARS-CoV-2,ORF1ab,13159,0.1,27875,0.016816994684121185,0.02079431220760093
SARS-CoV-2,ORF1ab,13168,0.5,139368,0.007858651789355273,0.009853636727495703
SARS-CoV-2,ORF1ab,13168,0.25,69684,0.010881592031481724,0.013361458511609912
SARS-CoV-2,ORF1ab,13168,0.1,27875,0.01632829834820296,0.020439876351662986
SARS-CoV-2,ORF1ab,13177,0.5,139369,0.007305089097803623,0.009408895589073596
SARS-CoV-2,ORF1ab,13177,0.25,69684,0.009928899720931934,0.011413423762793199
SARS-CoV-2,ORF1ab,13177,0.1,27875,0.014410398506273214,0.019347920136404673
SARS-CoV-2,ORF1ab,13186,0.5,139370,0.007751617299203142,0.010183581715181148
SARS-CoV-2,ORF1ab,13186,0.25,69685,0.010748981235221817,0.01434319745197859
SARS-CoV-2,ORF1ab,13186,0.1,27875,0.016162784663206052,0.018757273123789574
SARS-CoV-2,ORF1ab,13195,0.5,139370,0.005475561918020122,0.007236571417572281
SARS-CoV-2,ORF1ab,13195,0.25,69685,0.0068585777014894605,0.008787474762312744
SARS-CoV-2,ORF1ab,13195,0.1,27875,0.009058135405957905,0.012743702220170867
SARS-CoV-2,ORF1ab,13204,0.5,139368,0.00702252568428131,0.009238162738601032
SARS-CoV-2,ORF1ab,13204,0.25,69684,0.009386821460097254,0.011984936376499554
SARS-CoV-2,ORF1ab,13204,0.1,27875,0.01314096102325409,0.01629585571258648
SARS-CoV-2,ORF1ab,13213,0.5,139368,0.00711188875268771,0.008591171964679144
SARS-CoV-2,ORF1ab,13213,0.25,69684,0.00955134047218045,0.011513322960550585
SARS-CoV-2,ORF1ab,13213,0.1,27875,0.013655331097862202,0.017760386125401116
SARS-CoV-2,ORF1ab,13222,0.5,139369,0.007514846958794282,0.009511220724577404
SARS-CoV-2,ORF1ab,13222,0.25,69684,0.010553755123762299,0.013104025740988264
SARS-CoV-2,ORF1ab,13222,0.1,27875,0.015886353032016073,0.021061350707464312
SARS-CoV-2,ORF1ab,13231,0.5,139369,0.007344537994574577,0.008715132548025601
SARS-CoV-2,ORF1ab,13231,0.25,69684,0.010073900956337036,0.012048690761652955
SARS-CoV-2,ORF1ab,13231,0.1,27875,0.014551091212700446,0.018873649893600894
SARS-CoV-2,ORF1ab,13240,0.5,139369,0.007317086066873909,0.0091588554965152
SARS-CoV-2,ORF1ab,13240,0.25,69685,0.009765136143628802,0.012438967483130347
SARS-CoV-2,ORF1ab,13240,0.1,27875,0.014107471379792468,0.018306088652294463
SARS-CoV-2,ORF1ab,13249,0.5,139368,0.007598673529919071,0.009857446653546898
SARS-CoV-2,ORF1ab,13249,0.25,69684,0.01051686415699962,0.012307399256219735
SARS-CoV-2,ORF1ab,13249,0.1,27875,0.01607066269418272,0.019414988629442777
SARS-CoV-2,ORF1ab,13258,0.5,139370,0.007047506217510057,0.008443072934701616
SARS-CoV-2,ORF1ab,13258,0.25,69685,0.009549917349259857,0.012254777159921501
SARS-CoV-2,ORF1ab,13258,0.1,27875,0.013464000855020137,0.016883169230104748
SARS-CoV-2,ORF1ab,13267,0.5,139369,0.009927054403802617,0.01165292383031979
SARS-CoV-2,ORF1ab,13267,0.25,69685,0.013383284158512759,0.016300081894853467
SARS-CoV-2,ORF1ab,13267,0.1,27875,0.01997454953893844,0.024415264369339145
SARS-CoV-2,ORF1ab,13276,0.5,139368,0.007058475880838408,0.008722621120835742
SARS-CoV-2,ORF1ab,13276,0.25,69684,0.009436607170282557,0.011416677386818643
SARS-CoV-2,ORF1ab,13276,0.1,27875,0.013502363518142012,0.019081715780838483
SARS-CoV-2,ORF1ab,13285,0.5,139368,0.007664904626459289,0.010310225824744109
SARS-CoV-2,ORF1ab,13285,0.25,69684,0.01068163482029996,0.0123893458306974
SARS-CoV-2,ORF1ab,13285,0.1,27875,0.01634464239657004,0.019759481268435696
SARS-CoV-2,ORF1ab,13294,0.5,139368,0.007581297753453553,0.00980655871791689
SARS-CoV-2,ORF1ab,13294,0.25,69684,0.010412970713166613,0.01342085623884067
SARS-CoV-2,ORF1ab,13294,0.1,27875,0.01577557270337901,0.018768907038884498
SARS-CoV-2,ORF1ab,13303,0.5,139370,0.0074853429708771745,0.009332786326482713
SARS-CoV-2,ORF1ab,13303,0.25,69685,0.00998578393846559,0.012098048354924909
SARS-CoV-2,ORF1ab,13303,0.1,27875,0.014623637110493836,0.017364762243666752
SARS-CoV-2,ORF1ab,13312,0.5,139369,0.007410443499162684,0.008951505650676839
SARS-CoV-2,ORF1ab,13312,0.25,69684,0.009830294330235866,0.01271800123121624
SARS-CoV-2,ORF1ab,13312,0.1,27875,0.015029450252196624,0.018763032383706267
SARS-CoV-2,ORF1ab,13321,0.5,139369,0.007457621204482402,0.00953860803228715
SARS-CoV-2,ORF1ab,13321,0.25,69684,0.010264284343735764,0.012290740690928618
SARS-CoV-2,ORF1ab,13321,0.1,27875,0.015162792330268177,0.019009903980557546
SARS-CoV-2,ORF1ab,13330,0.5,139370,0.007010666324065874,0.008759101483553798
SARS-CoV-2,ORF1ab,13330,0.25,69685,0.009435047913058216,0.012387778646128077
SARS-CoV-2,ORF1ab,13330,0.1,27875,0.01341943197468151,0.017371455173860233
SARS-CoV-2,ORF1ab,13339,0.5,139369,0.007452752423455629,0.009925136104822242
SARS-CoV-2,ORF1ab,13339,0.25,69684,0.010232139226604759,0.012263995972194863
SARS-CoV-2,ORF1ab,13339,0.1,27875,0.01492427328176913,0.017846821536308136
SARS-CoV-2,ORF1ab,13348,0.5,139369,0.007682631689502345,0.009258543341053563
SARS-CoV-2,ORF1ab,13348,0.25,69685,0.010703479939681513,0.013121885375608836
SARS-CoV-2,ORF1ab,13348,0.1,27875,0.01636482412653827,0.020029363348106462
SARS-CoV-2,ORF1ab,13357,0.5,139369,0.007628479705524304,0.009710975479946055
SARS-CoV-2,ORF1ab,13357,0.25,69685,0.010485963386275454,0.01217922073807863
SARS-CoV-2,ORF1ab,13357,0.1,27875,0.01568866170871766,0.020350704654951965
SARS-CoV-2,ORF1ab,13366,0.5,139369,0.006729483888853154,0.008641666541250126
SARS-CoV-2,ORF1ab,13366,0.25,69685,0.008838357163621469,0.010771842610147877
SARS-CoV-2,ORF1ab,13366,0.1,27875,0.012245646100495902,0.01683183430227443
SARS-CoV-2,ORF1ab,13375,0.5,139370,0.007491799778384896,0.010139345275393752
SARS-CoV-2,ORF1ab,13375,0.25,69685,0.010247236483996554,0.01276989742632187
SARS-CoV-2,ORF1ab,13375,0.1,27875,0.015572071845689784,0.01911617984706759
SARS-CoV-2,ORF1ab,13384,0.5,139370,0.007092334760734796,0.008911372954110956
SARS-CoV-2,ORF1ab,13384,0.25,69685,0.009397055911588598,0.011740697651201271
SARS-CoV-2,ORF1ab,13384,0.1,27875,0.013291501023623625,0.017707568984358345
SARS-CoV-2,ORF1ab,13393,0.5,139369,0.007905093053010303,0.009964831889661945
SARS-CoV-2,ORF1ab,13393,0.25,69684,0.010868777606952132,0.013309491110715993
SARS-CoV-2,ORF1ab,13393,0.1,27875,0.017273593572221253,0.021041865135177595
SARS-CoV-2,ORF1ab,13402,0.5,139369,0.007936916656129927,0.010210440862384493
SARS-CoV-2,ORF1ab,13402,0.25,69684,0.011144272406238418,0.013554932507322452
SARS-CoV-2,ORF1ab,13402,0.1,27875,0.0166731005905215,0.02004469199501912
SARS-CoV-2,ORF1ab,13411,0.5,139369,0.007786757856560942,0.011056379488236859
SARS-CoV-2,ORF1ab,13411,0.25,69685,0.011092100464085918,0.012831475549284713
SARS-CoV-2,ORF1ab,13411,0.1,27875,0.017152779963174252,0.02205299507642595
SARS-CoV-2,ORF1ab,13420,0.5,139369,0.007842797508585792,0.0092580638790693
SARS-CoV-2,ORF1ab,13420,0.25,69685,0.011181797508593345,0.013617171876381302
SARS-CoV-2,ORF1ab,13420,0.1,27875,0.0169896916099354,0.021679700816363445
SARS-CoV-2,ORF1ab,13429,0.5,139370,0.007543652260739894,0.009281331279867272
SARS-CoV-2,ORF1ab,13429,0.25,69685,0.010356486072639018,0.012952525370176606
SARS-CoV-2,ORF1ab,13429,0.1,27875,0.01575421777162363,0.018657861953841854
SARS-CoV-2,ORF1ab,13438,0.5,139368,0.0071385342536493795,0.008702158012702133
SARS-CoV-2,ORF1ab,13438,0.25,69684,0.009552068076296666,0.011648674077118766
SARS-CoV-2,ORF1ab,13438,0.1,27875,0.013758126668991828,0.017105092057993737
SARS-CoV-2,ORF1ab,13447,0.5,139370,0.010250319193862958,0.012220789755927023
SARS-CoV-2,ORF1ab,13447,0.25,69685,0.01449204798385653,0.017098662601788692
SARS-CoV-2,ORF1ab,13447,0.1,27875,0.022381326323189166,0.0263149005827386
SARS-CoV-2,ORF1ab,13456,0.5,139369,0.007764468941787526,0.010021836123815827
SARS-CoV-2,ORF1ab,13456,0.25,69685,0.010807097728256216,0.01504183375331505
SARS-CoV-2,ORF1ab,13456,0.1,27875,0.016201962402869422,0.020700231145290918
SARS-CoV-2,ORF1ab,13465,0.5,139368,0.007835625128008039,0.009475584840636013
SARS-CoV-2,ORF1ab,13465,0.25,69684,0.01087829109620771,0.013317800471913627
SARS-CoV-2,ORF1ab,13465,0.1,27875,0.01671420330506554,0.020378050054361434
SARS-CoV-2,ORF1ab,13474,0.5,139369,0.007612760618812716,0.009268924606556596
SARS-CoV-2,ORF1ab,13474,0.25,69685,0.01053188542235529,0.013393565620725816
SARS-CoV-2,ORF1ab,13474,0.1,27875,0.01592054214757343,0.02025401724007685
SARS-CoV-2,ORF1ab,13483,0.5,139370,0.007489733047794811,0.008766925685425298
SARS-CoV-2,ORF1ab,13483,0.25,69685,0.010320313277745201,0.01324848614867569
SARS-CoV-2,ORF1ab,13483,0.1,27875,0.01551077207706382,0.01926508160353639
SARS-CoV-2,ORF1ab,13492,0.5,139370,0.007729709776777564,0.009596983319453163
SARS-CoV-2,ORF1ab,13492,0.25,69685,0.010648437954935768,0.012445397546246606
SARS-CoV-2,ORF1ab,13492,0.1,27875,0.016030954588377222,0.020261603259592073
SARS-CoV-2,ORF1ab,13501,0.5,139368,0.007580061505107634,0.00904206386522957
SARS-CoV-2,ORF1ab,13501,0.25,69684,0.01052814519598326,0.013160132710006036
SARS-CoV-2,ORF1ab,13501,0.1,27875,0.01599217076895183,0.018757038328557255
SARS-CoV-2,ORF1ab,13510,0.5,139369,0.006984841064800891,0.009134949218740545
SARS-CoV-2,ORF1ab,13510,0.25,69684,0.009317048068458353,0.011038492757256572
SARS-CoV-2,ORF1ab,13510,0.1,27875,0.013567524756619253,0.017599836724093813
SARS-CoV-2,ORF1ab,13519,0.5,139368,0.007545551526560511,0.00963153593308703
SARS-CoV-2,ORF1ab,13519,0.25,69684,0.010395423019136959,0.012802679700889318
SARS-CoV-2,ORF1ab,13519,0.1,27875,0.015412017094133179,0.019256471791542964
SARS-CoV-2,ORF1ab,13528,0.5,139368,0.007134804347455772,0.008652659854222382
SARS-CoV-2,ORF1ab,13528,0.25,69684,0.009750676159138702,0.012072618223595582
SARS-CoV-2,ORF1ab,13528,0.1,27875,0.013987802278837037,0.016786591144665908
SARS-CoV-2,ORF1ab,13537,0.5,139369,0.007119983422591009,0.009290425732587164
SARS-CoV-2,ORF1ab,13537,0.25,69685,0.009371032650834082,0.011337246849626843
SARS-CoV-2,ORF1ab,13537,0.1,27875,0.013103338218123548,0.01653288515869384
SARS-CoV-2,ORF1ab,13546,0.5,139369,0.007560349073778558,0.009128672416400212
SARS-CoV-2,ORF1ab,13546,0.25,69685,0.010345199356056925,0.012711674337727859
SARS-CoV-2,ORF1ab,13546,0.1,27875,0.01553211358159295,0.01851451872475723
SARS-CoV-2,ORF1ab,13555,0.5,139368,0.0077039569922652765,0.009159453938506982
SARS-CoV-2,ORF1ab,13555,0.25,69684,0.01048019222470474,0.013820231541193021
SARS-CoV-2,ORF1ab,13555,0.1,27875,0.016116986080482846,0.0209207371446471
SARS-CoV-2,ORF1ab,13564,0.5,139368,0.007183494611044266,0.008932006753276782
SARS-CoV-2,ORF1ab,13564,0.25,69684,0.009813187058754917,0.012872979813812776
SARS-CoV-2,ORF1ab,13564,0.1,27875,0.013863155307247592,0.017447614002418118
SARS-CoV-2,ORF1ab,13573,0.5,139368,0.006863589556756918,0.008388441854277486
SARS-CoV-2,ORF1ab,13573,0.25,69684,0.009210064776171737,0.012038121131623288
SARS-CoV-2,ORF1ab,13573,0.1,27875,0.013001793262294037,0.015334632034462822
SARS-CoV-2,ORF1ab,13582,0.5,139369,0.007263361089422931,0.008734578891347487
SARS-CoV-2,ORF1ab,13582,0.25,69685,0.010193883419817435,0.013611436546609785
SARS-CoV-2,ORF1ab,13582,0.1,27875,0.014882516294939186,0.019391072292123064
SARS-CoV-2,ORF1ab,13591,0.5,139369,0.010182911882692007,0.01138884010605374
SARS-CoV-2,ORF1ab,13591,0.25,69684,0.014285011412759755,0.016906508569705703
SARS-CoV-2,ORF1ab,13591,0.1,27875,0.02188745887824607,0.02518008123382224
SARS-CoV-2,ORF1ab,13600,0.5,139370,0.006919542184377348,0.008810548446845
SARS-CoV-2,ORF1ab,13600,0.25,69685,0.00897157313058256,0.012662434102066378
SARS-CoV-2,ORF1ab,13600,0.1,27875,0.012606530276383757,0.01565371176481422
SARS-CoV-2,ORF1ab,13609,0.5,139368,0.007126675095498136,0.008896682575453967
SARS-CoV-2,ORF1ab,13609,0.25,69684,0.009616987554961246,0.011107608582733262
SARS-CoV-2,ORF1ab,13609,0.1,27875,0.013978791152630413,0.018207282520173364
SARS-CoV-2,ORF1ab,13618,0.5,139369,0.007526005011575982,0.00934294964334382
SARS-CoV-2,ORF1ab,13618,0.25,69685,0.010568003614232949,0.01292333537030327
SARS-CoV-2,ORF1ab,13618,0.1,27875,0.016225395190722382,0.019201057512679632
SARS-CoV-2,ORF1ab,13627,0.5,139369,0.0074164371323057815,0.008879538292398698
SARS-CoV-2,ORF1ab,13627,0.25,69684,0.009876582012842182,0.012621163943184802
SARS-CoV-2,ORF1ab,13627,0.1,27875,0.014179007209701451,0.017078353559283707
SARS-CoV-2,ORF1ab,13636,0.5,139370,0.007374954779805066,0.008759926050323342
SARS-CoV-2,ORF1ab,13636,0.25,69685,0.010046698899437337,0.011976421994022022
SARS-CoV-2,ORF1ab,13636,0.1,27875,0.014427235743964666,0.01752447365777571
SARS-CoV-2,ORF1ab,13645,0.5,139369,0.007250230678043455,0.008433269510498451
SARS-CoV-2,ORF1ab,13645,0.25,69684,0.009890504508611703,0.012631769441357422
SARS-CoV-2,ORF1ab,13645,0.1,27875,0.014548654358270805,0.017922497726001265
SARS-CoV-2,ORF1ab,13654,0.5,139370,0.007541331311639438,0.009548994671215158
SARS-CoV-2,ORF1ab,13654,0.25,69685,0.010590647073416089,0.012562217391880898
SARS-CoV-2,ORF1ab,13654,0.1,27875,0.015335969159335048,0.019806974746212947
SARS-CoV-2,ORF1ab,13663,0.5,139369,0.007164962055947731,0.008987867107951361
SARS-CoV-2,ORF1ab,13663,0.25,69684,0.00978258954838951,0.011927692764314391
SARS-CoV-2,ORF1ab,13663,0.1,27875,0.014023820477127602,0.01838048743878612
SARS-CoV-2,ORF1ab,13672,0.5,139368,0.007529123312511452,0.00894448342450017
SARS-CoV-2,ORF1ab,13672,0.25,69684,0.010490371218844212,0.013300339926876245
SARS-CoV-2,ORF1ab,13672,0.1,27875,0.01533163087036502,0.02003151388701647
SARS-CoV-2,ORF1ab,13681,0.5,139369,0.007504963835785308,0.009043363690444856
SARS-CoV-2,ORF1ab,13681,0.25,69685,0.010440423150563856,0.012656599695427132
SARS-CoV-2,ORF1ab,13681,0.1,27875,0.015583320906854834,0.019677287755436063
SARS-CoV-2,ORF1ab,13690,0.5,139369,0.007695520764619681,0.00959637045295844
SARS-CoV-2,ORF1ab,13690,0.25,69685,0.010413956562595791,0.013808242284723767
SARS-CoV-2,ORF1ab,13690,0.1,27875,0.016020653334505856,0.019525461194600625
SARS-CoV-2,ORF1ab,13699,0.5,139369,0.0075574927846910975,0.010258381698294008
SARS-CoV-2,ORF1ab,13699,0.25,69685,0.01056809834004391,0.012604675706998282
SARS-CoV-2,ORF1ab,13699,0.1,27875,0.01563330555625739,0.019724039396256582
SARS-CoV-2,ORF1ab,13708,0.5,139369,0.007596165996240522,0.00977028282293766
SARS-CoV-2,ORF1ab,13708,0.25,69685,0.010502489778813483,0.012440444383475158
SARS-CoV-2,ORF1ab,13708,0.1,27875,0.015453663892521959,0.01862260878048097
SARS-CoV-2,ORF1ab,13717,0.5,139368,0.007548368854756971,0.008774367028000584
SARS-CoV-2,ORF1ab,13717,0.25,69684,0.010321787548991825,0.012965481886715978
SARS-CoV-2,ORF1ab,13717,0.1,27875,0.014928834149534631,0.01834932196911365
SARS-CoV-2,ORF1ab,13726,0.5,139369,0.0075366181887528486,0.009135634149023793
SARS-CoV-2,ORF1ab,13726,0.25,69684,0.010553798837728605,0.012730008175730745
SARS-CoV-2,ORF1ab,13726,0.1,27875,0.015795270564229927,0.018384950338603864
SARS-CoV-2,ORF1ab,13735,0.5,139369,0.006732158683449098,0.008491237989705554
SARS-CoV-2,ORF1ab,13735,0.25,69685,0.008969043284191416,0.011287846755677256
SARS-CoV-2,ORF1ab,13735,0.1,27875,0.012762602891555095,0.01647287695137568
SARS-CoV-2,ORF1ab,13744,0.5,139370,0.007615337864070625,0.009284708078362127
SARS-CoV-2,ORF1ab,13744,0.25,69685,0.010431721482389264,0.012619520733176688
SARS-CoV-2,ORF1ab,13744,0.1,27875,0.015890694534107908,0.01955882773324758
SARS-CoV-2,ORF1ab,13753,0.5,139368,0.007348158607702968,0.00860236650253523
SARS-CoV-2,ORF1ab,13753,0.25,69684,0.010135045079622111,0.012374501946951943
SARS-CoV-2,ORF1ab,13753,0.1,27875,0.014654882435929686,0.018723237444050453
SARS-CoV-2,ORF1ab,13762,0.5,139368,0.007461376070610253,0.008811204142751265
SARS-CoV-2,ORF1ab,13762,0.25,69684,0.010080039490785979,0.012918246889989146
SARS-CoV-2,ORF1ab,13762,0.1,27875,0.014787281029804932,0.018725560125994
SARS-CoV-2,ORF1ab,13771,0.5,139370,0.007108845413950001,0.008092540183238376
SARS-CoV-2,ORF1ab,13771,0.25,69685,0.009481978830806238,0.0116819633035462
SARS-CoV-2,ORF1ab,13771,0.1,27875,0.013809788258617667,0.017889447113551293
SARS-CoV-2,ORF1ab,13780,0.5,139369,0.006776561117710686,0.00803908722365571
SARS-CoV-2,ORF1ab,13780,0.25,69685,0.009067601934765737,0.011144018977415284
SARS-CoV-2,ORF1ab,13780,0.1,27875,0.012643581656647751,0.01705097919053502
SARS-CoV-2,ORF1ab,13789,0.5,139370,0.007747486375274377,0.010018107707558824
SARS-CoV-2,ORF1ab,13789,0.25,69685,0.010919747072903564,0.014433971927744876
SARS-CoV-2,ORF1ab,13789,0.1,27875,0.016174072434963337,0.01886670425359839
SARS-CoV-2,ORF1ab,13798,0.5,139368,0.0072646283456635164,0.008662383634154934
SARS-CoV-2,ORF1ab,13798,0.25,69684,0.009646724950184628,0.01246255274955153
SARS-CoV-2,ORF1ab,13798,0.1,27875,0.01366954200932525,0.017784596437653493
SARS-CoV-2,ORF1ab,13807,0.5,139368,0.007071829311562816,0.00842498796413256
SARS-CoV-2,ORF1ab,13807,0.25,69684,0.009298876628467465,0.011300003772480655
SARS-CoV-2,ORF1ab,13807,0.1,27875,0.013133720676420716,0.016611061391496394
SARS-CoV-2,ORF1ab,13816,0.5,139370,0.007351172680181021,0.00954616456881343
SARS-CoV-2,ORF1ab,13816,0.25,69685,0.01024431502200793,0.012570311717496006
SARS-CoV-2,ORF1ab,13816,0.1,27875,0.015138152940915084,0.019183868224754153
SARS-CoV-2,ORF1ab,13825,0.5,139370,0.007342545990992016,0.00900661848579964
SARS-CoV-2,ORF1ab,13825,0.25,69685,0.010407362957387107,0.01231374898182665
SARS-CoV-2,ORF1ab,13825,0.1,27875,0.015237329307485876,0.01863759334811007
SARS-CoV-2,ORF1ab,13834,0.5,139369,0.007165270293373901,0.008826374251764187
SARS-CoV-2,ORF1ab,13834,0.25,69684,0.009518941115982525,0.011643258264338652
SARS-CoV-2,ORF1ab,13834,0.1,27875,0.013506113970309402,0.017781703085174308
SARS-CoV-2,ORF1ab,13843,0.5,139370,0.0073861855905211216,0.009272599313475806
SARS-CoV-2,ORF1ab,13843,0.25,69685,0.010153518862992185,0.012662470447916758
SARS-CoV-2,ORF1ab,13843,0.1,27875,0.014615834992956243,0.018543857110851783
SARS-CoV-2,ORF1ab,13852,0.5,139368,0.010449031519497932,0.012200288498075593
SARS-CoV-2,ORF1ab,13852,0.25,69684,0.014712645632851884,0.016811066748471132
SARS-CoV-2,ORF1ab,13852,0.1,27875,0.0230448344940232,0.025783135047334274
SARS-CoV-2,ORF1ab,13861,0.5,139370,0.0073034589369991324,0.008752573485479701
SARS-CoV-2,ORF1ab,13861,0.25,69685,0.010019969708406804,0.012541381398033447
SARS-CoV-2,ORF1ab,13861,0.1,27875,0.014259420068694672,0.017261404749787324
SARS-CoV-2,ORF1ab,13870,0.5,139368,0.006980443773652903,0.008678466060231118
SARS-CoV-2,ORF1ab,13870,0.25,69684,0.009051218086877177,0.011360148634307746
SARS-CoV-2,ORF1ab,13870,0.1,27875,0.012811446708124058,0.017617843151342818
SARS-CoV-2,ORF1ab,13879,0.5,139370,0.007087855819869337,0.008860478147020972
SARS-CoV-2,ORF1ab,13879,0.25,69685,0.009062555356230536,0.011289510840087653
SARS-CoV-2,ORF1ab,13879,0.1,27875,0.013013113073308403,0.017836504586261556
SARS-CoV-2,ORF1ab,13888,0.5,139369,0.0072856034553305,0.008532134123616732
SARS-CoV-2,ORF1ab,13888,0.25,69685,0.009890359859150518,0.012285929048538076
SARS-CoV-2,ORF1ab,13888,0.1,27875,0.014341719650842159,0.017382646924531953
SARS-CoV-2,ORF1ab,13897,0.5,139368,0.00699645075625909,0.009619534741700672
SARS-CoV-2,ORF1ab,13897,0.25,69684,0.00945831068669393,0.012614188693537757
SARS-CoV-2,ORF1ab,13897,0.1,27875,0.01316216163805088,0.01648103921279978
SARS-CoV-2,ORF1ab,13906,0.5,139369,0.007673724945396352,0.009419553104329676
SARS-CoV-2,ORF1ab,13906,0.25,69684,0.010684317879552712,0.013481545999147065
SARS-CoV-2,ORF1ab,13906,0.1,27875,0.015943605888441438,0.019274759464984453
SARS-CoV-2,ORF1ab,13915,0.5,139369,0.007859972469986232,0.009855784860015135
SARS-CoV-2,ORF1ab,13915,0.25,69684,0.010853999460458801,0.013737034243784167
SARS-CoV-2,ORF1ab,13915,0.1,27875,0.01674270140556483,0.019706750618918193
SARS-CoV-2,ORF1ab,13924,0.5,139369,0.0077121138879818795,0.00953063597032077
SARS-CoV-2,ORF1ab,13924,0.25,69685,0.010537435651885203,0.01493303091367584
SARS-CoV-2,ORF1ab,13924,0.1,27875,0.016180874230897372,0.020279943103412707
SARS-CoV-2,ORF1ab,13933,0.5,139369,0.007403280414146972,0.009369940942796572
SARS-CoV-2,ORF1ab,13933,0.25,69684,0.00994629190503633,0.012069552255273027
SARS-CoV-2,ORF1ab,13933,0.1,27875,0.014419111831518287,0.017344228794009247
SARS-CoV-2,ORF1ab,13942,0.5,139369,0.0076915694772604895,0.009436345217841742
SARS-CoV-2,ORF1ab,13942,0.25,69684,0.010656612292775293,0.012570422921853095
SARS-CoV-2,ORF1ab,13942,0.1,27875,0.01625418468244927,0.020629205873016487
SARS-CoV-2,ORF1ab,13951,0.5,139369,0.0076521076356609735,0.00984463371146587
SARS-CoV-2,ORF1ab,13951,0.25,69685,0.010653947249805175,0.012858071274584335
SARS-CoV-2,ORF1ab,13951,0.1,27875,0.015948416761660197,0.023066075842637347
SARS-CoV-2,ORF1ab,13960,0.5,139368,0.007465431122246915,0.008348445930294261
SARS-CoV-2,ORF1ab,13960,0.25,69684,0.010150620246453317,0.011853052954842028
SARS-CoV-2,ORF1ab,13960,0.1,27875,0.014372742878349123,0.018859870982004864
SARS-CoV-2,ORF1ab,13969,0.5,139368,0.007406821485874268,0.008485927100777087
SARS-CoV-2,ORF1ab,13969,0.25,69684,0.010133953590852654,0.011687632496715391
SARS-CoV-2,ORF1ab,13969,0.1,27875,0.01477276440675677,0.0189809508664593
SARS-CoV-2,ORF1ab,13978,0.5,139370,0.007460717406737459,0.00882711179285782
SARS-CoV-2,ORF1ab,13978,0.25,69685,0.010177393116211174,0.012392688746398942
SARS-CoV-2,ORF1ab,13978,0.1,27875,0.01476473589985641,0.01903794605576743
SARS-CoV-2,ORF1ab,13987,0.5,139369,0.010306562844586252,0.011971895456388796
SARS-CoV-2,ORF1ab,13987,0.25,69685,0.014289432084489533,0.01694689392160136
SARS-CoV-2,ORF1ab,13987,0.1,27875,0.021804752583852446,0.02535902008543893
SARS-CoV-2,ORF1ab,13996,0.5,139370,0.007557860482224775,0.009495347224254748
SARS-CoV-2,ORF1ab,13996,0.25,69685,0.010577748698845583,0.014283218399596866
SARS-CoV-2,ORF1ab,13996,0.1,27875,0.016470711109913536,0.02124155265454337
SARS-CoV-2,ORF1ab,14005,0.5,139370,0.006964183016554952,0.008397764319797206
SARS-CoV-2,ORF1ab,14005,0.25,69685,0.0092360696483279,0.011833870525850209
SARS-CoV-2,ORF1ab,14005,0.1,27875,0.013241012401658057,0.01673378004793979
SARS-CoV-2,ORF1ab,14014,0.5,139368,0.007228694365772403,0.00886644081202241
SARS-CoV-2,ORF1ab,14014,0.25,69684,0.009650965672444094,0.012112510155544643
SARS-CoV-2,ORF1ab,14014,0.1,27875,0.014048923635240495,0.018557820292837993
SARS-CoV-2,ORF1ab,14023,0.5,139370,0.007624226687309905,0.009485424584747363
SARS-CoV-2,ORF1ab,14023,0.25,69685,0.010599651422389418,0.012784603426585571
SARS-CoV-2,ORF1ab,14023,0.1,27875,0.016253016918201534,0.020054783884833005
SARS-CoV-2,ORF1ab,14032,0.5,139369,0.006329463580945012,0.008198215064097479
SARS-CoV-2,ORF1ab,14032,0.25,69684,0.00821985313448417,0.01076508227308254
SARS-CoV-2,ORF1ab,14032,0.1,27875,0.011910838461605271,0.015311090244005714
SARS-CoV-2,ORF1ab,14041,0.5,139369,0.007397802925997332,0.010206813271697236
SARS-CoV-2,ORF1ab,14041,0.25,69684,0.010443615732874474,0.012193020639145949
SARS-CoV-2,ORF1ab,14041,0.1,27875,0.015409394485111201,0.019794952673475117
SARS-CoV-2,ORF1ab,14050,0.5,139368,0.007646582361703623,0.009090862492710388
SARS-CoV-2,ORF1ab,14050,0.25,69684,0.010419075529982811,0.012606224277736267
SARS-CoV-2,ORF1ab,14050,0.1,27875,0.01581378282022556,0.01951299310541514
SARS-CoV-2,ORF1ab,14059,0.5,139369,0.00691513318868547,0.00861945899331871
SARS-CoV-2,ORF1ab,14059,0.25,69685,0.009083850096735704,0.011991666243541177
SARS-CoV-2,ORF1ab,14059,0.1,27875,0.012979263808054477,0.01842987529092351
SARS-CoV-2,ORF1ab,14068,0.5,139369,0.007393230479567447,0.009706416332770309
SARS-CoV-2,ORF1ab,14068,0.25,69684,0.010129948407035917,0.012479526895316747
SARS-CoV-2,ORF1ab,14068,0.1,27875,0.01474976013397959,0.017432409150346228
SARS-CoV-2,ORF1ab,14077,0.5,139369,0.007254738094154418,0.00854919613915884
SARS-CoV-2,ORF1ab,14077,0.25,69684,0.00999917714560408,0.011977095153996854
SARS-CoV-2,ORF1ab,14077,0.1,27875,0.014506104730055416,0.017297504301878833
SARS-CoV-2,ORF1ab,14086,0.5,139368,0.007471173706966826,0.008958463023507848
SARS-CoV-2,ORF1ab,14086,0.25,69684,0.010526405865060541,0.01308583692395189
SARS-CoV-2,ORF1ab,14086,0.1,27875,0.015854117653410632,0.019328472660785065
SARS-CoV-2,ORF1ab,14095,0.5,139369,0.007024806614513767,0.00839540633672258
SARS-CoV-2,ORF1ab,14095,0.25,69684,0.009246597908360606,0.011314860831772317
SARS-CoV-2,ORF1ab,14095,0.1,27875,0.013148614166774875,0.017020701572874143
SARS-CoV-2,ORF1ab,14104,0.5,139370,0.007443054833872593,0.008980503581003637
SARS-CoV-2,ORF1ab,14104,0.25,69685,0.010209040783272325,0.012140650043247651
SARS-CoV-2,ORF1ab,14104,0.1,27875,0.014855727026323895,0.01879391485459451
SARS-CoV-2,ORF1ab,14113,0.5,139370,0.006801149382695468,0.00808450198408421
SARS-CoV-2,ORF1ab,14113,0.25,69685,0.008993828412169303,0.012411687285712535
SARS-CoV-2,ORF1ab,14113,0.1,27875,0.012652748569972387,0.01633302766821637
SARS-CoV-2,ORF1ab,14122,0.5,139368,0.007428306810153055,0.009396389996412846
SARS-CoV-2,ORF1ab,14122,0.25,69684,0.010182241111960656,0.012330986859290486
SARS-CoV-2,ORF1ab,14122,0.1,27875,0.014501074160229327,0.01777863158130355
SARS-CoV-2,ORF1ab,14131,0.5,139369,0.007812014514913237,0.009823442744076543
SARS-CoV-2,ORF1ab,14131,0.25,69684,0.010740343992976315,0.012837354080984784
SARS-CoV-2,ORF1ab,14131,0.1,27875,0.016522137068646883,0.022729130688064172
SARS-CoV-2,ORF1ab,14140,0.5,139369,0.01014710700738751,0.011907357831245649
SARS-CoV-2,ORF1ab,14140,0.25,69685,0.014162051811468063,0.01605603157766894
SARS-CoV-2,ORF1ab,14140,0.1,27875,0.02142617172635938,0.025203184397371608
SARS-CoV-2,ORF1ab,14149,0.5,139368,0.006893016970180597,0.00813257100823033
SARS-CoV-2,ORF1ab,14149,0.25,69684,0.00924978898132556,0.011547581253035198
SARS-CoV-2,ORF1ab,14149,0.1,27875,0.013180778011420749,0.017093155044032676
SARS-CoV-2,ORF1ab,14158,0.5,139369,0.00742377127890847,0.009572443272036124
SARS-CoV-2,ORF1ab,14158,0.25,69685,0.010278661848238934,0.012568563767123982
SARS-CoV-2,ORF1ab,14158,0.1,27875,0.014986600503590096,0.020879458236463134
SARS-CoV-2,ORF1ab,14167,0.5,139369,0.006581478043757098,0.007870530809200655
SARS-CoV-2,ORF1ab,14167,0.25,69684,0.008643781201469407,0.012363682345770668
SARS-CoV-2,ORF1ab,14167,0.1,27875,0.01174283324459525,0.015032749135684717
SARS-CoV-2,ORF1ab,14176,0.5,139369,0.007351658228881432,0.00907982695227794
SARS-CoV-2,ORF1ab,14176,0.25,69685,0.010045540798203344,0.0121365292913851
SARS-CoV-2,ORF1ab,14176,0.1,27875,0.014273269009246295,0.020170689790051335
SARS-CoV-2,ORF1ab,14185,0.5,139369,0.007504015033611939,0.009724885680869119
SARS-CoV-2,ORF1ab,14185,0.25,69685,0.010258699628636443,0.012112286032361004
SARS-CoV-2,ORF1ab,14185,0.1,27875,0.014873893623430057,0.019199291118588237
SARS-CoV-2,ORF1ab,14194,0.5,139370,0.007278091805669814,0.008870041384817031
SARS-CoV-2,ORF1ab,14194,0.25,69685,0.009598150522640294,0.011736511433101879
SARS-CoV-2,ORF1ab,14194,0.1,27875,0.014066806418241607,0.016967735450818856
SARS-CoV-2,ORF1ab,14203,0.5,139370,0.007523667463766669,0.009542790271887699
SARS-CoV-2,ORF1ab,14203,0.25,69685,0.010381166069196222,0.012357056833360651
SARS-CoV-2,ORF1ab,14203,0.1,27875,0.01561715523636822,0.018133170963375835
SARS-CoV-2,ORF1ab,14212,0.5,139370,0.0076607518842526845,0.009040070700318962
SARS-CoV-2,ORF1ab,14212,0.25,69685,0.01073330753661513,0.013703494029181319
SARS-CoV-2,ORF1ab,14212,0.1,27875,0.015968446334369373,0.01929478303685377
SARS-CoV-2,ORF1ab,14221,0.5,139368,0.007612987534792943,0.00877115812392935
SARS-CoV-2,ORF1ab,14221,0.25,69684,0.010670366618123747,0.013187300625728968
SARS-CoV-2,ORF1ab,14221,0.1,27875,0.015884870040128066,0.01915957867430984
SARS-CoV-2,ORF1ab,14230,0.5,139369,0.007545752929355865,0.009022326851669114
SARS-CoV-2,ORF1ab,14230,0.25,69684,0.010449668153454246,0.01233672862785215
SARS-CoV-2,ORF1ab,14230,0.1,27875,0.015554884450536122,0.018259889259023027
SARS-CoV-2,ORF1ab,14239,0.5,139369,0.007618807530760221,0.009511594005891355
SARS-CoV-2,ORF1ab,14239,0.25,69685,0.010543659438824165,0.013739691451445893
SARS-CoV-2,ORF1ab,14239,0.1,27875,0.01571174567216391,0.019450228451628235
SARS-CoV-2,ORF1ab,14248,0.5,139368,0.007609309088178629,0.010318165938478518
SARS-CoV-2,ORF1ab,14248,0.25,69684,0.010537775252140362,0.012480429886811417
SARS-CoV-2,ORF1ab,14248,0.1,27875,0.01595548762317252,0.020384169695461182
SARS-CoV-2,ORF1ab,14257,0.5,139369,0.006618627165276379,0.008368707313346142
SARS-CoV-2,ORF1ab,14257,0.25,69684,0.008467624654326485,0.010550902352657342
SARS-CoV-2,ORF1ab,14257,0.1,27875,0.011840943752758258,0.014333325752435684
SARS-CoV-2,ORF1ab,14266,0.5,139369,0.006596528667948657,0.00806745375214125
SARS-CoV-2,ORF1ab,14266,0.25,69685,0.008892050928115557,0.010913070047431769
SARS-CoV-2,ORF1ab,14266,0.1,27875,0.012564881892358125,0.01502910527643214
SARS-CoV-2,ORF1ab,14275,0.5,139369,0.007322465708845308,0.009450222445419123
SARS-CoV-2,ORF1ab,14275,0.25,69685,0.009846793599089687,0.011810919526335426
SARS-CoV-2,ORF1ab,14275,0.1,27875,0.014156158729139504,0.017899457971265745
SARS-CoV-2,ORF1ab,14284,0.5,139369,0.007025562470175787,0.009153528080210336
SARS-CoV-2,ORF1ab,14284,0.25,69684,0.00922233023223455,0.011707208834599506
SARS-CoV-2,ORF1ab,14284,0.1,27875,0.013044199753545212,0.018554873207516642
SARS-CoV-2,ORF1ab,14293,0.5,139370,0.007298100094045542,0.009573941971347585
SARS-CoV-2,ORF1ab,14293,0.25,69685,0.00962004907315915,0.013261707254241759
SARS-CoV-2,ORF1ab,14293,0.1,27875,0.01380161024605031,0.018148772896275013
SARS-CoV-2,ORF1ab,14302,0.5,139369,0.007825647372262283,0.009109141114605278
SARS-CoV-2,ORF1ab,14302,0.25,69684,0.010566276585854139,0.012972619489902417
SARS-CoV-2,ORF1ab,14302,0.1,27875,0.016197283830562147,0.019893643734498777
SARS-CoV-2,ORF1ab,14311,0.5,139368,0.007506189747820206,0.00998415113876942
SARS-CoV-2,ORF1ab,14311,0.25,69684,0.010329120925015645,0.011952574924153797
SARS-CoV-2,ORF1ab,14311,0.1,27875,0.015464964316646993,0.01900564058298644
SARS-CoV-2,ORF1ab,14320,0.5,139370,0.0074427827786876476,0.00981888633068163
SARS-CoV-2,ORF1ab,14320,0.25,69685,0.010309281493474197,0.012960043962415806
SARS-CoV-2,ORF1ab,14320,0.1,27875,0.014972282237084697,0.018601378382885173
SARS-CoV-2,ORF1ab,14329,0.5,139370,0.007754776789291711,0.010069585651372961
SARS-CoV-2,ORF1ab,14329,0.25,69685,0.010987395489375386,0.012714824967453924
SARS-CoV-2,ORF1ab,14329,0.1,27875,0.016919692102417467,0.021707960287754135
SARS-CoV-2,ORF1ab,14338,0.5,139370,0.007270364520016262,0.008796814683369533
SARS-CoV-2,ORF1ab,14338,0.25,69685,0.00988068476260119,0.01113715540356795
SARS-CoV-2,ORF1ab,14338,0.1,27875,0.01378761625258034,0.018021950819893454
SARS-CoV-2,ORF1ab,14347,0.5,139368,0.007599763982040278,0.009993751288915723
SARS-CoV-2,ORF1ab,14347,0.25,69684,0.010324949653387233,0.012736970522247749
SARS-CoV-2,ORF1ab,14347,0.1,27875,0.01539598969862022,0.019258483020887295
SARS-CoV-2,ORF1ab,14356,0.5,139370,0.007645611839307332,0.009561181169139163
SARS-CoV-2,ORF1ab,14356,0.25,69685,0.01043339065061973,0.012702103592355882
SARS-CoV-2,ORF1ab,14356,0.1,27875,0.015610300997354942,0.020956415050255348
SARS-CoV-2,ORF1ab,14365,0.5,139370,0.0074102602868918255,0.009810428714397393
SARS-CoV-2,ORF1ab,14365,0.25,69685,0.01020632559658382,0.012142384980076314
SARS-CoV-2,ORF1ab,14365,0.1,27875,0.01471217102204302,0.01889915202603241
SARS-CoV-2,ORF1ab,14374,0.5,139369,0.007064880542197985,0.008629439844648595
SARS-CoV-2,ORF1ab,14374,0.25,69684,0.009410619627752704,0.012510843583475182
SARS-CoV-2,ORF1ab,14374,0.1,27875,0.013339413802803159,0.015826077065450667
SARS-CoV-2,ORF1ab,14383,0.5,139369,0.007766942126308507,0.009236883193077288
SARS-CoV-2,ORF1ab,14383,0.25,69684,0.010518483378749404,0.013687116018503295
SARS-CoV-2,ORF1ab,14383,0.1,27875,0.016284597228887473,0.020027779542077538
SARS-CoV-2,ORF1ab,14392,0.5,139369,0.006679797248270382,0.009036559799998818
SARS-CoV-2,ORF1ab,14392,0.25,69684,0.008639191156505063,0.010263542853192881
SARS-CoV-2,ORF1ab,14392,0.1,27875,0.011954716341925298,0.015325956824933004
SARS-CoV-2,ORF1ab,14401,0.5,139369,0.007404460564345791,0.009606582981523372
SARS-CoV-2,ORF1ab,14401,0.25,69684,0.010161243541001433,0.012445961686999964
SARS-CoV-2,ORF1ab,14401,0.1,27875,0.01460551210099711,0.01974403540810822
SARS-CoV-2,ORF1ab,14410,0.5,139369,0.00991427548745827,0.011584169961999706
SARS-CoV-2,ORF1ab,14410,0.25,69685,0.013858619405840465,0.016397866621646124
SARS-CoV-2,ORF1ab,14410,0.1,27875,0.020631294208345818,0.025049583648740267
SARS-CoV-2,ORF1ab,14419,0.5,139369,0.007269157822643269,0.009073229606538034
SARS-CoV-2,ORF1ab,14419,0.25,69684,0.009762714029809156,0.011834712037991874
SARS-CoV-2,ORF1ab,14419,0.1,27875,0.01421754575102489,0.018480689612304556
SARS-CoV-2,ORF1ab,14428,0.5,139369,0.007470039053251635,0.00975073879505683
SARS-CoV-2,ORF1ab,14428,0.25,69685,0.010513558286703776,0.012508136857215291
SARS-CoV-2,ORF1ab,14428,0.1,27875,0.01532103781261753,0.018738836275003164
SARS-CoV-2,ORF1ab,14437,0.5,139370,0.007279334803979978,0.00965372649023696
SARS-CoV-2,ORF1ab,14437,0.25,69685,0.010118506131145002,0.012152560103404486
SARS-CoV-2,ORF1ab,14437,0.1,27875,0.014708969726746063,0.018424826970708852
SARS-CoV-2,ORF1ab,14446,0.5,139369,0.007542719780248255,0.008762107131409059
SARS-CoV-2,ORF1ab,14446,0.25,69685,0.010389641546661348,0.012302750459944575
SARS-CoV-2,ORF1ab,14446,0.1,27875,0.015396895311551655,0.019103123432036073
SARS-CoV-2,ORF1ab,14455,0.5,139369,0.007753656218154279,0.009055625349574646
SARS-CoV-2,ORF1ab,14455,0.25,69685,0.011217944295792407,0.014905206288938882
SARS-CoV-2,ORF1ab,14455,0.1,27875,0.016792597916021352,0.020113980129003804
SARS-CoV-2,ORF1ab,14464,0.5,139369,0.007200911468576103,0.009227038959969177
SARS-CoV-2,ORF1ab,14464,0.25,69685,0.009717869066366562,0.011693550269289749
SARS-CoV-2,ORF1ab,14464,0.1,27875,0.013517688779601767,0.017294847844869145
SARS-CoV-2,ORF1ab,14473,0.5,139369,0.007441757010565886,0.009364860599493995
SARS-CoV-2,ORF1ab,14473,0.25,69684,0.010427525425149017,0.012022829880426642
SARS-CoV-2,ORF1ab,14473,0.1,27875,0.01514100379684871,0.01846227907590746
SARS-CoV-2,ORF1ab,14482,0.5,139369,0.00730879220813,0.009154526422692046
SARS-CoV-2,ORF1ab,14482,0.25,69685,0.00989019859472011,0.011767514878658375
SARS-CoV-2,ORF1ab,14482,0.1,27875,0.014345513840272094,0.01802762257471766
SARS-CoV-2,ORF1ab,14491,0.5,139368,0.00748375981172955,0.009865734668522972
SARS-CoV-2,ORF1ab,14491,0.25,69684,0.01022709266751003,0.012895016717014452
SARS-CoV-2,ORF1ab,14491,0.1,27875,0.015235279096976013,0.01940377925010197
SARS-CoV-2,ORF1ab,14500,0.5,139369,0.007493623227246696,0.009332655585954763
SARS-CoV-2,ORF1ab,14500,0.25,69684,0.01015451043827796,0.012191566510286593
SARS-CoV-2,ORF1ab,14500,0.1,27875,0.0150213898080378,0.019276471573565348
SARS-CoV-2,ORF1ab,14509,0.5,139370,0.0075245912012936785,0.00983741558116847
SARS-CoV-2,ORF1ab,14509,0.25,69685,0.010434026935631596,0.012242844038113425
SARS-CoV-2,ORF1ab,14509,0.1,27875,0.015066291482393569,0.019181153065567804
SARS-CoV-2,ORF1ab,14518,0.5,139369,0.007406175806846732,0.009166382767000133
SARS-CoV-2,ORF1ab,14518,0.25,69685,0.010392156542560134,0.01347188442184958
SARS-CoV-2,ORF1ab,14518,0.1,27875,0.015109415948609617,0.0204059512389906
SARS-CoV-2,ORF1ab,14527,0.5,139369,0.0074464275295312524,0.008680556936280894
SARS-CoV-2,ORF1ab,14527,0.25,69685,0.010138790541906398,0.013013718737609044
SARS-CoV-2,ORF1ab,14527,0.1,27875,0.015423362963087921,0.019383627379254722
SARS-CoV-2,ORF1ab,14536,0.5,139369,0.007662400411811637,0.0100876682462188
SARS-CoV-2,ORF1ab,14536,0.25,69685,0.010646742763564875,0.01274051981967918
SARS-CoV-2,ORF1ab,14536,0.1,27875,0.01627154377265485,0.019603406006982446
SARS-CoV-2,ORF1ab,14545,0.5,139369,0.007019528951625404,0.00831689440616488
SARS-CoV-2,ORF1ab,14545,0.25,69684,0.00926525484363913,0.011219030481307426
SARS-CoV-2,ORF1ab,14545,0.1,27875,0.013105250568635271,0.016508913035614824
SARS-CoV-2,ORF1ab,14554,0.5,139369,0.007464415151755948,0.00861639068553743
SARS-CoV-2,ORF1ab,14554,0.25,69685,0.009920294291582678,0.012328836746019159
SARS-CoV-2,ORF1ab,14554,0.1,27875,0.014612266468670889,0.0191337438511654
SARS-CoV-2,ORF1ab,14563,0.5,139369,0.007707762942527798,0.009196606035373698
SARS-CoV-2,ORF1ab,14563,0.25,69685,0.010661974583145151,0.014301945430576318
SARS-CoV-2,ORF1ab,14563,0.1,27875,0.01614728793326037,0.020616457658328157
SARS-CoV-2,ORF1ab,14572,0.5,139369,0.0073550295371880405,0.009701964642810637
SARS-CoV-2,ORF1ab,14572,0.25,69685,0.010085525987973923,0.012548679461669087
SARS-CoV-2,ORF1ab,14572,0.1,27875,0.014333732501700462,0.01866326729109594
SARS-CoV-2,ORF1ab,14581,0.5,139369,0.007481124561227263,0.009779639417477124
SARS-CoV-2,ORF1ab,14581,0.25,69685,0.010206295178263342,0.01320236992619948
SARS-CoV-2,ORF1ab,14581,0.1,27875,0.015092397500496436,0.0183513434458093
SARS-CoV-2,ORF1ab,14590,0.5,139369,0.007509914559131707,0.009727958682580418
SARS-CoV-2,ORF1ab,14590,0.25,69684,0.010451989400279063,0.012085572371925129
SARS-CoV-2,ORF1ab,14590,0.1,27875,0.015185395877661248,0.020427112774270173
SARS-CoV-2,ORF1ab,14599,0.5,139369,0.006795291530740293,0.008605151653435145
SARS-CoV-2,ORF1ab,14599,0.25,69684,0.00897330635234387,0.011142279349880926
SARS-CoV-2,ORF1ab,14599,0.1,27875,0.012715336280861706,0.01730466916209383
SARS-CoV-2,ORF1ab,14608,0.5,139369,0.007863836360498125,0.00961507023097849
SARS-CoV-2,ORF1ab,14608,0.25,69685,0.010740094633118667,0.012849933651168526
SARS-CoV-2,ORF1ab,14608,0.1,27875,0.016803512594928943,0.021289939685015906
SARS-CoV-2,ORF1ab,14617,0.5,139369,0.007449467496131498,0.009215509301423752
SARS-CoV-2,ORF1ab,14617,0.25,69684,0.010025726335602312,0.014215449638989037
SARS-CoV-2,ORF1ab,14617,0.1,27875,0.014780720227891913,0.02002807193057943
SARS-CoV-2,ORF1ab,14626,0.5,139368,0.007541932716764799,0.00972000439850952
SARS-CoV-2,ORF1ab,14626,0.25,69684,0.01030868472120802,0.01269535565450357
SARS-CoV-2,ORF1ab,14626,0.1,27875,0.015016625932204097,0.018183783634811147
SARS-CoV-2,ORF1ab,14635,0.5,139370,0.0072601966713335625,0.008723858600106136
SARS-CoV-2,ORF1ab,14635,0.25,69685,0.009633473450162425,0.011256205063011135
SARS-CoV-2,ORF1ab,14635,0.1,27875,0.01405095089644972,0.01731983322235129
SARS-CoV-2,ORF1ab,14644,0.5,139368,0.007584956680259225,0.009355995499509722
SARS-CoV-2,ORF1ab,14644,0.25,69684,0.010135368791078386,0.013610763669528264
SARS-CoV-2,ORF1ab,14644,0.1,27875,0.014846501463648387,0.01785344599051521
SARS-CoV-2,ORF1ab,14653,0.5,139370,0.007675767299296333,0.010087150235082873
SARS-CoV-2,ORF1ab,14653,0.25,69685,0.010890088443147755,0.013942492315257427
SARS-CoV-2,ORF1ab,14653,0.1,27875,0.016888062714588876,0.020097003636010163
SARS-CoV-2,ORF1ab,14662,0.5,139368,0.007672676044414826,0.010627754704335036
SARS-CoV-2,ORF1ab,14662,0.25,69684,0.010723057373518786,0.01339449534155935
SARS-CoV-2,ORF1ab,14662,0.1,27875,0.016057627134313177,0.02065679306246408
SARS-CoV-2,ORF1ab,14671,0.5,139369,0.007547638743427579,0.009609682447891081
SARS-CoV-2,ORF1ab,14671,0.25,69685,0.01037664821828423,0.013217318645084348
SARS-CoV-2,ORF1ab,14671,0.1,27875,0.015463829334037527,0.01868678422412805
SARS-CoV-2,ORF1ab,14680,0.5,139368,0.007639830854734992,0.009804534330347607
SARS-CoV-2,ORF1ab,14680,0.25,69684,0.010544465254290227,0.013101938358389747
SARS-CoV-2,ORF1ab,14680,0.1,27875,0.01601004364594514,0.01874585312474874
SARS-CoV-2,ORF1ab,14689,0.5,139368,0.007378599518510373,0.01036764791579786
SARS-CoV-2,ORF1ab,14689,0.25,69684,0.01001010464708882,0.012329029225753699
SARS-CoV-2,ORF1ab,14689,0.1,27875,0.014403390893011707,0.018185383285536087
SARS-CoV-2,ORF1ab,14698,0.5,139369,0.006941039837919934,0.008572384985479473
SARS-CoV-2,ORF1ab,14698,0.25,69685,0.009224182001567013,0.0110783555890286
SARS-CoV-2,ORF1ab,14698,0.1,27875,0.013114502907148634,0.01689954180889158
SARS-CoV-2,ORF1ab,14707,0.5,139369,0.007147614426633793,0.00876034356936994
SARS-CoV-2,ORF1ab,14707,0.25,69685,0.00943583112134573,0.011494125886087425
SARS-CoV-2,ORF1ab,14707,0.1,27875,0.013631374978673647,0.0175819132329697
SARS-CoV-2,ORF1ab,14716,0.5,139368,0.00713994845631824,0.008547113461403699
SARS-CoV-2,ORF1ab,14716,0.25,69684,0.009572852942919714,0.012107591749713325
SARS-CoV-2,ORF1ab,14716,0.1,27875,0.01344731907986538,0.018687532496999587
SARS-CoV-2,ORF1ab,14725,0.5,139370,0.007222895992205136,0.008856430273530707
SARS-CoV-2,ORF1ab,14725,0.25,69685,0.00964585339278841,0.012416796237920965
SARS-CoV-2,ORF1ab,14725,0.1,27875,0.01370075077702949,0.017805307374395615
SARS-CoV-2,ORF1ab,14734,0.5,139370,0.007480389672538916,0.009803371903163542
SARS-CoV-2,ORF1ab,14734,0.25,69685,0.01007114986985051,0.012142312421489606
SARS-CoV-2,ORF1ab,14734,0.1,27875,0.014370076854232056,0.017373109836285552
SARS-CoV-2,ORF1ab,14743,0.5,139370,0.007556132319800981,0.010520144505722692
SARS-CoV-2,ORF1ab,14743,0.25,69685,0.010362582379122512,0.012539087175303967
SARS-CoV-2,ORF1ab,14743,0.1,27875,0.015674165610060173,0.018638953510613936
SARS-CoV-2,ORF1ab,14752,0.5,139369,0.007562471219681556,0.008750211266525781
SARS-CoV-2,ORF1ab,14752,0.25,69684,0.010575679032658852,0.01276563001726592
SARS-CoV-2,ORF1ab,14752,0.1,27875,0.016197441769804668,0.019630582389351923
SARS-CoV-2,ORF1ab,14761,0.5,139369,0.007795998358654972,0.009132089757486167
SARS-CoV-2,ORF1ab,14761,0.25,69685,0.010608248314470001,0.012405909059438985
SARS-CoV-2,ORF1ab,14761,0.1,27875,0.016452062976017513,0.019850030738370817
SARS-CoV-2,ORF1ab,14770,0.5,139369,0.007142220630175182,0.008706447996597564
SARS-CoV-2,ORF1ab,14770,0.25,69684,0.009725545869622869,0.011437344780136013
SARS-CoV-2,ORF1ab,14770,0.1,27875,0.013650946938561247,0.01877373767030799
SARS-CoV-2,ORF1ab,14779,0.5,139370,0.007669332435698968,0.00932909288144291
SARS-CoV-2,ORF1ab,14779,0.25,69685,0.010417054583987473,0.013419273814494244
SARS-CoV-2,ORF1ab,14779,0.1,27875,0.015618002109675115,0.0190276091940275
SARS-CoV-2,ORF1ab,14788,0.5,139369,0.006701938696661574,0.00892072855476652
SARS-CoV-2,ORF1ab,14788,0.25,69685,0.009014905839360482,0.010885442049280498
SARS-CoV-2,ORF1ab,14788,0.1,27875,0.012306305469382087,0.016162634651508703
SARS-CoV-2,ORF1ab,14797,0.5,139369,0.00660049165441742,0.00839442842851164
SARS-CoV-2,ORF1ab,14797,0.25,69685,0.008784887585448804,0.010977133649798531
SARS-CoV-2,ORF1ab,14797,0.1,27875,0.012313192946634686,0.01612501758776703
SARS-CoV-2,ORF1ab,14806,0.5,139370,0.006724323097685933,0.009655708264237131
SARS-CoV-2,ORF1ab,14806,0.25,69685,0.008829765929627835,0.0116598070924941
SARS-CoV-2,ORF1ab,14806,0.1,27875,0.0126024995298596,0.017408140551900868
SARS-CoV-2,ORF1ab,14815,0.5,139369,0.007508470083711011,0.008864271268573122
SARS-CoV-2,ORF1ab,14815,0.25,69685,0.010144360832608838,0.012315853223242175
SARS-CoV-2,ORF1ab,14815,0.1,27875,0.015224071627280258,0.020439586265991638
SARS-CoV-2,ORF1ab,14824,0.5,139368,0.007574792980426723,0.009024367582668197
SARS-CoV-2,ORF1ab,14824,0.25,69684,0.010904418463831923,0.013584904675476347
SARS-CoV-2,ORF1ab,14824,0.1,27875,0.017491178156851812,0.021857569162310637
SARS-CoV-2,ORF1ab,14833,0.5,139368,0.007347074136784279,0.008571709552341846
SARS-CoV-2,ORF1ab,14833,0.25,69684,0.010030446697269851,0.011965879408906968
SARS-CoV-2,ORF1ab,14833,0.1,27875,0.014472297575410626,0.019253497333766762
SARS-CoV-2,ORF1ab,14842,0.5,139370,0.007248567144050109,0.009369396224743256
SARS-CoV-2,ORF1ab,14842,0.25,69685,0.010010936778319168,0.012047917201666552
SARS-CoV-2,ORF1ab,14842,0.1,27875,0.013962197542455881,0.018010064941131346
SARS-CoV-2,ORF1ab,14851,0.5,139369,0.007034865425451446,0.00831299618635413
SARS-CoV-2,ORF1ab,14851,0.25,69685,0.009461274173013956,0.01146369575663154
SARS-CoV-2,ORF1ab,14851,0.1,27875,0.013432257456743344,0.018046852035335396
SARS-CoV-2,ORF1ab,14860,0.5,139368,0.006815155423630102,0.008051669813034873
SARS-CoV-2,ORF1ab,14860,0.25,69684,0.008923987977352017,0.010935503907533813
SARS-CoV-2,ORF1ab,14860,0.1,27875,0.01241004300248774,0.01641641777114669
SARS-CoV-2,ORF1ab,14869,0.5,139370,0.0073972710318567355,0.008878014379393551
SARS-CoV-2,ORF1ab,14869,0.25,69685,0.010221279757484368,0.012329822338488889
SARS-CoV-2,ORF1ab,14869,0.1,27875,0.015286235343167618,0.01888323649047455
SARS-CoV-2,ORF1ab,14878,0.5,139370,0.006875935899070501,0.008866014933068399
SARS-CoV-2,ORF1ab,14878,0.25,69685,0.009224093491432116,0.01135636266321987
SARS-CoV-2,ORF1ab,14878,0.1,27875,0.012992366718896737,0.01649449787019638
SARS-CoV-2,ORF1ab,14887,0.5,139368,0.006991859070662021,0.008810171006664758
SARS-CoV-2,ORF1ab,14887,0.25,69684,0.00930322384149587,0.010867414298921308
SARS-CoV-2,ORF1ab,14887,0.1,27875,0.013504115046002836,0.016542559701155295
SARS-CoV-2,ORF1ab,14896,0.5,139368,0.00700060390255409,0.008730803661198697
SARS-CoV-2,ORF1ab,14896,0.25,69684,0.009173537162066998,0.012279443099742533
SARS-CoV-2,ORF1ab,14896,0.1,27875,0.013215298942272921,0.016995798775080694
SARS-CoV-2,ORF1ab,14905,0.5,139369,0.0069519645813532,0.008798639637766547
SARS-CoV-2,ORF1ab,14905,0.25,69684,0.009076607911327868,0.011952848145768516
SARS-CoV-2,ORF1ab,14905,0.1,27875,0.0125900157149041,0.01644356128313299
SARS-CoV-2,ORF1ab,14914,0.5,139369,0.00736466543166274,0.009015131568479584
SARS-CoV-2,ORF1ab,14914,0.25,69685,0.010057623054427891,0.012034072072320654
SARS-CoV-2,ORF1ab,14914,0.1,27875,0.014605739348203788,0.01885436871606426
SARS-CoV-2,ORF1ab,14923,0.5,139370,0.007111798578273801,0.008714736935643367
SARS-CoV-2,ORF1ab,14923,0.25,69685,0.009626904023272221,0.012559612530316705
SARS-CoV-2,ORF1ab,14923,0.1,27875,0.013845241275485488,0.01699198062247756
SARS-CoV-2,ORF1ab,14932,0.5,139369,0.007362080427002004,0.008728715031759478
SARS-CoV-2,ORF1ab,14932,0.25,69684,0.010087194306655903,0.01262283610086029
SARS-CoV-2,ORF1ab,14932,0.1,27875,0.01425552682147241,0.016942694626815007
SARS-CoV-2,ORF1ab,14941,0.5,139369,0.007230402214854733,0.008517573436552153
SARS-CoV-2,ORF1ab,14941,0.25,69684,0.009869046298895802,0.012356787872729461
SARS-CoV-2,ORF1ab,14941,0.1,27875,0.014050544412610097,0.0188850585634412
SARS-CoV-2,ORF1ab,14950,0.5,139370,0.007670637980128853,0.009485047289869354
SARS-CoV-2,ORF1ab,14950,0.25,69685,0.01067303004732374,0.01305483070920535
SARS-CoV-2,ORF1ab,14950,0.1,27875,0.01602242318158104,0.020109635076748622
SARS-CoV-2,ORF1ab,14959,0.5,139369,0.007482489974960682,0.009545287662166283
SARS-CoV-2,ORF1ab,14959,0.25,69684,0.010188155802454716,0.012181305220067136
SARS-CoV-2,ORF1ab,14959,0.1,27875,0.014789762837657122,0.01888191664349306
SARS-CoV-2,ORF1ab,14968,0.5,139369,0.010415309260844772,0.011909344369287932
SARS-CoV-2,ORF1ab,14968,0.25,69685,0.014590553597639779,0.017497647097125583
SARS-CoV-2,ORF1ab,14968,0.1,27875,0.022920657929785426,0.02504760375007013
SARS-CoV-2,ORF1ab,14977,0.5,139368,0.007719955214800581,0.009606108712177944
SARS-CoV-2,ORF1ab,14977,0.25,69684,0.010813597580796294,0.013631473576328722
SARS-CoV-2,ORF1ab,14977,0.1,27875,0.016304034769077904,0.021262110674964873
SARS-CoV-2,ORF1ab,14986,0.5,139370,0.00742276750843946,0.009947601058605404
SARS-CoV-2,ORF1ab,14986,0.25,69685,0.009940116996438559,0.013100802868318256
SARS-CoV-2,ORF1ab,14986,0.1,27875,0.014661106508565853,0.018838338428926404
SARS-CoV-2,ORF1ab,14995,0.5,139369,0.007223277468799553,0.008513513264318876
SARS-CoV-2,ORF1ab,14995,0.25,69684,0.009572476157787373,0.011967026179610193
SARS-CoV-2,ORF1ab,14995,0.1,27875,0.013582309401128912,0.01710743775443362
SARS-CoV-2,ORF1ab,15004,0.5,139368,0.0067014059290670565,0.00852215976258735
SARS-CoV-2,ORF1ab,15004,0.25,69684,0.008991042682276365,0.011267821657045199
SARS-CoV-2,ORF1ab,15004,0.1,27875,0.01274883334125357,0.01609421069916623
SARS-CoV-2,ORF1ab,15013,0.5,139370,0.010234160933944643,0.012117207459112548
SARS-CoV-2,ORF1ab,15013,0.25,69685,0.01424506878978516,0.01631445108622394
SARS-CoV-2,ORF1ab,15013,0.1,27875,0.021810501916287073,0.026201160348847362
SARS-CoV-2,ORF1ab,15022,0.5,139368,0.0068826105405430495,0.008099302039612316
SARS-CoV-2,ORF1ab,15022,0.25,69684,0.00911425232788112,0.011458549132169888
SARS-CoV-2,ORF1ab,15022,0.1,27875,0.013446676086449259,0.01698801532537153
SARS-CoV-2,ORF1ab,15031,0.5,139369,0.006720437637847974,0.008572580538242109
SARS-CoV-2,ORF1ab,15031,0.25,69684,0.008798803059161567,0.010976636514393706
SARS-CoV-2,ORF1ab,15031,0.1,27875,0.012362950238537363,0.015252643462478652
SARS-CoV-2,ORF1ab,15040,0.5,139369,0.006669947973958827,0.007658344213309321
SARS-CoV-2,ORF1ab,15040,0.25,69685,0.008790554431158568,0.011425353476493953
SARS-CoV-2,ORF1ab,15040,0.1,27875,0.012451050166481136,0.015997091988558775
SARS-CoV-2,ORF1ab,15049,0.5,139370,0.007083261866123978,0.008629202497084534
SARS-CoV-2,ORF1ab,15049,0.25,69685,0.009511954513606573,0.011330011875026458
SARS-CoV-2,ORF1ab,15049,0.1,27875,0.013223921486881087,0.017219100470031914
SARS-CoV-2,ORF1ab,15058,0.5,139369,0.0076634366320078515,0.010089700090870334
SARS-CoV-2,ORF1ab,15058,0.25,69684,0.010528985453195916,0.013283781090387182
SARS-CoV-2,ORF1ab,15058,0.1,27875,0.015762996880663536,0.02099349045443947
SARS-CoV-2,ORF1ab,15067,0.5,139369,0.007244149317080603,0.009097274262561047
SARS-CoV-2,ORF1ab,15067,0.25,69684,0.009865895077485799,0.012376431417825039
SARS-CoV-2,ORF1ab,15067,0.1,27875,0.014188770719495513,0.01780424060238931
SARS-CoV-2,ORF1ab,15076,0.5,139368,0.007444086588787824,0.00937566015020327
SARS-CoV-2,ORF1ab,15076,0.25,69684,0.010411740582899133,0.012547458713131067
SARS-CoV-2,ORF1ab,15076,0.1,27875,0.015135219310599309,0.018455657009663517
SARS-CoV-2,ORF1ab,15085,0.5,139369,0.007426781410769225,0.00916998252878567
SARS-CoV-2,ORF1ab,15085,0.25,69684,0.010318488256343463,0.012592934429018501
SARS-CoV-2,ORF1ab,15085,0.1,27875,0.015550467351346044,0.01831523820612233
SARS-CoV-2,ORF1ab,15094,0.5,139369,0.007498700513473651,0.009009322745293608
SARS-CoV-2,ORF1ab,15094,0.25,69685,0.010183481834458543,0.014104774551775999
SARS-CoV-2,ORF1ab,15094,0.1,27875,0.014581328974634605,0.018836440641120764
SARS-CoV-2,ORF1ab,15103,0.5,139369,0.010322213358422294,0.011596109650622655
SARS-CoV-2,ORF1ab,15103,0.25,69685,0.014456634163414655,0.01681524421070112
SARS-CoV-2,ORF1ab,15103,0.1,27875,0.02252916783801897,0.02509011019335991
SARS-CoV-2,ORF1ab,15112,0.5,139369,0.007528612422731613,0.009429860291281985
SARS-CoV-2,ORF1ab,15112,0.25,69684,0.010448543255852547,0.01349950549775197
SARS-CoV-2,ORF1ab,15112,0.1,27875,0.015686039369846107,0.01921836759007196
SARS-CoV-2,ORF1ab,15121,0.5,139370,0.007101120726878724,0.008800403513339836
SARS-CoV-2,ORF1ab,15121,0.25,69685,0.009467375213428149,0.011859432035669967
SARS-CoV-2,ORF1ab,15121,0.1,27875,0.013317485353603319,0.015930349664263977
SARS-CoV-2,ORF1ab,15130,0.5,139369,0.00750896369482295,0.008896966836880908
SARS-CoV-2,ORF1ab,15130,0.25,69684,0.00980500021683705,0.012140119678843809
SARS-CoV-2,ORF1ab,15130,0.1,27875,0.014254402069010024,0.019228437432594864
SARS-CoV-2,ORF1ab,15139,0.5,139369,0.007324540322103579,0.00908395566370553
SARS-CoV-2,ORF1ab,15139,0.25,69684,0.010083542542307346,0.011798517059705253
SARS-CoV-2,ORF1ab,15139,0.1,27875,0.014511603319081504,0.01810119388038983
SARS-CoV-2,ORF1ab,15148,0.5,139368,0.006275515029251759,0.008299615107549094
SARS-CoV-2,ORF1ab,15148,0.25,69684,0.008164420461902746,0.010463148739425977
SARS-CoV-2,ORF1ab,15148,0.1,27875,0.010934634031524849,0.013879962641216976
SARS-CoV-2,ORF1ab,15157,0.5,139370,0.006894828554467298,0.00878017847129418
SARS-CoV-2,ORF1ab,15157,0.25,69685,0.008869780716901702,0.010663888142478864
SARS-CoV-2,ORF1ab,15157,0.1,27875,0.01217403388364607,0.015572592521718512
SARS-CoV-2,ORF1ab,15166,0.5,139368,0.0071656195228071585,0.008527075282020782
SARS-CoV-2,ORF1ab,15166,0.25,69684,0.009697804467667362,0.011569463450862356
SARS-CoV-2,ORF1ab,15166,0.1,27875,0.013584467275847806,0.017348547571546753
SARS-CoV-2,ORF1ab,15175,0.5,139370,0.0073956792726955645,0.009686869065776572
SARS-CoV-2,ORF1ab,15175,0.25,69685,0.010171968472349703,0.012610415936323572
SARS-CoV-2,ORF1ab,15175,0.1,27875,0.01494259022014988,0.021287926867122345
SARS-CoV-2,ORF1ab,15184,0.5,139368,0.01040973055513982,0.012358576060500791
SARS-CoV-2,ORF1ab,15184,0.25,69684,0.014575286592647722,0.017272886921133518
SARS-CoV-2,ORF1ab,15184,0.1,27875,0.022734874551210538,0.026814196734737818
SARS-CoV-2,ORF1ab,15193,0.5,139369,0.006846146709019858,0.00930409502035564
SARS-CoV-2,ORF1ab,15193,0.25,69684,0.009016113036025172,0.011465115770876293
SARS-CoV-2,ORF1ab,15193,0.1,27875,0.012788878949337373,0.01571598312766158
SARS-CoV-2,ORF1ab,15202,0.5,139369,0.006663310348727318,0.008243637641629508
SARS-CoV-2,ORF1ab,15202,0.25,69685,0.009005172753186451,0.011286218872323353
SARS-CoV-2,ORF1ab,15202,0.1,27875,0.012756177709183376,0.016340285721003385
SARS-CoV-2,ORF1ab,15211,0.5,139369,0.0072447694226961444,0.010078838993196825
SARS-CoV-2,ORF1ab,15211,0.25,69684,0.009643415372430306,0.012149164637499533
SARS-CoV-2,ORF1ab,15211,0.1,27875,0.01388356630902711,0.016901156794264977
SARS-CoV-2,ORF1ab,15220,0.5,139369,0.007038312744765601,0.008493695948456136
SARS-CoV-2,ORF1ab,15220,0.25,69685,0.009455654002904726,0.011863877734498467
SARS-CoV-2,ORF1ab,15220,0.1,27875,0.013010896914617837,0.015815154277442633
SARS-CoV-2,ORF1ab,15229,0.5,139369,0.006991467963789155,0.008464368904505562
SARS-CoV-2,ORF1ab,15229,0.25,69685,0.009146895797583359,0.011735765945618825
SARS-CoV-2,ORF1ab,15229,0.1,27875,0.012447590517027594,0.01561930067710257
SARS-CoV-2,ORF1ab,15238,0.5,139369,0.006920815479014026,0.008583541481210063
SARS-CoV-2,ORF1ab,15238,0.25,69685,0.00916621080789935,0.012671746967687605
SARS-CoV-2,ORF1ab,15238,0.1,27875,0.01315926412999436,0.017020472144676575
SARS-CoV-2,ORF1ab,15247,0.5,139369,0.007207739637671196,0.009403124659852843
SARS-CoV-2,ORF1ab,15247,0.25,69685,0.009434533218903592,0.011401222389782932
SARS-CoV-2,ORF1ab,15247,0.1,27875,0.013608626347103532,0.01759112278426555
SARS-CoV-2,ORF1ab,15256,0.5,139370,0.007463667034154921,0.008899833611867311
SARS-CoV-2,ORF1ab,15256,0.25,69685,0.010412111431228574,0.012470878912803646
SARS-CoV-2,ORF1ab,15256,0.1,27875,0.015430888563786006,0.01971177488513302
SARS-CoV-2,ORF1ab,15265,0.5,139369,0.0073868030902158105,0.008853806426690826
SARS-CoV-2,ORF1ab,15265,0.25,69684,0.009839320829525199,0.012106577020551904
SARS-CoV-2,ORF1ab,15265,0.1,27875,0.014543296791107916,0.017954703482267118
SARS-CoV-2,ORF1ab,15274,0.5,139369,0.007766433880158704,0.009906270758665422
SARS-CoV-2,ORF1ab,15274,0.25,69685,0.01086506021646992,0.013129856015114372
SARS-CoV-2,ORF1ab,15274,0.1,27875,0.016806436079509594,0.022281236919998587
SARS-CoV-2,ORF1ab,15283,0.5,139370,0.007026528337738395,0.008569309480988368
SARS-CoV-2,ORF1ab,15283,0.25,69685,0.009593673836314735,0.01224581169185622
SARS-CoV-2,ORF1ab,15283,0.1,27875,0.013453999517529638,0.016920134807912515
SARS-CoV-2,ORF1ab,15292,0.5,139369,0.007048501236498498,0.008197321977261671
SARS-CoV-2,ORF1ab,15292,0.25,69685,0.009310175826739313,0.013033414054057123
SARS-CoV-2,ORF1ab,15292,0.1,27875,0.013510028717812123,0.019739512324130216
SARS-CoV-2,ORF1ab,15301,0.5,139369,0.007295835026021216,0.00937664824029345
SARS-CoV-2,ORF1ab,15301,0.25,69685,0.009871232980632857,0.012537955825313208
SARS-CoV-2,ORF1ab,15301,0.1,27875,0.01442391840142913,0.018392564897755856
SARS-CoV-2,ORF1ab,15310,0.5,139369,0.00767199261747446,0.010455602815980928
SARS-CoV-2,ORF1ab,15310,0.25,69684,0.010386006872418096,0.012430909625613478
SARS-CoV-2,ORF1ab,15310,0.1,27875,0.015393319627082402,0.018891244493790912
SARS-CoV-2,ORF1ab,15319,0.5,139369,0.007533075908544231,0.008852000962857052
SARS-CoV-2,ORF1ab,15319,0.25,69684,0.010237117235318284,0.013435365739719098
SARS-CoV-2,ORF1ab,15319,0.1,27875,0.015110643375323436,0.01919179836449045
SARS-CoV-2,ORF1ab,15328,0.5,139370,0.007606523484058835,0.009208166165710985
SARS-CoV-2,ORF1ab,15328,0.25,69685,0.01053581779471113,0.013126201681446632
SARS-CoV-2,ORF1ab,15328,0.1,27875,0.016466260728683464,0.0191651606656231
SARS-CoV-2,ORF1ab,15337,0.5,139370,0.007378252177403069,0.009616677728881981
SARS-CoV-2,ORF1ab,15337,0.25,69685,0.010089910468946785,0.01251483057779619
SARS-CoV-2,ORF1ab,15337,0.1,27875,0.014962680596505728,0.018731452180994333
SARS-CoV-2,ORF1ab,15346,0.5,139369,0.007518451882637371,0.00929955666219273
SARS-CoV-2,ORF1ab,15346,0.25,69684,0.010389312259537513,0.012875891754215447
SARS-CoV-2,ORF1ab,15346,0.1,27875,0.015558772465849953,0.019956117351697476
SARS-CoV-2,ORF1ab,15355,0.5,139369,0.006563710452280142,0.0078234922817699
SARS-CoV-2,ORF1ab,15355,0.25,69685,0.008598959876188854,0.011721070552383715
SARS-CoV-2,ORF1ab,15355,0.1,27875,0.011787167754313472,0.016048789477707562
SARS-CoV-2,ORF1ab,15364,0.5,139368,0.006862372484033123,0.008938926165636416
SARS-CoV-2,ORF1ab,15364,0.25,69684,0.008808838579095932,0.010702011109886516
SARS-CoV-2,ORF1ab,15364,0.1,27875,0.012368543244705038,0.01630203639268103
SARS-CoV-2,ORF1ab,15373,0.5,139369,0.006925736778397427,0.008422850753227521
SARS-CoV-2,ORF1ab,15373,0.25,69685,0.00916441814704522,0.01133205996081815
SARS-CoV-2,ORF1ab,15373,0.1,27875,0.01277873737583657,0.016101052017361266
SARS-CoV-2,ORF1ab,15382,0.5,139369,0.007565631066532101,0.010491057658784572
SARS-CoV-2,ORF1ab,15382,0.25,69684,0.010460866031034938,0.013072665077493922
SARS-CoV-2,ORF1ab,15382,0.1,27875,0.016097172059301702,0.02020990027432368
SARS-CoV-2,ORF1ab,15391,0.5,139370,0.007668770977193342,0.009914354921205567
SARS-CoV-2,ORF1ab,15391,0.25,69685,0.010649242126840422,0.012940941464526148
SARS-CoV-2,ORF1ab,15391,0.1,27875,0.01628082887582001,0.021493907102670184
SARS-CoV-2,ORF1ab,15400,0.5,139369,0.007562228870407813,0.009393569864946804
SARS-CoV-2,ORF1ab,15400,0.25,69684,0.010459753613443472,0.013729666014240364
SARS-CoV-2,ORF1ab,15400,0.1,27875,0.015321168846484505,0.01876237440345007
SARS-CoV-2,ORF1ab,15409,0.5,139368,0.007302703232036208,0.009097720050355813
SARS-CoV-2,ORF1ab,15409,0.25,69684,0.00983485974310247,0.013102333046118289
SARS-CoV-2,ORF1ab,15409,0.1,27875,0.014057526855985422,0.01758964360527995
SARS-CoV-2,ORF1ab,15418,0.5,139369,0.007442739409112709,0.00909800313638887
SARS-CoV-2,ORF1ab,15418,0.25,69685,0.009901527545578746,0.011658101725292464
SARS-CoV-2,ORF1ab,15418,0.1,27875,0.014598197108024957,0.017288355478935147
SARS-CoV-2,ORF1ab,15427,0.5,139368,0.00769139631986794,0.008786051729078584
SARS-CoV-2,ORF1ab,15427,0.25,69684,0.010326270759789355,0.014242061959596052
SARS-CoV-2,ORF1ab,15427,0.1,27875,0.015709707379597523,0.01978885872700896
SARS-CoV-2,ORF1ab,15436,0.5,139369,0.00684037646066275,0.008032938454099858
SARS-CoV-2,ORF1ab,15436,0.25,69684,0.008785796391217824,0.01072747093233302
SARS-CoV-2,ORF1ab,15436,0.1,27875,0.012325398638102225,0.015538312099449069
SARS-CoV-2,ORF1ab,15445,0.5,139369,0.009703166342641857,0.01123626283568087
SARS-CoV-2,ORF1ab,15445,0.25,69685,0.01350475997854626,0.015266124356821764
SARS-CoV-2,ORF1ab,15445,0.1,27875,0.0203875298942509,0.02557141897408063
SARS-CoV-2,ORF1ab,15454,0.5,139369,0.007622025089471961,0.00933859635912073
SARS-CoV-2,ORF1ab,15454,0.25,69684,0.010734630033680938,0.01295547679701945
SARS-CoV-2,ORF1ab,15454,0.1,27875,0.017010388944930614,0.02136437572029505
SARS-CoV-2,ORF1ab,15463,0.5,139369,0.007469682432269308,0.008963609501289292
SARS-CoV-2,ORF1ab,15463,0.25,69684,0.010334227533062047,0.012310283006636334
SARS-CoV-2,ORF1ab,15463,0.1,27875,0.015209165922635227,0.019139965667663
SARS-CoV-2,ORF1ab,15472,0.5,139370,0.010198566911523885,0.012453265466166232
SARS-CoV-2,ORF1ab,15472,0.25,69685,0.01420158458721344,0.016173481708443287
SARS-CoV-2,ORF1ab,15472,0.1,27875,0.021522414961072055,0.02556686719885464
SARS-CoV-2,ORF1ab,15481,0.5,139370,0.007096028737436518,0.008299265398435101
SARS-CoV-2,ORF1ab,15481,0.25,69685,0.009506099412684139,0.012331228908098667
SARS-CoV-2,ORF1ab,15481,0.1,27875,0.013474643750305654,0.01799144449209443
SARS-CoV-2,ORF1ab,15490,0.5,139370,0.010100709094814317,0.011196215714325334
SARS-CoV-2,ORF1ab,15490,0.25,69685,0.013906965458141336,0.015449472779582583
SARS-CoV-2,ORF1ab,15490,0.1,27875,0.020953344449627147,0.02510578993771437
SARS-CoV-2,ORF1ab,15499,0.5,139370,0.007584061828732883,0.0101828947386802
SARS-CoV-2,ORF1ab,15499,0.25,69685,0.010245905199483166,0.012619707534317627
SARS-CoV-2,ORF1ab,15499,0.1,27875,0.015257079280116097,0.018079518864226023
SARS-CoV-2,ORF1ab,15508,0.5,139369,0.007510920089174132,0.009304123882199025
SARS-CoV-2,ORF1ab,15508,0.25,69685,0.010529748149140322,0.012833300120606853
SARS-CoV-2,ORF1ab,15508,0.1,27875,0.015370502180487432,0.019051064003191464
SARS-CoV-2,ORF1ab,15517,0.5,139369,0.0070531485947659634,0.008531643104568732
SARS-CoV-2,ORF1ab,15517,0.25,69684,0.009294805013457861,0.012122677360298902
SARS-CoV-2,ORF1ab,15517,0.1,27875,0.013249692682534843,0.017136211625246173
SARS-CoV-2,ORF1ab,15526,0.5,139369,0.006371454108180938,0.008108565026689682
SARS-CoV-2,ORF1ab,15526,0.25,69685,0.008402471220529057,0.01080600380640963
SARS-CoV-2,ORF1ab,15526,0.1,27875,0.010859932220307025,0.014554672982408359
SARS-CoV-2,ORF1ab,15535,0.5,139369,0.005954419546333022,0.007970708523877984
SARS-CoV-2,ORF1ab,15535,0.25,69685,0.007917133862455555,0.010880513683659098
SARS-CoV-2,ORF1ab,15535,0.1,27875,0.009058135405957905,0.012743702220170867
SARS-CoV-2,ORF1ab,15544,0.5,139368,0.007782163819861147,0.00918553016568958
SARS-CoV-2,ORF1ab,15544,0.25,69684,0.010873661470447504,0.012972875875164734
SARS-CoV-2,ORF1ab,15544,0.1,27875,0.016508636461890096,0.019642817271573066
SARS-CoV-2,ORF1ab,15553,0.5,139369,0.007163931680601614,0.008905073013750738
SARS-CoV-2,ORF1ab,15553,0.25,69685,0.009593432517630835,0.012634232305772767
SARS-CoV-2,ORF1ab,15553,0.1,27875,0.013792112238842268,0.016796725628338765
SARS-CoV-2,ORF1ab,15562,0.5,139369,0.006936646815100325,0.008705190571499849
SARS-CoV-2,ORF1ab,15562,0.25,69684,0.009180956324894018,0.011233149074344556
SARS-CoV-2,ORF1ab,15562,0.1,27875,0.01318155179581697,0.017102856716990168
SARS-CoV-2,ORF1ab,15571,0.5,139370,0.007215548058164942,0.009469873858590633
SARS-CoV-2,ORF1ab,15571,0.25,69685,0.00960233855880312,0.01177029830353521
SARS-CoV-2,ORF1ab,15571,0.1,27875,0.013858687029132866,0.018268135641525334
SARS-CoV-2,ORF1ab,15580,0.5,139368,0.007527307963857598,0.008938511638186975
SARS-CoV-2,ORF1ab,15580,0.25,69684,0.010375907527682564,0.012427746634424832
SARS-CoV-2,ORF1ab,15580,0.1,27875,0.014997633556263368,0.019326092310759647
SARS-CoV-2,ORF1ab,15589,0.5,139370,0.0077079986119237935,0.008892328988237476
SARS-CoV-2,ORF1ab,15589,0.25,69685,0.010806297899894042,0.01290447795932482
SARS-CoV-2,ORF1ab,15589,0.1,27875,0.01649071383771748,0.019804803113604195
SARS-CoV-2,ORF1ab,15598,0.5,139369,0.006752602935738948,0.007932970730665805
SARS-CoV-2,ORF1ab,15598,0.25,69685,0.008864073387548225,0.011277386370948808
SARS-CoV-2,ORF1ab,15598,0.1,27875,0.012745310863340837,0.0152142517146026
SARS-CoV-2,ORF1ab,15607,0.5,139369,0.006756807101709185,0.008240683144274234
SARS-CoV-2,ORF1ab,15607,0.25,69684,0.008948815680471104,0.01141196774541591
SARS-CoV-2,ORF1ab,15607,0.1,27875,0.012425549961691823,0.015116438807185745
SARS-CoV-2,ORF1ab,15616,0.5,139368,0.0071876600570946175,0.008917376514096171
SARS-CoV-2,ORF1ab,15616,0.25,69684,0.009373226172688508,0.011419439828969735
SARS-CoV-2,ORF1ab,15616,0.1,27875,0.013579705798384958,0.016807435630765484
SARS-CoV-2,ORF1ab,15625,0.5,139370,0.007268198594941965,0.008384353731249846
SARS-CoV-2,ORF1ab,15625,0.25,69685,0.009958887246984308,0.014290799456417093
SARS-CoV-2,ORF1ab,15625,0.1,27875,0.014711822375573636,0.018385599996301093
SARS-CoV-2,ORF1ab,15634,0.5,139369,0.007472419923346955,0.009214643332103213
SARS-CoV-2,ORF1ab,15634,0.25,69684,0.010511771956937112,0.012007900712587212
SARS-CoV-2,ORF1ab,15634,0.1,27875,0.015374878691771376,0.01904820944312581
SARS-CoV-2,ORF1ab,15643,0.5,139370,0.0072823474182415375,0.009741973155626629
SARS-CoV-2,ORF1ab,15643,0.25,69685,0.009845510997195757,0.013722485659793362
SARS-CoV-2,ORF1ab,15643,0.1,27875,0.014047139331493737,0.017387252274341798
SARS-CoV-2,ORF1ab,15652,0.5,139370,0.007494812083333363,0.010058032653304788
SARS-CoV-2,ORF1ab,15652,0.25,69685,0.010418374256525588,0.01247487234394245
SARS-CoV-2,ORF1ab,15652,0.1,27875,0.01573917555944382,0.01973079747945757
SARS-CoV-2,ORF1ab,15661,0.5,139370,0.007540045295091041,0.008680091485606651
SARS-CoV-2,ORF1ab,15661,0.25,69685,0.010604030467880632,0.013201929665873002
SARS-CoV-2,ORF1ab,15661,0.1,27875,0.016286381033232277,0.019434021952509286
SARS-CoV-2,ORF1ab,15670,0.5,139369,0.009865819331891632,0.01218027740587702
SARS-CoV-2,ORF1ab,15670,0.25,69685,0.013619708603980388,0.015366106353045215
SARS-CoV-2,ORF1ab,15670,0.1,27875,0.01971121474923977,0.022484342607296284
SARS-CoV-2,ORF1ab,15679,0.5,139369,0.00746122646284687,0.009465066085413849
SARS-CoV-2,ORF1ab,15679,0.25,69685,0.010363816299019626,0.012499798401649114
SARS-CoV-2,ORF1ab,15679,0.1,27875,0.015298767720871109,0.018523493681998893
SARS-CoV-2,ORF1ab,15688,0.5,139368,0.007807636261204698,0.00955181352966006
SARS-CoV-2,ORF1ab,15688,0.25,69684,0.011070580450502823,0.012304866622538293
SARS-CoV-2,ORF1ab,15688,0.1,27875,0.01703987835864953,0.020731826101268693
SARS-CoV-2,ORF1ab,15697,0.5,139369,0.007006360758081783,0.008670159745639169
SARS-CoV-2,ORF1ab,15697,0.25,69684,0.009390901201860487,0.011805969608498477
SARS-CoV-2,ORF1ab,15697,0.1,27875,0.013294152556823011,0.016774711443280476
SARS-CoV-2,ORF1ab,15706,0.5,139369,0.0074189791744894845,0.009450060520710249
SARS-CoV-2,ORF1ab,15706,0.25,69685,0.009725433091130843,0.011560793517668968
SARS-CoV-2,ORF1ab,15706,0.1,27875,0.013842998447850648,0.01901830719106269
SARS-CoV-2,ORF1ab,15715,0.5,139369,0.007396800934594957,0.009120753394753099
SARS-CoV-2,ORF1ab,15715,0.25,69684,0.01014650198861706,0.01308675472525555
SARS-CoV-2,ORF1ab,15715,0.1,27875,0.015142138287827973,0.018461100803000993
SARS-CoV-2,ORF1ab,15724,0.5,139368,0.007503235971904184,0.009089027735591965
SARS-CoV-2,ORF1ab,15724,0.25,69684,0.010434073931970449,0.012829117375099999
SARS-CoV-2,ORF1ab,15724,0.1,27875,0.015184014822595307,0.02049553590471527
SARS-CoV-2,ORF1ab,15733,0.5,139369,0.006639537316578772,0.007959939633994736
SARS-CoV-2,ORF1ab,15733,0.25,69684,0.008640110639732685,0.011207701434986112
SARS-CoV-2,ORF1ab,15733,0.1,27875,0.01174256042958383,0.014892573597557435
SARS-CoV-2,ORF1ab,15742,0.5,139370,0.007378355753676508,0.009034867957501773
SARS-CoV-2,ORF1ab,15742,0.25,69685,0.009845055793562346,0.012213660458716732
SARS-CoV-2,ORF1ab,15742,0.1,27875,0.014384495479246692,0.017984535625324257
SARS-CoV-2,ORF1ab,15751,0.5,139368,0.007167693313003091,0.008530664647468595
SARS-CoV-2,ORF1ab,15751,0.25,69684,0.009862752636453998,0.013209444116881809
SARS-CoV-2,ORF1ab,15751,0.1,27875,0.01412260716399083,0.017928517078425476
SARS-CoV-2,ORF1ab,15760,0.5,139370,0.006885182627544064,0.008099210311952886
SARS-CoV-2,ORF1ab,15760,0.25,69685,0.009150628935139848,0.0118138608371161
SARS-CoV-2,ORF1ab,15760,0.1,27875,0.012713094824722927,0.017351753807517637
SARS-CoV-2,ORF1ab,15769,0.5,139369,0.007304187589392756,0.008743874877925988
SARS-CoV-2,ORF1ab,15769,0.25,69684,0.00999313193037449,0.012712041776849273
SARS-CoV-2,ORF1ab,15769,0.1,27875,0.014765652338837656,0.017981791276481193
SARS-CoV-2,ORF1ab,15778,0.5,139368,0.00738766186875819,0.010031081708414205
SARS-CoV-2,ORF1ab,15778,0.25,69684,0.010011710252024079,0.01280386922767519
SARS-CoV-2,ORF1ab,15778,0.1,27875,0.01424723960258443,0.01824316089690647
SARS-CoV-2,ORF1ab,15787,0.5,139369,0.007115903276983422,0.00879668341654199
SARS-CoV-2,ORF1ab,15787,0.25,69684,0.009285426465408237,0.01124905706689423
SARS-CoV-2,ORF1ab,15787,0.1,27875,0.012982087532852786,0.016561919905720545
SARS-CoV-2,ORF1ab,15796,0.5,139370,0.007483560655016615,0.009639384823719862
SARS-CoV-2,ORF1ab,15796,0.25,69685,0.01037752623838985,0.01253074242784029
SARS-CoV-2,ORF1ab,15796,0.1,27875,0.01508070697076417,0.019450053587621197
SARS-CoV-2,ORF1ab,15805,0.5,139368,0.007398301771232687,0.009489631940751411
SARS-CoV-2,ORF1ab,15805,0.25,69684,0.010280949898660423,0.013003149804437439
SARS-CoV-2,ORF1ab,15805,0.1,27875,0.014708862965369609,0.018240272107311464
SARS-CoV-2,ORF1ab,15814,0.5,139369,0.007406597385506465,0.00976685594964527
SARS-CoV-2,ORF1ab,15814,0.25,69685,0.009816447469261037,0.011959112614820463
SARS-CoV-2,ORF1ab,15814,0.1,27875,0.014423310592499782,0.017828002519330397
SARS-CoV-2,ORF1ab,15823,0.5,139369,0.007579491072620443,0.009608524260340767
SARS-CoV-2,ORF1ab,15823,0.25,69685,0.010508524820002875,0.012582312426970442
SARS-CoV-2,ORF1ab,15823,0.1,27875,0.016006667829375047,0.020758905133144965
SARS-CoV-2,ORF1ab,15832,0.5,139369,0.007014847236307891,0.008803167370981106
SARS-CoV-2,ORF1ab,15832,0.25,69684,0.009479850634646706,0.011123544254539234
SARS-CoV-2,ORF1ab,15832,0.1,27875,0.0132166431497563,0.015740201147369765
SARS-CoV-2,ORF1ab,15841,0.5,139368,0.007549734909611676,0.00943577556893565
SARS-CoV-2,ORF1ab,15841,0.25,69684,0.010442246648509908,0.013374573335586544
SARS-CoV-2,ORF1ab,15841,0.1,27875,0.015898883647668394,0.018524794931357946
SARS-CoV-2,ORF1ab,15850,0.5,139369,0.0072867474281845725,0.009061623940933164
SARS-CoV-2,ORF1ab,15850,0.25,69684,0.009754652214955216,0.01234185471062657
SARS-CoV-2,ORF1ab,15850,0.1,27875,0.014287062932308293,0.018008538260934407
SARS-CoV-2,ORF1ab,15859,0.5,139369,0.006852917962293696,0.008704051828531961
SARS-CoV-2,ORF1ab,15859,0.25,69685,0.009085205889210642,0.011499942830176156
SARS-CoV-2,ORF1ab,15859,0.1,27875,0.012809042964045865,0.01714601926885177
SARS-CoV-2,ORF1ab,15868,0.5,139369,0.007416939934039939,0.008673149367942282
SARS-CoV-2,ORF1ab,15868,0.25,69684,0.009957740862824426,0.012963145727248354
SARS-CoV-2,ORF1ab,15868,0.1,27875,0.014694394638576356,0.01903665818314837
SARS-CoV-2,ORF1ab,15877,0.5,139369,0.006487257759411468,0.008113437072476977
SARS-CoV-2,ORF1ab,15877,0.25,69684,0.008788729521978162,0.011079811981932466
SARS-CoV-2,ORF1ab,15877,0.1,27875,0.01156779812589873,0.01569154808611519
SARS-CoV-2,ORF1ab,15886,0.5,139370,0.006916955571478133,0.008441574712579393
SARS-CoV-2,ORF1ab,15886,0.25,69685,0.00924545761747339,0.012548903080735757
SARS-CoV-2,ORF1ab,15886,0.1,27875,0.012839451258973835,0.01605836120570237
SARS-CoV-2,ORF1ab,15895,0.5,139369,0.0069358571402463,0.009083722629320801
SARS-CoV-2,ORF1ab,15895,0.25,69685,0.009167699732761986,0.011710617862147037
SARS-CoV-2,ORF1ab,15895,0.1,27875,0.013054469199191687,0.015805413039570098
SARS-CoV-2,ORF1ab,15904,0.5,139369,0.010204751227432028,0.01285701181901597
SARS-CoV-2,ORF1ab,15904,0.25,69685,0.014410423957721793,0.016828271482392812
SARS-CoV-2,ORF1ab,15904,0.1,27875,0.022257050346545765,0.024880571358728315
SARS-CoV-2,ORF1ab,15913,0.5,139368,0.007412474267039736,0.009522022273723662
SARS-CoV-2,ORF1ab,15913,0.25,69684,0.010411691220657186,0.012855433993122986
SARS-CoV-2,ORF1ab,15913,0.1,27875,0.014724978897611622,0.018182839467629507
SARS-CoV-2,ORF1ab,15922,0.5,139370,0.007507491985273874,0.009618967795920188
SARS-CoV-2,ORF1ab,15922,0.25,69685,0.010359655430732731,0.011863839260824563
SARS-CoV-2,ORF1ab,15922,0.1,27875,0.015123174734570805,0.020117747669686444
SARS-CoV-2,ORF1ab,15931,0.5,139368,0.00755000377940895,0.00972729554156007
SARS-CoV-2,ORF1ab,15931,0.25,69684,0.01066660773098265,0.013159657442057479
SARS-CoV-2,ORF1ab,15931,0.1,27875,0.01611405403476137,0.019774355770144064
SARS-CoV-2,ORF1ab,15940,0.5,139370,0.007613339056933987,0.009103621691735113
SARS-CoV-2,ORF1ab,15940,0.25,69685,0.010277629349626564,0.013176590975886455
SARS-CoV-2,ORF1ab,15940,0.1,27875,0.01610518911218134,0.021460687407883955
SARS-CoV-2,ORF1ab,15949,0.5,139368,0.0075907300493180865,0.00968790510273816
SARS-CoV-2,ORF1ab,15949,0.25,69684,0.01049666465583848,0.013365677539163649
SARS-CoV-2,ORF1ab,15949,0.1,27875,0.015656313949533117,0.01966730882451468
SARS-CoV-2,ORF1ab,15958,0.5,139369,0.007644748253845274,0.010109799544656054
SARS-CoV-2,ORF1ab,15958,0.25,69685,0.010341402274285552,0.01230563741319631
SARS-CoV-2,ORF1ab,15958,0.1,27875,0.015756780587285798,0.019414244299302153
SARS-CoV-2,ORF1ab,15967,0.5,139369,0.007388368759350932,0.009157850224990754
SARS-CoV-2,ORF1ab,15967,0.25,69684,0.01024263318297083,0.012106792294086588
SARS-CoV-2,ORF1ab,15967,0.1,27875,0.015086885617525149,0.018301057578383333
SARS-CoV-2,ORF1ab,15976,0.5,139369,0.007563869011335059,0.00967104767299759
SARS-CoV-2,ORF1ab,15976,0.25,69685,0.01055109513210555,0.012847991057379172
SARS-CoV-2,ORF1ab,15976,0.1,27875,0.015902873944003925,0.019096236205111018
SARS-CoV-2,ORF1ab,15985,0.5,139369,0.007619299135260129,0.009792548619747909
SARS-CoV-2,ORF1ab,15985,0.25,69685,0.010273306475640566,0.013539616094002031
SARS-CoV-2,ORF1ab,15985,0.1,27875,0.015549422338229696,0.01893027878881142
SARS-CoV-2,ORF1ab,15994,0.5,139369,0.007733169063902573,0.00929547984961901
SARS-CoV-2,ORF1ab,15994,0.25,69685,0.010703910012883226,0.012768265591650426
SARS-CoV-2,ORF1ab,15994,0.1,27875,0.01662401712036869,0.01944677324852415
SARS-CoV-2,ORF1ab,16003,0.5,139369,0.007495668469508011,0.00851096823368692
SARS-CoV-2,ORF1ab,16003,0.25,69684,0.010253606188448247,0.012803448086457352
SARS-CoV-2,ORF1ab,16003,0.1,27875,0.015191183726143961,0.018870816265434846
SARS-CoV-2,ORF1ab,16012,0.5,139369,0.006894922733397405,0.008245456491568255
SARS-CoV-2,ORF1ab,16012,0.25,69685,0.009218606946109313,0.01162248117872415
SARS-CoV-2,ORF1ab,16012,0.1,27875,0.012832535453770673,0.01614616418015316
SARS-CoV-2,ORF1ab,16021,0.5,139370,0.007759679981617317,0.009302585689163851
SARS-CoV-2,ORF1ab,16021,0.25,69685,0.010814419960314554,0.013264202120774799
SARS-CoV-2,ORF1ab,16021,0.1,27875,0.01685490591829064,0.020923143729440617
SARS-CoV-2,ORF1ab,16030,0.5,139368,0.006912844126344455,0.008639397253891897
SARS-CoV-2,ORF1ab,16030,0.25,69684,0.009238334299772607,0.011854496213007009
SARS-CoV-2,ORF1ab,16030,0.1,27875,0.013241705776760527,0.01652449506864786
SARS-CoV-2,ORF1ab,16039,0.5,139369,0.0075702349345115405,0.009097773541949225
SARS-CoV-2,ORF1ab,16039,0.25,69684,0.010730516799390077,0.013409165519506796
SARS-CoV-2,ORF1ab,16039,0.1,27875,0.016224371697681154,0.019747131789267184
SARS-CoV-2,ORF1ab,16048,0.5,139369,0.006982047964480735,0.008221748205133465
SARS-CoV-2,ORF1ab,16048,0.25,69684,0.009300188798815862,0.012486932031911797
SARS-CoV-2,ORF1ab,16048,0.1,27875,0.0133083204871938,0.017312123096168777
SARS-CoV-2,ORF1ab,16057,0.5,139369,0.007558140640333124,0.009214891839542091
SARS-CoV-2,ORF1ab,16057,0.25,69685,0.010614396904394098,0.0127770204897036
SARS-CoV-2,ORF1ab,16057,0.1,27875,0.016476799097214657,0.02041804566416095
SARS-CoV-2,ORF1ab,16066,0.5,139368,0.007724129391045945,0.009411817486920607
SARS-CoV-2,ORF1ab,16066,0.25,69684,0.010515994762281593,0.013529633702040798
SARS-CoV-2,ORF1ab,16066,0.1,27875,0.016433580489557516,0.02183474233713719
SARS-CoV-2,ORF1ab,16075,0.5,139369,0.009886450607191984,0.011762049297312739
SARS-CoV-2,ORF1ab,16075,0.25,69684,0.013662497719692555,0.015320854803871548
SARS-CoV-2,ORF1ab,16075,0.1,27875,0.020067455084925988,0.025425729868731022
SARS-CoV-2,ORF1ab,16084,0.5,139370,0.007487223517930077,0.009156323126349179
SARS-CoV-2,ORF1ab,16084,0.25,69685,0.010313129545556224,0.012928416393518502
SARS-CoV-2,ORF1ab,16084,0.1,27875,0.01524533386410325,0.021365517583533333
SARS-CoV-2,ORF1ab,16093,0.5,139368,0.007675102094877613,0.009113287129500446
SARS-CoV-2,ORF1ab,16093,0.25,69684,0.010807018804639126,0.013309566694566595
SARS-CoV-2,ORF1ab,16093,0.1,27875,0.016128565063815683,0.019221125684966523
SARS-CoV-2,ORF1ab,16102,0.5,139369,0.0077842239032045995,0.009361721811454888
SARS-CoV-2,ORF1ab,16102,0.25,69684,0.010768280503744643,0.013422677912505331
SARS-CoV-2,ORF1ab,16102,0.1,27875,0.015747872664917135,0.01992490015042655
SARS-CoV-2,ORF1ab,16111,0.5,139368,0.007744516674173825,0.00943889999871131
SARS-CoV-2,ORF1ab,16111,0.25,69684,0.010772340313194018,0.012465618339610312
SARS-CoV-2,ORF1ab,16111,0.1,27875,0.01664410790768395,0.021070315185524963
SARS-CoV-2,ORF1ab,16120,0.5,139369,0.007566372744176501,0.009921354949859306
SARS-CoV-2,ORF1ab,16120,0.25,69684,0.010457328774898841,0.01315553401301173
SARS-CoV-2,ORF1ab,16120,0.1,27875,0.015727414112750856,0.01917966518748715
SARS-CoV-2,ORF1ab,16129,0.5,139369,0.010317666166273541,0.012619057092506613
SARS-CoV-2,ORF1ab,16129,0.25,69685,0.014557920621234495,0.017025801345027614
SARS-CoV-2,ORF1ab,16129,0.1,27875,0.022620526456447115,0.026622115487420238
SARS-CoV-2,ORF1ab,16138,0.5,139369,0.007474521090012808,0.010163746123508835
SARS-CoV-2,ORF1ab,16138,0.25,69685,0.010400584051286734,0.014409148134445311
SARS-CoV-2,ORF1ab,16138,0.1,27875,0.015399000902149103,0.019166119760754323
SARS-CoV-2,ORF1ab,16147,0.5,139370,0.007591421255836188,0.009360064600493918
SARS-CoV-2,ORF1ab,16147,0.25,69685,0.010674581835371056,0.013427552635548056
SARS-CoV-2,ORF1ab,16147,0.1,27875,0.01621149301697948,0.019789948420302513
SARS-CoV-2,ORF1ab,16156,0.5,139369,0.00758832595953333,0.010448684858246633
SARS-CoV-2,ORF1ab,16156,0.25,69684,0.010679103424074224,0.013348430373320263
SARS-CoV-2,ORF1ab,16156,0.1,27875,0.015978943708184853,0.019302377344454495
SARS-CoV-2,ORF1ab,16165,0.5,139370,0.007590575450366765,0.009412721457918926
SARS-CoV-2,ORF1ab,16165,0.25,69685,0.010204200261512994,0.013186949307694337
SARS-CoV-2,ORF1ab,16165,0.1,27875,0.015000365988986436,0.018033955861207908
SARS-CoV-2,ORF1ab,16174,0.5,139369,0.0076280407002065455,0.009151239946994598
SARS-CoV-2,ORF1ab,16174,0.25,69685,0.01054403164531113,0.013154916538926946
SARS-CoV-2,ORF1ab,16174,0.1,27875,0.015721053719553058,0.01886124577176058
SARS-CoV-2,ORF1ab,16183,0.5,139368,0.0071404998094909316,0.008583688065699008
SARS-CoV-2,ORF1ab,16183,0.25,69684,0.009276478561442647,0.011622479416796026
SARS-CoV-2,ORF1ab,16183,0.1,27875,0.013539505049070862,0.017737378716067485
SARS-CoV-2,ORF1ab,16192,0.5,139369,0.007703144961492312,0.009392820686965762
SARS-CoV-2,ORF1ab,16192,0.25,69684,0.010605583493932817,0.013493829271754076
SARS-CoV-2,ORF1ab,16192,0.1,27875,0.01609502930409499,0.019435475036069332
SARS-CoV-2,ORF1ab,16201,0.5,139370,0.0104476258822072,0.012024351133196144
SARS-CoV-2,ORF1ab,16201,0.25,69685,0.014792120397447732,0.016929247278341268
SARS-CoV-2,ORF1ab,16201,0.1,27875,0.02301532035607669,0.025513939989183002
SARS-CoV-2,ORF1ab,16210,0.5,139369,0.007653870831983562,0.008926323432264004
SARS-CoV-2,ORF1ab,16210,0.25,69685,0.010954107743015086,0.013122419945170001
SARS-CoV-2,ORF1ab,16210,0.1,27875,0.016299566623599628,0.01977943395862539
SARS-CoV-2,ORF1ab,16219,0.5,139368,0.006947094614317288,0.009868997250400116
SARS-CoV-2,ORF1ab,16219,0.25,69684,0.009413099021855382,0.01131172985493803
SARS-CoV-2,ORF1ab,16219,0.1,27875,0.013439840737577162,0.017287103348948653
SARS-CoV-2,ORF1ab,16228,0.5,139369,0.01031129033108641,0.012150914673174229
SARS-CoV-2,ORF1ab,16228,0.25,69685,0.014258220796113366,0.016603788380240736
SARS-CoV-2,ORF1ab,16228,0.1,27875,0.021890859313851034,0.024774965476603995
SARS-CoV-2,ORF1ab,16237,0.5,139370,0.007235817937796,0.008931130570167317
SARS-CoV-2,ORF1ab,16237,0.25,69685,0.009647692844961798,0.011412936413653128
SARS-CoV-2,ORF1ab,16237,0.1,27875,0.013412260922381968,0.017134582021772305
SARS-CoV-2,ORF1ab,16246,0.5,139370,0.007227930512498728,0.00868017580592721
SARS-CoV-2,ORF1ab,16246,0.25,69685,0.009546499666124527,0.012153287694479343
SARS-CoV-2,ORF1ab,16246,0.1,27875,0.013608742433866504,0.018797785248546736
SARS-CoV-2,ORF1ab,16255,0.5,139369,0.007340200598889401,0.009315291594026796
SARS-CoV-2,ORF1ab,16255,0.25,69685,0.009979685424269764,0.012551709937818725
SARS-CoV-2,ORF1ab,16255,0.1,27875,0.014166270001531695,0.01724328056378213
SARS-CoV-2,ORF1ab,16264,0.5,139368,0.007886659389794373,0.009341615816665524
SARS-CoV-2,ORF1ab,16264,0.25,69684,0.010677856872215891,0.012816967853327269
SARS-CoV-2,ORF1ab,16264,0.1,27875,0.01676668294062426,0.019558517000029047
SARS-CoV-2,ORF1ab,16273,0.5,139369,0.007446473261022958,0.009653318654041796
SARS-CoV-2,ORF1ab,16273,0.25,69685,0.010193893214269696,0.011981976404794564
SARS-CoV-2,ORF1ab,16273,0.1,27875,0.014934857083767596,0.01770186685919868
SARS-CoV-2,ORF1ab,16282,0.5,139370,0.007270208651847399,0.008877783476570688
SARS-CoV-2,ORF1ab,16282,0.25,69685,0.009855761930442946,0.013218669689080325
SARS-CoV-2,ORF1ab,16282,0.1,27875,0.014332372024577156,0.018580246233945153
SARS-CoV-2,ORF1ab,16291,0.5,139370,0.0075717238822132615,0.009390162990753287
SARS-CoV-2,ORF1ab,16291,0.25,69685,0.010265488042514795,0.012634731546250184
SARS-CoV-2,ORF1ab,16291,0.1,27875,0.015316263699980414,0.018596770523184328
SARS-CoV-2,ORF1ab,16300,0.5,139370,0.007427197977173055,0.008861252439372694
SARS-CoV-2,ORF1ab,16300,0.25,69685,0.01010570644280537,0.012743528200388484
SARS-CoV-2,ORF1ab,16300,0.1,27875,0.01535495113324416,0.020132161653249762
SARS-CoV-2,ORF1ab,16309,0.5,139370,0.007639772047436037,0.008710050924450308
SARS-CoV-2,ORF1ab,16309,0.25,69685,0.010824158082445894,0.01378660822283551
SARS-CoV-2,ORF1ab,16309,0.1,27875,0.016189660766528745,0.019704055344042175
SARS-CoV-2,ORF1ab,16318,0.5,139370,0.007412885153760262,0.009100921360786544
SARS-CoV-2,ORF1ab,16318,0.25,69685,0.009957698839668053,0.012292094835317683
SARS-CoV-2,ORF1ab,16318,0.1,27875,0.014478154554276824,0.018726673194281052
SARS-CoV-2,ORF1ab,16327,0.5,139368,0.007681084640993659,0.009108277446814755
SARS-CoV-2,ORF1ab,16327,0.25,69684,0.010788376204449415,0.013709354556437637
SARS-CoV-2,ORF1ab,16327,0.1,27875,0.016696305483322158,0.01974056728944156
SARS-CoV-2,ORF1ab,16336,0.5,139369,0.007094488289335461,0.008263463837193568
SARS-CoV-2,ORF1ab,16336,0.25,69684,0.009429439991738998,0.011484426351175669
SARS-CoV-2,ORF1ab,16336,0.1,27875,0.013572209215007049,0.016520518686610027
SARS-CoV-2,ORF1ab,16345,0.5,139370,0.007685364200488232,0.009417443941954361
SARS-CoV-2,ORF1ab,16345,0.25,69685,0.010722973420558562,0.012960164701705452
SARS-CoV-2,ORF1ab,16345,0.1,27875,0.016097895359299553,0.01930948359549648
SARS-CoV-2,ORF1ab,16354,0.5,139370,0.007232554930323153,0.009292416869215486
SARS-CoV-2,ORF1ab,16354,0.25,69685,0.009921575897797182,0.012606528925071026
SARS-CoV-2,ORF1ab,16354,0.1,27875,0.014252396179352925,0.018291861337197013
SARS-CoV-2,ORF1ab,16363,0.5,139368,0.007054114891119841,0.008913031055222145
SARS-CoV-2,ORF1ab,16363,0.25,69684,0.00941870018641099,0.012522597046243134
SARS-CoV-2,ORF1ab,16363,0.1,27875,0.0132014266769696,0.0161468399984337
SARS-CoV-2,ORF1ab,16372,0.5,139369,0.0071906495638999444,0.008250455684294547
SARS-CoV-2,ORF1ab,16372,0.25,69684,0.009511852353739777,0.011472196666183028
SARS-CoV-2,ORF1ab,16372,0.1,27875,0.013849465501149853,0.01730976763054366
SARS-CoV-2,ORF1ab,16381,0.5,139370,0.007460805943970774,0.008669798670542331
SARS-CoV-2,ORF1ab,16381,0.25,69685,0.010249468024608585,0.01205347955569131
SARS-CoV-2,ORF1ab,16381,0.1,27875,0.015258634948718467,0.018722747807887075
SARS-CoV-2,ORF1ab,16390,0.5,139369,0.00732924046234465,0.008373868579518372
SARS-CoV-2,ORF1ab,16390,0.25,69684,0.010030352695330822,0.012526786080657023
SARS-CoV-2,ORF1ab,16390,0.1,27875,0.014680083156183738,0.017532683979434038
SARS-CoV-2,ORF1ab,16399,0.5,139368,0.007329612483660219,0.008748066904283444
SARS-CoV-2,ORF1ab,16399,0.25,69684,0.009984608164422615,0.012568529236129285
SARS-CoV-2,ORF1ab,16399,0.1,27875,0.01427430916298326,0.0177288785126528
SARS-CoV-2,ORF1ab,16408,0.5,139368,0.007346970970129314,0.009465038761471558
SARS-CoV-2,ORF1ab,16408,0.25,69684,0.010034435936010562,0.011562095195144236
SARS-CoV-2,ORF1ab,16408,0.1,27875,0.01456002233694346,0.018147361513086373
SARS-CoV-2,ORF1ab,16417,0.5,139370,0.007161196704853729,0.00888404500177507
SARS-CoV-2,ORF1ab,16417,0.25,69685,0.009553532937854966,0.012123925499686525
SARS-CoV-2,ORF1ab,16417,0.1,27875,0.013614398068875513,0.017498431122712592
SARS-CoV-2,ORF1ab,16426,0.5,139369,0.007512306303124957,0.009735392305257157
SARS-CoV-2,ORF1ab,16426,0.25,69685,0.010399656293363285,0.012202650172942508
SARS-CoV-2,ORF1ab,16426,0.1,27875,0.015695997101811583,0.01820611742352494
SARS-CoV-2,ORF1ab,16435,0.5,139369,0.007414140123146182,0.009149047931082979
SARS-CoV-2,ORF1ab,16435,0.25,69684,0.010105212350161392,0.01159426314045927
SARS-CoV-2,ORF1ab,16435,0.1,27875,0.014522924303973582,0.019752742076873237
SARS-CoV-2,ORF1ab,16444,0.5,139368,0.007598739956327455,0.009027221279385442
SARS-CoV-2,ORF1ab,16444,0.25,69684,0.010606465705038929,0.01295601790997007
SARS-CoV-2,ORF1ab,16444,0.1,27875,0.016304336839609437,0.020687808092475765
SARS-CoV-2,ORF1ab,16453,0.5,139370,0.007165082897949569,0.008709037617287807
SARS-CoV-2,ORF1ab,16453,0.25,69685,0.009467201902755436,0.011586898752492645
SARS-CoV-2,ORF1ab,16453,0.1,27875,0.013805177458991272,0.017515525395970184
SARS-CoV-2,ORF1ab,16462,0.5,139369,0.007921969056927857,0.009286180684599046
SARS-CoV-2,ORF1ab,16462,0.25,69684,0.01116042775074198,0.014182081462730903
SARS-CoV-2,ORF1ab,16462,0.1,27875,0.017340554795823762,0.02031488636294628
SARS-CoV-2,ORF1ab,16471,0.5,139368,0.007509014109630897,0.008900242931584491
SARS-CoV-2,ORF1ab,16471,0.25,69684,0.010198345551824153,0.012267535551161635
SARS-CoV-2,ORF1ab,16471,0.1,27875,0.014809754727585103,0.018118161675575204
SARS-CoV-2,ORF1ab,16480,0.5,139370,0.00752209504051187,0.009619013943203717
SARS-CoV-2,ORF1ab,16480,0.25,69685,0.01039180758738956,0.012245183395538735
SARS-CoV-2,ORF1ab,16480,0.1,27875,0.015286891001622083,0.01858864322182271
SARS-CoV-2,ORF1ab,16489,0.5,139368,0.0068776077998085015,0.008454112995976327
SARS-CoV-2,ORF1ab,16489,0.25,69684,0.00924455150322104,0.012967964995125068
SARS-CoV-2,ORF1ab,16489,0.1,27875,0.01337828721940742,0.016647170564667226
SARS-CoV-2,ORF1ab,16498,0.5,139369,0.007403573077618011,0.008705890307213743
SARS-CoV-2,ORF1ab,16498,0.25,69685,0.010222945015654654,0.011844843683159037
SARS-CoV-2,ORF1ab,16498,0.1,27875,0.014687009626688738,0.019686650285917165
SARS-CoV-2,ORF1ab,16507,0.5,139369,0.0066649535468400216,0.008416755971050115
SARS-CoV-2,ORF1ab,16507,0.25,69685,0.008798542272922937,0.011079199221168116
SARS-CoV-2,ORF1ab,16507,0.1,27875,0.012529497514890494,0.01561292549229398
SARS-CoV-2,ORF1ab,16516,0.5,139369,0.006805931415931867,0.008178992969377415
SARS-CoV-2,ORF1ab,16516,0.25,69685,0.009055827470781133,0.011314549475250754
SARS-CoV-2,ORF1ab,16516,0.1,27875,0.0130073736403435,0.01605502732860063
SARS-CoV-2,ORF1ab,16525,0.5,139369,0.007626490110901259,0.009722336657754372
SARS-CoV-2,ORF1ab,16525,0.25,69684,0.010428761057495961,0.012852447465547983
SARS-CoV-2,ORF1ab,16525,0.1,27875,0.01513443448467592,0.019273211689785023
SARS-CoV-2,ORF1ab,16534,0.5,139368,0.0068850603064408,0.008959525700523968
SARS-CoV-2,ORF1ab,16534,0.25,69684,0.009030495021976712,0.01076585148100334
SARS-CoV-2,ORF1ab,16534,0.1,27875,0.012070096225900818,0.018527002577941345
SARS-CoV-2,ORF1ab,16543,0.5,139368,0.006656019676681107,0.008489257764810498
SARS-CoV-2,ORF1ab,16543,0.25,69684,0.00879641213181904,0.011133144421472844
SARS-CoV-2,ORF1ab,16543,0.1,27875,0.01243847103064676,0.015878111022435682
SARS-CoV-2,ORF1ab,16552,0.5,139369,0.00746949804128813,0.008920222867361624
SARS-CoV-2,ORF1ab,16552,0.25,69685,0.010271091409328017,0.012954987811500784
SARS-CoV-2,ORF1ab,16552,0.1,27875,0.015282709283775274,0.01816098335112594
SARS-CoV-2,ORF1ab,16561,0.5,139368,0.007212576950801946,0.008587118148071731
SARS-CoV-2,ORF1ab,16561,0.25,69684,0.009602871105622267,0.011637827691691584
SARS-CoV-2,ORF1ab,16561,0.1,27875,0.013999320064922336,0.018120581935694206
SARS-CoV-2,ORF1ab,16570,0.5,139369,0.007465482377969555,0.00904726535904193
SARS-CoV-2,ORF1ab,16570,0.25,69685,0.010009710173236428,0.013767588486271461
SARS-CoV-2,ORF1ab,16570,0.1,27875,0.014949307928827732,0.018103601602454274
SARS-CoV-2,ORF1ab,16579,0.5,139368,0.007534264979988247,0.008687712358968045
SARS-CoV-2,ORF1ab,16579,0.25,69684,0.010279003570901099,0.01270356198580207
SARS-CoV-2,ORF1ab,16579,0.1,27875,0.015593113288486516,0.01862255371706538
SARS-CoV-2,ORF1ab,16588,0.5,139368,0.009766741856626673,0.01079864488152235
SARS-CoV-2,ORF1ab,16588,0.25,69684,0.013625072207401109,0.016458378331114017
SARS-CoV-2,ORF1ab,16588,0.1,27875,0.019788504449267434,0.02273183843524772
SARS-CoV-2,ORF1ab,16597,0.5,139368,0.007211563734494828,0.009526982619788236
SARS-CoV-2,ORF1ab,16597,0.25,69684,0.009886910636671015,0.012778959336335617
SARS-CoV-2,ORF1ab,16597,0.1,27875,0.014202394631292093,0.01705218343128623
SARS-CoV-2,ORF1ab,16606,0.5,139370,0.007580262704671615,0.008453770253306011
SARS-CoV-2,ORF1ab,16606,0.25,69685,0.01026158704782947,0.01239388518511859
SARS-CoV-2,ORF1ab,16606,0.1,27875,0.015389150790198843,0.01894963437065258
SARS-CoV-2,ORF1ab,16615,0.5,139370,0.007732682194906079,0.009290326705082896
SARS-CoV-2,ORF1ab,16615,0.25,69685,0.01105673287430814,0.014258293953293835
SARS-CoV-2,ORF1ab,16615,0.1,27875,0.01703106271491935,0.01965780515101252
SARS-CoV-2,ORF1ab,16624,0.5,139369,0.00712966954087788,0.008416659790418333
SARS-CoV-2,ORF1ab,16624,0.25,69685,0.009627589207755019,0.011565685516650792
SARS-CoV-2,ORF1ab,16624,0.1,27875,0.013706356913655762,0.015848094950730106
SARS-CoV-2,ORF1ab,16633,0.5,139368,0.007698445808553723,0.00933240975083357
SARS-CoV-2,ORF1ab,16633,0.25,69684,0.010829086125292172,0.013477401368050491
SARS-CoV-2,ORF1ab,16633,0.1,27875,0.016388326454089858,0.01979167612810717
SARS-CoV-2,ORF1ab,16642,0.5,139370,0.0074811739451727186,0.009061724855799761
SARS-CoV-2,ORF1ab,16642,0.25,69685,0.010036898556568268,0.011862568260089804
SARS-CoV-2,ORF1ab,16642,0.1,27875,0.014788290070471,0.018550330438483455
SARS-CoV-2,ORF1ab,16651,0.5,139369,0.010444132473420367,0.013225628489799962
SARS-CoV-2,ORF1ab,16651,0.25,69685,0.014547913356423338,0.017283263384087925
SARS-CoV-2,ORF1ab,16651,0.1,27875,0.022240990549044458,0.026755613016013532
SARS-CoV-2,ORF1ab,16660,0.5,139369,0.006945958028450375,0.008681017208182347
SARS-CoV-2,ORF1ab,16660,0.25,69684,0.009192924658849348,0.011765857243771558
SARS-CoV-2,ORF1ab,16660,0.1,27875,0.013087047824387712,0.01606374402228961
SARS-CoV-2,ORF1ab,16669,0.5,139369,0.010330968767462992,0.011679199562512215
SARS-CoV-2,ORF1ab,16669,0.25,69685,0.014317721402872567,0.017402653156144178
SARS-CoV-2,ORF1ab,16669,0.1,27875,0.02227383125466716,0.026585419928912637
SARS-CoV-2,ORF1ab,16678,0.5,139369,0.007704864677669397,0.009818013785636731
SARS-CoV-2,ORF1ab,16678,0.25,69685,0.010470608444167832,0.012865734132985609
SARS-CoV-2,ORF1ab,16678,0.1,27875,0.01600813155075802,0.0193081954597785
SARS-CoV-2,ORF1ab,16687,0.5,139369,0.007489480594597375,0.009071264135893969
SARS-CoV-2,ORF1ab,16687,0.25,69684,0.010555873526757499,0.012868612152581085
SARS-CoV-2,ORF1ab,16687,0.1,27875,0.01573577154956805,0.01918769636204157
SARS-CoV-2,ORF1ab,16696,0.5,139369,0.007025773805149186,0.008452345010270831
SARS-CoV-2,ORF1ab,16696,0.25,69684,0.009477987731043643,0.013692657699142553
SARS-CoV-2,ORF1ab,16696,0.1,27875,0.013622409739397111,0.017611977471004313
SARS-CoV-2,ORF1ab,16705,0.5,139368,0.007149059609376912,0.008567331781736947
SARS-CoV-2,ORF1ab,16705,0.25,69684,0.00984296293255364,0.011959000099514921
SARS-CoV-2,ORF1ab,16705,0.1,27875,0.013844148432049987,0.017076542133686354
SARS-CoV-2,ORF1ab,16714,0.5,139370,0.007524145623380578,0.009116680612246872
SARS-CoV-2,ORF1ab,16714,0.25,69685,0.010541691559166995,0.013338250586093343
SARS-CoV-2,ORF1ab,16714,0.1,27875,0.015787345390027782,0.01895007131330839
SARS-CoV-2,ORF1ab,16723,0.5,139368,0.007639633340230044,0.009617219334441257
SARS-CoV-2,ORF1ab,16723,0.25,69684,0.01050098152274285,0.013070755331187275
SARS-CoV-2,ORF1ab,16723,0.1,27875,0.015348190454313338,0.01918040467203405
SARS-CoV-2,ORF1ab,16732,0.5,139369,0.0077785520670730895,0.009660867488141475
SARS-CoV-2,ORF1ab,16732,0.25,69685,0.010944521000497245,0.013375567567532522
SARS-CoV-2,ORF1ab,16732,0.1,27875,0.017363263436696755,0.02149291085939115
SARS-CoV-2,ORF1ab,16741,0.5,139369,0.007933128414262056,0.00916157753056989
SARS-CoV-2,ORF1ab,16741,0.25,69685,0.010900662551557591,0.01567472579586355
SARS-CoV-2,ORF1ab,16741,0.1,27875,0.016857108801835184,0.020589568532577776
SARS-CoV-2,ORF1ab,16750,0.5,139368,0.010404767508781321,0.011927999215930506
SARS-CoV-2,ORF1ab,16750,0.25,69684,0.014583794709403434,0.01726639592232022
SARS-CoV-2,ORF1ab,16750,0.1,27875,0.02251269508267955,0.025902275942081658
SARS-CoV-2,ORF1ab,16759,0.5,139368,0.0074414909749439895,0.009267724766673324
SARS-CoV-2,ORF1ab,16759,0.25,69684,0.010291956193520305,0.013838485757921693
SARS-CoV-2,ORF1ab,16759,0.1,27875,0.014891887430281558,0.01824941372850851
SARS-CoV-2,ORF1ab,16768,0.5,139369,0.010210581823607116,0.011577995746884458
SARS-CoV-2,ORF1ab,16768,0.25,69685,0.014360860298870655,0.017047826343689294
SARS-CoV-2,ORF1ab,16768,0.1,27875,0.02200507456496517,0.024518039051767606
SARS-CoV-2,ORF1ab,16777,0.5,139368,0.006706558131836563,0.009127665571678155
SARS-CoV-2,ORF1ab,16777,0.25,69684,0.009034582964274824,0.011334701333902146
SARS-CoV-2,ORF1ab,16777,0.1,27875,0.012202199329679024,0.01588708011511456
SARS-CoV-2,ORF1ab,16786,0.5,139370,0.0075367285898809335,0.008787504783636291
SARS-CoV-2,ORF1ab,16786,0.25,69685,0.010469902664092944,0.012194110009875681
SARS-CoV-2,ORF1ab,16786,0.1,27875,0.015052789404346671,0.020002507225767237
SARS-CoV-2,ORF1ab,16795,0.5,139369,0.007593189997826602,0.009532234334748087
SARS-CoV-2,ORF1ab,16795,0.25,69684,0.010514092648347925,0.013131984508329577
SARS-CoV-2,ORF1ab,16795,0.1,27875,0.01548357504532931,0.018943888617734227
SARS-CoV-2,ORF1ab,16804,0.5,139369,0.007179328479742688,0.00899270445316882
SARS-CoV-2,ORF1ab,16804,0.25,69684,0.00959004670333168,0.011819718330794496
SARS-CoV-2,ORF1ab,16804,0.1,27875,0.014165753512991113,0.01712398559451928
SARS-CoV-2,ORF1ab,16813,0.5,139369,0.007226611122344008,0.008705980286045238
SARS-CoV-2,ORF1ab,16813,0.25,69685,0.009722498037637145,0.013154767357083787
SARS-CoV-2,ORF1ab,16813,0.1,27875,0.01407799637009975,0.017329012442591486
SARS-CoV-2,ORF1ab,16822,0.5,139368,0.006742355464177199,0.008592175698022196
SARS-CoV-2,ORF1ab,16822,0.25,69684,0.008840546447849566,0.010980060999450479
SARS-CoV-2,ORF1ab,16822,0.1,27875,0.012257998307378306,0.01502892539714795
SARS-CoV-2,ORF1ab,16831,0.5,139370,0.007419088447255381,0.008876800547838947
SARS-CoV-2,ORF1ab,16831,0.25,69685,0.010088035907492826,0.012399868531120612
SARS-CoV-2,ORF1ab,16831,0.1,27875,0.014711001238272427,0.018089482384189202
SARS-CoV-2,ORF1ab,16840,0.5,139369,0.007581966988785274,0.009070185783738778
SARS-CoV-2,ORF1ab,16840,0.25,69684,0.010307815205935586,0.012538543671083504
SARS-CoV-2,ORF1ab,16840,0.1,27875,0.01569449482600976,0.020140646344996443
SARS-CoV-2,ORF1ab,16849,0.5,139369,0.007663450840329309,0.009456519497880624
SARS-CoV-2,ORF1ab,16849,0.25,69685,0.010810933023671152,0.014866786045543838
SARS-CoV-2,ORF1ab,16849,0.1,27875,0.01679959859663809,0.019754462568818888
SARS-CoV-2,ORF1ab,16858,0.5,139369,0.010046604367009526,0.0112825459370072
SARS-CoV-2,ORF1ab,16858,0.25,69685,0.013813492018104497,0.015701981996558555
SARS-CoV-2,ORF1ab,16858,0.1,27875,0.02033800622847892,0.024212173879893627
SARS-CoV-2,ORF1ab,16867,0.5,139368,0.007541375860270645,0.009024409913754377
SARS-CoV-2,ORF1ab,16867,0.25,69684,0.01055993212645426,0.01397973264306967
SARS-CoV-2,ORF1ab,16867,0.1,27875,0.01624737761279231,0.018827512357390313
SARS-CoV-2,ORF1ab,16876,0.5,139369,0.0074402681558842125,0.009144185138245652
SARS-CoV-2,ORF1ab,16876,0.25,69685,0.010217546748030456,0.013168162334015226
SARS-CoV-2,ORF1ab,16876,0.1,27875,0.015147587743438726,0.019592297316924086
SARS-CoV-2,ORF1ab,16885,0.5,139369,0.0077243568332988405,0.009380533697393998
SARS-CoV-2,ORF1ab,16885,0.25,69684,0.010715207810427115,0.01322999562142248
SARS-CoV-2,ORF1ab,16885,0.1,27875,0.016369001527438164,0.020375209727469097
SARS-CoV-2,ORF1ab,16894,0.5,139368,0.007433681547030934,0.009355466083956095
SARS-CoV-2,ORF1ab,16894,0.25,69684,0.009926947102618709,0.012336429881243447
SARS-CoV-2,ORF1ab,16894,0.1,27875,0.01446200380012508,0.017895488138037093
SARS-CoV-2,ORF1ab,16903,0.5,139369,0.007498087315209389,0.00963659009654312
SARS-CoV-2,ORF1ab,16903,0.25,69685,0.010402995516403874,0.013252597853241475
SARS-CoV-2,ORF1ab,16903,0.1,27875,0.01569345827702094,0.019194912722066814
SARS-CoV-2,ORF1ab,16912,0.5,139369,0.007215649450717376,0.008597170097820265
SARS-CoV-2,ORF1ab,16912,0.25,69685,0.009641570608162715,0.012565539895322093
SARS-CoV-2,ORF1ab,16912,0.1,27875,0.013548994695621765,0.016954897901704444
SARS-CoV-2,ORF1ab,16921,0.5,139369,0.007632465739450586,0.009540748660541356
SARS-CoV-2,ORF1ab,16921,0.25,69684,0.010429361555538311,0.014598647460556233
SARS-CoV-2,ORF1ab,16921,0.1,27875,0.016001639849224297,0.01927144168769747
SARS-CoV-2,ORF1ab,16930,0.5,139369,0.006975045202295737,0.009260600780474412
SARS-CoV-2,ORF1ab,16930,0.25,69685,0.009411248085191077,0.011981856796877046
SARS-CoV-2,ORF1ab,16930,0.1,27875,0.013197624258101533,0.016410622695764644
SARS-CoV-2,ORF1ab,16939,0.5,139368,0.00741131696673053,0.00999356272096419
SARS-CoV-2,ORF1ab,16939,0.25,69684,0.010155632120339226,0.013499777513344566
SARS-CoV-2,ORF1ab,16939,0.1,27875,0.01486565693951495,0.017758299845212846
SARS-CoV-2,ORF1ab,16948,0.5,139369,0.006965787260955848,0.008134685026854866
SARS-CoV-2,ORF1ab,16948,0.25,69685,0.0089756152593244,0.01086922811153263
SARS-CoV-2,ORF1ab,16948,0.1,27875,0.012877923415479149,0.015103461094127676
SARS-CoV-2,ORF1ab,16957,0.5,139370,0.006638012708259863,0.00822930796661147
SARS-CoV-2,ORF1ab,16957,0.25,69685,0.008949311941080031,0.010681545406018227
SARS-CoV-2,ORF1ab,16957,0.1,27875,0.012271475038755154,0.015694620309077627
SARS-CoV-2,ORF1ab,16966,0.5,139368,0.007551063261188312,0.00952887175434756
SARS-CoV-2,ORF1ab,16966,0.25,69684,0.010325241681247,0.01235567839100419
SARS-CoV-2,ORF1ab,16966,0.1,27875,0.01562561710750652,0.018899373572621028
SARS-CoV-2,ORF1ab,16975,0.5,139369,0.00748535211303174,0.009042461950203758
SARS-CoV-2,ORF1ab,16975,0.25,69685,0.010322757039445185,0.012096277217495576
SARS-CoV-2,ORF1ab,16975,0.1,27875,0.015267700507298615,0.019415969316307964
SARS-CoV-2,ORF1ab,16984,0.5,139370,0.0071382116640248934,0.009050074372978235
SARS-CoV-2,ORF1ab,16984,0.25,69685,0.009620690360034588,0.012148369610576767
SARS-CoV-2,ORF1ab,16984,0.1,27875,0.013356009383353547,0.016346712105687746
SARS-CoV-2,ORF1ab,16993,0.5,139369,0.00992498395095247,0.01202065828326091
SARS-CoV-2,ORF1ab,16993,0.25,69684,0.01380904307899652,0.01568945122055413
SARS-CoV-2,ORF1ab,16993,0.1,27875,0.021271234512769306,0.024733280091511368
SARS-CoV-2,ORF1ab,17002,0.5,139370,0.0074770189844471195,0.009031890417369627
SARS-CoV-2,ORF1ab,17002,0.25,69685,0.010110592746421215,0.012398347733301101
SARS-CoV-2,ORF1ab,17002,0.1,27875,0.014804729613944455,0.017975254031664258
SARS-CoV-2,ORF1ab,17011,0.5,139370,0.007651991767165168,0.009217322488576282
SARS-CoV-2,ORF1ab,17011,0.25,69685,0.010430880264236803,0.012910217233304672
SARS-CoV-2,ORF1ab,17011,0.1,27875,0.015719454211161443,0.019005908089244395
SARS-CoV-2,ORF1ab,17020,0.5,139369,0.007522443793480211,0.00863679630469738
SARS-CoV-2,ORF1ab,17020,0.25,69685,0.010312691762671904,0.013773968447607246
SARS-CoV-2,ORF1ab,17020,0.1,27875,0.01526265311345248,0.018380063522816337
SARS-CoV-2,ORF1ab,17029,0.5,139370,0.00692875546923386,0.008943291302146827
SARS-CoV-2,ORF1ab,17029,0.25,69685,0.009170564230315705,0.012045362799002878
SARS-CoV-2,ORF1ab,17029,0.1,27875,0.013166869123321823,0.016821109154030123
SARS-CoV-2,ORF1ab,17038,0.5,139368,0.00762709954471957,0.008897569337550487
SARS-CoV-2,ORF1ab,17038,0.25,69684,0.01065752154912479,0.013995368047338318
SARS-CoV-2,ORF1ab,17038,0.1,27875,0.01638674110653223,0.02032737400490183
SARS-CoV-2,ORF1ab,17047,0.5,139369,0.006866865654408064,0.007930482307558566
SARS-CoV-2,ORF1ab,17047,0.25,69685,0.009188394755078488,0.012355923999362344
SARS-CoV-2,ORF1ab,17047,0.1,27875,0.0125900157149041,0.015939478335486326
SARS-CoV-2,ORF1ab,17056,0.5,139369,0.007192766265652112,0.008850517498268628
SARS-CoV-2,ORF1ab,17056,0.25,69685,0.009803414951754769,0.011865612843752388
SARS-CoV-2,ORF1ab,17056,0.1,27875,0.014387029104895309,0.019128364295790172
SARS-CoV-2,ORF1ab,17065,0.5,139370,0.010454501083793914,0.012242905902797639
SARS-CoV-2,ORF1ab,17065,0.25,69685,0.014429077522801516,0.01650881739019637
SARS-CoV-2,ORF1ab,17065,0.1,27875,0.022476525960265593,0.025748822122135574
SARS-CoV-2,ORF1ab,17074,0.5,139369,0.007791608794922022,0.009176916902146746
SARS-CoV-2,ORF1ab,17074,0.25,69684,0.010844861497718865,0.012891557819962686
SARS-CoV-2,ORF1ab,17074,0.1,27875,0.016721116060424823,0.021143148861222368
SARS-CoV-2,ORF1ab,17083,0.5,139370,0.007080058731521706,0.00850541023719856
SARS-CoV-2,ORF1ab,17083,0.25,69685,0.0096144957376433,0.0128560008231652
SARS-CoV-2,ORF1ab,17083,0.1,27875,0.013919551810127445,0.017216725374668607
SARS-CoV-2,ORF1ab,17092,0.5,139369,0.007143903604192838,0.008860810619593828
SARS-CoV-2,ORF1ab,17092,0.25,69685,0.009748646192317844,0.012261934632050267
SARS-CoV-2,ORF1ab,17092,0.1,27875,0.013722324039936716,0.01875676427894975
SARS-CoV-2,ORF1ab,17101,0.5,139368,0.007759917864253285,0.00948184823553577
SARS-CoV-2,ORF1ab,17101,0.25,69684,0.010908957830329384,0.015355053121795248
SARS-CoV-2,ORF1ab,17101,0.1,27875,0.016135130234384502,0.0202522939926233
SARS-CoV-2,ORF1ab,17110,0.5,139369,0.007199851179149214,0.008594231843785227
SARS-CoV-2,ORF1ab,17110,0.25,69684,0.009663105117540495,0.01215905729581278
SARS-CoV-2,ORF1ab,17110,0.1,27875,0.014020651347832001,0.0190917147357041
SARS-CoV-2,ORF1ab,17119,0.5,139369,0.006147839657490492,0.00709392263517142
SARS-CoV-2,ORF1ab,17119,0.25,69684,0.007862584251779776,0.009846846001434687
SARS-CoV-2,ORF1ab,17119,0.1,27875,0.011225766713318517,0.014193449740909641
SARS-CoV-2,ORF1ab,17128,0.5,139370,0.007356671916563726,0.008658535165839736
SARS-CoV-2,ORF1ab,17128,0.25,69685,0.010273253321921028,0.012237708889811244
SARS-CoV-2,ORF1ab,17128,0.1,27875,0.014797239823440313,0.01759747779215507
SARS-CoV-2,ORF1ab,17137,0.5,139368,0.007561893479836216,0.009871326249759425
SARS-CoV-2,ORF1ab,17137,0.25,69684,0.010332708826192152,0.013832020207771294
SARS-CoV-2,ORF1ab,17137,0.1,27875,0.015452858898421651,0.019692384125589418
SARS-CoV-2,ORF1ab,17146,0.5,139370,0.009894010990494561,0.01133261546485832
SARS-CoV-2,ORF1ab,17146,0.25,69685,0.01380229503959904,0.015614815782055196
SARS-CoV-2,ORF1ab,17146,0.1,27875,0.020885245912394015,0.024263448639203104
SARS-CoV-2,ORF1ab,17155,0.5,139369,0.00774578422625717,0.009338631335351094
SARS-CoV-2,ORF1ab,17155,0.25,69685,0.010838771469344415,0.013243436802791952
SARS-CoV-2,ORF1ab,17155,0.1,27875,0.01677703612654603,0.01954746124569202
SARS-CoV-2,ORF1ab,17164,0.5,139368,0.007419237917002036,0.00859239145382613
SARS-CoV-2,ORF1ab,17164,0.25,69684,0.009961245718020019,0.012529935128678915
SARS-CoV-2,ORF1ab,17164,0.1,27875,0.01448533866627748,0.018127279720101905
SARS-CoV-2,ORF1ab,17173,0.5,139370,0.0076607161671363,0.009198939512984174
SARS-CoV-2,ORF1ab,17173,0.25,69685,0.010407011208215244,0.012630172797549216
SARS-CoV-2,ORF1ab,17173,0.1,27875,0.015487757137371019,0.019997265967861277
SARS-CoV-2,ORF1ab,17182,0.5,139370,0.007175805087576017,0.008956738061715345
SARS-CoV-2,ORF1ab,17182,0.25,69685,0.00930838790198411,0.012069796908142154
SARS-CoV-2,ORF1ab,17182,0.1,27875,0.013456028763777252,0.016902323623684344
SARS-CoV-2,ORF1ab,17191,0.5,139370,0.0073256349573656175,0.009343335712070643
SARS-CoV-2,ORF1ab,17191,0.25,69685,0.00990360221396485,0.013131254712281066
SARS-CoV-2,ORF1ab,17191,0.1,27875,0.014771054238015993,0.01869967344875225
SARS-CoV-2,ORF1ab,17200,0.5,139369,0.007277222732586598,0.008875503186478229
SARS-CoV-2,ORF1ab,17200,0.25,69684,0.009926948445526213,0.012666327388616378
SARS-CoV-2,ORF1ab,17200,0.1,27875,0.014445741707628102,0.018755252857408252
SARS-CoV-2,ORF1ab,17209,0.5,139369,0.007714090396221181,0.009629403589873695
SARS-CoV-2,ORF1ab,17209,0.25,69684,0.010626604581025914,0.012469504488163998
SARS-CoV-2,ORF1ab,17209,0.1,27875,0.016070148149062522,0.01892736963226562
SARS-CoV-2,ORF1ab,17218,0.5,139369,0.007321073831268275,0.009264741008266028
SARS-CoV-2,ORF1ab,17218,0.25,69684,0.00968668676301824,0.012478260039461052
SARS-CoV-2,ORF1ab,17218,0.1,27875,0.014583971348596507,0.018647666531293117
SARS-CoV-2,ORF1ab,17227,0.5,139369,0.010101348618242889,0.011676738948431813
SARS-CoV-2,ORF1ab,17227,0.25,69684,0.014026635404879462,0.016179806905878186
SARS-CoV-2,ORF1ab,17227,0.1,27875,0.021637028258473117,0.024898537931715564
SARS-CoV-2,ORF1ab,17236,0.5,139369,0.00763919350293789,0.009708821194499373
SARS-CoV-2,ORF1ab,17236,0.25,69684,0.01070221567672383,0.013889946382066297
SARS-CoV-2,ORF1ab,17236,0.1,27875,0.016332925965427316,0.020261304690715774
SARS-CoV-2,ORF1ab,17245,0.5,139369,0.007005386578219273,0.008177677709906548
SARS-CoV-2,ORF1ab,17245,0.25,69684,0.009225922391016692,0.011414945734356509
SARS-CoV-2,ORF1ab,17245,0.1,27875,0.01286958466652088,0.015989474259237794
SARS-CoV-2,ORF1ab,17254,0.5,139369,0.010106835630906566,0.011693025963320482
SARS-CoV-2,ORF1ab,17254,0.25,69685,0.013971393936739891,0.0163259700335724
SARS-CoV-2,ORF1ab,17254,0.1,27875,0.02115413101755831,0.02480326695483971
SARS-CoV-2,ORF1ab,17263,0.5,139369,0.007476814025712639,0.00899266351715462
SARS-CoV-2,ORF1ab,17263,0.25,69684,0.010309385257120518,0.011855022059032235
SARS-CoV-2,ORF1ab,17263,0.1,27875,0.015191941749016115,0.01841502548491807
SARS-CoV-2,ORF1ab,17272,0.5,139369,0.007207041785002286,0.010061067552761888
SARS-CoV-2,ORF1ab,17272,0.25,69685,0.00942310816421202,0.011793614121234202
SARS-CoV-2,ORF1ab,17272,0.1,27875,0.013048092463116594,0.016258807633179034
SARS-CoV-2,ORF1ab,17281,0.5,139369,0.007701721349197254,0.009099920997613264
SARS-CoV-2,ORF1ab,17281,0.25,69684,0.010805140912566515,0.01344845303653354
SARS-CoV-2,ORF1ab,17281,0.1,27875,0.01635702768366639,0.01949443015936069
SARS-CoV-2,ORF1ab,17290,0.5,139368,0.0077580030840356876,0.009531366322272894
SARS-CoV-2,ORF1ab,17290,0.25,69684,0.010753895457644717,0.013479165171150548
SARS-CoV-2,ORF1ab,17290,0.1,27875,0.016533322538501365,0.019081352867976083
SARS-CoV-2,ORF1ab,17299,0.5,139369,0.007889102221332767,0.010237265724078026
SARS-CoV-2,ORF1ab,17299,0.25,69685,0.01092535599398856,0.013537983965839401
SARS-CoV-2,ORF1ab,17299,0.1,27875,0.016776172516316044,0.01960786516026563
SARS-CoV-2,ORF1ab,17308,0.5,139370,0.007419812571593657,0.009224249558928381
SARS-CoV-2,ORF1ab,17308,0.25,69685,0.009924727169286557,0.01269957609043665
SARS-CoV-2,ORF1ab,17308,0.1,27875,0.01442294359169941,0.01821995158311616
SARS-CoV-2,ORF1ab,17317,0.5,139369,0.007525335328577797,0.009108822946440474
SARS-CoV-2,ORF1ab,17317,0.25,69685,0.010237767235849122,0.012288875337571793
SARS-CoV-2,ORF1ab,17317,0.1,27875,0.015269821591149058,0.018177723977527663
SARS-CoV-2,ORF1ab,17326,0.5,139369,0.007367092688736989,0.00905984853323965
SARS-CoV-2,ORF1ab,17326,0.25,69684,0.010193482860791697,0.0125300866567304
SARS-CoV-2,ORF1ab,17326,0.1,27875,0.014883253513666216,0.018031256558603468
SARS-CoV-2,ORF1ab,17335,0.5,139369,0.007262896182435387,0.008804317221355662
SARS-CoV-2,ORF1ab,17335,0.25,69685,0.009652939459875878,0.01193969992988053
SARS-CoV-2,ORF1ab,17335,0.1,27875,0.014238393445526352,0.017801943441375444
SARS-CoV-2,ORF1ab,17344,0.5,139369,0.010225678491416547,0.011607841254329065
SARS-CoV-2,ORF1ab,17344,0.25,69684,0.01412289397318959,0.01661611134621391
SARS-CoV-2,ORF1ab,17344,0.1,27875,0.021815939843780534,0.026381349385248016
SARS-CoV-2,ORF1ab,17353,0.5,139370,0.007128432931442707,0.008663084544504549
SARS-CoV-2,ORF1ab,17353,0.25,69685,0.009441438206120279,0.012366484870594868
SARS-CoV-2,ORF1ab,17353,0.1,27875,0.013343297540885944,0.016758538505234555
SARS-CoV-2,ORF1ab,17362,0.5,139368,0.0074292312398430635,0.009720706098722755
SARS-CoV-2,ORF1ab,17362,0.25,69684,0.010294268141309387,0.01237277623601024
SARS-CoV-2,ORF1ab,17362,0.1,27875,0.015063932887798046,0.0179312850195674
SARS-CoV-2,ORF1ab,17371,0.5,139368,0.007489700703459097,0.008818792034182963
SARS-CoV-2,ORF1ab,17371,0.25,69684,0.010262130322459673,0.012693336393590127
SARS-CoV-2,ORF1ab,17371,0.1,27875,0.014833164076722253,0.01883618398748842
SARS-CoV-2,ORF1ab,17380,0.5,139369,0.007083631354637393,0.008203310239108204
SARS-CoV-2,ORF1ab,17380,0.25,69685,0.00946620592672801,0.013244531099724947
SARS-CoV-2,ORF1ab,17380,0.1,27875,0.013372682348305758,0.01659834068193994
SARS-CoV-2,ORF1ab,17389,0.5,139370,0.007360948249496623,0.008377019541877365
SARS-CoV-2,ORF1ab,17389,0.25,69685,0.010057894306888766,0.012631855293403414
SARS-CoV-2,ORF1ab,17389,0.1,27875,0.014266762374663578,0.02035506356988177
SARS-CoV-2,ORF1ab,17398,0.5,139368,0.007692711153309314,0.009304073464039882
SARS-CoV-2,ORF1ab,17398,0.25,69684,0.010575802873818605,0.013059889976119501
SARS-CoV-2,ORF1ab,17398,0.1,27875,0.01649224622734183,0.020405267443613075
SARS-CoV-2,ORF1ab,17407,0.5,139370,0.007791717788785907,0.009053527179557222
SARS-CoV-2,ORF1ab,17407,0.25,69685,0.010934930747046868,0.013277949469519428
SARS-CoV-2,ORF1ab,17407,0.1,27875,0.01692931239556842,0.02079864425251846
SARS-CoV-2,ORF1ab,17416,0.5,139369,0.007479747937099095,0.009656345180328645
SARS-CoV-2,ORF1ab,17416,0.25,69685,0.010403685142464173,0.012856728223107421
SARS-CoV-2,ORF1ab,17416,0.1,27875,0.015111435285020545,0.018045449452954637
SARS-CoV-2,ORF1ab,17425,0.5,139370,0.007646871805408709,0.009579603291246755
SARS-CoV-2,ORF1ab,17425,0.25,69685,0.01074819307004583,0.012950650901527085
SARS-CoV-2,ORF1ab,17425,0.1,27875,0.016309670362746345,0.019751625413064515
SARS-CoV-2,ORF1ab,17434,0.5,139369,0.007536360929958668,0.008950252923493838
SARS-CoV-2,ORF1ab,17434,0.25,69685,0.010133489055047164,0.012538404676289461
SARS-CoV-2,ORF1ab,17434,0.1,27875,0.015204269059023902,0.018052348126060973
SARS-CoV-2,ORF1ab,17443,0.5,139369,0.0071946117116838,0.008853825273177952
SARS-CoV-2,ORF1ab,17443,0.25,69684,0.009836280667444169,0.0126618494592827
SARS-CoV-2,ORF1ab,17443,0.1,27875,0.013870321438492815,0.018883793702058747
SARS-CoV-2,ORF1ab,17452,0.5,139369,0.0076734239873531875,0.010396536554890085
SARS-CoV-2,ORF1ab,17452,0.25,69685,0.010548478342711023,0.012950293464464541
SARS-CoV-2,ORF1ab,17452,0.1,27875,0.01584982044980751,0.019122303760786826
SARS-CoV-2,ORF1ab,17461,0.5,139369,0.007591992697324812,0.01024701100651419
SARS-CoV-2,ORF1ab,17461,0.25,69684,0.010584361221855128,0.013486526595571285
SARS-CoV-2,ORF1ab,17461,0.1,27875,0.015748547550499387,0.019609158192300396
SARS-CoV-2,ORF1ab,17470,0.5,139370,0.007616425190774719,0.00910451156557555
SARS-CoV-2,ORF1ab,17470,0.25,69685,0.010582509639561404,0.013172139568053092
SARS-CoV-2,ORF1ab,17470,0.1,27875,0.01653457513962616,0.020356462469786046
SARS-CoV-2,ORF1ab,17479,0.5,139369,0.007934439044381804,0.010068990222533217
SARS-CoV-2,ORF1ab,17479,0.25,69685,0.01108941704137635,0.013229384379270672
SARS-CoV-2,ORF1ab,17479,0.1,27875,0.016959507673771957,0.02174011254820228
SARS-CoV-2,ORF1ab,17488,0.5,139369,0.0072440033990285625,0.009013302924776333
SARS-CoV-2,ORF1ab,17488,0.25,69684,0.009607725836325477,0.011253528723027532
SARS-CoV-2,ORF1ab,17488,0.1,27875,0.014015229114528797,0.017029529214678523
SARS-CoV-2,ORF1ab,17497,0.5,139369,0.007875231865506475,0.009159437306875778
SARS-CoV-2,ORF1ab,17497,0.25,69684,0.011023661601204061,0.013405903438411299
SARS-CoV-2,ORF1ab,17497,0.1,27875,0.01706834386481125,0.021595763241968845
SARS-CoV-2,ORF1ab,17506,0.5,139369,0.0067431093609395835,0.008788680874017584
SARS-CoV-2,ORF1ab,17506,0.25,69684,0.008813106015123081,0.011761866632133989
SARS-CoV-2,ORF1ab,17506,0.1,27875,0.012398251256932755,0.01598311784141927
SARS-CoV-2,ORF1ab,17515,0.5,139369,0.006876662473879971,0.008811043370509414
SARS-CoV-2,ORF1ab,17515,0.25,69685,0.009127979070348475,0.011150822547865364
SARS-CoV-2,ORF1ab,17515,0.1,27875,0.012686887255517506,0.016423194811440476
SARS-CoV-2,ORF1ab,17524,0.5,139370,0.007481443174990511,0.009906908150049784
SARS-CoV-2,ORF1ab,17524,0.25,69685,0.010644416665849352,0.01258980190941465
SARS-CoV-2,ORF1ab,17524,0.1,27875,0.0157073789804071,0.020491946235856668
SARS-CoV-2,ORF1ab,17533,0.5,139369,0.007318011094094908,0.008670809148750035
SARS-CoV-2,ORF1ab,17533,0.25,69684,0.010206304777463825,0.012428040316410949
SARS-CoV-2,ORF1ab,17533,0.1,27875,0.01489507001996784,0.018471606987417174
SARS-CoV-2,ORF1ab,17542,0.5,139370,0.007762759635030375,0.009564994962806852
SARS-CoV-2,ORF1ab,17542,0.25,69685,0.010848036970245624,0.014154233948738671
SARS-CoV-2,ORF1ab,17542,0.1,27875,0.01647064477197685,0.02006148853039701
SARS-CoV-2,ORF1ab,17551,0.5,139369,0.007578367087817113,0.009994871497044932
SARS-CoV-2,ORF1ab,17551,0.25,69684,0.010624801322468702,0.012227193968043818
SARS-CoV-2,ORF1ab,17551,0.1,27875,0.015547421015973773,0.01964587736325225
SARS-CoV-2,ORF1ab,17560,0.5,139368,0.007258054450717584,0.009337844555399969
SARS-CoV-2,ORF1ab,17560,0.25,69684,0.009704758166303111,0.013959449308750302
SARS-CoV-2,ORF1ab,17560,0.1,27875,0.0137619258187773,0.018040121505705064
SARS-CoV-2,ORF1ab,17569,0.5,139368,0.007292258092243166,0.008697093527337763
SARS-CoV-2,ORF1ab,17569,0.25,69684,0.009743422440250338,0.011435013673836343
SARS-CoV-2,ORF1ab,17569,0.1,27875,0.014357253077260086,0.017413798974320226
SARS-CoV-2,ORF1ab,17578,0.5,139368,0.007458801071011173,0.009219313919238643
SARS-CoV-2,ORF1ab,17578,0.25,69684,0.010493016900213665,0.012948007299962346
SARS-CoV-2,ORF1ab,17578,0.1,27875,0.015769404199459602,0.020384368441366242
SARS-CoV-2,ORF1ab,17587,0.5,139369,0.009944650473670644,0.011776141306566698
SARS-CoV-2,ORF1ab,17587,0.25,69685,0.013644431798960478,0.01614556016689157
SARS-CoV-2,ORF1ab,17587,0.1,27875,0.019733157610882655,0.023504843501659885
SARS-CoV-2,ORF1ab,17596,0.5,139369,0.007703672183252448,0.009235554177961517
SARS-CoV-2,ORF1ab,17596,0.25,69685,0.010512229766920705,0.013478210419323355
SARS-CoV-2,ORF1ab,17596,0.1,27875,0.015510882291344457,0.018300886668163163
SARS-CoV-2,ORF1ab,17605,0.5,139369,0.007330877951187544,0.008858993030299162
SARS-CoV-2,ORF1ab,17605,0.25,69685,0.009985903277407093,0.012437717393055565
SARS-CoV-2,ORF1ab,17605,0.1,27875,0.01434495877587222,0.019465130325762407
SARS-CoV-2,ORF1ab,17614,0.5,139369,0.007328435273601248,0.009323318792420435
SARS-CoV-2,ORF1ab,17614,0.25,69685,0.009874651025134148,0.012147265213012428
SARS-CoV-2,ORF1ab,17614,0.1,27875,0.01432990666903989,0.01708504281011442
SARS-CoV-2,ORF1ab,17623,0.5,139369,0.007401421719065798,0.009433623020712302
SARS-CoV-2,ORF1ab,17623,0.25,69685,0.009676119951546894,0.01139365193672469
SARS-CoV-2,ORF1ab,17623,0.1,27875,0.013852818108289554,0.016915722072039646
SARS-CoV-2,ORF1ab,17632,0.5,139369,0.007052000975922998,0.008956469371703014
SARS-CoV-2,ORF1ab,17632,0.25,69685,0.009161841990747202,0.01083656453865951
SARS-CoV-2,ORF1ab,17632,0.1,27875,0.013100884798135704,0.017252202278148034
SARS-CoV-2,ORF1ab,17641,0.5,139369,0.0074654928686125385,0.008706477744632629
SARS-CoV-2,ORF1ab,17641,0.25,69684,0.010240577576600931,0.012517238183968786
SARS-CoV-2,ORF1ab,17641,0.1,27875,0.014716639270925463,0.0190521473816596
SARS-CoV-2,ORF1ab,17650,0.5,139369,0.00730042741652698,0.00913680728036603
SARS-CoV-2,ORF1ab,17650,0.25,69684,0.009686908598207705,0.01218768624303482
SARS-CoV-2,ORF1ab,17650,0.1,27875,0.013275421256739339,0.019461103690833845
SARS-CoV-2,ORF1ab,17659,0.5,139369,0.0076188819330866835,0.010430122928278975
SARS-CoV-2,ORF1ab,17659,0.25,69685,0.010545199210487364,0.01288381429349271
SARS-CoV-2,ORF1ab,17659,0.1,27875,0.015862463499867377,0.02001567016091749
SARS-CoV-2,ORF1ab,17668,0.5,139369,0.007431331832245861,0.008735331871814118
SARS-CoV-2,ORF1ab,17668,0.25,69684,0.01015262025447015,0.013287911441961358
SARS-CoV-2,ORF1ab,17668,0.1,27875,0.014970772168870997,0.018022722162475652
SARS-CoV-2,ORF1ab,17677,0.5,139370,0.007462047956494583,0.008901145238167341
SARS-CoV-2,ORF1ab,17677,0.25,69685,0.009906873474692575,0.012319472842151622
SARS-CoV-2,ORF1ab,17677,0.1,27875,0.01401507622685039,0.017812585142456025
SARS-CoV-2,ORF1ab,17686,0.5,139370,0.006694394705900929,0.008346920893741314
SARS-CoV-2,ORF1ab,17686,0.25,69685,0.008969191546249962,0.011672508405798306
SARS-CoV-2,ORF1ab,17686,0.1,27875,0.012529125727527662,0.015710388957996955
SARS-CoV-2,ORF1ab,17695,0.5,139369,0.007567517570703047,0.00889016051868198
SARS-CoV-2,ORF1ab,17695,0.25,69684,0.010428288960491182,0.012231972019619591
SARS-CoV-2,ORF1ab,17695,0.1,27875,0.015722466194188284,0.02110336907869829
SARS-CoV-2,ORF1ab,17704,0.5,139369,0.007530548529160932,0.0089932703889165
SARS-CoV-2,ORF1ab,17704,0.25,69685,0.01020075320402373,0.012647381344377682
SARS-CoV-2,ORF1ab,17704,0.1,27875,0.01497973434375671,0.019212462927343476
SARS-CoV-2,ORF1ab,17713,0.5,139369,0.007712994938818872,0.009762311726569963
SARS-CoV-2,ORF1ab,17713,0.25,69684,0.010862568891068531,0.013425983355581225
SARS-CoV-2,ORF1ab,17713,0.1,27875,0.016622047152280477,0.020554209317587967
SARS-CoV-2,ORF1ab,17722,0.5,139370,0.007048630823020176,0.009312256193967054
SARS-CoV-2,ORF1ab,17722,0.25,69685,0.00938340799311042,0.011581937873709777
SARS-CoV-2,ORF1ab,17722,0.1,27875,0.013403622704408867,0.01695571112478371
SARS-CoV-2,ORF1ab,17731,0.5,139369,0.007637024783423999,0.009338146917757454
SARS-CoV-2,ORF1ab,17731,0.25,69684,0.0106568708787913,0.013299799401495277
SARS-CoV-2,ORF1ab,17731,0.1,27875,0.01604377217610791,0.019414894350088353
SARS-CoV-2,ORF1ab,17740,0.5,139369,0.006813312180160097,0.008407205650550937
SARS-CoV-2,ORF1ab,17740,0.25,69684,0.008806196502755312,0.011574060342845966
SARS-CoV-2,ORF1ab,17740,0.1,27875,0.01276471780122029,0.016093774394515606
SARS-CoV-2,ORF1ab,17749,0.5,139369,0.007255888483521822,0.008686783020053301
SARS-CoV-2,ORF1ab,17749,0.25,69685,0.010056996414059183,0.011842389353003174
SARS-CoV-2,ORF1ab,17749,0.1,27875,0.01414399400304056,0.0184842376536871
SARS-CoV-2,ORF1ab,17758,0.5,139368,0.007449130712308886,0.008798079001508573
SARS-CoV-2,ORF1ab,17758,0.25,69684,0.010259599275498719,0.013469999075240005
SARS-CoV-2,ORF1ab,17758,0.1,27875,0.015559132535108532,0.01933255102206361
SARS-CoV-2,ORF1ab,17767,0.5,139369,0.007625444616497408,0.00932543209929802
SARS-CoV-2,ORF1ab,17767,0.25,69685,0.01050849806474817,0.012686705334063601
SARS-CoV-2,ORF1ab,17767,0.1,27875,0.01558435745177032,0.01873429642375418
SARS-CoV-2,ORF1ab,17776,0.5,139369,0.007327532011292918,0.00911782586906835
SARS-CoV-2,ORF1ab,17776,0.25,69684,0.010041909716612363,0.012929910630121165
SARS-CoV-2,ORF1ab,17776,0.1,27875,0.014922997663179756,0.01769297028344016
SARS-CoV-2,ORF1ab,17785,0.5,139369,0.007129403279607928,0.00832276730209133
SARS-CoV-2,ORF1ab,17785,0.25,69684,0.00947676106084443,0.011012916957942688
SARS-CoV-2,ORF1ab,17785,0.1,27875,0.013664585757280448,0.01701174247690898
SARS-CoV-2,ORF1ab,17794,0.5,139369,0.007628834359596803,0.009235911888466043
SARS-CoV-2,ORF1ab,17794,0.25,69685,0.01056446482839674,0.013489183523385736
SARS-CoV-2,ORF1ab,17794,0.1,27875,0.015648658767966898,0.019832834454974347
SARS-CoV-2,ORF1ab,17803,0.5,139370,0.006381737126778128,0.007792663067188454
SARS-CoV-2,ORF1ab,17803,0.25,69685,0.008114979819973498,0.01055963742072413
SARS-CoV-2,ORF1ab,17803,0.1,27875,0.01098859076345668,0.014071352303595491
SARS-CoV-2,ORF1ab,17812,0.5,139368,0.007663035546948132,0.009135591540437605
SARS-CoV-2,ORF1ab,17812,0.25,69684,0.010605738452461305,0.013759103061236387
SARS-CoV-2,ORF1ab,17812,0.1,27875,0.015956933604899512,0.021029468406609103
SARS-CoV-2,ORF1ab,17821,0.5,139369,0.007669315100933055,0.010556787462622105
SARS-CoV-2,ORF1ab,17821,0.25,69684,0.010783596966553842,0.013255831637061899
SARS-CoV-2,ORF1ab,17821,0.1,27875,0.016495826762232497,0.01928088213465312
SARS-CoV-2,ORF1ab,17830,0.5,139369,0.007495255523926687,0.009661442133162593
SARS-CoV-2,ORF1ab,17830,0.25,69684,0.010263480156616303,0.012300269418759864
SARS-CoV-2,ORF1ab,17830,0.1,27875,0.015072618586783293,0.018667867703195062
SARS-CoV-2,ORF1ab,17839,0.5,139370,0.007632004052222888,0.009610540841685522
SARS-CoV-2,ORF1ab,17839,0.25,69685,0.010852986677628991,0.013046376392422853
SARS-CoV-2,ORF1ab,17839,0.1,27875,0.01602137180664954,0.022295207761434854
SARS-CoV-2,ORF1ab,17848,0.5,139369,0.0075573471735205745,0.009906150201172066
SARS-CoV-2,ORF1ab,17848,0.25,69685,0.010487324144636986,0.012767373179306929
SARS-CoV-2,ORF1ab,17848,0.1,27875,0.015471225433768512,0.018873592712900646
SARS-CoV-2,ORF1ab,17857,0.5,139369,0.00749978848500333,0.009574959429546906
SARS-CoV-2,ORF1ab,17857,0.25,69685,0.010349212826719661,0.012085986439146114
SARS-CoV-2,ORF1ab,17857,0.1,27875,0.01536713131634077,0.01930505999586794
SARS-CoV-2,ORF1ab,17866,0.5,139370,0.007624794463954813,0.009126329915289272
SARS-CoV-2,ORF1ab,17866,0.25,69685,0.010718028098991205,0.013755647443169209
SARS-CoV-2,ORF1ab,17866,0.1,27875,0.015878120069998686,0.020654099014549072
SARS-CoV-2,ORF1ab,17875,0.5,139370,0.00727745294307416,0.009110756516841454
SARS-CoV-2,ORF1ab,17875,0.25,69685,0.01001325896418735,0.012380540300710402
SARS-CoV-2,ORF1ab,17875,0.1,27875,0.014236333022210649,0.01924132424427562
SARS-CoV-2,ORF1ab,17884,0.5,139370,0.007297849445020071,0.009334988023286576
SARS-CoV-2,ORF1ab,17884,0.25,69685,0.010026549253148187,0.012400256349582025
SARS-CoV-2,ORF1ab,17884,0.1,27875,0.01462327141924252,0.018818920073186546
SARS-CoV-2,ORF1ab,17893,0.5,139369,0.010276697300391597,0.011677890275764902
SARS-CoV-2,ORF1ab,17893,0.25,69684,0.014464866735812286,0.01701738183764269
SARS-CoV-2,ORF1ab,17893,0.1,27875,0.02231688245632556,0.025845155144460688
SARS-CoV-2,ORF1ab,17902,0.5,139369,0.010317945804242168,0.011730531668560591
SARS-CoV-2,ORF1ab,17902,0.25,69685,0.014375025671753198,0.016516026714913406
SARS-CoV-2,ORF1ab,17902,0.1,27875,0.022006716506393725,0.025851727781062133
SARS-CoV-2,ORF1ab,17911,0.5,139370,0.007699973463128789,0.009021479197561574
SARS-CoV-2,ORF1ab,17911,0.25,69685,0.0107898892491854,0.01303183305663822
SARS-CoV-2,ORF1ab,17911,0.1,27875,0.016049441141051807,0.020640409212093914
SARS-CoV-2,ORF1ab,17920,0.5,139370,0.007374953053353879,0.00862515904247975
SARS-CoV-2,ORF1ab,17920,0.25,69685,0.0102113238387657,0.012953061455884459
SARS-CoV-2,ORF1ab,17920,0.1,27875,0.014734740645059483,0.018388792015535824
SARS-CoV-2,ORF1ab,17929,0.5,139369,0.007155782648662726,0.009001755405564785
SARS-CoV-2,ORF1ab,17929,0.25,69685,0.009417394610730021,0.011734117456584672
SARS-CoV-2,ORF1ab,17929,0.1,27875,0.013244654533256432,0.016740838085594772
SARS-CoV-2,ORF1ab,17938,0.5,139368,0.0076256560497263625,0.009031339108021308
SARS-CoV-2,ORF1ab,17938,0.25,69684,0.01048396648126506,0.012358430975187303
SARS-CoV-2,ORF1ab,17938,0.1,27875,0.015293459802110327,0.01935306866902316
SARS-CoV-2,ORF1ab,17947,0.5,139370,0.007375828205792611,0.009116207476843012
SARS-CoV-2,ORF1ab,17947,0.25,69685,0.010125095499890914,0.011949497345297032
SARS-CoV-2,ORF1ab,17947,0.1,27875,0.014577825504653757,0.018339449589925602
SARS-CoV-2,ORF1ab,17956,0.5,139369,0.007580028140191326,0.009556275574705335
SARS-CoV-2,ORF1ab,17956,0.25,69684,0.010091588195111746,0.012382052426919525
SARS-CoV-2,ORF1ab,17956,0.1,27875,0.015156683823873045,0.018557082187306898
SARS-CoV-2,ORF1ab,17965,0.5,139369,0.007564356860022874,0.009959000663078215
SARS-CoV-2,ORF1ab,17965,0.25,69684,0.010342028981307332,0.013417115044083125
SARS-CoV-2,ORF1ab,17965,0.1,27875,0.015722445753293457,0.018967066057809165
SARS-CoV-2,ORF1ab,17974,0.5,139369,0.0073608930491340764,0.009401902786052454
SARS-CoV-2,ORF1ab,17974,0.25,69684,0.010248979980569797,0.012698256378668518
SARS-CoV-2,ORF1ab,17974,0.1,27875,0.01460932733558031,0.018198508661202407
SARS-CoV-2,ORF1ab,17983,0.5,139369,0.007903751857098542,0.009575795970659327
SARS-CoV-2,ORF1ab,17983,0.25,69685,0.010876004168830184,0.013608208442630684
SARS-CoV-2,ORF1ab,17983,0.1,27875,0.016747384931069212,0.019504824893679086
SARS-CoV-2,ORF1ab,17992,0.5,139369,0.007331518410697108,0.008890146644372564
SARS-CoV-2,ORF1ab,17992,0.25,69685,0.010256841961414935,0.012518400331853976
SARS-CoV-2,ORF1ab,17992,0.1,27875,0.014897603414394578,0.019497808468865997
SARS-CoV-2,ORF1ab,18001,0.5,139369,0.007425300074863407,0.01007505329206603
SARS-CoV-2,ORF1ab,18001,0.25,69684,0.010067853803432588,0.012266647432552335
SARS-CoV-2,ORF1ab,18001,0.1,27875,0.014894151882914243,0.018614673994075542
SARS-CoV-2,ORF1ab,18010,0.5,139368,0.007077789487164696,0.009297272462366325
SARS-CoV-2,ORF1ab,18010,0.25,69684,0.009404449747109935,0.012268191522819057
SARS-CoV-2,ORF1ab,18010,0.1,27875,0.013499377815259842,0.017422210678832463
SARS-CoV-2,ORF1ab,18019,0.5,139368,0.007005619898303625,0.008653303341215435
SARS-CoV-2,ORF1ab,18019,0.25,69684,0.009444211939714663,0.011894415511932856
SARS-CoV-2,ORF1ab,18019,0.1,27875,0.01333317140825138,0.016484420236352257
SARS-CoV-2,ORF1ab,18028,0.5,139368,0.007381773384558932,0.008671873066248581
SARS-CoV-2,ORF1ab,18028,0.25,69684,0.00996361236407424,0.012223628126649518
SARS-CoV-2,ORF1ab,18028,0.1,27875,0.013854876852351504,0.01797915518249137
SARS-CoV-2,ORF1ab,18037,0.5,139370,0.007487366675518398,0.009469483539733767
SARS-CoV-2,ORF1ab,18037,0.25,69685,0.010302272029339088,0.013093604121433792
SARS-CoV-2,ORF1ab,18037,0.1,27875,0.015166128416473782,0.020274640215556448
SARS-CoV-2,ORF1ab,18046,0.5,139369,0.007641952366856372,0.00895663338130601
SARS-CoV-2,ORF1ab,18046,0.25,69685,0.010714682446838195,0.01402434227515729
SARS-CoV-2,ORF1ab,18046,0.1,27875,0.01637520614011347,0.01936079997803383
SARS-CoV-2,ORF1ab,18055,0.5,139370,0.007696077683432566,0.009040897696645718
SARS-CoV-2,ORF1ab,18055,0.25,69685,0.01067524303239539,0.01337771396743052
SARS-CoV-2,ORF1ab,18055,0.1,27875,0.016029574265556696,0.019213465174505964
SARS-CoV-2,ORF1ab,18064,0.5,139368,0.007771208051294496,0.009109476802167895
SARS-CoV-2,ORF1ab,18064,0.25,69684,0.010517133789886873,0.012572088013244699
SARS-CoV-2,ORF1ab,18064,0.1,27875,0.016249607573603164,0.02020604187802228
SARS-CoV-2,ORF1ab,18073,0.5,139368,0.007209105213782752,0.008574558417731708
SARS-CoV-2,ORF1ab,18073,0.25,69684,0.009485598693827313,0.011549098200678284
SARS-CoV-2,ORF1ab,18073,0.1,27875,0.01368663160152619,0.01587922545379784
SARS-CoV-2,ORF1ab,18082,0.5,139368,0.007513959547581843,0.009530590626070744
SARS-CoV-2,ORF1ab,18082,0.25,69684,0.010437738686557728,0.01298458774805074
SARS-CoV-2,ORF1ab,18082,0.1,27875,0.015517746428914271,0.020750395952659175
SARS-CoV-2,ORF1ab,18091,0.5,139369,0.00749833355972613,0.009112992781911517
SARS-CoV-2,ORF1ab,18091,0.25,69684,0.01009936168892311,0.012655291677484347
SARS-CoV-2,ORF1ab,18091,0.1,27875,0.014369180208778651,0.01717591516671639
SARS-CoV-2,ORF1ab,18100,0.5,139368,0.007500409721666221,0.008909510031368856
SARS-CoV-2,ORF1ab,18100,0.25,69684,0.010341587701032778,0.012021506290221804
SARS-CoV-2,ORF1ab,18100,0.1,27875,0.015826904148246734,0.02177414587884364
SARS-CoV-2,ORF1ab,18109,0.5,139370,0.007565859174853491,0.009278908402526473
SARS-CoV-2,ORF1ab,18109,0.25,69685,0.010385695546654226,0.012685303705687852
SARS-CoV-2,ORF1ab,18109,0.1,27875,0.015591867508836784,0.019519381151428022
SARS-CoV-2,ORF1ab,18118,0.5,139368,0.007371981338190313,0.009193821474496953
SARS-CoV-2,ORF1ab,18118,0.25,69684,0.010218527363909817,0.012568529073502855
SARS-CoV-2,ORF1ab,18118,0.1,27875,0.014846275006779652,0.020147935032042763
SARS-CoV-2,ORF1ab,18127,0.5,139369,0.007945623018273073,0.010709590238065992
SARS-CoV-2,ORF1ab,18127,0.25,69684,0.010773915164409332,0.012248018687999997
SARS-CoV-2,ORF1ab,18127,0.1,27875,0.016423822416163608,0.02124979483065452
SARS-CoV-2,ORF1ab,18136,0.5,139368,0.0074747229335994595,0.0091542580710741
SARS-CoV-2,ORF1ab,18136,0.25,69684,0.009823510010515808,0.011747244421646411
SARS-CoV-2,ORF1ab,18136,0.1,27875,0.014380799040787318,0.01774276737788078
SARS-CoV-2,ORF1ab,18145,0.5,139369,0.007551684974433557,0.008986210218387218
SARS-CoV-2,ORF1ab,18145,0.25,69684,0.010518583403549102,0.012549431073797948
SARS-CoV-2,ORF1ab,18145,0.1,27875,0.015871959630321838,0.02200684420300664
SARS-CoV-2,ORF1ab,18154,0.5,139369,0.007199956266154242,0.008789646529203554
SARS-CoV-2,ORF1ab,18154,0.25,69684,0.009603657192408195,0.011821414300947583
SARS-CoV-2,ORF1ab,18154,0.1,27875,0.014063833282471001,0.017945145579764243
SARS-CoV-2,ORF1ab,18163,0.5,139369,0.007625691880175382,0.009296406875809685
SARS-CoV-2,ORF1ab,18163,0.25,69684,0.010666051327427527,0.013665911512316475
SARS-CoV-2,ORF1ab,18163,0.1,27875,0.015661189764348077,0.018608976590646312
SARS-CoV-2,ORF1ab,18172,0.5,139368,0.00740561566513561,0.00896025532804746
SARS-CoV-2,ORF1ab,18172,0.25,69684,0.010369611123078586,0.012916710715949152
SARS-CoV-2,ORF1ab,18172,0.1,27875,0.014644175996534633,0.020662067517625272
SARS-CoV-2,ORF1ab,18181,0.5,139370,0.007485974183983718,0.009277361232797961
SARS-CoV-2,ORF1ab,18181,0.25,69685,0.010418567797609,0.012197764236867335
SARS-CoV-2,ORF1ab,18181,0.1,27875,0.015787956706741567,0.01937301646902617
SARS-CoV-2,ORF1ab,18190,0.5,139368,0.007695161915906949,0.009483077635486906
SARS-CoV-2,ORF1ab,18190,0.25,69684,0.010407615727108277,0.01349995248002831
SARS-CoV-2,ORF1ab,18190,0.1,27875,0.01555344635454204,0.018782105568606943
SARS-CoV-2,ORF1ab,18199,0.5,139368,0.007672811717910003,0.010338398752840917
SARS-CoV-2,ORF1ab,18199,0.25,69684,0.010738870474721987,0.012993914388469764
SARS-CoV-2,ORF1ab,18199,0.1,27875,0.016381275141348486,0.020918138529353453
SARS-CoV-2,ORF1ab,18208,0.5,139369,0.006782536811937008,0.009288662838357085
SARS-CoV-2,ORF1ab,18208,0.25,69685,0.008988599651068279,0.011310233082550922
SARS-CoV-2,ORF1ab,18208,0.1,27875,0.012575484284121877,0.015532673182774334
SARS-CoV-2,ORF1ab,18217,0.5,139370,0.007886372641379057,0.010253321650938327
SARS-CoV-2,ORF1ab,18217,0.25,69685,0.01084492113038865,0.013747202167566155
SARS-CoV-2,ORF1ab,18217,0.1,27875,0.01649072683913298,0.019673979009129712
SARS-CoV-2,ORF1ab,18226,0.5,139370,0.010416526118136624,0.012207352990110882
SARS-CoV-2,ORF1ab,18226,0.25,69685,0.01456064557578595,0.01643660077016737
SARS-CoV-2,ORF1ab,18226,0.1,27875,0.022663665648377143,0.026645925875585365
SARS-CoV-2,ORF1ab,18235,0.5,139369,0.0076200775390967,0.0099205916351765
SARS-CoV-2,ORF1ab,18235,0.25,69685,0.010515977953008421,0.012190486725317758
SARS-CoV-2,ORF1ab,18235,0.1,27875,0.015688019970002163,0.01891679901458535
SARS-CoV-2,ORF1ab,18244,0.5,139369,0.007698896532212878,0.009632955651716641
SARS-CoV-2,ORF1ab,18244,0.25,69685,0.010759565621963571,0.013434550915228001
SARS-CoV-2,ORF1ab,18244,0.1,27875,0.016367134728589142,0.018401558117715117
SARS-CoV-2,ORF1ab,18253,0.5,139369,0.007480728690863883,0.008824112261180428
SARS-CoV-2,ORF1ab,18253,0.25,69685,0.010359980442509197,0.01245095960371076
SARS-CoV-2,ORF1ab,18253,0.1,27875,0.014919870563049366,0.01829109911501714
SARS-CoV-2,ORF1ab,18262,0.5,139370,0.007426292793464502,0.009941049379701802
SARS-CoV-2,ORF1ab,18262,0.25,69685,0.010445169279036152,0.01310399887166083
SARS-CoV-2,ORF1ab,18262,0.1,27875,0.01567306511046098,0.018121347052691163
SARS-CoV-2,ORF1ab,18271,0.5,139369,0.0072200510347047355,0.008458830983784367
SARS-CoV-2,ORF1ab,18271,0.25,69684,0.009768510902285277,0.013363474108914749
SARS-CoV-2,ORF1ab,18271,0.1,27875,0.013808608388929888,0.017450485560519764
SARS-CoV-2,ORF1ab,18280,0.5,139369,0.007807849526007996,0.008791144797092837
SARS-CoV-2,ORF1ab,18280,0.25,69685,0.010771680131313485,0.012390597422891964
SARS-CoV-2,ORF1ab,18280,0.1,27875,0.01683241544803255,0.02002358263144655
SARS-CoV-2,ORF1ab,18289,0.5,139369,0.007831014507563783,0.009686463060557291
SARS-CoV-2,ORF1ab,18289,0.25,69684,0.010910386565840525,0.013074025530745464
SARS-CoV-2,ORF1ab,18289,0.1,27875,0.016928954836771395,0.02080939161088054
SARS-CoV-2,ORF1ab,18298,0.5,139369,0.007821534340409282,0.009234956014805883
SARS-CoV-2,ORF1ab,18298,0.25,69684,0.010799384388056282,0.014363023509869215
SARS-CoV-2,ORF1ab,18298,0.1,27875,0.01676404479403461,0.020464292181005143
SARS-CoV-2,ORF1ab,18307,0.5,139368,0.0070805301079704406,0.008614948453227762
SARS-CoV-2,ORF1ab,18307,0.25,69684,0.009745504509690214,0.012218076781141597
SARS-CoV-2,ORF1ab,18307,0.1,27875,0.013761812275763006,0.017231284476525142
SARS-CoV-2,ORF1ab,18316,0.5,139369,0.010305175945751725,0.01190212027833542
SARS-CoV-2,ORF1ab,18316,0.25,69684,0.014488220966632354,0.01754780507097594
SARS-CoV-2,ORF1ab,18316,0.1,27875,0.022020630518190303,0.024860631129692255
SARS-CoV-2,ORF1ab,18325,0.5,139370,0.007352027080028573,0.009038526967203486
SARS-CoV-2,ORF1ab,18325,0.25,69685,0.009880134468741806,0.011625892022942183
SARS-CoV-2,ORF1ab,18325,0.1,27875,0.01441407675724101,0.01705913752376076
SARS-CoV-2,ORF1ab,18334,0.5,139369,0.007153388789953119,0.00923799775116547
SARS-CoV-2,ORF1ab,18334,0.25,69684,0.009664480586298891,0.012015897697089445
SARS-CoV-2,ORF1ab,18334,0.1,27875,0.013527719395632885,0.016591814184467056
SARS-CoV-2,ORF1ab,18343,0.5,139369,0.006634103229478948,0.008150509464829573
SARS-CoV-2,ORF1ab,18343,0.25,69685,0.00836588546199718,0.010651872396260729
SARS-CoV-2,ORF1ab,18343,0.1,27875,0.011619416784234716,0.014533635731343178
SARS-CoV-2,ORF1ab,18352,0.5,139368,0.007371571598843788,0.008471996712245335
SARS-CoV-2,ORF1ab,18352,0.25,69684,0.010012234544929399,0.01259938195156904
SARS-CoV-2,ORF1ab,18352,0.1,27875,0.014462307366069526,0.018130900985809505
SARS-CoV-2,ORF1ab,18361,0.5,139370,0.007052450881145881,0.008257215110376276
SARS-CoV-2,ORF1ab,18361,0.25,69685,0.00952623637653198,0.011750684543216048
SARS-CoV-2,ORF1ab,18361,0.1,27875,0.013560437774739982,0.01730287005982809
SARS-CoV-2,ORF1ab,18370,0.5,139370,0.007383629678975943,0.008413064574658041
SARS-CoV-2,ORF1ab,18370,0.25,69685,0.010223031279013974,0.013365294055162675
SARS-CoV-2,ORF1ab,18370,0.1,27875,0.015102961989042736,0.01779930906848016
SARS-CoV-2,ORF1ab,18379,0.5,139368,0.00778614625860435,0.009573932996757122
SARS-CoV-2,ORF1ab,18379,0.25,69684,0.01094924105941903,0.013514634265324649
SARS-CoV-2,ORF1ab,18379,0.1,27875,0.017211741543681033,0.0208799888533543
SARS-CoV-2,ORF1ab,18388,0.5,139369,0.010324570266097437,0.01184364011919203
SARS-CoV-2,ORF1ab,18388,0.25,69685,0.01415804344644897,0.016859191344644572
SARS-CoV-2,ORF1ab,18388,0.1,27875,0.02165408981360141,0.02513464824359269
SARS-CoV-2,ORF1ab,18397,0.5,139369,0.007724421705904338,0.008780941679996603
SARS-CoV-2,ORF1ab,18397,0.25,69685,0.010077871269444398,0.012877004901453874
SARS-CoV-2,ORF1ab,18397,0.1,27875,0.015071305748867147,0.017929972558002247
SARS-CoV-2,ORF1ab,18406,0.5,139370,0.007324511335971235,0.008929022011342306
SARS-CoV-2,ORF1ab,18406,0.25,69685,0.010139667699040254,0.012245951251923482
SARS-CoV-2,ORF1ab,18406,0.1,27875,0.014658180520322122,0.018994847668000994
SARS-CoV-2,ORF1ab,18415,0.5,139368,0.007690087878843967,0.009324496236755268
SARS-CoV-2,ORF1ab,18415,0.25,69684,0.010780888193400576,0.013143450777356692
SARS-CoV-2,ORF1ab,18415,0.1,27875,0.016159755726759564,0.020435797321708773
SARS-CoV-2,ORF1ab,18424,0.5,139369,0.007582057179440722,0.009138830453486334
SARS-CoV-2,ORF1ab,18424,0.25,69684,0.010280897328340642,0.012383634015705443
SARS-CoV-2,ORF1ab,18424,0.1,27875,0.015238430310348066,0.02024653718271967
SARS-CoV-2,ORF1ab,18433,0.5,139369,0.007505615464247923,0.00904209291793729
SARS-CoV-2,ORF1ab,18433,0.25,69684,0.010394069704210406,0.012462752884355036
SARS-CoV-2,ORF1ab,18433,0.1,27875,0.015603652476869938,0.019407070849844808
SARS-CoV-2,ORF1ab,18442,0.5,139368,0.007520176528612516,0.009025541404026297
SARS-CoV-2,ORF1ab,18442,0.25,69684,0.010422331339687686,0.01244668439743521
SARS-CoV-2,ORF1ab,18442,0.1,27875,0.01498408939730605,0.017384684834113907
SARS-CoV-2,ORF1ab,18451,0.5,139369,0.007449870263552478,0.009072040177537249
SARS-CoV-2,ORF1ab,18451,0.25,69684,0.010306966062702793,0.012594822167909133
SARS-CoV-2,ORF1ab,18451,0.1,27875,0.014684791130827494,0.017755993379243804
SARS-CoV-2,ORF1ab,18460,0.5,139370,0.00682934983362677,0.008715289025877941
SARS-CoV-2,ORF1ab,18460,0.25,69685,0.009042662425889896,0.01192760971670035
SARS-CoV-2,ORF1ab,18460,0.1,27875,0.012886741257549992,0.01670209536883542
SARS-CoV-2,ORF1ab,18469,0.5,139369,0.007209739697871665,0.009242489339973603
SARS-CoV-2,ORF1ab,18469,0.25,69685,0.009794786756491784,0.011679047441641138
SARS-CoV-2,ORF1ab,18469,0.1,27875,0.014018710897170387,0.019542090765439175
SARS-CoV-2,ORF1ab,18478,0.5,139370,0.007861628385286073,0.009514717499188852
SARS-CoV-2,ORF1ab,18478,0.25,69685,0.011116545149098113,0.01357801600142494
SARS-CoV-2,ORF1ab,18478,0.1,27875,0.01693122292057012,0.019314441985911666
SARS-CoV-2,ORF1ab,18487,0.5,139369,0.007702000938974468,0.008951388998875315
SARS-CoV-2,ORF1ab,18487,0.25,69684,0.010469161718626756,0.012328609340690952
SARS-CoV-2,ORF1ab,18487,0.1,27875,0.015139942241391757,0.018015016715466174
SARS-CoV-2,ORF1ab,18496,0.5,139370,0.007558418942867092,0.009639203938625463
SARS-CoV-2,ORF1ab,18496,0.25,69685,0.01047312135423834,0.013742356429391329
SARS-CoV-2,ORF1ab,18496,0.1,27875,0.015349550013365286,0.018190376585118045
SARS-CoV-2,ORF1ab,18505,0.5,139369,0.006923742983891693,0.008896287448241096
SARS-CoV-2,ORF1ab,18505,0.25,69685,0.009438446639255468,0.011362240446470785
SARS-CoV-2,ORF1ab,18505,0.1,27875,0.012854147481666528,0.01630903234599937
SARS-CoV-2,ORF1ab,18514,0.5,139370,0.007351126529494439,0.009088198939220795
SARS-CoV-2,ORF1ab,18514,0.25,69685,0.010039006375138297,0.01232053190685856
SARS-CoV-2,ORF1ab,18514,0.1,27875,0.014639199866212867,0.017471298302431902
SARS-CoV-2,ORF1ab,18523,0.5,139368,0.007687594322934436,0.0089594713215326
SARS-CoV-2,ORF1ab,18523,0.25,69684,0.010759274388203307,0.0135415633156233
SARS-CoV-2,ORF1ab,18523,0.1,27875,0.016371699112180865,0.021009589372894957
SARS-CoV-2,ORF1ab,18532,0.5,139369,0.007638590239739415,0.009548352766998485
SARS-CoV-2,ORF1ab,18532,0.25,69684,0.010590661377045502,0.012976692246108004
SARS-CoV-2,ORF1ab,18532,0.1,27875,0.015931256751650805,0.019031629492128575
SARS-CoV-2,ORF1ab,18541,0.5,139370,0.007298954048739206,0.00924177555493296
SARS-CoV-2,ORF1ab,18541,0.25,69685,0.009736157853141858,0.012504748255490946
SARS-CoV-2,ORF1ab,18541,0.1,27875,0.014055099346165183,0.017195808694842035
SARS-CoV-2,ORF1ab,18550,0.5,139368,0.00749880118612888,0.009068134881558733
SARS-CoV-2,ORF1ab,18550,0.25,69684,0.010363793990364523,0.01263438574883689
SARS-CoV-2,ORF1ab,18550,0.1,27875,0.0156103468289607,0.021015844374446806
SARS-CoV-2,ORF1ab,18559,0.5,139369,0.007661278062509068,0.009871685288712252
SARS-CoV-2,ORF1ab,18559,0.25,69685,0.010732207045790658,0.013369098193882713
SARS-CoV-2,ORF1ab,18559,0.1,27875,0.016273418990027842,0.019162413770214663
SARS-CoV-2,ORF1ab,18568,0.5,139369,0.007827206585579293,0.009090626795770117
SARS-CoV-2,ORF1ab,18568,0.25,69685,0.01058746159486888,0.014527429139317446
SARS-CoV-2,ORF1ab,18568,0.1,27875,0.01653195716279259,0.021452265120598696
SARS-CoV-2,ORF1ab,18577,0.5,139369,0.006723482276949654,0.008088364546041277
SARS-CoV-2,ORF1ab,18577,0.25,69685,0.009152113162780341,0.0120448608334431
SARS-CoV-2,ORF1ab,18577,0.1,27875,0.013097746869822199,0.01659518591835199
SARS-CoV-2,ORF1ab,18586,0.5,139368,0.006986505756732413,0.00835539286864258
SARS-CoV-2,ORF1ab,18586,0.25,69684,0.009328424492508433,0.012241456516130608
SARS-CoV-2,ORF1ab,18586,0.1,27875,0.013161306833434281,0.017131186057962027
SARS-CoV-2,ORF1ab,18595,0.5,139370,0.007713888045739605,0.009389838675320108
SARS-CoV-2,ORF1ab,18595,0.25,69685,0.010612152396731167,0.012684174963530456
SARS-CoV-2,ORF1ab,18595,0.1,27875,0.015900880876259287,0.019968117507652348
SARS-CoV-2,ORF1ab,18604,0.5,139370,0.007122313408955013,0.009036321129903522
SARS-CoV-2,ORF1ab,18604,0.25,69685,0.009477937063619728,0.011933194851886209
SARS-CoV-2,ORF1ab,18604,0.1,27875,0.013480121491386254,0.017275317055039176
SARS-CoV-2,ORF1ab,18613,0.5,139369,0.007568655418488114,0.009009517651088103
SARS-CoV-2,ORF1ab,18613,0.25,69685,0.010664923326438258,0.01370931706088034
SARS-CoV-2,ORF1ab,18613,0.1,27875,0.01618335134831349,0.020323007976172366
SARS-CoV-2,ORF1ab,18622,0.5,139370,0.010462900487745017,0.012238813142318651
SARS-CoV-2,ORF1ab,18622,0.25,69685,0.014823624306046888,0.017134374696496247
SARS-CoV-2,ORF1ab,18622,0.1,27875,0.023020200644335836,0.0263791849249017
SARS-CoV-2,ORF1ab,18631,0.5,139370,0.007586523350964372,0.009142434690427394
SARS-CoV-2,ORF1ab,18631,0.25,69685,0.010306234183068006,0.012412756296437203
SARS-CoV-2,ORF1ab,18631,0.1,27875,0.015090079178308112,0.018271680642481747
SARS-CoV-2,ORF1ab,18640,0.5,139369,0.007623765554798736,0.009647879402677457
SARS-CoV-2,ORF1ab,18640,0.25,69685,0.010326165321807225,0.012993965242742088
SARS-CoV-2,ORF1ab,18640,0.1,27875,0.015284577094899044,0.018087227312415296
SARS-CoV-2,ORF1ab,18649,0.5,139368,0.007044276806651645,0.008625719555568704
SARS-CoV-2,ORF1ab,18649,0.25,69684,0.009183991193440107,0.01087857116184328
SARS-CoV-2,ORF1ab,18649,0.1,27875,0.013176488847170287,0.017084130950402374
SARS-CoV-2,ORF1ab,18658,0.5,139368,0.0077654820229356115,0.008837276707217703
SARS-CoV-2,ORF1ab,18658,0.25,69684,0.010494266046692131,0.012606730074391084
SARS-CoV-2,ORF1ab,18658,0.1,27875,0.0159359651908407,0.01941891543051054
SARS-CoV-2,ORF1ab,18667,0.5,139369,0.007089450470317091,0.008253943121445393
SARS-CoV-2,ORF1ab,18667,0.25,69684,0.009470714322819707,0.012631815690720565
SARS-CoV-2,ORF1ab,18667,0.1,27875,0.013528333267385997,0.01628253840401708
SARS-CoV-2,ORF1ab,18676,0.5,139369,0.007563867761513525,0.009109438174085499
SARS-CoV-2,ORF1ab,18676,0.25,69684,0.010262011172761742,0.012358787276537657
SARS-CoV-2,ORF1ab,18676,0.1,27875,0.014985819729222546,0.01910204003466313
SARS-CoV-2,ORF1ab,18685,0.5,139368,0.007474008633137173,0.00888534840999092
SARS-CoV-2,ORF1ab,18685,0.25,69684,0.01030328632409171,0.012274080821289312
SARS-CoV-2,ORF1ab,18685,0.1,27875,0.01550236678185888,0.019326227242886254
SARS-CoV-2,ORF1ab,18694,0.5,139369,0.007537863602418822,0.009272606680633394
SARS-CoV-2,ORF1ab,18694,0.25,69685,0.010236460837360172,0.011997837245789424
SARS-CoV-2,ORF1ab,18694,0.1,27875,0.014982917085308503,0.018092190974043704
SARS-CoV-2,ORF1ab,18703,0.5,139368,0.007367362809091661,0.009156452812134364
SARS-CoV-2,ORF1ab,18703,0.25,69684,0.01002385417945568,0.012912901218420317
SARS-CoV-2,ORF1ab,18703,0.1,27875,0.014487518194098572,0.018160393355146482
SARS-CoV-2,ORF1ab,18712,0.5,139370,0.0076562043730663935,0.009481578039720908
SARS-CoV-2,ORF1ab,18712,0.25,69685,0.01072965488774356,0.012772065900121893
SARS-CoV-2,ORF1ab,18712,0.1,27875,0.01647583031557879,0.021307576320677993
SARS-CoV-2,ORF1ab,18721,0.5,139370,0.007443436776001824,0.009313075500838468
SARS-CoV-2,ORF1ab,18721,0.25,69685,0.010059182696688611,0.012193947455970714
SARS-CoV-2,ORF1ab,18721,0.1,27875,0.014836515086316983,0.019258806015080985
SARS-CoV-2,ORF1ab,18730,0.5,139369,0.0073429038349586626,0.009055202197109568
SARS-CoV-2,ORF1ab,18730,0.25,69684,0.010247090480015418,0.012748416569623632
SARS-CoV-2,ORF1ab,18730,0.1,27875,0.014868613298940965,0.018765365578394838
SARS-CoV-2,ORF1ab,18739,0.5,139369,0.007591989904291881,0.00934004437370132
SARS-CoV-2,ORF1ab,18739,0.25,69684,0.010644490178854805,0.013401709264612583
SARS-CoV-2,ORF1ab,18739,0.1,27875,0.016163034491559817,0.01969187959454451
SARS-CoV-2,ORF1ab,18748,0.5,139370,0.007780786033504348,0.009510639571073802
SARS-CoV-2,ORF1ab,18748,0.25,69685,0.010765309333790107,0.013573004044688862
SARS-CoV-2,ORF1ab,18748,0.1,27875,0.01645850567541851,0.01990824979404109
SARS-CoV-2,ORF1ab,18757,0.5,139368,0.007539988939594628,0.009121966073849576
SARS-CoV-2,ORF1ab,18757,0.25,69684,0.01041392160771946,0.012779258893332287
SARS-CoV-2,ORF1ab,18757,0.1,27875,0.015559498556135221,0.01902963545143835
SARS-CoV-2,ORF1ab,18766,0.5,139368,0.0075617492366280735,0.00928865271838384
SARS-CoV-2,ORF1ab,18766,0.25,69684,0.01036588717869943,0.012759660174177265
SARS-CoV-2,ORF1ab,18766,0.1,27875,0.015408705981896177,0.01803267293553952
SARS-CoV-2,ORF1ab,18775,0.5,139369,0.007166170194036287,0.008474642518631994
SARS-CoV-2,ORF1ab,18775,0.25,69684,0.009526472690276039,0.013409227310397584
SARS-CoV-2,ORF1ab,18775,0.1,27875,0.013201972388251049,0.01719711592159391
SARS-CoV-2,ORF1ab,18784,0.5,139369,0.007152390266222735,0.008596599071715953
SARS-CoV-2,ORF1ab,18784,0.25,69685,0.009341507531769466,0.012086857649219233
SARS-CoV-2,ORF1ab,18784,0.1,27875,0.013364167447675823,0.01958834837083719
SARS-CoV-2,ORF1ab,18793,0.5,139369,0.007419238806394231,0.008829057746949772
SARS-CoV-2,ORF1ab,18793,0.25,69685,0.009866398745732674,0.011739831502143836
SARS-CoV-2,ORF1ab,18793,0.1,27875,0.01439735553626946,0.01873165275246753
SARS-CoV-2,ORF1ab,18802,0.5,139368,0.007447425236802916,0.009237545488690178
SARS-CoV-2,ORF1ab,18802,0.25,69684,0.01011217014885454,0.012125136727722004
SARS-CoV-2,ORF1ab,18802,0.1,27875,0.014771104274513634,0.01831094089559576
SARS-CoV-2,ORF1ab,18811,0.5,139369,0.007608763311457313,0.009350905902119547
SARS-CoV-2,ORF1ab,18811,0.25,69685,0.010533832371634468,0.013122709790804777
SARS-CoV-2,ORF1ab,18811,0.1,27875,0.01611894709092495,0.019598056788046343
SARS-CoV-2,ORF1ab,18820,0.5,139369,0.007646813697193345,0.009155255667819323
SARS-CoV-2,ORF1ab,18820,0.25,69685,0.010386493949731372,0.012991406104517319
SARS-CoV-2,ORF1ab,18820,0.1,27875,0.015648091250445608,0.018268371331601353
SARS-CoV-2,ORF1ab,18829,0.5,139369,0.007741808369622142,0.009375174670970021
SARS-CoV-2,ORF1ab,18829,0.25,69685,0.010646081690212885,0.01310906047364219
SARS-CoV-2,ORF1ab,18829,0.1,27875,0.015910436164665774,0.019599691850936258
SARS-CoV-2,ORF1ab,18838,0.5,139369,0.007217578378249081,0.009064126171634886
SARS-CoV-2,ORF1ab,18838,0.25,69685,0.009748800578598693,0.012103776890741408
SARS-CoV-2,ORF1ab,18838,0.1,27875,0.013916082065795558,0.018790309546802785
SARS-CoV-2,ORF1ab,18847,0.5,139369,0.007681541061297186,0.008884847646834148
SARS-CoV-2,ORF1ab,18847,0.25,69684,0.010718872607029289,0.013155630157222245
SARS-CoV-2,ORF1ab,18847,0.1,27875,0.01606694320362398,0.018919626976265622
SARS-CoV-2,ORF1ab,18856,0.5,139369,0.006755888332782375,0.008631876940468316
SARS-CoV-2,ORF1ab,18856,0.25,69684,0.008885241786782563,0.01161605953567853
SARS-CoV-2,ORF1ab,18856,0.1,27875,0.012216423736498904,0.016022815916850886
SARS-CoV-2,ORF1ab,18865,0.5,139369,0.007304331095756416,0.009079044401609147
SARS-CoV-2,ORF1ab,18865,0.25,69685,0.01005229958133994,0.011754940236011122
SARS-CoV-2,ORF1ab,18865,0.1,27875,0.01475827925559107,0.01683033925064353
SARS-CoV-2,ORF1ab,18874,0.5,139368,0.0073393440194798485,0.00860651796513869
SARS-CoV-2,ORF1ab,18874,0.25,69684,0.009772415714264977,0.011644665867030637
SARS-CoV-2,ORF1ab,18874,0.1,27875,0.014220630562228605,0.017087651596766333
SARS-CoV-2,ORF1ab,18883,0.5,139368,0.00767839752436695,0.009423078417981899
SARS-CoV-2,ORF1ab,18883,0.25,69684,0.010558938637275818,0.014011511908444728
SARS-CoV-2,ORF1ab,18883,0.1,27875,0.01647526101050292,0.01943715395045358
SARS-CoV-2,ORF1ab,18892,0.5,139370,0.00787861114094001,0.009751441733199554
SARS-CoV-2,ORF1ab,18892,0.25,69685,0.011075964857743162,0.01335378603595701
SARS-CoV-2,ORF1ab,18892,0.1,27875,0.016950859687645762,0.020752010495879332
SARS-CoV-2,ORF1ab,18901,0.5,139369,0.007684129889961959,0.00874317533289911
SARS-CoV-2,ORF1ab,18901,0.25,69684,0.01085842429215512,0.012780497660918473
SARS-CoV-2,ORF1ab,18901,0.1,27875,0.016314481484137347,0.01923541145723351
SARS-CoV-2,ORF1ab,18910,0.5,139369,0.007651406881262943,0.008943973380071727
SARS-CoV-2,ORF1ab,18910,0.25,69684,0.010465072668466389,0.013434358537808132
SARS-CoV-2,ORF1ab,18910,0.1,27875,0.01562997729502581,0.018860764442889248
SARS-CoV-2,ORF1ab,18919,0.5,139368,0.007693740520354178,0.009013700501871901
SARS-CoV-2,ORF1ab,18919,0.25,69684,0.010950011575162549,0.013263014716230525
SARS-CoV-2,ORF1ab,18919,0.1,27875,0.016541176906553018,0.02190702864298331
SARS-CoV-2,ORF1ab,18928,0.5,139369,0.006667466464543796,0.008514923780774501
SARS-CoV-2,ORF1ab,18928,0.25,69685,0.008532556377841468,0.010298826284963012
SARS-CoV-2,ORF1ab,18928,0.1,27875,0.011619416784234716,0.01530649924115565
SARS-CoV-2,ORF1ab,18937,0.5,139368,0.00726556973532094,0.00863786349869165
SARS-CoV-2,ORF1ab,18937,0.25,69684,0.009708342032467692,0.012084183193397532
SARS-CoV-2,ORF1ab,18937,0.1,27875,0.014327314576101933,0.017880685338228307
SARS-CoV-2,ORF1ab,18946,0.5,139369,0.007108749309562625,0.008424813381100035
SARS-CoV-2,ORF1ab,18946,0.25,69684,0.009784634297369367,0.012117109140419724
SARS-CoV-2,ORF1ab,18946,0.1,27875,0.013990217937573239,0.016856910128219094
SARS-CoV-2,ORF1ab,18955,0.5,139369,0.010089468837812355,0.011510791527292612
SARS-CoV-2,ORF1ab,18955,0.25,69684,0.014097428099758308,0.01721217878681047
SARS-CoV-2,ORF1ab,18955,0.1,27875,0.021237748471221198,0.023989395497890663
SARS-CoV-2,ORF1ab,18964,0.5,139368,0.006588533765836,0.007722018654170922
SARS-CoV-2,ORF1ab,18964,0.25,69684,0.008809964698077951,0.012381675251537591
SARS-CoV-2,ORF1ab,18964,0.1,27875,0.012367945221686473,0.014508644326271799
SARS-CoV-2,ORF1ab,18973,0.5,139370,0.007098574483638402,0.008937643783990352
SARS-CoV-2,ORF1ab,18973,0.25,69685,0.00950018478801142,0.013294637325816422
SARS-CoV-2,ORF1ab,18973,0.1,27875,0.013710489137854455,0.016985118467346034
SARS-CoV-2,ORF1ab,18982,0.5,139368,0.007247632332375152,0.008477082011043243
SARS-CoV-2,ORF1ab,18982,0.25,69684,0.009571456449626184,0.011928626620330401
SARS-CoV-2,ORF1ab,18982,0.1,27875,0.013675205960159911,0.01729042688771214
SARS-CoV-2,ORF1ab,18991,0.5,139370,0.00785933869563231,0.010416989464647355
SARS-CoV-2,ORF1ab,18991,0.25,69685,0.0107831193104278,0.013592588370394018
SARS-CoV-2,ORF1ab,18991,0.1,27875,0.016757705481104123,0.020039537348266915
SARS-CoV-2,ORF1ab,19000,0.5,139369,0.007795790138344354,0.00946515136922315
SARS-CoV-2,ORF1ab,19000,0.25,69684,0.010882902884370644,0.013174565232016376
SARS-CoV-2,ORF1ab,19000,0.1,27875,0.016390206680351505,0.019001710012724507
SARS-CoV-2,ORF1ab,19009,0.5,139369,0.007634727596807968,0.009233565248628126
SARS-CoV-2,ORF1ab,19009,0.25,69685,0.010686269574515237,0.013150548625470507
SARS-CoV-2,ORF1ab,19009,0.1,27875,0.015726057139477164,0.02021830597175092
SARS-CoV-2,ORF1ab,19018,0.5,139370,0.007599354451617963,0.009080572015533642
SARS-CoV-2,ORF1ab,19018,0.25,69685,0.010570039805025392,0.01294628856225238
SARS-CoV-2,ORF1ab,19018,0.1,27875,0.015719859350918727,0.020081881114887
SARS-CoV-2,ORF1ab,19027,0.5,139370,0.007793687435765147,0.00921210875531123
SARS-CoV-2,ORF1ab,19027,0.25,69685,0.010815669703426782,0.013238760500685095
SARS-CoV-2,ORF1ab,19027,0.1,27875,0.016906124101198766,0.020684223031062043
SARS-CoV-2,ORF1ab,19036,0.5,139369,0.00783581204029801,0.009655575554661903
SARS-CoV-2,ORF1ab,19036,0.25,69684,0.010869204703453933,0.012553417543981251
SARS-CoV-2,ORF1ab,19036,0.1,27875,0.016697121483968264,0.0195730077792306
SARS-CoV-2,ORF1ab,19045,0.5,139369,0.007863073240754389,0.009571103038803765
SARS-CoV-2,ORF1ab,19045,0.25,69684,0.011045571332666634,0.013934676064226551
SARS-CoV-2,ORF1ab,19045,0.1,27875,0.016588579059678074,0.01934693408710194
SARS-CoV-2,ORF1ab,19054,0.5,139369,0.0098466641134757,0.01116481075923884
SARS-CoV-2,ORF1ab,19054,0.25,69685,0.01371166575319292,0.016117937106328292
SARS-CoV-2,ORF1ab,19054,0.1,27875,0.020473279967143525,0.023290875409719195
SARS-CoV-2,ORF1ab,19063,0.5,139368,0.007828787522162236,0.00914139500015731
SARS-CoV-2,ORF1ab,19063,0.25,69684,0.011028496242596966,0.013752060006268578
SARS-CoV-2,ORF1ab,19063,0.1,27875,0.016793451961345567,0.019661392256543134
SARS-CoV-2,ORF1ab,19072,0.5,139370,0.007816930870340534,0.009934032409981515
SARS-CoV-2,ORF1ab,19072,0.25,69685,0.010903010228764361,0.013893842277241402
SARS-CoV-2,ORF1ab,19072,0.1,27875,0.01643692643207187,0.020973086566293646
SARS-CoV-2,ORF1ab,19081,0.5,139368,0.007829111556619915,0.00931294304967578
SARS-CoV-2,ORF1ab,19081,0.25,69684,0.010784382756633208,0.012597108881700503
SARS-CoV-2,ORF1ab,19081,0.1,27875,0.016727434450985273,0.01999490627014391
SARS-CoV-2,ORF1ab,19090,0.5,139369,0.00770943728878758,0.008776837247878956
SARS-CoV-2,ORF1ab,19090,0.25,69685,0.010747291941265738,0.013668118367597803
SARS-CoV-2,ORF1ab,19090,0.1,27875,0.01682176765348479,0.021470170162624733
SARS-CoV-2,ORF1ab,19099,0.5,139369,0.00780761394096117,0.009975198596907167
SARS-CoV-2,ORF1ab,19099,0.25,69684,0.010925569199617508,0.013547511778291287
SARS-CoV-2,ORF1ab,19099,0.1,27875,0.016988376939515878,0.021604450573103524
SARS-CoV-2,ORF1ab,19108,0.5,139369,0.007901758039270396,0.009525701509289814
SARS-CoV-2,ORF1ab,19108,0.25,69684,0.010767004604484006,0.012915600776569608
SARS-CoV-2,ORF1ab,19108,0.1,27875,0.016548054287879137,0.019894684788471312
SARS-CoV-2,ORF1ab,19117,0.5,139369,0.007840210260028452,0.009592947159938428
SARS-CoV-2,ORF1ab,19117,0.25,69685,0.010865269981587366,0.01293422518786876
SARS-CoV-2,ORF1ab,19117,0.1,27875,0.01679598706871298,0.020092326316571135
SARS-CoV-2,ORF1ab,19126,0.5,139368,0.007653113612832414,0.009326124010798376
SARS-CoV-2,ORF1ab,19126,0.25,69684,0.010861927511864673,0.012726305503665356
SARS-CoV-2,ORF1ab,19126,0.1,27875,0.017371830688485815,0.021496014579293912
SARS-CoV-2,ORF1ab,19135,0.5,139370,0.007787537223164373,0.009946562191687805
SARS-CoV-2,ORF1ab,19135,0.25,69685,0.01092584492784185,0.01323805821540305
SARS-CoV-2,ORF1ab,19135,0.1,27875,0.01717762912729946,0.01993824681995465
SARS-CoV-2,ORF1ab,19144,0.5,139369,0.007876787401247053,0.009448736279691648
SARS-CoV-2,ORF1ab,19144,0.25,69684,0.010996587790122221,0.01336517407520354
SARS-CoV-2,ORF1ab,19144,0.1,27875,0.016423328011319283,0.02170597156098197
SARS-CoV-2,ORF1ab,19153,0.5,139369,0.00783930694807436,0.010057392456307502
SARS-CoV-2,ORF1ab,19153,0.25,69685,0.01092599041349085,0.013778231290134578
SARS-CoV-2,ORF1ab,19153,0.1,27875,0.016931531617352325,0.02082447811092058
SARS-CoV-2,ORF1ab,19162,0.5,139370,0.007904983091295297,0.009594546507728976
SARS-CoV-2,ORF1ab,19162,0.25,69685,0.010806161955318054,0.013109071842671257
SARS-CoV-2,ORF1ab,19162,0.1,27875,0.017079810414561438,0.020273152761828797
SARS-CoV-2,ORF1ab,19171,0.5,139368,0.007754507646206355,0.009593233323919589
SARS-CoV-2,ORF1ab,19171,0.25,69684,0.010898613998191189,0.012673633462454027
SARS-CoV-2,ORF1ab,19171,0.1,27875,0.016826308976312796,0.01978532746156407
SARS-CoV-2,ORF1ab,19180,0.5,139369,0.007838164256961487,0.00925372301544376
SARS-CoV-2,ORF1ab,19180,0.25,69685,0.010852357060359696,0.014326678783068314
SARS-CoV-2,ORF1ab,19180,0.1,27875,0.01698013707211393,0.020924435707990168
SARS-CoV-2,ORF1ab,19189,0.5,139370,0.007745125918148403,0.009854080389163179
SARS-CoV-2,ORF1ab,19189,0.25,69685,0.010853654980797149,0.013398362211954808
SARS-CoV-2,ORF1ab,19189,0.1,27875,0.016612546503128506,0.01956992479844249
SARS-CoV-2,ORF1ab,19198,0.5,139370,0.007700004486147866,0.008520142440162375
SARS-CoV-2,ORF1ab,19198,0.25,69685,0.010763233152669704,0.013277022506307185
SARS-CoV-2,ORF1ab,19198,0.1,27875,0.016715959379642254,0.02002889550127357
SARS-CoV-2,ORF1ab,19207,0.5,139369,0.007941289182864105,0.009482591431615716
SARS-CoV-2,ORF1ab,19207,0.25,69685,0.01099820964912705,0.013719502572200561
SARS-CoV-2,ORF1ab,19207,0.1,27875,0.016825175479520636,0.021228783792019607
SARS-CoV-2,ORF1ab,19216,0.5,139368,0.007725194714529956,0.009471965637467735
SARS-CoV-2,ORF1ab,19216,0.25,69684,0.010807882357990703,0.01346694872078334
SARS-CoV-2,ORF1ab,19216,0.1,27875,0.01672310183758898,0.022132274150651644
SARS-CoV-2,ORF1ab,19225,0.5,139369,0.007654424691325074,0.009175283815394265
SARS-CoV-2,ORF1ab,19225,0.25,69684,0.010834337859111635,0.013321750600453193
SARS-CoV-2,ORF1ab,19225,0.1,27875,0.01653362028441751,0.020262858263765345
SARS-CoV-2,ORF1ab,19234,0.5,139369,0.00789033137174525,0.009745911850174692
SARS-CoV-2,ORF1ab,19234,0.25,69685,0.01077595442818799,0.012914442844971995
SARS-CoV-2,ORF1ab,19234,0.1,27875,0.01672544501259998,0.020242995322756575
SARS-CoV-2,ORF1ab,19243,0.5,139369,0.007793304230062071,0.009408737494510256
SARS-CoV-2,ORF1ab,19243,0.25,69685,0.01104140578792677,0.01343537466087993
SARS-CoV-2,ORF1ab,19243,0.1,27875,0.017136357090163198,0.019973992520222597
SARS-CoV-2,ORF1ab,19252,0.5,139370,0.007909583366081923,0.009470738237037958
SARS-CoV-2,ORF1ab,19252,0.25,69685,0.011016635279805747,0.01339627587614766
SARS-CoV-2,ORF1ab,19252,0.1,27875,0.017312339756554995,0.020520536300532584
SARS-CoV-2,ORF1ab,19261,0.5,139368,0.007864031832836297,0.009472722296071006
SARS-CoV-2,ORF1ab,19261,0.25,69684,0.010908224609564556,0.013070897974504067
SARS-CoV-2,ORF1ab,19261,0.1,27875,0.016683340223498003,0.020335377351035955
SARS-CoV-2,ORF1ab,19270,0.5,139369,0.007736157039677845,0.009105787381275859
SARS-CoV-2,ORF1ab,19270,0.25,69684,0.010888929272624566,0.013740424001245461
SARS-CoV-2,ORF1ab,19270,0.1,27875,0.0171679040805662,0.020593439927038815
SARS-CoV-2,ORF1ab,19279,0.5,139369,0.007869343681785415,0.009881297644780343
SARS-CoV-2,ORF1ab,19279,0.25,69684,0.010899134723028779,0.014641952761455398
SARS-CoV-2,ORF1ab,19279,0.1,27875,0.01680750645794522,0.020239846608809193
SARS-CoV-2,ORF1ab,19288,0.5,139369,0.007736510746001465,0.009400095416320798
SARS-CoV-2,ORF1ab,19288,0.25,69685,0.010882319284232434,0.013352671934150556
SARS-CoV-2,ORF1ab,19288,0.1,27875,0.017033501474024593,0.020198520549113638
SARS-CoV-2,ORF1ab,19297,0.5,139369,0.0078079848827652685,0.009546994009472261
SARS-CoV-2,ORF1ab,19297,0.25,69684,0.010760077659534305,0.012644631344422341
SARS-CoV-2,ORF1ab,19297,0.1,27875,0.016670294551754585,0.01992631019469985
SARS-CoV-2,ORF1ab,19306,0.5,139370,0.007822763778200363,0.010000698064364275
SARS-CoV-2,ORF1ab,19306,0.25,69685,0.010929482417960172,0.012719878518438038
SARS-CoV-2,ORF1ab,19306,0.1,27875,0.016839096894166763,0.021026671094763104
SARS-CoV-2,ORF1ab,19315,0.5,139369,0.007757590678601546,0.00974260536277212
SARS-CoV-2,ORF1ab,19315,0.25,69684,0.010474365359492354,0.013431659217834001
SARS-CoV-2,ORF1ab,19315,0.1,27875,0.01635112028155587,0.019629237833659285
SARS-CoV-2,ORF1ab,19324,0.5,139369,0.007765244732825675,0.009579259086047485
SARS-CoV-2,ORF1ab,19324,0.25,69684,0.010536900154926466,0.012567221225585491
SARS-CoV-2,ORF1ab,19324,0.1,27875,0.016268113894342164,0.019046356989946545
SARS-CoV-2,ORF1ab,19333,0.5,139368,0.007703151594771928,0.009337246800468785
SARS-CoV-2,ORF1ab,19333,0.25,69684,0.010477661197928523,0.014475328612896382
SARS-CoV-2,ORF1ab,19333,0.1,27875,0.015612311893322241,0.019396654292207386
SARS-CoV-2,ORF1ab,19342,0.5,139369,0.007531839157120136,0.008709965666964544
SARS-CoV-2,ORF1ab,19342,0.25,69685,0.010416600533019117,0.012744434702970486
SARS-CoV-2,ORF1ab,19342,0.1,27875,0.01604943208050773,0.019923585059334
SARS-CoV-2,ORF1ab,19351,0.5,139369,0.007007741016169587,0.008232684274383341
SARS-CoV-2,ORF1ab,19351,0.25,69684,0.009231053331374854,0.011711989467706666
SARS-CoV-2,ORF1ab,19351,0.1,27875,0.012973350756315578,0.01616697909341975
SARS-CoV-2,ORF1ab,19360,0.5,139370,0.007198908142450071,0.008745010115347136
SARS-CoV-2,ORF1ab,19360,0.25,69685,0.009780212316647384,0.011828508681357701
SARS-CoV-2,ORF1ab,19360,0.1,27875,0.013780913187779515,0.017100749980100704
SARS-CoV-2,ORF1ab,19369,0.5,139369,0.007265463005052347,0.008489545084568824
SARS-CoV-2,ORF1ab,19369,0.25,69684,0.010001482549482884,0.011662566046059173
SARS-CoV-2,ORF1ab,19369,0.1,27875,0.014454416092463921,0.018424277419194432
SARS-CoV-2,ORF1ab,19378,0.5,139370,0.007339300029448733,0.009401882529833502
SARS-CoV-2,ORF1ab,19378,0.25,69685,0.00983487566101449,0.011747145941624897
SARS-CoV-2,ORF1ab,19378,0.1,27875,0.014510681665466098,0.018851829015107454
SARS-CoV-2,ORF1ab,19387,0.5,139369,0.007600690280231209,0.009093705177945244
SARS-CoV-2,ORF1ab,19387,0.25,69685,0.010473156086023653,0.014901127634913143
SARS-CoV-2,ORF1ab,19387,0.1,27875,0.015524553629751851,0.019125665304256686
SARS-CoV-2,ORF1ab,19396,0.5,139369,0.007677855930673186,0.009631427782858925
SARS-CoV-2,ORF1ab,19396,0.25,69685,0.01047932596926395,0.013123189626466653
SARS-CoV-2,ORF1ab,19396,0.1,27875,0.015811181138555085,0.020706467727130223
SARS-CoV-2,ORF1ab,19405,0.5,139369,0.007576357262473253,0.009488601331765078
SARS-CoV-2,ORF1ab,19405,0.25,69685,0.010416130915829925,0.012746956785759071
SARS-CoV-2,ORF1ab,19405,0.1,27875,0.015562298247162338,0.019128726401985388
SARS-CoV-2,ORF1ab,19414,0.5,139368,0.007677778400219249,0.009166664774620586
SARS-CoV-2,ORF1ab,19414,0.25,69684,0.010849521189954612,0.013722764616330938
SARS-CoV-2,ORF1ab,19414,0.1,27875,0.016216646284122886,0.01993123086210078
SARS-CoV-2,ORF1ab,19423,0.5,139368,0.00745595949365606,0.009249986465607637
SARS-CoV-2,ORF1ab,19423,0.25,69684,0.010622678986751132,0.013206132842431079
SARS-CoV-2,ORF1ab,19423,0.1,27875,0.015984028892598572,0.019119106755033723
SARS-CoV-2,ORF1ab,19432,0.5,139369,0.007382753647244311,0.00879561596304506
SARS-CoV-2,ORF1ab,19432,0.25,69685,0.00985400951920294,0.011604684217227507
SARS-CoV-2,ORF1ab,19432,0.1,27875,0.014451354166304962,0.018628766617868178
SARS-CoV-2,ORF1ab,19441,0.5,139369,0.007409224782898981,0.008788650122736517
SARS-CoV-2,ORF1ab,19441,0.25,69685,0.010013996162737763,0.012178455623695626
SARS-CoV-2,ORF1ab,19441,0.1,27875,0.014515872920668133,0.01810436384219244
SARS-CoV-2,ORF1ab,19450,0.5,139369,0.012306487465046725,0.014259129682822152
SARS-CoV-2,ORF1ab,19450,0.25,69684,0.01759075446988356,0.01953633036658068
SARS-CoV-2,ORF1ab,19450,0.1,27875,0.02667486967434422,0.030779706289624155
SARS-CoV-2,ORF1ab,19459,0.5,139369,0.007586521925028571,0.009776283490821054
SARS-CoV-2,ORF1ab,19459,0.25,69685,0.010285875201974158,0.013030627091416674
SARS-CoV-2,ORF1ab,19459,0.1,27875,0.015164064045245179,0.019864153833069276
SARS-CoV-2,ORF1ab,19468,0.5,139369,0.007538984081228622,0.009497184278821251
SARS-CoV-2,ORF1ab,19468,0.25,69684,0.010507885144440655,0.012292248292198911
SARS-CoV-2,ORF1ab,19468,0.1,27875,0.015733467412176346,0.018948500308509947
SARS-CoV-2,ORF1ab,19477,0.5,139369,0.006598315365727481,0.009608461587585632
SARS-CoV-2,ORF1ab,19477,0.25,69685,0.008696580705631994,0.011072019944264927
SARS-CoV-2,ORF1ab,19477,0.1,27875,0.012104700817478813,0.016386999963208096
SARS-CoV-2,ORF1ab,19486,0.5,139368,0.006770469759772574,0.008692757892949913
SARS-CoV-2,ORF1ab,19486,0.25,69684,0.008856727168040443,0.011032758500977114
SARS-CoV-2,ORF1ab,19486,0.1,27875,0.01246301573277873,0.01598311784141927
SARS-CoV-2,ORF1ab,19495,0.5,139368,0.007377694650953967,0.009627160716697654
SARS-CoV-2,ORF1ab,19495,0.25,69684,0.010256390897009688,0.01229977498853754
SARS-CoV-2,ORF1ab,19495,0.1,27875,0.014770668615366123,0.01838777615195296
SARS-CoV-2,ORF1ab,19504,0.5,139369,0.006615251730537374,0.008848305547902873
SARS-CoV-2,ORF1ab,19504,0.25,69685,0.008759206576059256,0.010382120219170092
SARS-CoV-2,ORF1ab,19504,0.1,27875,0.012296485562366493,0.014689723528195921
SARS-CoV-2,ORF1ab,19513,0.5,139369,0.0072605869717686095,0.00866296003067466
SARS-CoV-2,ORF1ab,19513,0.25,69685,0.009548176476765945,0.0119215016302473
SARS-CoV-2,ORF1ab,19513,0.1,27875,0.013685479418491867,0.017961129626005396
SARS-CoV-2,ORF1ab,19522,0.5,139368,0.006969715557397413,0.008663808144650158
SARS-CoV-2,ORF1ab,19522,0.25,69684,0.00911651360356351,0.011603953056289426
SARS-CoV-2,ORF1ab,19522,0.1,27875,0.012764093519436063,0.016818207998454657
SARS-CoV-2,ORF1ab,19531,0.5,139369,0.0074137096325668,0.009528465149124856
SARS-CoV-2,ORF1ab,19531,0.25,69685,0.009970183657232352,0.012882570010506952
SARS-CoV-2,ORF1ab,19531,0.1,27875,0.014560607534653151,0.017727941124579774
SARS-CoV-2,ORF1ab,19540,0.5,139369,0.007628950304377698,0.009843908157689457
SARS-CoV-2,ORF1ab,19540,0.25,69685,0.010532894896096599,0.012044464303239045
SARS-CoV-2,ORF1ab,19540,0.1,27875,0.015672108032345172,0.01843119685566168
SARS-CoV-2,ORF1ab,19549,0.5,139370,0.007703021530900174,0.009735585821695184
SARS-CoV-2,ORF1ab,19549,0.25,69685,0.010729710875945842,0.013567023713006113
SARS-CoV-2,ORF1ab,19549,0.1,27875,0.016356117039160338,0.018874310582700577
SARS-CoV-2,ORF1ab,19558,0.5,139368,0.0074157146696986675,0.009516452210447111
SARS-CoV-2,ORF1ab,19558,0.25,69684,0.010379945105052305,0.012659068852728548
SARS-CoV-2,ORF1ab,19558,0.1,27875,0.014679958491010269,0.017538569189566484
SARS-CoV-2,ORF1ab,19567,0.5,139368,0.00738687777598175,0.008533990810142418
SARS-CoV-2,ORF1ab,19567,0.25,69684,0.009912294637621777,0.012269725363137767
SARS-CoV-2,ORF1ab,19567,0.1,27875,0.014686206630161812,0.019545817185061824
SARS-CoV-2,ORF1ab,19576,0.5,139369,0.007317954714417128,0.009395610573178174
SARS-CoV-2,ORF1ab,19576,0.25,69685,0.010155719911904547,0.01218203865599196
SARS-CoV-2,ORF1ab,19576,0.1,27875,0.014739801691804584,0.019327557947112103
SARS-CoV-2,ORF1ab,19585,0.5,139368,0.007597324638691006,0.009574645317501383
SARS-CoV-2,ORF1ab,19585,0.25,69684,0.010632637228271563,0.012638521686865144
SARS-CoV-2,ORF1ab,19585,0.1,27875,0.0161427449791938,0.019136390238609583
SARS-CoV-2,ORF1ab,19594,0.5,139369,0.007673073525650337,0.009414196066447668
SARS-CoV-2,ORF1ab,19594,0.25,69685,0.010817370703801914,0.013437172457437368
SARS-CoV-2,ORF1ab,19594,0.1,27875,0.016474003910717724,0.021961393262904864
SARS-CoV-2,ORF1ab,19603,0.5,139368,0.007644541915314624,0.010048367939736772
SARS-CoV-2,ORF1ab,19603,0.25,69684,0.010812954162796049,0.013195265119210745
SARS-CoV-2,ORF1ab,19603,0.1,27875,0.015710214764947928,0.01902303056888055
SARS-CoV-2,ORF1ab,19612,0.5,139370,0.007670016783360977,0.010081087558660985
SARS-CoV-2,ORF1ab,19612,0.25,69685,0.010485486021928577,0.012768484845729818
SARS-CoV-2,ORF1ab,19612,0.1,27875,0.01619723023763576,0.019228352931286462
SARS-CoV-2,ORF1ab,19621,0.5,139370,0.007670312578755764,0.009412251026703391
SARS-CoV-2,ORF1ab,19621,0.25,69685,0.0104066110609919,0.01265254337336167
SARS-CoV-2,ORF1ab,19621,0.1,27875,0.015615151149888736,0.020189372471327873
SARS-CoV-2,ORF1ab,19630,0.5,139369,0.0077993413656572115,0.009245436531557127
SARS-CoV-2,ORF1ab,19630,0.25,69685,0.01058451939269531,0.013017583086944206
SARS-CoV-2,ORF1ab,19630,0.1,27875,0.01652945274508181,0.02004039739316684
SARS-CoV-2,ORF1ab,19639,0.5,139370,0.007392131248023949,0.008961657521203635
SARS-CoV-2,ORF1ab,19639,0.25,69685,0.00995234509892066,0.012260633283773078
SARS-CoV-2,ORF1ab,19639,0.1,27875,0.01453694536965857,0.019525516287903767
SARS-CoV-2,ORF1ab,19648,0.5,139370,0.007426725984517676,0.009094471392634636
SARS-CoV-2,ORF1ab,19648,0.25,69685,0.009854250829931101,0.011662661999930338
SARS-CoV-2,ORF1ab,19648,0.1,27875,0.014778661237387474,0.018566490486379924
SARS-CoV-2,ORF1ab,19657,0.5,139369,0.007079796599628601,0.008510191495377092
SARS-CoV-2,ORF1ab,19657,0.25,69685,0.009478862013188337,0.012225338905123204
SARS-CoV-2,ORF1ab,19657,0.1,27875,0.013338143409809487,0.01732174130673008
SARS-CoV-2,ORF1ab,19666,0.5,139368,0.007237862501362905,0.009062448746302259
SARS-CoV-2,ORF1ab,19666,0.25,69684,0.009709172165165906,0.011598212972207478
SARS-CoV-2,ORF1ab,19666,0.1,27875,0.013431631937504919,0.017245634003272503
SARS-CoV-2,ORF1ab,19675,0.5,139370,0.007377253919180309,0.008616739685862396
SARS-CoV-2,ORF1ab,19675,0.25,69685,0.010304539502169257,0.012156712309557234
SARS-CoV-2,ORF1ab,19675,0.1,27875,0.015214439381432571,0.01832498011310574
SARS-CoV-2,ORF1ab,19684,0.5,139368,0.010113187978057962,0.011888209732911709
SARS-CoV-2,ORF1ab,19684,0.25,69684,0.014303010985912705,0.01611437304451085
SARS-CoV-2,ORF1ab,19684,0.1,27875,0.021757722547639257,0.02578379704200331
SARS-CoV-2,ORF1ab,19693,0.5,139369,0.007925063350464974,0.00929122325815893
SARS-CoV-2,ORF1ab,19693,0.25,69684,0.011040712076189814,0.012780275105271901
SARS-CoV-2,ORF1ab,19693,0.1,27875,0.01643651327977471,0.02093190811113784
SARS-CoV-2,ORF1ab,19702,0.5,139369,0.007487546880409218,0.009694934362564538
SARS-CoV-2,ORF1ab,19702,0.25,69685,0.010101139315965553,0.01208880161863639
SARS-CoV-2,ORF1ab,19702,0.1,27875,0.014865166506271265,0.01768292344799893
SARS-CoV-2,ORF1ab,19711,0.5,139370,0.007823875010000616,0.00960912010236439
SARS-CoV-2,ORF1ab,19711,0.25,69685,0.010802140683671722,0.012684223233669122
SARS-CoV-2,ORF1ab,19711,0.1,27875,0.01669261671724486,0.021271651694122047
SARS-CoV-2,ORF1ab,19720,0.5,139370,0.007155388703349158,0.008931755978824832
SARS-CoV-2,ORF1ab,19720,0.25,69685,0.009902887445789498,0.012319024720268428
SARS-CoV-2,ORF1ab,19720,0.1,27875,0.013776857144576708,0.01800816195849206
SARS-CoV-2,ORF1ab,19729,0.5,139369,0.0075286812881516325,0.010193927306162066
SARS-CoV-2,ORF1ab,19729,0.25,69685,0.010332832595796511,0.012724606561413717
SARS-CoV-2,ORF1ab,19729,0.1,27875,0.015503433460672704,0.019376598001994195
SARS-CoV-2,ORF1ab,19738,0.5,139368,0.007494258416542975,0.009139974749503005
SARS-CoV-2,ORF1ab,19738,0.25,69684,0.01037665779714595,0.01213862702221424
SARS-CoV-2,ORF1ab,19738,0.1,27875,0.015472376045297696,0.018909369061131352
SARS-CoV-2,ORF1ab,19747,0.5,139369,0.007646240949392927,0.009297548042844911
SARS-CoV-2,ORF1ab,19747,0.25,69685,0.010623494942596179,0.013161612222226445
SARS-CoV-2,ORF1ab,19747,0.1,27875,0.015685871116022577,0.019273021732143503
SARS-CoV-2,ORF1ab,19756,0.5,139370,0.007532755083181026,0.008753760601589788
SARS-CoV-2,ORF1ab,19756,0.25,69685,0.01049951693611757,0.013358024809314377
SARS-CoV-2,ORF1ab,19756,0.1,27875,0.015783820443351727,0.019932055023205546
SARS-CoV-2,ORF1ab,19765,0.5,139369,0.007571016874668062,0.010069741844829684
SARS-CoV-2,ORF1ab,19765,0.25,69685,0.010609173311785838,0.012684202402286222
SARS-CoV-2,ORF1ab,19765,0.1,27875,0.015519263229631229,0.01935557791858513
SARS-CoV-2,ORF1ab,19774,0.5,139368,0.0073074564989177955,0.008511231823965248
SARS-CoV-2,ORF1ab,19774,0.25,69684,0.009954617932430344,0.01260800925456364
SARS-CoV-2,ORF1ab,19774,0.1,27875,0.014270745185875804,0.018367994743473434
SARS-CoV-2,ORF1ab,19783,0.5,139370,0.010208395182129787,0.012036507778457257
SARS-CoV-2,ORF1ab,19783,0.25,69685,0.01448424527303942,0.01613011102665748
SARS-CoV-2,ORF1ab,19783,0.1,27875,0.021791789163246925,0.025294276754685478
SARS-CoV-2,ORF1ab,19792,0.5,139369,0.00765115135829859,0.009357580383148772
SARS-CoV-2,ORF1ab,19792,0.25,69685,0.010569430623225986,0.013575900434076044
SARS-CoV-2,ORF1ab,19792,0.1,27875,0.01620169010318364,0.019579030149540502
SARS-CoV-2,ORF1ab,19801,0.5,139369,0.0075140475613180045,0.009100999482825861
SARS-CoV-2,ORF1ab,19801,0.25,69685,0.010189272606373005,0.011740649448417073
SARS-CoV-2,ORF1ab,19801,0.1,27875,0.015313208391884464,0.020679404965684822
SARS-CoV-2,ORF1ab,19810,0.5,139369,0.0075805969124106394,0.009155798996609723
SARS-CoV-2,ORF1ab,19810,0.25,69684,0.010439035390725675,0.012365711355888716
SARS-CoV-2,ORF1ab,19810,0.1,27875,0.0155113853803398,0.01858045224676354
SARS-CoV-2,ORF1ab,19819,0.5,139370,0.0076469567867810135,0.009093831799848047
SARS-CoV-2,ORF1ab,19819,0.25,69685,0.010249687156920857,0.012607676770747723
SARS-CoV-2,ORF1ab,19819,0.1,27875,0.015312683850930925,0.017786217484450965
SARS-CoV-2,ORF1ab,19828,0.5,139369,0.007382636708640166,0.008978683550280739
SARS-CoV-2,ORF1ab,19828,0.25,69685,0.010169674627260438,0.012352865655829262
SARS-CoV-2,ORF1ab,19828,0.1,27875,0.014915000462193217,0.018981761334808757
SARS-CoV-2,ORF1ab,19837,0.5,139369,0.007700677218758893,0.009202476304825274
SARS-CoV-2,ORF1ab,19837,0.25,69685,0.010848617989680584,0.013014203445343297
SARS-CoV-2,ORF1ab,19837,0.1,27875,0.016273969099013286,0.020346839966529504
SARS-CoV-2,ORF1ab,19846,0.5,139369,0.007573309023454491,0.00885455130635433
SARS-CoV-2,ORF1ab,19846,0.25,69684,0.010265447268973975,0.012247978052817186
SARS-CoV-2,ORF1ab,19846,0.1,27875,0.015413520938644083,0.018380017927766
SARS-CoV-2,ORF1ab,19855,0.5,139368,0.007302839592269271,0.00955365755726464
SARS-CoV-2,ORF1ab,19855,0.25,69684,0.009761979890477238,0.011899919312508651
SARS-CoV-2,ORF1ab,19855,0.1,27875,0.013996627497448295,0.01678788505650703
SARS-CoV-2,ORF1ab,19864,0.5,139369,0.007788798177485324,0.00990532167986321
SARS-CoV-2,ORF1ab,19864,0.25,69685,0.010823474210965588,0.012961881481005787
SARS-CoV-2,ORF1ab,19864,0.1,27875,0.016466726473409264,0.019163053382653
SARS-CoV-2,ORF1ab,19873,0.5,139368,0.007205966253233249,0.00820949587945671
SARS-CoV-2,ORF1ab,19873,0.25,69684,0.009488135578548188,0.01190685754399944
SARS-CoV-2,ORF1ab,19873,0.1,27875,0.01352609341105889,0.017507019642069736
SARS-CoV-2,ORF1ab,19882,0.5,139370,0.0075671466414577535,0.009664125385637976
SARS-CoV-2,ORF1ab,19882,0.25,69685,0.010716382415258196,0.014269703654241175
SARS-CoV-2,ORF1ab,19882,0.1,27875,0.016078320029033446,0.019890968811771284
SARS-CoV-2,ORF1ab,19891,0.5,139369,0.00719223017206629,0.008610535165809717
SARS-CoV-2,ORF1ab,19891,0.25,69685,0.009746219344768218,0.01231859609215011
SARS-CoV-2,ORF1ab,19891,0.1,27875,0.01378297982456495,0.01657068027547711
SARS-CoV-2,ORF1ab,19900,0.5,139369,0.007339295608488255,0.008831051098399748
SARS-CoV-2,ORF1ab,19900,0.25,69685,0.009722808338037429,0.011963321681009597
SARS-CoV-2,ORF1ab,19900,0.1,27875,0.01430364002352952,0.018182886910735965
SARS-CoV-2,ORF1ab,19909,0.5,139370,0.0077285657875107595,0.009197662225138957
SARS-CoV-2,ORF1ab,19909,0.25,69685,0.011011492774778708,0.013079586336974721
SARS-CoV-2,ORF1ab,19909,0.1,27875,0.016957682561481,0.020822054366992894
SARS-CoV-2,ORF1ab,19918,0.5,139370,0.007369000423166697,0.00904050754324347
SARS-CoV-2,ORF1ab,19918,0.25,69685,0.00994952441081895,0.014526396453975203
SARS-CoV-2,ORF1ab,19918,0.1,27875,0.01469928161739898,0.017771349504803746
SARS-CoV-2,ORF1ab,19927,0.5,139369,0.007291045460324983,0.008976557399760882
SARS-CoV-2,ORF1ab,19927,0.25,69685,0.00994806877603473,0.012294380466730908
SARS-CoV-2,ORF1ab,19927,0.1,27875,0.014309986319733315,0.017672555562732763
SARS-CoV-2,ORF1ab,19936,0.5,139369,0.007484216426608952,0.009547517564430666
SARS-CoV-2,ORF1ab,19936,0.25,69684,0.010325408803883059,0.012576136506253532
SARS-CoV-2,ORF1ab,19936,0.1,27875,0.015300674113965535,0.01865697682234656
SARS-CoV-2,ORF1ab,19945,0.5,139370,0.006870322193458711,0.008149261982698252
SARS-CoV-2,ORF1ab,19945,0.25,69685,0.00924907225289347,0.012721703565027451
SARS-CoV-2,ORF1ab,19945,0.1,27875,0.01311505361809686,0.017593047641536772
SARS-CoV-2,ORF1ab,19954,0.5,139368,0.007027988842013521,0.009178204324808871
SARS-CoV-2,ORF1ab,19954,0.25,69684,0.00941246390384469,0.013399187538896217
SARS-CoV-2,ORF1ab,19954,0.1,27875,0.013022233084981167,0.015971223813667588
SARS-CoV-2,ORF1ab,19963,0.5,139370,0.007827530031484073,0.009351890049162682
SARS-CoV-2,ORF1ab,19963,0.25,69685,0.010831114135898729,0.014181437659309286
SARS-CoV-2,ORF1ab,19963,0.1,27875,0.01661690968813898,0.021087644552343684
SARS-CoV-2,ORF1ab,19972,0.5,139368,0.007640065436108476,0.00890371863011139
SARS-CoV-2,ORF1ab,19972,0.25,69684,0.01069884106392973,0.01264423984136757
SARS-CoV-2,ORF1ab,19972,0.1,27875,0.015432829817302459,0.019070177615677843
SARS-CoV-2,ORF1ab,19981,0.5,139369,0.007681233970167244,0.009633076581137356
SARS-CoV-2,ORF1ab,19981,0.25,69685,0.010456223879947393,0.01267598805063103
SARS-CoV-2,ORF1ab,19981,0.1,27875,0.015203202605532443,0.020229174048623403
SARS-CoV-2,ORF1ab,19990,0.5,139369,0.010259941790904023,0.011898606142641467
SARS-CoV-2,ORF1ab,19990,0.25,69684,0.014355051760463745,0.01717201921774334
SARS-CoV-2,ORF1ab,19990,0.1,27875,0.022473430703135972,0.02590005311776596
SARS-CoV-2,ORF1ab,19999,0.5,139369,0.007757722182853639,0.009131516011791834
SARS-CoV-2,ORF1ab,19999,0.25,69685,0.010517999962031335,0.01316287817913991
SARS-CoV-2,ORF1ab,19999,0.1,27875,0.015747785917779363,0.019617540215380452
SARS-CoV-2,ORF1ab,20008,0.5,139368,0.007966457666945008,0.009578995663304305
SARS-CoV-2,ORF1ab,20008,0.25,69684,0.011218106612832311,0.013471857063392424
SARS-CoV-2,ORF1ab,20008,0.1,27875,0.017333914940958484,0.02059400973907341
SARS-CoV-2,ORF1ab,20017,0.5,139370,0.007600323118332403,0.00915947991696798
SARS-CoV-2,ORF1ab,20017,0.25,69685,0.010877803726807609,0.013465551590190514
SARS-CoV-2,ORF1ab,20017,0.1,27875,0.01590136580233276,0.019021216015410694
SARS-CoV-2,ORF1ab,20026,0.5,139369,0.007527921988741535,0.009390422062770932
SARS-CoV-2,ORF1ab,20026,0.25,69685,0.010461646822571745,0.013154782536238396
SARS-CoV-2,ORF1ab,20026,0.1,27875,0.015576236735694159,0.018974662255230642
SARS-CoV-2,ORF1ab,20035,0.5,139369,0.007487055850204144,0.008874962360565399
SARS-CoV-2,ORF1ab,20035,0.25,69684,0.01031930858433578,0.011943398510844565
SARS-CoV-2,ORF1ab,20035,0.1,27875,0.015593601781509286,0.019425104348097855
SARS-CoV-2,ORF1ab,20044,0.5,139369,0.007646712731748978,0.008882285275450858
SARS-CoV-2,ORF1ab,20044,0.25,69685,0.010322736400854255,0.01233707283087089
SARS-CoV-2,ORF1ab,20044,0.1,27875,0.015333812630766495,0.01955375707368883
SARS-CoV-2,ORF1ab,20053,0.5,139369,0.00768773236838507,0.009920410454105641
SARS-CoV-2,ORF1ab,20053,0.25,69685,0.010762532771716907,0.013496460141062703
SARS-CoV-2,ORF1ab,20053,0.1,27875,0.016760344636954215,0.021010904253531307
SARS-CoV-2,ORF1ab,20062,0.5,139368,0.007357311919615344,0.009223259495556519
SARS-CoV-2,ORF1ab,20062,0.25,69684,0.009917434701637372,0.012383036133187496
SARS-CoV-2,ORF1ab,20062,0.1,27875,0.014736580525238822,0.017865839366268534
SARS-CoV-2,ORF1ab,20071,0.5,139368,0.007090625143385941,0.008616085332469218
SARS-CoV-2,ORF1ab,20071,0.25,69684,0.009252759573060832,0.013754151801799038
SARS-CoV-2,ORF1ab,20071,0.1,27875,0.01321735820722043,0.01755990694633733
SARS-CoV-2,ORF1ab,20080,0.5,139369,0.007526359129932756,0.009287691102407533
SARS-CoV-2,ORF1ab,20080,0.25,69684,0.010204613616473495,0.01337918379424204
SARS-CoV-2,ORF1ab,20080,0.1,27875,0.014919943233899894,0.018718240067670807
SARS-CoV-2,ORF1ab,20089,0.5,139370,0.007810327372633239,0.009452092327245556
SARS-CoV-2,ORF1ab,20089,0.25,69685,0.010570558856460003,0.012476170833005618
SARS-CoV-2,ORF1ab,20089,0.1,27875,0.015469634713080828,0.020019461607693863
SARS-CoV-2,ORF1ab,20098,0.5,139368,0.007701275372328923,0.009267676382728006
SARS-CoV-2,ORF1ab,20098,0.25,69684,0.010748241192468616,0.013111774764087186
SARS-CoV-2,ORF1ab,20098,0.1,27875,0.01659273820331172,0.02108282348907202
SARS-CoV-2,ORF1ab,20107,0.5,139370,0.007719431052566078,0.009215415555129185
SARS-CoV-2,ORF1ab,20107,0.25,69685,0.010812634966023499,0.012857374516916252
SARS-CoV-2,ORF1ab,20107,0.1,27875,0.015931052982553987,0.01824167483365551
SARS-CoV-2,ORF1ab,20116,0.5,139370,0.007669361414184236,0.009288227181749901
SARS-CoV-2,ORF1ab,20116,0.25,69685,0.010991703417366909,0.013895270522020914
SARS-CoV-2,ORF1ab,20116,0.1,27875,0.015839517486878972,0.02144098166702258
SARS-CoV-2,ORF1ab,20125,0.5,139369,0.010324956770923576,0.011798484830602137
SARS-CoV-2,ORF1ab,20125,0.25,69684,0.014466350474244537,0.0167109841073756
SARS-CoV-2,ORF1ab,20125,0.1,27875,0.02208245805765172,0.025188602683061927
SARS-CoV-2,ORF1ab,20134,0.5,139369,0.009966079792962304,0.012607424204196376
SARS-CoV-2,ORF1ab,20134,0.25,69685,0.013481239632605566,0.016317030295767383
SARS-CoV-2,ORF1ab,20134,0.1,27875,0.020174132525317266,0.0249133048672215
SARS-CoV-2,ORF1ab,20143,0.5,139368,0.007674180145451769,0.009220620128976266
SARS-CoV-2,ORF1ab,20143,0.25,69684,0.010365167105473324,0.012589892575978518
SARS-CoV-2,ORF1ab,20143,0.1,27875,0.0158787730533169,0.019050379590905137
SARS-CoV-2,ORF1ab,20152,0.5,139368,0.007540535368117838,0.00938720495734301
SARS-CoV-2,ORF1ab,20152,0.25,69684,0.010486177672918314,0.012320727767543671
SARS-CoV-2,ORF1ab,20152,0.1,27875,0.015722253734103533,0.019673815021149222
SARS-CoV-2,ORF1ab,20161,0.5,139368,0.007781514145066029,0.009739392669221754
SARS-CoV-2,ORF1ab,20161,0.25,69684,0.011108436726309031,0.013944497306190679
SARS-CoV-2,ORF1ab,20161,0.1,27875,0.016993232219847106,0.020918806779343525
SARS-CoV-2,ORF1ab,20170,0.5,139369,0.007535357029326794,0.009096654508066496
SARS-CoV-2,ORF1ab,20170,0.25,69684,0.010636077242534394,0.013008695229609422
SARS-CoV-2,ORF1ab,20170,0.1,27875,0.016208107676023296,0.01964464537993094
SARS-CoV-2,ORF1ab,20179,0.5,139369,0.007706538239188075,0.009838559860212188
SARS-CoV-2,ORF1ab,20179,0.25,69684,0.010636162201338508,0.013463018232150924
SARS-CoV-2,ORF1ab,20179,0.1,27875,0.016235374079657337,0.0204502244679417
SARS-CoV-2,ORF1ab,20188,0.5,139370,0.007813458695036657,0.009625909640636646
SARS-CoV-2,ORF1ab,20188,0.25,69685,0.010904094057100973,0.013203918416055628
SARS-CoV-2,ORF1ab,20188,0.1,27875,0.016685290512621312,0.02125781311813553
SARS-CoV-2,ORF1ab,20197,0.5,139368,0.007616386336928217,0.010028097215842947
SARS-CoV-2,ORF1ab,20197,0.25,69684,0.010590656536855354,0.012405406580695194
SARS-CoV-2,ORF1ab,20197,0.1,27875,0.01612989058873727,0.01949862369168379
SARS-CoV-2,ORF1ab,20206,0.5,139370,0.007710883432804536,0.009743019656180327
SARS-CoV-2,ORF1ab,20206,0.25,69685,0.010959417652017574,0.012981656365867806
SARS-CoV-2,ORF1ab,20206,0.1,27875,0.01647380285249164,0.01996842886284177
SARS-CoV-2,ORF1ab,20215,0.5,139368,0.007683621694968113,0.009564373835110709
SARS-CoV-2,ORF1ab,20215,0.25,69684,0.011114750024246334,0.013325764913746051
SARS-CoV-2,ORF1ab,20215,0.1,27875,0.01653738357806012,0.02054806540197426
SARS-CoV-2,ORF1ab,20224,0.5,139369,0.0075634807464808225,0.010018180574689037
SARS-CoV-2,ORF1ab,20224,0.25,69685,0.010486387400043155,0.012868828521771949
SARS-CoV-2,ORF1ab,20224,0.1,27875,0.015744152236068683,0.019517213572435996
SARS-CoV-2,ORF1ab,20233,0.5,139369,0.0073391112025860935,0.008651342485269931
SARS-CoV-2,ORF1ab,20233,0.25,69684,0.00988632076703323,0.012146835130937304
SARS-CoV-2,ORF1ab,20233,0.1,27875,0.014530552696522652,0.01764186032541599
SARS-CoV-2,ORF1ab,20242,0.5,139370,0.007529379141893474,0.00944431478150899
SARS-CoV-2,ORF1ab,20242,0.25,69685,0.010335009594857782,0.01404105971277926
SARS-CoV-2,ORF1ab,20242,0.1,27875,0.015432676765103638,0.018329055913574307
SARS-CoV-2,ORF1ab,20251,0.5,139370,0.0076184945786515355,0.009903778283077683
SARS-CoV-2,ORF1ab,20251,0.25,69685,0.010743693554990674,0.013173782388294105
SARS-CoV-2,ORF1ab,20251,0.1,27875,0.01602729336787817,0.019108895352930658
SARS-CoV-2,ORF1ab,20260,0.5,139368,0.007383304640060817,0.009696616965319283
SARS-CoV-2,ORF1ab,20260,0.25,69684,0.01026080683573086,0.012130711697407764
SARS-CoV-2,ORF1ab,20260,0.1,27875,0.015032820046755196,0.018846844789992257
SARS-CoV-2,ORF1ab,20269,0.5,139370,0.007784219276846634,0.010061996127489481
SARS-CoV-2,ORF1ab,20269,0.25,69685,0.01058471453796145,0.014018193949995851
SARS-CoV-2,ORF1ab,20269,0.1,27875,0.015908740823277135,0.019813501731956392
SARS-CoV-2,ORF1ab,20278,0.5,139369,0.007503444957978097,0.009623827952622835
SARS-CoV-2,ORF1ab,20278,0.25,69684,0.010402546907012531,0.012517335503870594
SARS-CoV-2,ORF1ab,20278,0.1,27875,0.01547435809026943,0.02000766570280698
SARS-CoV-2,ORF1ab,20287,0.5,139368,0.007569632463421562,0.00935572765471102
SARS-CoV-2,ORF1ab,20287,0.25,69684,0.010718666180262343,0.013534001582077512
SARS-CoV-2,ORF1ab,20287,0.1,27875,0.015510592310323371,0.019847323958409373
SARS-CoV-2,ORF1ab,20296,0.5,139369,0.007486430133818688,0.009007134994291514
SARS-CoV-2,ORF1ab,20296,0.25,69684,0.010137124105623336,0.012357214067287915
SARS-CoV-2,ORF1ab,20296,0.1,27875,0.014512808885061198,0.0183912694352916
SARS-CoV-2,ORF1ab,20305,0.5,139370,0.007513250519174905,0.009291673841329734
SARS-CoV-2,ORF1ab,20305,0.25,69685,0.010411979098335073,0.012667006128468708
SARS-CoV-2,ORF1ab,20305,0.1,27875,0.015400230188292768,0.019492927104810365
SARS-CoV-2,ORF1ab,20314,0.5,139369,0.0076400084322658865,0.00944223241150166
SARS-CoV-2,ORF1ab,20314,0.25,69685,0.010508192778252781,0.013655201564179764
SARS-CoV-2,ORF1ab,20314,0.1,27875,0.016136175907184285,0.0199738384221661
SARS-CoV-2,ORF1ab,20323,0.5,139369,0.007836019476502577,0.009359184835389727
SARS-CoV-2,ORF1ab,20323,0.25,69684,0.010878583944144258,0.013073968699887403
SARS-CoV-2,ORF1ab,20323,0.1,27875,0.016984073451161274,0.020346653384168908
SARS-CoV-2,ORF1ab,20332,0.5,139368,0.007889829421177398,0.009189834689277436
SARS-CoV-2,ORF1ab,20332,0.25,69684,0.010738012991276146,0.012554774202640472
SARS-CoV-2,ORF1ab,20332,0.1,27875,0.0170006630347538,0.020395463690275163
SARS-CoV-2,ORF1ab,20341,0.5,139370,0.007372758525661587,0.009742262468429153
SARS-CoV-2,ORF1ab,20341,0.25,69685,0.009881888596811645,0.012320671150946831
SARS-CoV-2,ORF1ab,20341,0.1,27875,0.014150467498958288,0.017791358962939364
SARS-CoV-2,ORF1ab,20350,0.5,139369,0.007398020532646961,0.009316756881459077
SARS-CoV-2,ORF1ab,20350,0.25,69685,0.009745482979132964,0.012510246523870257
SARS-CoV-2,ORF1ab,20350,0.1,27875,0.014157742118231235,0.017211637018646184
SARS-CoV-2,ORF1ab,20359,0.5,139369,0.007699285531252222,0.009224143222221473
SARS-CoV-2,ORF1ab,20359,0.25,69684,0.010768979222469544,0.014386077724243348
SARS-CoV-2,ORF1ab,20359,0.1,27875,0.016714395462440194,0.02041475129970825
SARS-CoV-2,ORF1ab,20368,0.5,139370,0.0073778779909120995,0.00896923461290942
SARS-CoV-2,ORF1ab,20368,0.25,69685,0.009862870649377466,0.01225337396945039
SARS-CoV-2,ORF1ab,20368,0.1,27875,0.014651795984347979,0.01874352875472482
SARS-CoV-2,ORF1ab,20377,0.5,139369,0.007206999260140086,0.009035291608560947
SARS-CoV-2,ORF1ab,20377,0.25,69684,0.009702140223043396,0.012003222192688063
SARS-CoV-2,ORF1ab,20377,0.1,27875,0.014201715135521728,0.017127686956629355
SARS-CoV-2,ORF1ab,20386,0.5,139370,0.007104313648765006,0.008819901125758936
SARS-CoV-2,ORF1ab,20386,0.25,69685,0.009686113175877994,0.012758481435169477
SARS-CoV-2,ORF1ab,20386,0.1,27875,0.013641512163299532,0.01785584985008984
SARS-CoV-2,ORF1ab,20395,0.5,139370,0.007185010084383838,0.008406448520554947
SARS-CoV-2,ORF1ab,20395,0.25,69685,0.009650940278209287,0.0120094658496804
SARS-CoV-2,ORF1ab,20395,0.1,27875,0.013959728332312828,0.01733432184195077
SARS-CoV-2,ORF1ab,20404,0.5,139370,0.007321442332618515,0.008756968831988189
SARS-CoV-2,ORF1ab,20404,0.25,69685,0.0099856570496323,0.01159910534047025
SARS-CoV-2,ORF1ab,20404,0.1,27875,0.014339527573398405,0.01931540023351678
SARS-CoV-2,ORF1ab,20413,0.5,139369,0.007820402416009072,0.00953348623651866
SARS-CoV-2,ORF1ab,20413,0.25,69684,0.0107317878675028,0.013552479319250476
SARS-CoV-2,ORF1ab,20413,0.1,27875,0.016110206399252685,0.020485092702617082
SARS-CoV-2,ORF1ab,20422,0.5,139370,0.007220337736183759,0.010136079213010274
SARS-CoV-2,ORF1ab,20422,0.25,69685,0.00949174735918006,0.011662687609414803
SARS-CoV-2,ORF1ab,20422,0.1,27875,0.013482541027450674,0.01873698641639158
SARS-CoV-2,ORF1ab,20431,0.5,139369,0.007749577650790852,0.009583858620318152
SARS-CoV-2,ORF1ab,20431,0.25,69685,0.010688756337006933,0.012972241924582783
SARS-CoV-2,ORF1ab,20431,0.1,27875,0.016318296345944838,0.019922546984654753
SARS-CoV-2,ORF1ab,20440,0.5,139369,0.007576866996203356,0.009415331792054954
SARS-CoV-2,ORF1ab,20440,0.25,69684,0.01042712453511682,0.012049523206205169
SARS-CoV-2,ORF1ab,20440,0.1,27875,0.015219960741385052,0.018950273718995082
SARS-CoV-2,ORF1ab,20449,0.5,139369,0.007624214581459318,0.009544599254814953
SARS-CoV-2,ORF1ab,20449,0.25,69685,0.010598283840989714,0.013524615369394503
SARS-CoV-2,ORF1ab,20449,0.1,27875,0.016403078785170343,0.022080571846617048
SARS-CoV-2,ORF1ab,20458,0.5,139370,0.009911866577453745,0.01148808156837858
SARS-CoV-2,ORF1ab,20458,0.25,69685,0.01361705748849002,0.01673675949579421
SARS-CoV-2,ORF1ab,20458,0.1,27875,0.020138048759827342,0.02401727124749803
SARS-CoV-2,ORF1ab,20467,0.5,139370,0.00742040330621853,0.009688805228440974
SARS-CoV-2,ORF1ab,20467,0.25,69685,0.010271226703472582,0.012377041295095785
SARS-CoV-2,ORF1ab,20467,0.1,27875,0.01451613731208669,0.017885746343241155
SARS-CoV-2,ORF1ab,20476,0.5,139368,0.009900309684216117,0.012167512909024404
SARS-CoV-2,ORF1ab,20476,0.25,69684,0.013607926278070007,0.017343888243092898
SARS-CoV-2,ORF1ab,20476,0.1,27875,0.020206559225361582,0.025975330639016695
SARS-CoV-2,ORF1ab,20485,0.5,139369,0.007623182708482317,0.008902004497071484
SARS-CoV-2,ORF1ab,20485,0.25,69685,0.010203022406067389,0.012576987767718999
SARS-CoV-2,ORF1ab,20485,0.1,27875,0.014883644293246439,0.01830878156352499
SARS-CoV-2,ORF1ab,20494,0.5,139370,0.007740890137910841,0.009431636909030018
SARS-CoV-2,ORF1ab,20494,0.25,69685,0.010828630557908163,0.014105527158903458
SARS-CoV-2,ORF1ab,20494,0.1,27875,0.016747348948226926,0.020828639730712608
SARS-CoV-2,ORF1ab,20503,0.5,139369,0.00731006687385274,0.009345533119216851
SARS-CoV-2,ORF1ab,20503,0.25,69684,0.009828006762247054,0.011279469271018876
SARS-CoV-2,ORF1ab,20503,0.1,27875,0.014148580589236726,0.019112112665505016
SARS-CoV-2,ORF1ab,20512,0.5,139370,0.006793651899983463,0.008340572647108234
SARS-CoV-2,ORF1ab,20512,0.25,69685,0.00890173517386358,0.011053792051779926
SARS-CoV-2,ORF1ab,20512,0.1,27875,0.012445512983640689,0.017673006325722253
SARS-CoV-2,ORF1ab,20521,0.5,139368,0.007078955550532829,0.008717690727545408
SARS-CoV-2,ORF1ab,20521,0.25,69684,0.009311777545369396,0.011927161009348331
SARS-CoV-2,ORF1ab,20521,0.1,27875,0.013204732975449898,0.01783877037256261
SARS-CoV-2,ORF1ab,20530,0.5,139369,0.007227687411681139,0.00892572126997496
SARS-CoV-2,ORF1ab,20530,0.25,69685,0.009608142805378955,0.012048447983079665
SARS-CoV-2,ORF1ab,20530,0.1,27875,0.013556878384683918,0.01748932448602777
SARS-CoV-2,ORF1ab,20539,0.5,139368,0.00737565326494802,0.00940766599601355
SARS-CoV-2,ORF1ab,20539,0.25,69684,0.01017383776034425,0.013395792012861958
SARS-CoV-2,ORF1ab,20539,0.1,27875,0.014687006467525169,0.020274209440810008
SARS-CoV-2,ORF1ab,20548,0.5,139369,0.007149725663545774,0.008935708486156475
SARS-CoV-2,ORF1ab,20548,0.25,69685,0.009371490310009573,0.011828669358856316
SARS-CoV-2,ORF1ab,20548,0.1,27875,0.012900554143460724,0.01746630045617333
SARS-CoV-2,ORF1ab,20557,0.5,139368,0.007513208022789701,0.009028290372882218
SARS-CoV-2,ORF1ab,20557,0.25,69684,0.010581061568013866,0.012713593602156934
SARS-CoV-2,ORF1ab,20557,0.1,27875,0.016129980196217798,0.018766451816305485
SARS-CoV-2,ORF1ab,20566,0.5,139369,0.007169188947307916,0.009028542159301024
SARS-CoV-2,ORF1ab,20566,0.25,69684,0.009797506162558457,0.011416467565691198
SARS-CoV-2,ORF1ab,20566,0.1,27875,0.014306799050471943,0.018533797819722187
SARS-CoV-2,ORF1ab,20575,0.5,139370,0.007661487313242793,0.009395654853773817
SARS-CoV-2,ORF1ab,20575,0.25,69685,0.010524307793872057,0.013298253296835514
SARS-CoV-2,ORF1ab,20575,0.1,27875,0.01632564716205855,0.019377288083502028
SARS-CoV-2,ORF1ab,20584,0.5,139369,0.007037563983339102,0.00848338396699202
SARS-CoV-2,ORF1ab,20584,0.25,69685,0.00949487877504934,0.012734381677419774
SARS-CoV-2,ORF1ab,20584,0.1,27875,0.013201218793255419,0.016190478423278056
SARS-CoV-2,ORF1ab,20593,0.5,139370,0.006977585880735668,0.008913113637661124
SARS-CoV-2,ORF1ab,20593,0.25,69685,0.008955756625497163,0.01105261215247549
SARS-CoV-2,ORF1ab,20593,0.1,27875,0.013118392257807513,0.016270467915119675
SARS-CoV-2,ORF1ab,20602,0.5,139369,0.006756701461250429,0.008212459465929797
SARS-CoV-2,ORF1ab,20602,0.25,69684,0.008665260252378855,0.010451036463178296
SARS-CoV-2,ORF1ab,20602,0.1,27875,0.0121957378048539,0.0148475848235844
SARS-CoV-2,ORF1ab,20611,0.5,139369,0.006835977816660878,0.008275803906983032
SARS-CoV-2,ORF1ab,20611,0.25,69684,0.009025606580522075,0.01146743533450751
SARS-CoV-2,ORF1ab,20611,0.1,27875,0.012523423826973907,0.01598839533237466
SARS-CoV-2,ORF1ab,20620,0.5,139369,0.007244511458299025,0.00870672969114927
SARS-CoV-2,ORF1ab,20620,0.25,69684,0.009824072832071557,0.011915433368642245
SARS-CoV-2,ORF1ab,20620,0.1,27875,0.01423503937847077,0.017314704374480978
SARS-CoV-2,ORF1ab,20629,0.5,139369,0.007024634800851846,0.00804801673035987
SARS-CoV-2,ORF1ab,20629,0.25,69684,0.009132529445291202,0.011600753811600365
SARS-CoV-2,ORF1ab,20629,0.1,27875,0.01296129991903487,0.01729423360305313
SARS-CoV-2,ORF1ab,20638,0.5,139368,0.00741359138539436,0.009083039101662799
SARS-CoV-2,ORF1ab,20638,0.25,69684,0.010174127875636325,0.011896962408838778
SARS-CoV-2,ORF1ab,20638,0.1,27875,0.015041209912731003,0.019722458775067078
SARS-CoV-2,ORF1ab,20647,0.5,139370,0.007023939952243997,0.008272438282660744
SARS-CoV-2,ORF1ab,20647,0.25,69685,0.009444453253373467,0.011391316018037114
SARS-CoV-2,ORF1ab,20647,0.1,27875,0.013298483013570226,0.01825178169387138
SARS-CoV-2,ORF1ab,20656,0.5,139369,0.007224240553463349,0.008718160904978255
SARS-CoV-2,ORF1ab,20656,0.25,69685,0.009559552384940532,0.011978308309976758
SARS-CoV-2,ORF1ab,20656,0.1,27875,0.013651110732072128,0.01703486214849531
SARS-CoV-2,ORF1ab,20665,0.5,139368,0.007817910680746668,0.00918081232626145
SARS-CoV-2,ORF1ab,20665,0.25,69684,0.010943262647917621,0.013226114005027238
SARS-CoV-2,ORF1ab,20665,0.1,27875,0.01680622929807912,0.020764841964618953
SARS-CoV-2,ORF1ab,20674,0.5,139369,0.007541792071512644,0.009037022261206095
SARS-CoV-2,ORF1ab,20674,0.25,69684,0.010245913336627253,0.013637485958524886
SARS-CoV-2,ORF1ab,20674,0.1,27875,0.01572291176663393,0.018310332098408807
SARS-CoV-2,ORF1ab,20683,0.5,139368,0.007656545258183559,0.009273771637234725
SARS-CoV-2,ORF1ab,20683,0.25,69684,0.01015926762330962,0.012785623466689553
SARS-CoV-2,ORF1ab,20683,0.1,27875,0.015299821643035751,0.017857936541676243
SARS-CoV-2,ORF1ab,20692,0.5,139369,0.007517173458780145,0.008658623792145418
SARS-CoV-2,ORF1ab,20692,0.25,69685,0.010455597696050544,0.012480156540833644
SARS-CoV-2,ORF1ab,20692,0.1,27875,0.014629314663557961,0.01811864427606169
SARS-CoV-2,ORF1ab,20701,0.5,139369,0.0077236429471249065,0.009436646760448508
SARS-CoV-2,ORF1ab,20701,0.25,69684,0.010685529627148943,0.01344362949873683
SARS-CoV-2,ORF1ab,20701,0.1,27875,0.016078103546038214,0.019558758781344013
SARS-CoV-2,ORF1ab,20710,0.5,139368,0.006921299442505648,0.009013382117125246
SARS-CoV-2,ORF1ab,20710,0.25,69684,0.009340518006051821,0.01171246700522867
SARS-CoV-2,ORF1ab,20710,0.1,27875,0.013149333548377672,0.017510718978721192
SARS-CoV-2,ORF1ab,20719,0.5,139370,0.00732551230391075,0.009091362537145717
SARS-CoV-2,ORF1ab,20719,0.25,69685,0.009865735772639125,0.011443902709725076
SARS-CoV-2,ORF1ab,20719,0.1,27875,0.014138886835143694,0.018878887249136538
SARS-CoV-2,ORF1ab,20728,0.5,139369,0.007534132234091477,0.009259296827884183
SARS-CoV-2,ORF1ab,20728,0.25,69685,0.010157453394169656,0.011854973125582815
SARS-CoV-2,ORF1ab,20728,0.1,27875,0.015151021827886557,0.018715179402318895
SARS-CoV-2,ORF1ab,20737,0.5,139370,0.00768753586982403,0.009663271411236015
SARS-CoV-2,ORF1ab,20737,0.25,69685,0.010650050393125653,0.013063567443178587
SARS-CoV-2,ORF1ab,20737,0.1,27875,0.016584108746125682,0.021086271659741466
SARS-CoV-2,ORF1ab,20746,0.5,139369,0.007506311476008451,0.010183809605309823
SARS-CoV-2,ORF1ab,20746,0.25,69684,0.010187928265423122,0.012770749657932567
SARS-CoV-2,ORF1ab,20746,0.1,27875,0.015021969654877287,0.01848460024425859
SARS-CoV-2,ORF1ab,20755,0.5,139370,0.0073045252243575534,0.009954532046316593
SARS-CoV-2,ORF1ab,20755,0.25,69685,0.010002510969717077,0.011705670037235784
SARS-CoV-2,ORF1ab,20755,0.1,27875,0.014399930122591154,0.01885750674019748
SARS-CoV-2,ORF1ab,20764,0.5,139369,0.007684158422582708,0.009475070856969824
SARS-CoV-2,ORF1ab,20764,0.25,69684,0.010429639661502925,0.01302887456286677
SARS-CoV-2,ORF1ab,20764,0.1,27875,0.01582118706441181,0.0200550567332926
SARS-CoV-2,ORF1ab,20773,0.5,139370,0.007023912155696509,0.00831261878510375
SARS-CoV-2,ORF1ab,20773,0.25,69685,0.009421741940657138,0.011341769114267652
SARS-CoV-2,ORF1ab,20773,0.1,27875,0.013539209344223292,0.017459240737651417
SARS-CoV-2,ORF1ab,20782,0.5,139369,0.0072951364102625815,0.008494468822963699
SARS-CoV-2,ORF1ab,20782,0.25,69684,0.009830523348579577,0.012094606838779047
SARS-CoV-2,ORF1ab,20782,0.1,27875,0.014064496536997057,0.01712663432873813
SARS-CoV-2,ORF1ab,20791,0.5,139368,0.007824831340470562,0.009054036920787935
SARS-CoV-2,ORF1ab,20791,0.25,69684,0.010643965813170815,0.01284990996548476
SARS-CoV-2,ORF1ab,20791,0.1,27875,0.017214177864609832,0.020201457142480873
SARS-CoV-2,ORF1ab,20800,0.5,139370,0.007560955606753931,0.009453287387449457
SARS-CoV-2,ORF1ab,20800,0.25,69685,0.01052178127722474,0.013893206198581129
SARS-CoV-2,ORF1ab,20800,0.1,27875,0.015630228476965647,0.019105579420466548
SARS-CoV-2,ORF1ab,20809,0.5,139369,0.007764252330254515,0.009830155918129793
SARS-CoV-2,ORF1ab,20809,0.25,69684,0.010916300062736011,0.013415110342263527
SARS-CoV-2,ORF1ab,20809,0.1,27875,0.01672485143749902,0.020484426613407495
SARS-CoV-2,ORF1ab,20818,0.5,139370,0.007262527956479131,0.00852987106812424
SARS-CoV-2,ORF1ab,20818,0.25,69685,0.009689557623305745,0.011924953574239092
SARS-CoV-2,ORF1ab,20818,0.1,27875,0.014248546805744904,0.017830476617827776
SARS-CoV-2,ORF1ab,20827,0.5,139369,0.007226914190751581,0.008496118321148858
SARS-CoV-2,ORF1ab,20827,0.25,69685,0.00967782968932598,0.01138956334109806
SARS-CoV-2,ORF1ab,20827,0.1,27875,0.014121451035078718,0.01875657239579937
SARS-CoV-2,ORF1ab,20836,0.5,139369,0.007439568194394957,0.009245848980166942
SARS-CoV-2,ORF1ab,20836,0.25,69684,0.010180775132246555,0.011883358902945283
SARS-CoV-2,ORF1ab,20836,0.1,27875,0.014841541008189177,0.019856903000104086
SARS-CoV-2,ORF1ab,20845,0.5,139370,0.0075185158278431785,0.008915053584821073
SARS-CoV-2,ORF1ab,20845,0.25,69685,0.010380222505616505,0.012720133087049404
SARS-CoV-2,ORF1ab,20845,0.1,27875,0.01555284909971686,0.017965955469433935
SARS-CoV-2,ORF1ab,20854,0.5,139369,0.007662880034432186,0.008968064409879106
SARS-CoV-2,ORF1ab,20854,0.25,69684,0.010581930540760912,0.012428052925974759
SARS-CoV-2,ORF1ab,20854,0.1,27875,0.01607327794767706,0.019308240900188896
SARS-CoV-2,ORF1ab,20863,0.5,139369,0.0075255807492341405,0.009081814674705011
SARS-CoV-2,ORF1ab,20863,0.25,69685,0.010154187616960901,0.012244384564364866
SARS-CoV-2,ORF1ab,20863,0.1,27875,0.015045397814183058,0.018904094121569973
SARS-CoV-2,ORF1ab,20872,0.5,139368,0.00760150593467298,0.009405502857649375
SARS-CoV-2,ORF1ab,20872,0.25,69684,0.01081276224522528,0.013448646142570339
SARS-CoV-2,ORF1ab,20872,0.1,27875,0.016905862180838855,0.022052187506191916
SARS-CoV-2,ORF1ab,20881,0.5,139369,0.007625040708619824,0.009510108490981042
SARS-CoV-2,ORF1ab,20881,0.25,69684,0.010610462852345149,0.01305624343106449
SARS-CoV-2,ORF1ab,20881,0.1,27875,0.015915682694043812,0.019756541853775882
SARS-CoV-2,ORF1ab,20890,0.5,139370,0.007765753897771713,0.010081073466858652
SARS-CoV-2,ORF1ab,20890,0.25,69685,0.010909674109182475,0.013408759127139153
SARS-CoV-2,ORF1ab,20890,0.1,27875,0.016610436048797014,0.02135718730512848
SARS-CoV-2,ORF1ab,20899,0.5,139369,0.007501603800959762,0.008788946269238342
SARS-CoV-2,ORF1ab,20899,0.25,69684,0.010386945496896243,0.01223989813809024
SARS-CoV-2,ORF1ab,20899,0.1,27875,0.015863132826840542,0.019380933066263293
SARS-CoV-2,ORF1ab,20908,0.5,139369,0.007549224293717396,0.009187530787284973
SARS-CoV-2,ORF1ab,20908,0.25,69684,0.010277533557989627,0.013285279616855727
SARS-CoV-2,ORF1ab,20908,0.1,27875,0.015539381526958065,0.0222795578947778
SARS-CoV-2,ORF1ab,20917,0.5,139368,0.007530793913112339,0.009412167922682119
SARS-CoV-2,ORF1ab,20917,0.25,69684,0.010614296373148474,0.013347010409545371
SARS-CoV-2,ORF1ab,20917,0.1,27875,0.01615761606368498,0.020800874918131578
SARS-CoV-2,ORF1ab,20926,0.5,139369,0.0077264957330085504,0.00931103813238977
SARS-CoV-2,ORF1ab,20926,0.25,69684,0.010733490769721257,0.01248497955624454
SARS-CoV-2,ORF1ab,20926,0.1,27875,0.0164837489067421,0.02011672558311566
SARS-CoV-2,ORF1ab,20935,0.5,139369,0.007663527575699924,0.008956464614651428
SARS-CoV-2,ORF1ab,20935,0.25,69685,0.01073277549962146,0.01259594983671716
SARS-CoV-2,ORF1ab,20935,0.1,27875,0.016051630036893187,0.019679738811484538
SARS-CoV-2,ORF1ab,20944,0.5,139368,0.007657501176553808,0.009423764164248293
SARS-CoV-2,ORF1ab,20944,0.25,69684,0.010582812253569529,0.013425574803787603
SARS-CoV-2,ORF1ab,20944,0.1,27875,0.016140731735924146,0.01897757441672487
SARS-CoV-2,ORF1ab,20953,0.5,139369,0.007765394393810836,0.00916687085299666
SARS-CoV-2,ORF1ab,20953,0.25,69684,0.010872919245404723,0.013401502464984172
SARS-CoV-2,ORF1ab,20953,0.1,27875,0.01659137764628276,0.021680387942102593
SARS-CoV-2,ORF1ab,20962,0.5,139368,0.0077097714680576575,0.009482376208795246
SARS-CoV-2,ORF1ab,20962,0.25,69684,0.010495518873722375,0.013707444277433178
SARS-CoV-2,ORF1ab,20962,0.1,27875,0.016296864738652318,0.020370039900747358
SARS-CoV-2,ORF1ab,20971,0.5,139368,0.007573848316472896,0.01018812569931434
SARS-CoV-2,ORF1ab,20971,0.25,69684,0.01061744236757315,0.0133353992120602
SARS-CoV-2,ORF1ab,20971,0.1,27875,0.015968475678914167,0.019248975979987974
SARS-CoV-2,ORF1ab,20980,0.5,139370,0.007682801755759366,0.009404470014908656
SARS-CoV-2,ORF1ab,20980,0.25,69685,0.010506088400705334,0.012734856895627224
SARS-CoV-2,ORF1ab,20980,0.1,27875,0.01670848288912313,0.019841109610913028
SARS-CoV-2,ORF1ab,20989,0.5,139369,0.007786887054055772,0.009205483144753958
SARS-CoV-2,ORF1ab,20989,0.25,69684,0.011035323377546924,0.012992364559648716
SARS-CoV-2,ORF1ab,20989,0.1,27875,0.016688536746739546,0.020201442710301647
SARS-CoV-2,ORF1ab,20998,0.5,139368,0.007589507034166802,0.00941988044454509
SARS-CoV-2,ORF1ab,20998,0.25,69684,0.01067167936316885,0.014043497640385942
SARS-CoV-2,ORF1ab,20998,0.1,27875,0.015783432816172217,0.01912347611279973
SARS-CoV-2,ORF1ab,21007,0.5,139369,0.0077532722264322465,0.00911525830122307
SARS-CoV-2,ORF1ab,21007,0.25,69684,0.01057370661871431,0.01390604609468949
SARS-CoV-2,ORF1ab,21007,0.1,27875,0.01597677954743273,0.019729811464094613
SARS-CoV-2,ORF1ab,21016,0.5,139369,0.007663136752874427,0.009722216251389564
SARS-CoV-2,ORF1ab,21016,0.25,69684,0.01044434560506056,0.013950478247388747
SARS-CoV-2,ORF1ab,21016,0.1,27875,0.0159168619324467,0.02001896689018624
SARS-CoV-2,ORF1ab,21025,0.5,139369,0.0076496985836329925,0.009071395806365347
SARS-CoV-2,ORF1ab,21025,0.25,69685,0.010639625507823158,0.013527076247848113
SARS-CoV-2,ORF1ab,21025,0.1,27875,0.016493134561969464,0.020745875863837197
SARS-CoV-2,ORF1ab,21034,0.5,139369,0.007807861653556706,0.00929214901507307
SARS-CoV-2,ORF1ab,21034,0.25,69685,0.011082519101016075,0.015112703144223234
SARS-CoV-2,ORF1ab,21034,0.1,27875,0.017141476644691993,0.019699172635737033
SARS-CoV-2,ORF1ab,21043,0.5,139369,0.007691843731825231,0.008849768309055876
SARS-CoV-2,ORF1ab,21043,0.25,69685,0.010719189305400096,0.0130380388980379
SARS-CoV-2,ORF1ab,21043,0.1,27875,0.01615536750917751,0.021662415254380042
SARS-CoV-2,ORF1ab,21052,0.5,139370,0.007553154946897687,0.009747204187549707
SARS-CoV-2,ORF1ab,21052,0.25,69685,0.010517838809101534,0.011662289303024672
SARS-CoV-2,ORF1ab,21052,0.1,27875,0.016141324694480565,0.019591101857694103
SARS-CoV-2,ORF1ab,21061,0.5,139369,0.007646994690095983,0.009352191464958687
SARS-CoV-2,ORF1ab,21061,0.25,69684,0.010469586646606155,0.012875573947125704
SARS-CoV-2,ORF1ab,21061,0.1,27875,0.016010565019298505,0.019272734269812776
SARS-CoV-2,ORF1ab,21070,0.5,139369,0.0077053551692271224,0.009873878124589954
SARS-CoV-2,ORF1ab,21070,0.25,69685,0.010900276919061638,0.013009904831121345
SARS-CoV-2,ORF1ab,21070,0.1,27875,0.016675857937524602,0.019402709002742297
SARS-CoV-2,ORF1ab,21079,0.5,139370,0.007558432686104183,0.009967414014210214
SARS-CoV-2,ORF1ab,21079,0.25,69685,0.010439213064051255,0.012176497404457112
SARS-CoV-2,ORF1ab,21079,0.1,27875,0.014750519406870275,0.017998668663508837
SARS-CoV-2,ORF1ab,21088,0.5,139369,0.007624489945187638,0.009172514416004956
SARS-CoV-2,ORF1ab,21088,0.25,69685,0.010448085479979061,0.012783810610755326
SARS-CoV-2,ORF1ab,21088,0.1,27875,0.015312838899694882,0.019732549164773315
SARS-CoV-2,ORF1ab,21097,0.5,139368,0.007708041068536417,0.009348818647683728
SARS-CoV-2,ORF1ab,21097,0.25,69684,0.011052044170793732,0.013834830270467757
SARS-CoV-2,ORF1ab,21097,0.1,27875,0.016853502862568034,0.020332973397918827
SARS-CoV-2,ORF1ab,21106,0.5,139370,0.007873798986028592,0.009068454502153205
SARS-CoV-2,ORF1ab,21106,0.25,69685,0.01067637409488761,0.012742096077672942
SARS-CoV-2,ORF1ab,21106,0.1,27875,0.01636288342500132,0.019889405665245545
SARS-CoV-2,ORF1ab,21115,0.5,139370,0.007274326917088871,0.008787554124672097
SARS-CoV-2,ORF1ab,21115,0.25,69685,0.00992227352036489,0.011470811122150646
SARS-CoV-2,ORF1ab,21115,0.1,27875,0.014339429719664249,0.01910213872178872
SARS-CoV-2,ORF1ab,21124,0.5,139369,0.007162002202173589,0.008692354193517262
SARS-CoV-2,ORF1ab,21124,0.25,69684,0.009702470329612045,0.012022813276874272
SARS-CoV-2,ORF1ab,21124,0.1,27875,0.013817834013118098,0.016947291886044918
SARS-CoV-2,ORF1ab,21133,0.5,139369,0.007334777753368637,0.009134629341156546
SARS-CoV-2,ORF1ab,21133,0.25,69685,0.009599792282387479,0.011742956200999567
SARS-CoV-2,ORF1ab,21133,0.1,27875,0.01385372489285005,0.01759840153619613
SARS-CoV-2,ORF1ab,21142,0.5,139370,0.007493218163475367,0.009085901755418188
SARS-CoV-2,ORF1ab,21142,0.25,69685,0.010232859852615359,0.012480427850582506
SARS-CoV-2,ORF1ab,21142,0.1,27875,0.015296064950641997,0.01869244268921059
SARS-CoV-2,ORF1ab,21151,0.5,139369,0.007599188955069475,0.009490081039465244
SARS-CoV-2,ORF1ab,21151,0.25,69684,0.010717994135555665,0.01258689709113655
SARS-CoV-2,ORF1ab,21151,0.1,27875,0.01637005020523925,0.020184003550210765
SARS-CoV-2,ORF1ab,21160,0.5,139368,0.007273165564547169,0.009134019590482299
SARS-CoV-2,ORF1ab,21160,0.25,69684,0.009654799258701746,0.011729579639559007
SARS-CoV-2,ORF1ab,21160,0.1,27875,0.014016486718461209,0.019582292965356612
SARS-CoV-2,ORF1ab,21169,0.5,139370,0.007490100132929792,0.00904095516261098
SARS-CoV-2,ORF1ab,21169,0.25,69685,0.010364561086024971,0.012786316221984798
SARS-CoV-2,ORF1ab,21169,0.1,27875,0.015864534009252695,0.02071250520561527
SARS-CoV-2,ORF1ab,21178,0.5,139369,0.007631533167676885,0.009822221486821554
SARS-CoV-2,ORF1ab,21178,0.25,69684,0.010264588515020195,0.013743359547694825
SARS-CoV-2,ORF1ab,21178,0.1,27875,0.01554761524049686,0.01998200449314717
SARS-CoV-2,ORF1ab,21187,0.5,139369,0.007543086812830277,0.009482993971975722
SARS-CoV-2,ORF1ab,21187,0.25,69685,0.010473001582643152,0.013044188751759042
SARS-CoV-2,ORF1ab,21187,0.1,27875,0.015570924684553573,0.018475437990392862
SARS-CoV-2,ORF1ab,21196,0.5,139370,0.007546581538310363,0.008835469580220134
SARS-CoV-2,ORF1ab,21196,0.25,69685,0.010690653235639336,0.013010039784045847
SARS-CoV-2,ORF1ab,21196,0.1,27875,0.016044234275597764,0.020820975586814436
SARS-CoV-2,ORF1ab,21205,0.5,139370,0.007697990015522395,0.009342884207125748
SARS-CoV-2,ORF1ab,21205,0.25,69685,0.010392126581878292,0.012337379022449142
SARS-CoV-2,ORF1ab,21205,0.1,27875,0.015753102122320745,0.019996548999423925
SARS-CoV-2,ORF1ab,21214,0.5,139369,0.007573097690460136,0.009002358736819795
SARS-CoV-2,ORF1ab,21214,0.25,69685,0.01043715486662101,0.01429226384735643
SARS-CoV-2,ORF1ab,21214,0.1,27875,0.015398135706825524,0.020785925831857288
SARS-CoV-2,ORF1ab,21223,0.5,139369,0.007543831475210794,0.008906937589157697
SARS-CoV-2,ORF1ab,21223,0.25,69684,0.010511951977739433,0.01239505209219794
SARS-CoV-2,ORF1ab,21223,0.1,27875,0.015981217211319503,0.019003375710621523
SARS-CoV-2,ORF1ab,21232,0.5,139369,0.007506818031541748,0.009428646960806223
SARS-CoV-2,ORF1ab,21232,0.25,69684,0.01054004069205254,0.013227403973411097
SARS-CoV-2,ORF1ab,21232,0.1,27875,0.015552723540194607,0.019569915809360322
SARS-CoV-2,ORF1ab,21241,0.5,139368,0.0074754192046904986,0.009011239546982025
SARS-CoV-2,ORF1ab,21241,0.25,69684,0.010631032514442952,0.013708007355051028
SARS-CoV-2,ORF1ab,21241,0.1,27875,0.015958929671354063,0.020907606793118767
SARS-CoV-2,ORF1ab,21250,0.5,139369,0.0076515055976776845,0.00981159247298245
SARS-CoV-2,ORF1ab,21250,0.25,69684,0.010634659482173172,0.01302241286831646
SARS-CoV-2,ORF1ab,21250,0.1,27875,0.01656232360491382,0.019777187980648786
SARS-CoV-2,ORF1ab,21259,0.5,139370,0.007607919904096423,0.009174111251288138
SARS-CoV-2,ORF1ab,21259,0.25,69685,0.010462151964290968,0.01454906745036757
SARS-CoV-2,ORF1ab,21259,0.1,27875,0.01598033572392935,0.01921744276809681
SARS-CoV-2,ORF1ab,21268,0.5,139368,0.007615749778991298,0.009438331393772204
SARS-CoV-2,ORF1ab,21268,0.25,69684,0.010742662824993062,0.01363051099005614
SARS-CoV-2,ORF1ab,21268,0.1,27875,0.016265709341842217,0.019145079121246716
SARS-CoV-2,ORF1ab,21277,0.5,139369,0.007706757461640877,0.009398689256609544
SARS-CoV-2,ORF1ab,21277,0.25,69685,0.010754592397632252,0.013442319581497877
SARS-CoV-2,ORF1ab,21277,0.1,27875,0.01652667048895279,0.019027100494429343
SARS-CoV-2,S,1,0.5,139370,0.007666069629215601,0.009370695778294243
SARS-CoV-2,S,1,0.25,69685,0.010754214916440638,0.01268435954211866
SARS-CoV-2,S,1,0.1,27875,0.01626442747407597,0.01969868029470383
SARS-CoV-2,S,10,0.5,139368,0.010214604945621514,0.011795175907108919
SARS-CoV-2,S,10,0.25,69684,0.014393020036031812,0.01627747327253962
SARS-CoV-2,S,10,0.1,27875,0.021903513635746105,0.02469528101995154
SARS-CoV-2,S,19,0.5,139369,0.007692973276303285,0.011006922325278562
SARS-CoV-2,S,19,0.25,69685,0.010607712599124476,0.012315382587786618
SARS-CoV-2,S,19,0.1,27875,0.01609562220604723,0.019509554700507695
SARS-CoV-2,S,28,0.5,139370,0.007841667811221063,0.010055736375516069
SARS-CoV-2,S,28,0.25,69685,0.010951103549166504,0.012901429844586984
SARS-CoV-2,S,28,0.1,27875,0.01693237851579506,0.019990261418339865
SARS-CoV-2,S,37,0.5,139369,0.010321816089945604,0.012453044512921575
SARS-CoV-2,S,37,0.25,69684,0.014445378745305493,0.016934949109935097
SARS-CoV-2,S,37,0.1,27875,0.022511278542450577,0.0257816625838094
SARS-CoV-2,S,46,0.5,139369,0.012356346218475513,0.013808178110456903
SARS-CoV-2,S,46,0.25,69684,0.01764860907446533,0.02020063396084754
SARS-CoV-2,S,46,0.1,27875,0.027552809490539728,0.03095289756287646
SARS-CoV-2,S,55,0.5,139369,0.01552653272582959,0.01687935293531175
SARS-CoV-2,S,55,0.25,69685,0.022000130565793214,0.024014118781909493
SARS-CoV-2,S,55,0.1,27875,0.034727362208333556,0.03856033648135847
SARS-CoV-2,S,64,0.5,139370,0.012374762006016615,0.013814118038529718
SARS-CoV-2,S,64,0.25,69685,0.01759483050511351,0.020880661519797682
SARS-CoV-2,S,64,0.1,27875,0.027195633706121936,0.033042767602962965
SARS-CoV-2,S,73,0.5,139369,0.01240286199570058,0.013749218420248259
SARS-CoV-2,S,73,0.25,69684,0.017478547158504634,0.01985095028876734
SARS-CoV-2,S,73,0.1,27875,0.02734460378506201,0.031120117904663767
SARS-CoV-2,S,82,0.5,139369,0.0076081752796300275,0.009086430242170263
SARS-CoV-2,S,82,0.25,69684,0.010744097194120762,0.013395670493111703
SARS-CoV-2,S,82,0.1,27875,0.01653494388993495,0.019317730913892155
SARS-CoV-2,S,91,0.5,139369,0.01049549253602605,0.01179902544779282
SARS-CoV-2,S,91,0.25,69684,0.014765710475853552,0.0170127907383522
SARS-CoV-2,S,91,0.1,27875,0.02281814652459577,0.025252986930490596
SARS-CoV-2,S,100,0.5,139370,0.007253742077979141,0.008604214148644436
SARS-CoV-2,S,100,0.25,69685,0.009622355318277993,0.012417389879566351
SARS-CoV-2,S,100,0.1,27875,0.013675077603190082,0.016896553209337493
SARS-CoV-2,S,109,0.5,139368,0.007421705427225296,0.00966900793479475
SARS-CoV-2,S,109,0.25,69684,0.010244575956250813,0.012780076259028056
SARS-CoV-2,S,109,0.1,27875,0.015597875265421493,0.019634553678679955
SARS-CoV-2,S,118,0.5,139369,0.007528946154718288,0.009557825865922732
SARS-CoV-2,S,118,0.25,69685,0.010244183884534264,0.013800183109191596
SARS-CoV-2,S,118,0.1,27875,0.015314553458877611,0.019159334505082785
SARS-CoV-2,S,127,0.5,139369,0.007695824043224071,0.009605598128212104
SARS-CoV-2,S,127,0.25,69685,0.010781627559532159,0.012851131545911455
SARS-CoV-2,S,127,0.1,27875,0.01629746857436891,0.020714140618854984
SARS-CoV-2,S,136,0.5,139369,0.007195277669768367,0.008475185261883813
SARS-CoV-2,S,136,0.25,69685,0.009832875162517596,0.011946247003649603
SARS-CoV-2,S,136,0.1,27875,0.013948189293773488,0.017527610702526574
SARS-CoV-2,S,145,0.5,139369,0.010413541641971209,0.012198184156745097
SARS-CoV-2,S,145,0.25,69684,0.014461443709268806,0.017307569670231587
SARS-CoV-2,S,145,0.1,27875,0.02279392646280401,0.027013968152494624
SARS-CoV-2,S,154,0.5,139368,0.01040423762603544,0.012788718708669582
SARS-CoV-2,S,154,0.25,69684,0.014400467192132645,0.01653533557804739
SARS-CoV-2,S,154,0.1,27875,0.022416696571800936,0.026068176988075335
SARS-CoV-2,S,163,0.5,139369,0.007653950124560728,0.009845842961110511
SARS-CoV-2,S,163,0.25,69684,0.01054109379556923,0.01444448732189331
SARS-CoV-2,S,163,0.1,27875,0.01583644142057318,0.019176207034698186
SARS-CoV-2,S,172,0.5,139368,0.010417631023704651,0.01178879167049714
SARS-CoV-2,S,172,0.25,69684,0.01465864818830601,0.01691999569165329
SARS-CoV-2,S,172,0.1,27875,0.022509603717241075,0.025753364419647273
SARS-CoV-2,S,181,0.5,139369,0.007479188293243758,0.010108086249142745
SARS-CoV-2,S,181,0.25,69685,0.010090041816462572,0.01224198495723993
SARS-CoV-2,S,181,0.1,27875,0.014867231220900008,0.01951693690191125
SARS-CoV-2,S,190,0.5,139369,0.007661663375994408,0.009846627571764096
SARS-CoV-2,S,190,0.25,69684,0.010596741357839508,0.012917388689555597
SARS-CoV-2,S,190,0.1,27875,0.016044271893364697,0.02015408126095167
SARS-CoV-2,S,199,0.5,139370,0.012483199444597833,0.014104472247626662
SARS-CoV-2,S,199,0.25,69685,0.01757485135818678,0.01995990619728217
SARS-CoV-2,S,199,0.1,27875,0.02731164757064098,0.03007627590585562
SARS-CoV-2,S,208,0.5,139369,0.01040084993670207,0.012194014019786174
SARS-CoV-2,S,208,0.25,69684,0.014471066763856752,0.017335610204654205
SARS-CoV-2,S,208,0.1,27875,0.022759530391104926,0.026191679592015515
SARS-CoV-2,S,217,0.5,139368,0.010188347321997075,0.011214379898471634
SARS-CoV-2,S,217,0.25,69684,0.01417727492681306,0.01613634636562107
SARS-CoV-2,S,217,0.1,27875,0.021646058504583426,0.025083095376467992
SARS-CoV-2,S,226,0.5,139369,0.012313353869804092,0.013986184731860809
SARS-CoV-2,S,226,0.25,69684,0.0171637782026846,0.019034051622617083
SARS-CoV-2,S,226,0.1,27875,0.0266944633278297,0.02979480701750778
SARS-CoV-2,S,235,0.5,139368,0.010363337298773699,0.011950129093719572
SARS-CoV-2,S,235,0.25,69684,0.01421261412603425,0.0171583723913599
SARS-CoV-2,S,235,0.1,27875,0.02176291294981046,0.025193463151381167
SARS-CoV-2,S,244,0.5,139369,0.012052804636302398,0.01344551644333102
SARS-CoV-2,S,244,0.25,69684,0.0166680973561934,0.01897944467603047
SARS-CoV-2,S,244,0.1,27875,0.025477227729185585,0.030328515437461716
SARS-CoV-2,S,253,0.5,139369,0.007606036595863434,0.009628224987116803
SARS-CoV-2,S,253,0.25,69685,0.010553615700221754,0.012759983097658955
SARS-CoV-2,S,253,0.1,27875,0.015975835787468983,0.020718735833032922
SARS-CoV-2,S,262,0.5,139369,0.007597478347593252,0.008877628769224608
SARS-CoV-2,S,262,0.25,69684,0.010399509595550104,0.012696397747157367
SARS-CoV-2,S,262,0.1,27875,0.0157641978735664,0.018784586158139955
SARS-CoV-2,S,271,0.5,139370,0.007291733307573927,0.008629204178595471
SARS-CoV-2,S,271,0.25,69685,0.009864491878715364,0.011947477873199528
SARS-CoV-2,S,271,0.1,27875,0.014285813260404609,0.018339177878505586
SARS-CoV-2,S,280,0.5,139368,0.010391220976290798,0.011853799014153866
SARS-CoV-2,S,280,0.25,69684,0.014549273185083898,0.016672505610840164
SARS-CoV-2,S,280,0.1,27875,0.022812368246948468,0.027011501967552348
SARS-CoV-2,S,289,0.5,139369,0.007874176992477,0.009693848402817352
SARS-CoV-2,S,289,0.25,69684,0.011088930027475,0.015185856996596414
SARS-CoV-2,S,289,0.1,27875,0.017158540981009968,0.021779411962976485
SARS-CoV-2,S,298,0.5,139369,0.007350013849479626,0.009139643942915604
SARS-CoV-2,S,298,0.25,69684,0.010221693057249646,0.01283106565947077
SARS-CoV-2,S,298,0.1,27875,0.015232787024819073,0.017577618871671048
SARS-CoV-2,S,307,0.5,139369,0.007375360580456977,0.009020538651023327
SARS-CoV-2,S,307,0.25,69684,0.01021567642341662,0.01287591240885043
SARS-CoV-2,S,307,0.1,27875,0.014979573418461628,0.017961116108114437
SARS-CoV-2,S,316,0.5,139370,0.007248212320212585,0.008427018374617809
SARS-CoV-2,S,316,0.25,69685,0.01006199642389903,0.01256852169564805
SARS-CoV-2,S,316,0.1,27875,0.014346805112302154,0.017446388306786874
SARS-CoV-2,S,325,0.5,139370,0.009968380192092775,0.011634750309164724
SARS-CoV-2,S,325,0.25,69685,0.013596510388116195,0.01608832245280956
SARS-CoV-2,S,325,0.1,27875,0.02036258620727705,0.025389825847079286
SARS-CoV-2,S,334,0.5,139370,0.007649848767448623,0.009658534759212287
SARS-CoV-2,S,334,0.25,69685,0.010620469808768443,0.013218189122403164
SARS-CoV-2,S,334,0.1,27875,0.016367206244901865,0.01928218993643699
SARS-CoV-2,S,343,0.5,139368,0.0076942197721058675,0.008915775719529605
SARS-CoV-2,S,343,0.25,69684,0.01068411490071612,0.012854995098108196
SARS-CoV-2,S,343,0.1,27875,0.01600434134921996,0.020288700059714705
SARS-CoV-2,S,352,0.5,139369,0.007581196510769493,0.00917394419285229
SARS-CoV-2,S,352,0.25,69684,0.010529796459932936,0.012249336197764695
SARS-CoV-2,S,352,0.1,27875,0.015477828147601489,0.019036987865885136
SARS-CoV-2,S,361,0.5,139369,0.007521073077411174,0.00896201179096594
SARS-CoV-2,S,361,0.25,69685,0.010561269194085872,0.012673044858480378
SARS-CoV-2,S,361,0.1,27875,0.01564644884721062,0.020288573879967367
SARS-CoV-2,S,370,0.5,139368,0.007418959650520659,0.008774016562069133
SARS-CoV-2,S,370,0.25,69684,0.010294044129534528,0.01291838510043762
SARS-CoV-2,S,370,0.1,27875,0.015123354448733726,0.01875180544948308
SARS-CoV-2,S,379,0.5,139369,0.010095488955179793,0.012723876446393605
SARS-CoV-2,S,379,0.25,69684,0.014289817301458804,0.01649769687044345
SARS-CoV-2,S,379,0.1,27875,0.021941046034162755,0.02545664926829489
SARS-CoV-2,S,388,0.5,139369,0.007695639068025472,0.01010668754036618
SARS-CoV-2,S,388,0.25,69684,0.010842653391316013,0.01298044699249509
SARS-CoV-2,S,388,0.1,27875,0.016706832238759548,0.020586972854562843
SARS-CoV-2,S,397,0.5,139370,0.007641384264618959,0.009161064512423602
SARS-CoV-2,S,397,0.25,69685,0.01049068939767254,0.01373505861278674
SARS-CoV-2,S,397,0.1,27875,0.015927741264225453,0.019075321850074413
SARS-CoV-2,S,406,0.5,139368,0.010485540069293904,0.012218974064892477
SARS-CoV-2,S,406,0.25,69684,0.01471808177320607,0.017610988193145143
SARS-CoV-2,S,406,0.1,27875,0.02315418874352504,0.026764028599930708
SARS-CoV-2,S,415,0.5,139369,0.007683268234348093,0.00937464296734224
SARS-CoV-2,S,415,0.25,69685,0.010792424988336815,0.014488361919835702
SARS-CoV-2,S,415,0.1,27875,0.01622260312027527,0.02042210940422735
SARS-CoV-2,S,424,0.5,139369,0.01552939272580051,0.017365500876460712
SARS-CoV-2,S,424,0.25,69684,0.02180323034177348,0.024652005193758077
SARS-CoV-2,S,424,0.1,27875,0.034738156730912954,0.03861360929677081
SARS-CoV-2,S,433,0.5,139369,0.0138779668133788,0.014977813039773984
SARS-CoV-2,S,433,0.25,69685,0.019310342029510406,0.021155815223513126
SARS-CoV-2,S,433,0.1,27875,0.029607990265458937,0.03400409078161714
SARS-CoV-2,S,442,0.5,139370,0.007780836761253623,0.009941587740658215
SARS-CoV-2,S,442,0.25,69685,0.010890072877066682,0.014140434704334527
SARS-CoV-2,S,442,0.1,27875,0.01674022262227433,0.020324611733909658
SARS-CoV-2,S,451,0.5,139369,0.01231358925042119,0.014140834043929032
SARS-CoV-2,S,451,0.25,69685,0.017295078704049595,0.019284241402593286
SARS-CoV-2,S,451,0.1,27875,0.02695623256772164,0.030101755134779407
SARS-CoV-2,S,460,0.5,139369,0.012146635372543747,0.013920257250620223
SARS-CoV-2,S,460,0.25,69684,0.0165311471324548,0.018660386370132315
SARS-CoV-2,S,460,0.1,27875,0.024931016064607958,0.027661776303645094
SARS-CoV-2,S,469,0.5,139369,0.01404112564664259,0.015779791216433862
SARS-CoV-2,S,469,0.25,69684,0.019539187803863357,0.0212329033239988
SARS-CoV-2,S,469,0.1,27875,0.030487761900227308,0.034262239355166174
SARS-CoV-2,S,478,0.5,139368,0.0074498795596077624,0.008950842181501715
SARS-CoV-2,S,478,0.25,69684,0.0103919798631526,0.012507121680617043
SARS-CoV-2,S,478,0.1,27875,0.015275817887848708,0.018641240794062465
SARS-CoV-2,S,487,0.5,139369,0.007599247721445749,0.009076615497891963
SARS-CoV-2,S,487,0.25,69684,0.010647477574333729,0.013166852822036387
SARS-CoV-2,S,487,0.1,27875,0.01627080020059937,0.020804445709746298
SARS-CoV-2,S,496,0.5,139370,0.006822854399806437,0.009425356154934587
SARS-CoV-2,S,496,0.25,69685,0.008865683514171888,0.010734409447373618
SARS-CoV-2,S,496,0.1,27875,0.012552800550119505,0.01613978576590359
SARS-CoV-2,S,505,0.5,139370,0.007694219424471733,0.009789377489349662
SARS-CoV-2,S,505,0.25,69685,0.010785473722143385,0.01291588651023985
SARS-CoV-2,S,505,0.1,27875,0.016730011594975218,0.019925337226635247
SARS-CoV-2,S,514,0.5,139370,0.007458901377692811,0.009023343623152153
SARS-CoV-2,S,514,0.25,69685,0.010249306405860912,0.0120250577906957
SARS-CoV-2,S,514,0.1,27875,0.01520672515946641,0.01888908796801944
SARS-CoV-2,S,523,0.5,139368,0.007720883464132608,0.01001320089178731
SARS-CoV-2,S,523,0.25,69684,0.010798549867944448,0.01310510517851183
SARS-CoV-2,S,523,0.1,27875,0.016550452333247232,0.021890228305153914
SARS-CoV-2,S,532,0.5,139369,0.00769688662439715,0.009425826186550903
SARS-CoV-2,S,532,0.25,69684,0.010973786630295558,0.01436347559688126
SARS-CoV-2,S,532,0.1,27875,0.01635318510017376,0.019840651582552868
SARS-CoV-2,S,541,0.5,139369,0.010037424754046797,0.011755311971069481
SARS-CoV-2,S,541,0.25,69685,0.013662715526999079,0.016169200824489253
SARS-CoV-2,S,541,0.1,27875,0.020441891608894633,0.02330773359185392
SARS-CoV-2,S,550,0.5,139369,0.00762289217719372,0.0091505985080486
SARS-CoV-2,S,550,0.25,69684,0.010749581977056907,0.012800149965113621
SARS-CoV-2,S,550,0.1,27875,0.016693884781317312,0.01894897761443795
SARS-CoV-2,S,559,0.5,139368,0.0073038831162851895,0.008984707215650827
SARS-CoV-2,S,559,0.25,69684,0.009995219022213267,0.012768172319717
SARS-CoV-2,S,559,0.1,27875,0.014383710118254444,0.018079650245742887
SARS-CoV-2,S,568,0.5,139369,0.010129887138401046,0.012295022934687918
SARS-CoV-2,S,568,0.25,69685,0.014375541243390395,0.01729861063007928
SARS-CoV-2,S,568,0.1,27875,0.02198460669960669,0.02531494338342848
SARS-CoV-2,S,577,0.5,139369,0.007221141482621119,0.008935802345664578
SARS-CoV-2,S,577,0.25,69684,0.009624224429994643,0.012147532612553653
SARS-CoV-2,S,577,0.1,27875,0.013703372799601163,0.01847161252678341
SARS-CoV-2,S,586,0.5,139368,0.007504586418178794,0.010008381227459019
SARS-CoV-2,S,586,0.25,69684,0.010241753658663158,0.011683073014163289
SARS-CoV-2,S,586,0.1,27875,0.014974401141441364,0.01886028337879839
SARS-CoV-2,S,595,0.5,139368,0.007029223921854742,0.00883420411817066
SARS-CoV-2,S,595,0.25,69684,0.009551535546035274,0.013060471446921898
SARS-CoV-2,S,595,0.1,27875,0.013382673538242072,0.01713522586738838
SARS-CoV-2,S,604,0.5,139370,0.007111315153981695,0.00858770299378316
SARS-CoV-2,S,604,0.25,69685,0.009398855709815145,0.012322545025281722
SARS-CoV-2,S,604,0.1,27875,0.013515303791549211,0.017043692054047554
SARS-CoV-2,S,613,0.5,139368,0.007135913155151346,0.009176020560958733
SARS-CoV-2,S,613,0.25,69684,0.009661413235316807,0.0112111597097392
SARS-CoV-2,S,613,0.1,27875,0.013877984847605471,0.018662453178068684
SARS-CoV-2,S,622,0.5,139368,0.010204495047414755,0.012383953132097995
SARS-CoV-2,S,622,0.25,69684,0.014102126843471247,0.016461750430572533
SARS-CoV-2,S,622,0.1,27875,0.02189106509821363,0.025032271308300158
SARS-CoV-2,S,631,0.5,139370,0.015320153731348008,0.01692624951833797
SARS-CoV-2,S,631,0.25,69686,0.021564045582828355,0.023711027318117483
SARS-CoV-2,S,631,0.1,27875,0.0335693394328238,0.037478872448062174
SARS-CoV-2,S,640,0.5,139369,0.01407895217407195,0.01574048906787453
SARS-CoV-2,S,640,0.25,69684,0.019852150681022158,0.022290271000699746
SARS-CoV-2,S,640,0.1,27875,0.030664915257436344,0.03327864223978725
SARS-CoV-2,S,649,0.5,139369,0.007741537525935511,0.008776869392056985
SARS-CoV-2,S,649,0.25,69684,0.010504738210208146,0.013132418385911953
SARS-CoV-2,S,649,0.1,27875,0.015558122135551413,0.020032395024340826
SARS-CoV-2,S,658,0.5,139370,0.007816899065619456,0.010216472045502278
SARS-CoV-2,S,658,0.25,69685,0.011206016126231242,0.012913548319801661
SARS-CoV-2,S,658,0.1,27875,0.01729543209840039,0.019945583251164262
SARS-CoV-2,S,667,0.5,139370,0.0071171748428254175,0.008915135499549538
SARS-CoV-2,S,667,0.25,69685,0.009610126740715217,0.011747692717243073
SARS-CoV-2,S,667,0.1,27875,0.013851022701196314,0.018956997912105124
SARS-CoV-2,S,676,0.5,139368,0.007364659466388744,0.009571504831354044
SARS-CoV-2,S,676,0.25,69684,0.009986790623022442,0.012158149131094245
SARS-CoV-2,S,676,0.1,27875,0.014549053160961518,0.01931681897854976
SARS-CoV-2,S,685,0.5,139370,0.0071327284185762375,0.00843610598302861
SARS-CoV-2,S,685,0.25,69685,0.009546196175234134,0.012195702043622303
SARS-CoV-2,S,685,0.1,27875,0.01352988465321843,0.015473230948648668
SARS-CoV-2,S,694,0.5,139370,0.007821058911342738,0.009208991044333741
SARS-CoV-2,S,694,0.25,69685,0.010588605036329546,0.012982792972848923
SARS-CoV-2,S,694,0.1,27875,0.016157796900446126,0.018937335230238505
SARS-CoV-2,S,703,0.5,139370,0.007571783649015082,0.009324383531372946
SARS-CoV-2,S,703,0.25,69685,0.010353823418335024,0.012773017328563613
SARS-CoV-2,S,703,0.1,27875,0.015193093669505572,0.019762913207515383
SARS-CoV-2,S,712,0.5,139369,0.007693248417766276,0.009462691590384027
SARS-CoV-2,S,712,0.25,69684,0.010690565915166018,0.012564810399956982
SARS-CoV-2,S,712,0.1,27875,0.015730748172512687,0.0192964035750598
SARS-CoV-2,S,721,0.5,139368,0.010242468508340917,0.011761978559430586
SARS-CoV-2,S,721,0.25,69684,0.014209952604529884,0.016868092368205308
SARS-CoV-2,S,721,0.1,27875,0.02131733104061083,0.025376656053897623
SARS-CoV-2,S,730,0.5,139368,0.012348684768175543,0.01417427468453263
SARS-CoV-2,S,730,0.25,69684,0.017204608284363827,0.019478273255844208
SARS-CoV-2,S,730,0.1,27875,0.026387482296963773,0.029799647270181424
SARS-CoV-2,S,739,0.5,139369,0.010192136897335622,0.011714463958019427
SARS-CoV-2,S,739,0.25,69684,0.014250629248793336,0.016741386468049135
SARS-CoV-2,S,739,0.1,27875,0.021773289870108462,0.025769506010675736
SARS-CoV-2,S,748,0.5,139369,0.01198773084302063,0.013268607280010381
SARS-CoV-2,S,748,0.25,69684,0.016344264765131858,0.01825291532926751
SARS-CoV-2,S,748,0.1,27875,0.02448099394781685,0.026844462917151646
SARS-CoV-2,S,757,0.5,139369,0.012269910369331454,0.013643805350343747
SARS-CoV-2,S,757,0.25,69684,0.017283825636638796,0.020142457609345212
SARS-CoV-2,S,757,0.1,27875,0.026668002692237285,0.03018411525897598
SARS-CoV-2,S,766,0.5,139369,0.01044107169365843,0.011814640643026824
SARS-CoV-2,S,766,0.25,69684,0.014612538788374973,0.017922844917658082
SARS-CoV-2,S,766,0.1,27875,0.022531417933376284,0.025500082215344656
SARS-CoV-2,S,775,0.5,139370,0.007831637366449309,0.009337932865686597
SARS-CoV-2,S,775,0.25,69685,0.010776285647625308,0.012996316919506902
SARS-CoV-2,S,775,0.1,27875,0.01663823428955636,0.020279743079232578
SARS-CoV-2,S,784,0.5,139368,0.010489435840154238,0.01191938802949718
SARS-CoV-2,S,784,0.25,69684,0.014745800593722769,0.017917369930169645
SARS-CoV-2,S,784,0.1,27875,0.022823665277946308,0.025565455211992025
SARS-CoV-2,S,793,0.5,139370,0.007738258233564338,0.00916112699007163
SARS-CoV-2,S,793,0.25,69685,0.010781780013689833,0.01270495632388071
SARS-CoV-2,S,793,0.1,27875,0.01617227361225777,0.020187506619983062
SARS-CoV-2,S,802,0.5,139368,0.007661952351814478,0.009091721716067147
SARS-CoV-2,S,802,0.25,69684,0.010605489299919047,0.01423041746774198
SARS-CoV-2,S,802,0.1,27875,0.01593684155214162,0.018739817457057047
SARS-CoV-2,S,811,0.5,139369,0.00773728539771966,0.010429766647301912
SARS-CoV-2,S,811,0.25,69685,0.010876640892966104,0.014500224847681872
SARS-CoV-2,S,811,0.1,27875,0.01656131705062538,0.020219732726765444
SARS-CoV-2,S,820,0.5,139368,0.007647728567270277,0.009482406306466478
SARS-CoV-2,S,820,0.25,69684,0.010937167468516182,0.013390938871202962
SARS-CoV-2,S,820,0.1,27875,0.016507040605815277,0.021478564271275546
SARS-CoV-2,S,829,0.5,139369,0.00768467763268916,0.009405284452287084
SARS-CoV-2,S,829,0.25,69685,0.010441114816973766,0.012859443200781404
SARS-CoV-2,S,829,0.1,27875,0.015552339452235124,0.02023355615998014
SARS-CoV-2,S,838,0.5,139369,0.007794045274961138,0.00948601361631238
SARS-CoV-2,S,838,0.25,69685,0.010770308995132346,0.013037642721674882
SARS-CoV-2,S,838,0.1,27875,0.016200836222863214,0.01903742131178975
SARS-CoV-2,S,847,0.5,139368,0.007682966400038681,0.010002674520739972
SARS-CoV-2,S,847,0.25,69684,0.010774219608657092,0.012804956279488255
SARS-CoV-2,S,847,0.1,27875,0.016670609472480967,0.02108759115828692
SARS-CoV-2,S,856,0.5,139369,0.007858753057078617,0.010172423948207932
SARS-CoV-2,S,856,0.25,69684,0.010737687626181632,0.0126501969515847
SARS-CoV-2,S,856,0.1,27875,0.01655892141032333,0.020705844377720984
SARS-CoV-2,S,865,0.5,139369,0.007880993737580402,0.009729453151940714
SARS-CoV-2,S,865,0.25,69685,0.010859912608261007,0.013732563483216316
SARS-CoV-2,S,865,0.1,27875,0.016701141800107917,0.020786839452041905
SARS-CoV-2,S,874,0.5,139369,0.007724800309100089,0.008957480951980103
SARS-CoV-2,S,874,0.25,69685,0.010818317617317488,0.013817505657532862
SARS-CoV-2,S,874,0.1,27875,0.016492745236890066,0.020763360022516896
SARS-CoV-2,S,883,0.5,139370,0.007914854399907774,0.009278465800499838
SARS-CoV-2,S,883,0.25,69685,0.01080286726507111,0.012937533670187604
SARS-CoV-2,S,883,0.1,27875,0.016918955414703337,0.020440283072330732
SARS-CoV-2,S,892,0.5,139369,0.007683786286714735,0.01043365432645288
SARS-CoV-2,S,892,0.25,69685,0.01083935980166561,0.013374415405852009
SARS-CoV-2,S,892,0.1,27875,0.016535989749036435,0.019674808512280983
SARS-CoV-2,S,901,0.5,139368,0.007882445761351383,0.010169410153055133
SARS-CoV-2,S,901,0.25,69684,0.010970576286801781,0.01357512482933008
SARS-CoV-2,S,901,0.1,27875,0.016912821790761264,0.02127019225550132
SARS-CoV-2,S,910,0.5,139369,0.007789163859452511,0.009250274605374038
SARS-CoV-2,S,910,0.25,69685,0.010756975073890182,0.01256141700599301
SARS-CoV-2,S,910,0.1,27875,0.01643805925846614,0.02031860555708445
SARS-CoV-2,S,919,0.5,139368,0.007763942207194543,0.009254570569254796
SARS-CoV-2,S,919,0.25,69684,0.01065839337398369,0.01330103051360354
SARS-CoV-2,S,919,0.1,27875,0.016712905678538746,0.020515508619978015
SARS-CoV-2,S,928,0.5,139369,0.00782336386902411,0.010039586517222556
SARS-CoV-2,S,928,0.25,69685,0.011049444803549637,0.013494655088505498
SARS-CoV-2,S,928,0.1,27875,0.017054680587560336,0.020155417089718748
SARS-CoV-2,S,937,0.5,139369,0.007751752062441314,0.010256005661339704
SARS-CoV-2,S,937,0.25,69685,0.010699858224160192,0.01374736186498561
SARS-CoV-2,S,937,0.1,27875,0.016572239488265986,0.02123737532586981
SARS-CoV-2,S,946,0.5,139370,0.007710696515128682,0.00937125126266454
SARS-CoV-2,S,946,0.25,69685,0.010641697706597779,0.01259614588680779
SARS-CoV-2,S,946,0.1,27875,0.01614366460088441,0.02137415392045921
SARS-CoV-2,S,955,0.5,139369,0.007960152473664857,0.009557563710516335
SARS-CoV-2,S,955,0.25,69685,0.010865022328912422,0.013170190145166898
SARS-CoV-2,S,955,0.1,27875,0.016757936562209485,0.020932159553923076
SARS-CoV-2,S,964,0.5,139369,0.007564231727214152,0.008980142236933211
SARS-CoV-2,S,964,0.25,69684,0.010652930568302783,0.013166195661434846
SARS-CoV-2,S,964,0.1,27875,0.01644373998511851,0.019457498844428926
SARS-CoV-2,S,973,0.5,139369,0.007908070103213507,0.009454813482189782
SARS-CoV-2,S,973,0.25,69685,0.010825749345317237,0.01251110388074256
SARS-CoV-2,S,973,0.1,27875,0.01652791328403241,0.019676615332350093
SARS-CoV-2,S,982,0.5,139370,0.007330953263477097,0.009100482636914736
SARS-CoV-2,S,982,0.25,69685,0.00997138434248588,0.012329263218040067
SARS-CoV-2,S,982,0.1,27875,0.014434377266270004,0.019893494779695462
SARS-CoV-2,S,991,0.5,139369,0.010069005381662373,0.011485623330727123
SARS-CoV-2,S,991,0.25,69684,0.014080787123291876,0.016811609594041467
SARS-CoV-2,S,991,0.1,27875,0.02124890025776878,0.024985558033545803
SARS-CoV-2,S,1000,0.5,139369,0.007487021163986499,0.009764007128485021
SARS-CoV-2,S,1000,0.25,69684,0.010414320142340467,0.012587606952785654
SARS-CoV-2,S,1000,0.1,27875,0.015310662584664833,0.019827309134553422
SARS-CoV-2,S,1009,0.5,139368,0.012352338729304111,0.013743708633205017
SARS-CoV-2,S,1009,0.25,69685,0.017304146608220793,0.019411688485284673
SARS-CoV-2,S,1009,0.1,27875,0.02694639506285857,0.030113400694011336
SARS-CoV-2,S,1018,0.5,139368,0.007187638720644935,0.008589410579983832
SARS-CoV-2,S,1018,0.25,69684,0.009681084423524708,0.011827545754699057
SARS-CoV-2,S,1018,0.1,27875,0.014036237358224847,0.017818081434344064
SARS-CoV-2,S,1027,0.5,139370,0.007871488960701303,0.009555931119993437
SARS-CoV-2,S,1027,0.25,69685,0.010904447284951022,0.013695531589339956
SARS-CoV-2,S,1027,0.1,27875,0.017131527988239043,0.019760068942524286
SARS-CoV-2,S,1036,0.5,139370,0.010364900733723727,0.011700120794884167
SARS-CoV-2,S,1036,0.25,69685,0.014570735093897015,0.016817883492212905
SARS-CoV-2,S,1036,0.1,27875,0.022258782165720945,0.02536233041233166
SARS-CoV-2,S,1045,0.5,139368,0.007516287556121843,0.0088434006652512
SARS-CoV-2,S,1045,0.25,69684,0.010545456531578151,0.012675892467241134
SARS-CoV-2,S,1045,0.1,27875,0.015614358153686711,0.020000546727767746
SARS-CoV-2,S,1054,0.5,139369,0.0077488166022063815,0.00912278436746384
SARS-CoV-2,S,1054,0.25,69684,0.010810976530570842,0.013801962812388312
SARS-CoV-2,S,1054,0.1,27875,0.016704793765111414,0.02034545102607246
SARS-CoV-2,S,1063,0.5,139369,0.010302347314910367,0.012285487482058093
SARS-CoV-2,S,1063,0.25,69685,0.01433901378466889,0.016494868800467972
SARS-CoV-2,S,1063,0.1,27875,0.02250952828431942,0.026813081849111485
SARS-CoV-2,S,1072,0.5,139368,0.007615497837532191,0.009460013695138944
SARS-CoV-2,S,1072,0.25,69684,0.01062494670779103,0.0126902359963797
SARS-CoV-2,S,1072,0.1,27875,0.015717362129144357,0.019157283556970904
SARS-CoV-2,S,1081,0.5,139369,0.007370620859350247,0.008398974378614615
SARS-CoV-2,S,1081,0.25,69684,0.009991106039369525,0.012030928752269602
SARS-CoV-2,S,1081,0.1,27875,0.014814204365364349,0.018315120992947968
SARS-CoV-2,S,1090,0.5,139370,0.007079785677445985,0.008752506684775873
SARS-CoV-2,S,1090,0.25,69685,0.009473830773516326,0.011561057676365187
SARS-CoV-2,S,1090,0.1,27875,0.013255124939869066,0.017392642339406898
SARS-CoV-2,S,1099,0.5,139369,0.01001478769982632,0.011345214931973407
SARS-CoV-2,S,1099,0.25,69685,0.013741573557558256,0.016099573627089907
SARS-CoV-2,S,1099,0.1,27875,0.02070742526469784,0.025764023157632526
SARS-CoV-2,S,1108,0.5,139370,0.012243809081209213,0.013871489850760386
SARS-CoV-2,S,1108,0.25,69685,0.017255416462927393,0.021941772096634934
SARS-CoV-2,S,1108,0.1,27875,0.027304347702752044,0.031771551692470326
SARS-CoV-2,S,1117,0.5,139369,0.010357415182206554,0.01153432556536499
SARS-CoV-2,S,1117,0.25,69685,0.014787704309208373,0.01803351860101978
SARS-CoV-2,S,1117,0.1,27875,0.022665940160393822,0.02762182348273134
SARS-CoV-2,S,1126,0.5,139368,0.010310635181568542,0.011934425727428869
SARS-CoV-2,S,1126,0.25,69684,0.014440590701254159,0.01702401027468171
SARS-CoV-2,S,1126,0.1,27875,0.02213326009609496,0.027181095685721978
SARS-CoV-2,S,1135,0.5,139369,0.007270750526607732,0.008484416610891212
SARS-CoV-2,S,1135,0.25,69685,0.009880964975342374,0.012302711919785252
SARS-CoV-2,S,1135,0.1,27875,0.013772578000767975,0.017211617854772574
SARS-CoV-2,S,1144,0.5,139368,0.007841454183440033,0.009832426608768954
SARS-CoV-2,S,1144,0.25,69684,0.010693750293583026,0.012678536200965384
SARS-CoV-2,S,1144,0.1,27875,0.016239489935017417,0.020994728647903593
SARS-CoV-2,S,1153,0.5,139369,0.007499874056799597,0.008891852191712304
SARS-CoV-2,S,1153,0.25,69685,0.01014418008173513,0.011869902392627361
SARS-CoV-2,S,1153,0.1,27875,0.014696670336088484,0.018182065380951056
SARS-CoV-2,S,1162,0.5,139368,0.007393840120674329,0.009524627970171179
SARS-CoV-2,S,1162,0.25,69684,0.009748687748614412,0.01329237619873065
SARS-CoV-2,S,1162,0.1,27875,0.014027043141192814,0.017647440928836182
SARS-CoV-2,S,1171,0.5,139370,0.007448798703266927,0.0091055945082362
SARS-CoV-2,S,1171,0.25,69685,0.010034207997517256,0.012422183324588222
SARS-CoV-2,S,1171,0.1,27875,0.014995197275294293,0.020391756356153614
SARS-CoV-2,S,1180,0.5,139369,0.00744491963444923,0.009378680421700107
SARS-CoV-2,S,1180,0.25,69685,0.010582412829046624,0.013630301058119824
SARS-CoV-2,S,1180,0.1,27875,0.015927554053127586,0.02004449900233181
SARS-CoV-2,S,1189,0.5,139369,0.007403441344870965,0.008736402969536303
SARS-CoV-2,S,1189,0.25,69685,0.010070549038974369,0.011992401351857706
SARS-CoV-2,S,1189,0.1,27875,0.014495432739522468,0.018490312176535753
SARS-CoV-2,S,1198,0.5,139369,0.007128288503017666,0.008962085622691471
SARS-CoV-2,S,1198,0.25,69685,0.00941973927974881,0.012172216811505746
SARS-CoV-2,S,1198,0.1,27875,0.013782052916761545,0.01768193299241278
SARS-CoV-2,S,1207,0.5,139369,0.012286850009997017,0.014535079239345872
SARS-CoV-2,S,1207,0.25,69684,0.01722995867677369,0.018756942291999656
SARS-CoV-2,S,1207,0.1,27875,0.026798996021123667,0.03214814824983621
SARS-CoV-2,S,1216,0.5,139368,0.01039661242973197,0.012733228909566144
SARS-CoV-2,S,1216,0.25,69684,0.014593103187840621,0.017562620415698924
SARS-CoV-2,S,1216,0.1,27875,0.022908295126179302,0.02727702209407103
SARS-CoV-2,S,1225,0.5,139369,0.007722572156546911,0.010217804857756462
SARS-CoV-2,S,1225,0.25,69684,0.010596933210316937,0.013111956129522302
SARS-CoV-2,S,1225,0.1,27875,0.017237253958917023,0.020502297231292464
SARS-CoV-2,S,1234,0.5,139370,0.007509436257224605,0.009339991184505955
SARS-CoV-2,S,1234,0.25,69685,0.010697254747861918,0.01294909890850222
SARS-CoV-2,S,1234,0.1,27875,0.0160453967585855,0.019423640094595258
SARS-CoV-2,S,1243,0.5,139368,0.012398171520743883,0.013835192559476087
SARS-CoV-2,S,1243,0.25,69685,0.017349781845214973,0.020251052897628758
SARS-CoV-2,S,1243,0.1,27875,0.027211086447198683,0.029944494250583004
SARS-CoV-2,S,1252,0.5,139370,0.007312959315599915,0.009389802074788426
SARS-CoV-2,S,1252,0.25,69685,0.009952438529688745,0.012767592712735644
SARS-CoV-2,S,1252,0.1,27875,0.014611562798732136,0.019720076381562122
SARS-CoV-2,S,1261,0.5,139368,0.00668158907156174,0.009022937801723245
SARS-CoV-2,S,1261,0.25,69684,0.008864812881471005,0.0115932411831839
SARS-CoV-2,S,1261,0.1,27875,0.01216855101727535,0.016040379162367873
SARS-CoV-2,S,1270,0.5,139370,0.0073127229214935315,0.008866115623242053
SARS-CoV-2,S,1270,0.25,69685,0.010018612737590813,0.012735688112447343
SARS-CoV-2,S,1270,0.1,27875,0.014375842575043518,0.01817964089931975
SARS-CoV-2,S,1279,0.5,139370,0.007761198335696911,0.009660276124728927
SARS-CoV-2,S,1279,0.25,69685,0.010773152408917647,0.01287759743825808
SARS-CoV-2,S,1279,0.1,27875,0.01638678685626071,0.02024723930228552
SARS-CoV-2,S,1288,0.5,139368,0.0077333676334959064,0.009688677327042533
SARS-CoV-2,S,1288,0.25,69684,0.01091416660149506,0.013239134624184003
SARS-CoV-2,S,1288,0.1,27875,0.016397563868107708,0.020622027649694924
SARS-CoV-2,S,1297,0.5,139369,0.007500772521508442,0.009636573141934045
SARS-CoV-2,S,1297,0.25,69684,0.010371777397106038,0.01333676232582088
SARS-CoV-2,S,1297,0.1,27875,0.015454653423257652,0.018627240867645323
SARS-CoV-2,S,1306,0.5,139369,0.007209409676836051,0.009488333710789321
SARS-CoV-2,S,1306,0.25,69685,0.009966212371147242,0.012100325753298252
SARS-CoV-2,S,1306,0.1,27875,0.014375768387120269,0.017680355678161685
SARS-CoV-2,S,1315,0.5,139370,0.01035495602637464,0.012611352081625312
SARS-CoV-2,S,1315,0.25,69685,0.014572892831856412,0.016212323630199733
SARS-CoV-2,S,1315,0.1,27875,0.022936592746146945,0.027210753045730337
SARS-CoV-2,S,1324,0.5,139370,0.010474244702612559,0.011871723806176683
SARS-CoV-2,S,1324,0.25,69685,0.014418816081536723,0.01705355344230354
SARS-CoV-2,S,1324,0.1,27875,0.02255669015179605,0.027306621286297805
SARS-CoV-2,S,1333,0.5,139370,0.013739998952647601,0.0159377519430477
SARS-CoV-2,S,1333,0.25,69684,0.01932050661852598,0.022180261722519724
SARS-CoV-2,S,1333,0.1,27875,0.029321870357522935,0.032315772713977814
SARS-CoV-2,S,1342,0.5,139369,0.010276735788950308,0.012256020498421444
SARS-CoV-2,S,1342,0.25,69685,0.014260493277987094,0.016784147178434385
SARS-CoV-2,S,1342,0.1,27875,0.021834775917965916,0.025458218884333802
SARS-CoV-2,S,1351,0.5,139369,0.013882522042446511,0.015697681238021073
SARS-CoV-2,S,1351,0.25,69685,0.019637303364078713,0.022254800062751726
SARS-CoV-2,S,1351,0.1,27875,0.030515761262546192,0.033749648712659376
SARS-CoV-2,S,1360,0.5,139370,0.01231946550892283,0.013314644619536076
SARS-CoV-2,S,1360,0.25,69685,0.01728069527993158,0.019955750295666888
SARS-CoV-2,S,1360,0.1,27875,0.026900018388245562,0.030605735043518063
SARS-CoV-2,S,1369,0.5,139369,0.0073020795840153365,0.008326932258453818
SARS-CoV-2,S,1369,0.25,69685,0.009724307498513324,0.012381697167831038
SARS-CoV-2,S,1369,0.1,27875,0.013648528011521586,0.017416046931920826
SARS-CoV-2,S,1378,0.5,139369,0.013972927855062068,0.015777774493066655
SARS-CoV-2,S,1378,0.25,69685,0.01979052800423851,0.021254606406079065
SARS-CoV-2,S,1378,0.1,27875,0.030500343957903513,0.03281189059440295
SARS-CoV-2,S,1387,0.5,139370,0.007545808746240615,0.009232291779656102
SARS-CoV-2,S,1387,0.25,69685,0.010536273231167138,0.013086467325647682
SARS-CoV-2,S,1387,0.1,27875,0.015827808334272546,0.019091025243830398
SARS-CoV-2,S,1396,0.5,139368,0.007401534630381211,0.009061148671427386
SARS-CoV-2,S,1396,0.25,69684,0.009789021561956181,0.012608985258748841
SARS-CoV-2,S,1396,0.1,27875,0.014317699829591841,0.0175684738681718
SARS-CoV-2,S,1405,0.5,139369,0.007328905673752774,0.00924100669449282
SARS-CoV-2,S,1405,0.25,69684,0.010133456666727348,0.01238282305340331
SARS-CoV-2,S,1405,0.1,27875,0.014611940427672755,0.020363207455366125
SARS-CoV-2,S,1414,0.5,139369,0.00759057455830885,0.009761450548403936
SARS-CoV-2,S,1414,0.25,69684,0.010192336133842518,0.012329241576894074
SARS-CoV-2,S,1414,0.1,27875,0.014866103746866923,0.01838135331822949
SARS-CoV-2,S,1423,0.5,139369,0.01029420990237451,0.01172792397427985
SARS-CoV-2,S,1423,0.25,69685,0.014413625129033781,0.01682566618688412
SARS-CoV-2,S,1423,0.1,27875,0.022769003796352685,0.026294978143142154
SARS-CoV-2,S,1432,0.5,139369,0.010257324870258901,0.011679880554088471
SARS-CoV-2,S,1432,0.25,69685,0.01424590470418618,0.01583172639698616
SARS-CoV-2,S,1432,0.1,27875,0.02213857188726487,0.027512663277890138
SARS-CoV-2,S,1441,0.5,139368,0.010338701317130383,0.011594518987810918
SARS-CoV-2,S,1441,0.25,69684,0.01452398459749482,0.016097876504349927
SARS-CoV-2,S,1441,0.1,27875,0.022403245522431645,0.02547030269381309
SARS-CoV-2,S,1450,0.5,139368,0.018939230164585805,0.021374955132564363
SARS-CoV-2,S,1450,0.25,69683,0.02654119316549652,0.028462708290514834
SARS-CoV-2,S,1450,0.1,27875,0.040775121615851194,0.04434976618442697
SARS-CoV-2,S,1459,0.5,139368,0.007666893460611913,0.009510692659717115
SARS-CoV-2,S,1459,0.25,69684,0.010481026987499965,0.013556682236457162
SARS-CoV-2,S,1459,0.1,27875,0.016075545377222333,0.020899140724379626
SARS-CoV-2,S,1468,0.5,139368,0.010193494809122287,0.012998599943962434
SARS-CoV-2,S,1468,0.25,69684,0.014104086298535198,0.016482904417972493
SARS-CoV-2,S,1468,0.1,27875,0.02139970538766496,0.024252222592972016
SARS-CoV-2,S,1477,0.5,139369,0.012311536538397696,0.01480728193276423
SARS-CoV-2,S,1477,0.25,69684,0.01759046151067693,0.020533603950190073
SARS-CoV-2,S,1477,0.1,27875,0.02768152559062059,0.031017203463533073
SARS-CoV-2,S,1486,0.5,139368,0.012286260238113824,0.01403850985248302
SARS-CoV-2,S,1486,0.25,69684,0.017340007594236897,0.019532814072199804
SARS-CoV-2,S,1486,0.1,27875,0.02675301716479407,0.03013603652015715
SARS-CoV-2,S,1495,0.5,139370,0.010302233194980815,0.012152917947684944
SARS-CoV-2,S,1495,0.25,69685,0.014262142770140143,0.01607164865505533
SARS-CoV-2,S,1495,0.1,27875,0.022126837730534338,0.025583914832084154
SARS-CoV-2,S,1504,0.5,139368,0.007633866346717097,0.010264999426178438
SARS-CoV-2,S,1504,0.25,69684,0.010794759135903997,0.012927740626568884
SARS-CoV-2,S,1504,0.1,27875,0.015985109474521992,0.020158137120564183
SARS-CoV-2,S,1513,0.5,139368,0.010157060889620304,0.012442027224535607
SARS-CoV-2,S,1513,0.25,69684,0.014406403542835667,0.016810548511116363
SARS-CoV-2,S,1513,0.1,27875,0.022306248038663656,0.026005551742524405
SARS-CoV-2,S,1522,0.5,139370,0.007522278172295359,0.009174782900651357
SARS-CoV-2,S,1522,0.25,69685,0.010655284361981272,0.013282287914184985
SARS-CoV-2,S,1522,0.1,27875,0.016211463860169157,0.019763542417170692
SARS-CoV-2,S,1531,0.5,139369,0.00736020356641769,0.009117993909388234
SARS-CoV-2,S,1531,0.25,69684,0.009788385026690976,0.011778398904948046
SARS-CoV-2,S,1531,0.1,27875,0.014606192207022167,0.0188096409903546
SARS-CoV-2,S,1540,0.5,139369,0.007452518021793452,0.008950841923010096
SARS-CoV-2,S,1540,0.25,69684,0.010390821896974723,0.011994254745425266
SARS-CoV-2,S,1540,0.1,27875,0.01517339065264002,0.018745666196288948
SARS-CoV-2,S,1549,0.5,139368,0.007571458214968423,0.009357452288696664
SARS-CoV-2,S,1549,0.25,69684,0.010630116128213456,0.013121529025522034
SARS-CoV-2,S,1549,0.1,27875,0.016173680245361196,0.01962098065055755
SARS-CoV-2,S,1558,0.5,139369,0.007732548813559071,0.009083437094853873
SARS-CoV-2,S,1558,0.25,69685,0.011139084500622154,0.013800096366049524
SARS-CoV-2,S,1558,0.1,27875,0.01705318247368289,0.01993412865335412
SARS-CoV-2,S,1567,0.5,139369,0.007413640812675959,0.008766951423742727
SARS-CoV-2,S,1567,0.25,69685,0.010249584724096228,0.01315721416000836
SARS-CoV-2,S,1567,0.1,27875,0.014984807079526104,0.01803074443334457
SARS-CoV-2,S,1576,0.5,139368,0.007394296318661812,0.00852394667336782
SARS-CoV-2,S,1576,0.25,69684,0.010063277200175183,0.013195724022771778
SARS-CoV-2,S,1576,0.1,27875,0.01468241589091119,0.018719841824272682
SARS-CoV-2,S,1585,0.5,139369,0.007800338479996932,0.010016956213896403
SARS-CoV-2,S,1585,0.25,69684,0.010919955328538454,0.013676414189712991
SARS-CoV-2,S,1585,0.1,27875,0.017123476381639413,0.021042732114474622
SARS-CoV-2,S,1594,0.5,139368,0.0073120764175529495,0.008866157404654424
SARS-CoV-2,S,1594,0.25,69684,0.010329217171283975,0.012407867337079107
SARS-CoV-2,S,1594,0.1,27875,0.014700519653365038,0.017437306441122017
SARS-CoV-2,S,1603,0.5,139368,0.007790463171360928,0.009313597468397914
SARS-CoV-2,S,1603,0.25,69684,0.010788559481568556,0.014128809788658457
SARS-CoV-2,S,1603,0.1,27875,0.016440881668798882,0.019034719074295773
SARS-CoV-2,S,1612,0.5,139368,0.0075581404598149635,0.009185266802785811
SARS-CoV-2,S,1612,0.25,69684,0.010352513595694526,0.014355338115769573
SARS-CoV-2,S,1612,0.1,27875,0.015126696049254979,0.018411672087006156
SARS-CoV-2,S,1621,0.5,139368,0.007896805731488094,0.009535396127117178
SARS-CoV-2,S,1621,0.25,69684,0.010880727860546257,0.012924542986740702
SARS-CoV-2,S,1621,0.1,27875,0.016695516582194682,0.021600788561470404
SARS-CoV-2,S,1630,0.5,139369,0.007080816305327134,0.008786621463327622
SARS-CoV-2,S,1630,0.25,69685,0.009695413484733802,0.011742866198535738
SARS-CoV-2,S,1630,0.1,27875,0.013786890423917139,0.01765556665308665
SARS-CoV-2,S,1639,0.5,139369,0.010390663534767029,0.011383112661256347
SARS-CoV-2,S,1639,0.25,69684,0.014519712145782356,0.01671679282926812
SARS-CoV-2,S,1639,0.1,27875,0.022263975150718086,0.026825828940458717
SARS-CoV-2,S,1648,0.5,139369,0.006802957078202141,0.008544212108814479
SARS-CoV-2,S,1648,0.25,69685,0.009007838680354131,0.01155729347357578
SARS-CoV-2,S,1648,0.1,27875,0.012397719348044999,0.015476079423756945
SARS-CoV-2,S,1657,0.5,139370,0.01002812552936486,0.01141296515850008
SARS-CoV-2,S,1657,0.25,69685,0.01419915050168126,0.016505299752475278
SARS-CoV-2,S,1657,0.1,27875,0.021622663503242226,0.02571990381408064
SARS-CoV-2,S,1666,0.5,139368,0.007650921987624423,0.009367630043069206
SARS-CoV-2,S,1666,0.25,69684,0.01078948594041543,0.01311069527581872
SARS-CoV-2,S,1666,0.1,27875,0.016604843274827454,0.020326090234607012
SARS-CoV-2,S,1675,0.5,139369,0.00727797171809157,0.009133945325377977
SARS-CoV-2,S,1675,0.25,69685,0.009885887186863106,0.011400697603949983
SARS-CoV-2,S,1675,0.1,27875,0.014405025936614404,0.016916859885216903
SARS-CoV-2,S,1684,0.5,139370,0.00787620765175071,0.009665466152459772
SARS-CoV-2,S,1684,0.25,69685,0.011008960940673603,0.012886788567779646
SARS-CoV-2,S,1684,0.1,27875,0.01697923591469408,0.021227398618496245
SARS-CoV-2,S,1693,0.5,139369,0.007064647763752402,0.009523595890402187
SARS-CoV-2,S,1693,0.25,69685,0.009351754820406906,0.011736712891126056
SARS-CoV-2,S,1693,0.1,27875,0.013509623609514122,0.01800800570558306
SARS-CoV-2,S,1702,0.5,139369,0.012164417086313958,0.014463086563868277
SARS-CoV-2,S,1702,0.25,69685,0.01723371394272947,0.019502865213372262
SARS-CoV-2,S,1702,0.1,27875,0.026743064134608356,0.03213429800665554
SARS-CoV-2,S,1711,0.5,139368,0.007694598696411193,0.009381762678675657
SARS-CoV-2,S,1711,0.25,69684,0.0108488479129917,0.013033508446033081
SARS-CoV-2,S,1711,0.1,27875,0.01655988605206918,0.01954782289797685
SARS-CoV-2,S,1720,0.5,139368,0.007518178282260586,0.00900555180025641
SARS-CoV-2,S,1720,0.25,69684,0.010131035383348443,0.012056900165016494
SARS-CoV-2,S,1720,0.1,27875,0.015163722572745644,0.019112973759520525
SARS-CoV-2,S,1729,0.5,139368,0.007631712446993817,0.009285629214565511
SARS-CoV-2,S,1729,0.25,69684,0.010459507322258723,0.013919879468144741
SARS-CoV-2,S,1729,0.1,27875,0.015781202155259758,0.019525914679343115
SARS-CoV-2,S,1738,0.5,139369,0.007026214188009124,0.008339780196891336
SARS-CoV-2,S,1738,0.25,69684,0.009479337347149305,0.011571329607587659
SARS-CoV-2,S,1738,0.1,27875,0.013309482445963323,0.01752863814964986
SARS-CoV-2,S,1747,0.5,139370,0.0077837974455883165,0.008984827634590535
SARS-CoV-2,S,1747,0.25,69685,0.010829057812800682,0.012847124328959776
SARS-CoV-2,S,1747,0.1,27875,0.016741667757514445,0.020017515024717585
SARS-CoV-2,S,1756,0.5,139369,0.0077169818951534795,0.009310763804171404
SARS-CoV-2,S,1756,0.25,69684,0.01061494533756823,0.014499991559902862
SARS-CoV-2,S,1756,0.1,27875,0.01616609136081435,0.019600584460091188
SARS-CoV-2,S,1765,0.5,139369,0.006930773515821306,0.009173218473419035
SARS-CoV-2,S,1765,0.25,69684,0.009213446806349102,0.01209076067819667
SARS-CoV-2,S,1765,0.1,27875,0.013090701112027292,0.01665624210508213
SARS-CoV-2,S,1774,0.5,139370,0.006547679002529263,0.008436672009022608
SARS-CoV-2,S,1774,0.25,69685,0.008563536491807548,0.010612461882433706
SARS-CoV-2,S,1774,0.1,27875,0.011775408380032602,0.016392608828882802
SARS-CoV-2,S,1783,0.5,139369,0.0069929274211600655,0.008389256014735976
SARS-CoV-2,S,1783,0.25,69684,0.00914475354690431,0.011846171127025256
SARS-CoV-2,S,1783,0.1,27875,0.012997145815316002,0.016565575226088914
SARS-CoV-2,S,1792,0.5,139370,0.007205123771821015,0.009406931838556449
SARS-CoV-2,S,1792,0.25,69685,0.009519387945547374,0.012408101044546822
SARS-CoV-2,S,1792,0.1,27875,0.013587322171958434,0.017643017575505213
SARS-CoV-2,S,1801,0.5,139370,0.007813020750157749,0.010189816450167291
SARS-CoV-2,S,1801,0.25,69685,0.010765269078899279,0.012447542374722424
SARS-CoV-2,S,1801,0.1,27875,0.016391463664545143,0.019970751582649725
SARS-CoV-2,S,1810,0.5,139369,0.007424897186386088,0.009123872041045514
SARS-CoV-2,S,1810,0.25,69685,0.01049932229154595,0.01359283361639303
SARS-CoV-2,S,1810,0.1,27875,0.015431298602009208,0.018896989387667106
SARS-CoV-2,S,1819,0.5,139369,0.007529640855577548,0.008853795884907898
SARS-CoV-2,S,1819,0.25,69684,0.0101861274751475,0.012566909565954791
SARS-CoV-2,S,1819,0.1,27875,0.014579948280949433,0.018189894135007576
SARS-CoV-2,S,1828,0.5,139369,0.0066614240740884584,0.007979519670892951
SARS-CoV-2,S,1828,0.25,69685,0.008782737454255372,0.01198909915975424
SARS-CoV-2,S,1828,0.1,27875,0.011776954545594418,0.015315583417549067
SARS-CoV-2,S,1837,0.5,139369,0.007613584723437328,0.00912924904591617
SARS-CoV-2,S,1837,0.25,69685,0.010706288645667108,0.013051254173741065
SARS-CoV-2,S,1837,0.1,27875,0.016310995825610092,0.019946948416730576
SARS-CoV-2,S,1846,0.5,139369,0.007812338703467399,0.009559236745034935
SARS-CoV-2,S,1846,0.25,69685,0.010821478358795157,0.013055505937677205
SARS-CoV-2,S,1846,0.1,27875,0.016207813215748348,0.019449460033195927
SARS-CoV-2,S,1855,0.5,139370,0.010286538368998474,0.012187318722175992
SARS-CoV-2,S,1855,0.25,69685,0.014351284376144932,0.01630098160252262
SARS-CoV-2,S,1855,0.1,27875,0.022308234865113838,0.025655215694931687
SARS-CoV-2,S,1864,0.5,139369,0.007607771197621707,0.009903938773994071
SARS-CoV-2,S,1864,0.25,69685,0.010656698813583049,0.012345443951438212
SARS-CoV-2,S,1864,0.1,27875,0.01580460621286033,0.01973903943831709
SARS-CoV-2,S,1873,0.5,139368,0.007441151644910454,0.009030216712601288
SARS-CoV-2,S,1873,0.25,69684,0.010405127328465056,0.012356431090988001
SARS-CoV-2,S,1873,0.1,27875,0.015406522643893233,0.019220743183280264
SARS-CoV-2,S,1882,0.5,139369,0.007146910705881778,0.008925581640584025
SARS-CoV-2,S,1882,0.25,69684,0.009530786888355049,0.01194438470075985
SARS-CoV-2,S,1882,0.1,27875,0.0137036312072713,0.01818932616756253
SARS-CoV-2,S,1891,0.5,139369,0.007389142519797686,0.009503274173191986
SARS-CoV-2,S,1891,0.25,69685,0.01034895514151578,0.012754193813867545
SARS-CoV-2,S,1891,0.1,27875,0.014753828423998869,0.0178987638964612
SARS-CoV-2,S,1900,0.5,139368,0.006877010660891134,0.008243698545297724
SARS-CoV-2,S,1900,0.25,69684,0.008885478289518373,0.011390114365158107
SARS-CoV-2,S,1900,0.1,27875,0.012134280155646675,0.015714929973042684
SARS-CoV-2,S,1909,0.5,139369,0.00734586392499127,0.009064925902872825
SARS-CoV-2,S,1909,0.25,69684,0.00968564123277646,0.012281018141533316
SARS-CoV-2,S,1909,0.1,27875,0.014213237432462621,0.01684568747229394
SARS-CoV-2,S,1918,0.5,139370,0.007592825093516462,0.009117238277643252
SARS-CoV-2,S,1918,0.25,69685,0.010488199946110395,0.013194166205268289
SARS-CoV-2,S,1918,0.1,27875,0.016180246929547667,0.020551151640673233
SARS-CoV-2,S,1927,0.5,139368,0.007224467668567927,0.008496133608025109
SARS-CoV-2,S,1927,0.25,69684,0.00964402371624016,0.012231078977555087
SARS-CoV-2,S,1927,0.1,27875,0.0137084194107727,0.01776856873323891
SARS-CoV-2,S,1936,0.5,139368,0.007569207705594592,0.009339078918065917
SARS-CoV-2,S,1936,0.25,69684,0.010507962036707718,0.013463390339552371
SARS-CoV-2,S,1936,0.1,27875,0.015212389492198542,0.01936564763608231
SARS-CoV-2,S,1945,0.5,139370,0.006971953333731528,0.008247573452791394
SARS-CoV-2,S,1945,0.25,69685,0.009411140321601195,0.012069018697676077
SARS-CoV-2,S,1945,0.1,27875,0.013032374254846272,0.016059611264963237
SARS-CoV-2,S,1954,0.5,139368,0.007766884924317329,0.009772615263699
SARS-CoV-2,S,1954,0.25,69684,0.010827397638782292,0.013653885211900522
SARS-CoV-2,S,1954,0.1,27875,0.0164326895634443,0.019731169822633735
SARS-CoV-2,S,1963,0.5,139369,0.009989712466195871,0.011502445450419794
SARS-CoV-2,S,1963,0.25,69685,0.013975118524097399,0.01620888177290754
SARS-CoV-2,S,1963,0.1,27875,0.02145030730701085,0.024812176911461366
SARS-CoV-2,S,1972,0.5,139369,0.01056026405689915,0.012184082584894649
SARS-CoV-2,S,1972,0.25,69684,0.014448242578465194,0.017738315532416376
SARS-CoV-2,S,1972,0.1,27875,0.022228592511906068,0.026996842063649957
SARS-CoV-2,S,1981,0.5,139370,0.0074582232657347345,0.008826411220220565
SARS-CoV-2,S,1981,0.25,69685,0.010310136301546048,0.012995948110879127
SARS-CoV-2,S,1981,0.1,27875,0.014963839727151595,0.018671087282895977
SARS-CoV-2,S,1990,0.5,139369,0.007526356336674068,0.009963848087889065
SARS-CoV-2,S,1990,0.25,69685,0.010414493392811756,0.01301552321544681
SARS-CoV-2,S,1990,0.1,27875,0.015196398240720409,0.018729276859411923
SARS-CoV-2,S,1999,0.5,139370,0.007294120322054192,0.00869424607607423
SARS-CoV-2,S,1999,0.25,69685,0.009959568812101688,0.011721543857651411
SARS-CoV-2,S,1999,0.1,27875,0.014380999422521919,0.018095988153374383
SARS-CoV-2,S,2008,0.5,139369,0.007626046786911899,0.009390713153785878
SARS-CoV-2,S,2008,0.25,69684,0.010357363087607973,0.012345870194189685
SARS-CoV-2,S,2008,0.1,27875,0.015795508092826784,0.02015760851399504
SARS-CoV-2,S,2017,0.5,139369,0.007667549637559577,0.010161344080906479
SARS-CoV-2,S,2017,0.25,69685,0.010796593426456693,0.01317931988839494
SARS-CoV-2,S,2017,0.1,27875,0.016315703703040963,0.019749136822712093
SARS-CoV-2,S,2026,0.5,139369,0.010354506917062758,0.01199064235206394
SARS-CoV-2,S,2026,0.25,69685,0.014557714918857335,0.01808634321383404
SARS-CoV-2,S,2026,0.1,27875,0.022332007306268657,0.027012056562676717
SARS-CoV-2,S,2035,0.5,139369,0.015496775664791409,0.01732505774801234
SARS-CoV-2,S,2035,0.25,69684,0.021770627282098033,0.024296369062552052
SARS-CoV-2,S,2035,0.1,27875,0.03413739294086964,0.03734472158277165
SARS-CoV-2,S,2044,0.5,139370,0.007850840019430134,0.010226657294136838
SARS-CoV-2,S,2044,0.25,69685,0.010978988428402062,0.013262630470549461
SARS-CoV-2,S,2044,0.1,27875,0.017204236527561458,0.020068266501633056
SARS-CoV-2,S,2053,0.5,139370,0.007524118386491366,0.009696351851578237
SARS-CoV-2,S,2053,0.25,69685,0.01019134871024676,0.012765750902247262
SARS-CoV-2,S,2053,0.1,27875,0.014871975550768433,0.01867671177204314
SARS-CoV-2,S,2062,0.5,139370,0.007834993040558774,0.009629356420612259
SARS-CoV-2,S,2062,0.25,69685,0.010895631948844277,0.013267096608497578
SARS-CoV-2,S,2062,0.1,27875,0.01677632235791598,0.019270774776404452
SARS-CoV-2,S,2071,0.5,139368,0.007694364296809014,0.00929164670603123
SARS-CoV-2,S,2071,0.25,69684,0.011215189060049377,0.013136241249011651
SARS-CoV-2,S,2071,0.1,27875,0.017236625654922982,0.02008178075773131
SARS-CoV-2,S,2080,0.5,139369,0.007168100933590297,0.008685099719284196
SARS-CoV-2,S,2080,0.25,69684,0.009603785509678352,0.011746666633954453
SARS-CoV-2,S,2080,0.1,27875,0.014107785460575638,0.018212970448308365
SARS-CoV-2,S,2089,0.5,139369,0.007482308417468651,0.00910994715335701
SARS-CoV-2,S,2089,0.25,69685,0.01047472708993807,0.012317692846715673
SARS-CoV-2,S,2089,0.1,27875,0.015164042181675635,0.019782705645518234
SARS-CoV-2,S,2098,0.5,139368,0.010241444428947505,0.011932085492275295
SARS-CoV-2,S,2098,0.25,69684,0.014353298371779837,0.016215253763996497
SARS-CoV-2,S,2098,0.1,27875,0.021724505971277123,0.025136019033403942
SARS-CoV-2,S,2107,0.5,139368,0.007905683658733467,0.009145952567053856
SARS-CoV-2,S,2107,0.25,69684,0.01079385521162859,0.014104261230810707
SARS-CoV-2,S,2107,0.1,27875,0.016607977935436693,0.0199244729254996
SARS-CoV-2,S,2116,0.5,139369,0.007653971453787575,0.008928424085432566
SARS-CoV-2,S,2116,0.25,69685,0.010662991747393099,0.012698190849233923
SARS-CoV-2,S,2116,0.1,27875,0.01625865597997601,0.02062315188292583
SARS-CoV-2,S,2125,0.5,139369,0.007512554412105071,0.00877894758068042
SARS-CoV-2,S,2125,0.25,69684,0.01009447079291396,0.012177548487977162
SARS-CoV-2,S,2125,0.1,27875,0.014684938261164925,0.01922324077461795
SARS-CoV-2,S,2134,0.5,139368,0.007257840150443415,0.009588635360506182
SARS-CoV-2,S,2134,0.25,69684,0.00992144237217794,0.012233932268716096
SARS-CoV-2,S,2134,0.1,27875,0.014200618292000368,0.018200122756905864
SARS-CoV-2,S,2143,0.5,139369,0.010197906890848063,0.011327432289320706
SARS-CoV-2,S,2143,0.25,69685,0.014335709885751507,0.016178937177561883
SARS-CoV-2,S,2143,0.1,27875,0.022435663128673303,0.025553078309231248
SARS-CoV-2,S,2152,0.5,139369,0.007431001429259423,0.009167530247741022
SARS-CoV-2,S,2152,0.25,69684,0.010208781837529,0.011987387745605607
SARS-CoV-2,S,2152,0.1,27875,0.014864141062754842,0.018461414471100012
SARS-CoV-2,S,2161,0.5,139370,0.010457870066285839,0.012244297548486958
SARS-CoV-2,S,2161,0.25,69685,0.014660316572026221,0.017432246162171025
SARS-CoV-2,S,2161,0.1,27875,0.022761780944614195,0.02578418094150867
SARS-CoV-2,S,2170,0.5,139369,0.007237194933822811,0.008744022818529536
SARS-CoV-2,S,2170,0.25,69684,0.009597343969675882,0.011716067315242962
SARS-CoV-2,S,2170,0.1,27875,0.013906155665312045,0.01877440097499869
SARS-CoV-2,S,2179,0.5,139369,0.007628781137725799,0.009149801069051665
SARS-CoV-2,S,2179,0.25,69684,0.010328527295869055,0.012150740877619354
SARS-CoV-2,S,2179,0.1,27875,0.01579284041241781,0.019768379182172
SARS-CoV-2,S,2188,0.5,139369,0.007809416201477356,0.01029869226683175
SARS-CoV-2,S,2188,0.25,69684,0.010912995103678913,0.013152737061151295
SARS-CoV-2,S,2188,0.1,27875,0.01667345450088558,0.019938174451121272
SARS-CoV-2,S,2197,0.5,139369,0.007729860234215347,0.009039911814647743
SARS-CoV-2,S,2197,0.25,69684,0.01061300228731865,0.012735329813903159
SARS-CoV-2,S,2197,0.1,27875,0.016373055212454028,0.019470661132695567
SARS-CoV-2,S,2206,0.5,139369,0.007213197275069562,0.00868502917291197
SARS-CoV-2,S,2206,0.25,69685,0.00961615714206123,0.012252223243814878
SARS-CoV-2,S,2206,0.1,27875,0.013525499306898482,0.016522365952092374
SARS-CoV-2,S,2215,0.5,139369,0.00724893409499389,0.009852929655630123
SARS-CoV-2,S,2215,0.25,69684,0.009786686939997782,0.013449454357122767
SARS-CoV-2,S,2215,0.1,27875,0.01424634153508662,0.01807430634377481
SARS-CoV-2,S,2224,0.5,139369,0.007284057636756269,0.009468971117580677
SARS-CoV-2,S,2224,0.25,69684,0.009974763486132694,0.012098844767921231
SARS-CoV-2,S,2224,0.1,27875,0.014284031570623185,0.016929963651960273
SARS-CoV-2,S,2233,0.5,139370,0.007748743895364948,0.009189210725253067
SARS-CoV-2,S,2233,0.25,69685,0.010566058059503095,0.01211716520396963
SARS-CoV-2,S,2233,0.1,27875,0.015636095768583817,0.019178170076206046
SARS-CoV-2,S,2242,0.5,139368,0.007316674735854337,0.009803307471493272
SARS-CoV-2,S,2242,0.25,69684,0.00968241315825289,0.01235486560986959
SARS-CoV-2,S,2242,0.1,27875,0.014097452835224358,0.017654139090498053
SARS-CoV-2,S,2251,0.5,139369,0.007704965416076142,0.009686664470488437
SARS-CoV-2,S,2251,0.25,69684,0.010656011319355847,0.012702466642431942
SARS-CoV-2,S,2251,0.1,27875,0.01598884883338001,0.01949569284205851
SARS-CoV-2,S,2260,0.5,139369,0.007433626011022011,0.009384742034432611
SARS-CoV-2,S,2260,0.25,69685,0.01015338064785608,0.011970527305214628
SARS-CoV-2,S,2260,0.1,27875,0.014633560935602013,0.018775649967708648
SARS-CoV-2,S,2269,0.5,139369,0.006797211549609937,0.00895204929408324
SARS-CoV-2,S,2269,0.25,69685,0.009002004989454561,0.011141721614320811
SARS-CoV-2,S,2269,0.1,27875,0.012789324980929067,0.01665506802805835
SARS-CoV-2,S,2278,0.5,139369,0.007123785567547424,0.008488585612264822
SARS-CoV-2,S,2278,0.25,69685,0.00982184226806583,0.013536351365290359
SARS-CoV-2,S,2278,0.1,27875,0.01377864236804852,0.017133120969662245
SARS-CoV-2,S,2287,0.5,139369,0.010417320495494639,0.012083537846149135
SARS-CoV-2,S,2287,0.25,69685,0.014671301728250371,0.016652659896015498
SARS-CoV-2,S,2287,0.1,27875,0.022696766219450385,0.026530743281439464
SARS-CoV-2,S,2296,0.5,139370,0.0069124828424115626,0.008635634349241745
SARS-CoV-2,S,2296,0.25,69685,0.009125557103274166,0.011881589912562966
SARS-CoV-2,S,2296,0.1,27875,0.012883695319460573,0.01749303113573463
SARS-CoV-2,S,2305,0.5,139370,0.007680337486281163,0.00904724218314942
SARS-CoV-2,S,2305,0.25,69685,0.01032903804819821,0.013111695475008539
SARS-CoV-2,S,2305,0.1,27875,0.015582829895155973,0.01825419870690896
SARS-CoV-2,S,2314,0.5,139368,0.0069514211507360115,0.00819545642112208
SARS-CoV-2,S,2314,0.25,69684,0.009194532510028164,0.01082426901065287
SARS-CoV-2,S,2314,0.1,27875,0.013065338406461168,0.019539720536613403
SARS-CoV-2,S,2323,0.5,139370,0.007143778511799424,0.009099427547357734
SARS-CoV-2,S,2323,0.25,69685,0.009477957819615317,0.011677040689441913
SARS-CoV-2,S,2323,0.1,27875,0.013645237103076233,0.016317472794982517
SARS-CoV-2,S,2332,0.5,139370,0.007664990931342873,0.008880186584624226
SARS-CoV-2,S,2332,0.25,69685,0.010728261681566938,0.01386520832693138
SARS-CoV-2,S,2332,0.1,27875,0.01645236824471238,0.019980083258892126
SARS-CoV-2,S,2341,0.5,139369,0.007373613904288404,0.008439186471812828
SARS-CoV-2,S,2341,0.25,69684,0.010014758687619186,0.012978188903669375
SARS-CoV-2,S,2341,0.1,27875,0.014757256968966681,0.019487341860233078
SARS-CoV-2,S,2350,0.5,139369,0.007198448493906512,0.008804318288529723
SARS-CoV-2,S,2350,0.25,69685,0.009566990637138442,0.012399732547792247
SARS-CoV-2,S,2350,0.1,27875,0.013907821110119874,0.016688227536757
SARS-CoV-2,S,2359,0.5,139370,0.00767800484637716,0.010387093342069732
SARS-CoV-2,S,2359,0.25,69685,0.010483536751385912,0.012249902720092543
SARS-CoV-2,S,2359,0.1,27875,0.01608237739548152,0.02036778434095087
SARS-CoV-2,S,2368,0.5,139369,0.007441740216171449,0.00887946620377921
SARS-CoV-2,S,2368,0.25,69685,0.010391151663135123,0.012680302807086137
SARS-CoV-2,S,2368,0.1,27875,0.015464827129662469,0.01831458499185022
SARS-CoV-2,S,2377,0.5,139369,0.007245934222713118,0.009661664470799107
SARS-CoV-2,S,2377,0.25,69685,0.009675973352466593,0.011918690574358577
SARS-CoV-2,S,2377,0.1,27875,0.014002907991699448,0.0197971679947631
SARS-CoV-2,S,2386,0.5,139369,0.010111662591336171,0.012281178286303708
SARS-CoV-2,S,2386,0.25,69684,0.014362785739052067,0.016716663124120804
SARS-CoV-2,S,2386,0.1,27875,0.021993481228727442,0.024857746953267357
SARS-CoV-2,S,2395,0.5,139369,0.0070482274668955906,0.008995930077440279
SARS-CoV-2,S,2395,0.25,69684,0.009460548429219942,0.011874792032235732
SARS-CoV-2,S,2395,0.1,27875,0.013528710377692084,0.016647934669844423
SARS-CoV-2,S,2404,0.5,139369,0.006871257381922642,0.008610730567113178
SARS-CoV-2,S,2404,0.25,69684,0.009020783385967237,0.011439567629093985
SARS-CoV-2,S,2404,0.1,27875,0.01278165707079888,0.016631925425871906
SARS-CoV-2,S,2413,0.5,139369,0.007353268926255789,0.008762409628937595
SARS-CoV-2,S,2413,0.25,69684,0.009855663785100891,0.012206622538614533
SARS-CoV-2,S,2413,0.1,27875,0.013928805348147468,0.020519326782173417
SARS-CoV-2,S,2422,0.5,139369,0.00774520562182457,0.00917334712670915
SARS-CoV-2,S,2422,0.25,69685,0.010513725332762706,0.011842805984791245
SARS-CoV-2,S,2422,0.1,27875,0.016133292908827247,0.020444006798007622
SARS-CoV-2,S,2431,0.5,139369,0.007603488949737842,0.00976703824064411
SARS-CoV-2,S,2431,0.25,69684,0.010707285544822085,0.012319210936449776
SARS-CoV-2,S,2431,0.1,27875,0.016377313005099915,0.02008501943196966
SARS-CoV-2,S,2440,0.5,139368,0.0074887007355052704,0.008742921007908456
SARS-CoV-2,S,2440,0.25,69684,0.010276560672837748,0.013038348878270488
SARS-CoV-2,S,2440,0.1,27875,0.01522481570831775,0.01914159518471352
SARS-CoV-2,S,2449,0.5,139368,0.007483091859156114,0.009051816856372996
SARS-CoV-2,S,2449,0.25,69684,0.010347710521472675,0.012343990194007138
SARS-CoV-2,S,2449,0.1,27875,0.01518530395116731,0.018638685814099748
SARS-CoV-2,S,2458,0.5,139368,0.007852034206412983,0.010269799552540171
SARS-CoV-2,S,2458,0.25,69684,0.010898309935248455,0.014455097358801806
SARS-CoV-2,S,2458,0.1,27875,0.01681059313014424,0.022145449333944467
SARS-CoV-2,S,2467,0.5,139368,0.007751129760171756,0.009244478599780686
SARS-CoV-2,S,2467,0.25,69684,0.01043319729152802,0.013571555603115914
SARS-CoV-2,S,2467,0.1,27875,0.015738611072906986,0.019837716261234126
SARS-CoV-2,S,2476,0.5,139368,0.007242142560400088,0.009237211818079
SARS-CoV-2,S,2476,0.25,69684,0.009848285641999726,0.011853406446148292
SARS-CoV-2,S,2476,0.1,27875,0.014580972248451061,0.01839073547998516
SARS-CoV-2,S,2485,0.5,139369,0.007481995921036625,0.00902711366482065
SARS-CoV-2,S,2485,0.25,69685,0.010481957656643124,0.013106055397445247
SARS-CoV-2,S,2485,0.1,27875,0.015867522649767256,0.02025586668716271
SARS-CoV-2,S,2494,0.5,139369,0.007336752727453227,0.009014153950188893
SARS-CoV-2,S,2494,0.25,69684,0.0100605992098189,0.012270080033541094
SARS-CoV-2,S,2494,0.1,27875,0.01466974047203007,0.017516722674572525
SARS-CoV-2,S,2503,0.5,139368,0.007441792149182632,0.00943894869615745
SARS-CoV-2,S,2503,0.25,69684,0.010160780383591193,0.01215559372146814
SARS-CoV-2,S,2503,0.1,27875,0.014950236986330702,0.01834597597075222
SARS-CoV-2,S,2512,0.5,139369,0.0075714326635659395,0.009008462246887365
SARS-CoV-2,S,2512,0.25,69685,0.0105075620147651,0.013274939178361771
SARS-CoV-2,S,2512,0.1,27875,0.01569454991563795,0.018789914845316346
SARS-CoV-2,S,2521,0.5,139370,0.007297094780272918,0.00945353277913066
SARS-CoV-2,S,2521,0.25,69685,0.010105950718809402,0.01215127871828706
SARS-CoV-2,S,2521,0.1,27875,0.01453271244487596,0.017680680361623194
SARS-CoV-2,S,2530,0.5,139369,0.007747910991424649,0.010055175695190445
SARS-CoV-2,S,2530,0.25,69685,0.010663776233671127,0.012945990684010828
SARS-CoV-2,S,2530,0.1,27875,0.016664598786694722,0.02083572722149106
SARS-CoV-2,S,2539,0.5,139370,0.007714074199751449,0.00957632348155793
SARS-CoV-2,S,2539,0.25,69685,0.010647881074781802,0.012998352188890637
SARS-CoV-2,S,2539,0.1,27875,0.015958375630360937,0.019084749878249877
SARS-CoV-2,S,2548,0.5,139369,0.007173530553878334,0.00905908778084089
SARS-CoV-2,S,2548,0.25,69685,0.009488202751109176,0.011633079801797633
SARS-CoV-2,S,2548,0.1,27875,0.013937472018637043,0.016383458296477228
SARS-CoV-2,S,2557,0.5,139369,0.007605398874348218,0.00906726102003519
SARS-CoV-2,S,2557,0.25,69685,0.01030992577282339,0.013367313860996726
SARS-CoV-2,S,2557,0.1,27875,0.015135976817114562,0.018976582688313582
SARS-CoV-2,S,2566,0.5,139369,0.010436835058547101,0.01174749574775081
SARS-CoV-2,S,2566,0.25,69685,0.0146288021085683,0.01680663687844985
SARS-CoV-2,S,2566,0.1,27875,0.022764493463646892,0.02565444579024516
SARS-CoV-2,S,2575,0.5,139369,0.00996054320181447,0.012575098707385485
SARS-CoV-2,S,2575,0.25,69684,0.013771697669082969,0.016159405791295038
SARS-CoV-2,S,2575,0.1,27875,0.02072107627423271,0.024962011794233255
SARS-CoV-2,S,2584,0.5,139369,0.006683623607308073,0.008837476361707853
SARS-CoV-2,S,2584,0.25,69685,0.008948020738670837,0.01262035591709126
SARS-CoV-2,S,2584,0.1,27875,0.01209834803614767,0.015603142620034809
SARS-CoV-2,S,2593,0.5,139369,0.00792168024771774,0.010159312236561713
SARS-CoV-2,S,2593,0.25,69684,0.011070121783157248,0.012787176482545988
SARS-CoV-2,S,2593,0.1,27875,0.017021889590868457,0.019919287826102007
SARS-CoV-2,S,2602,0.5,139368,0.0075734050798327785,0.009378035521303636
SARS-CoV-2,S,2602,0.25,69684,0.010417767694280086,0.013662585700670176
SARS-CoV-2,S,2602,0.1,27875,0.015800732916496942,0.019103652061089223
SARS-CoV-2,S,2611,0.5,139368,0.007611763174357293,0.009697391913654733
SARS-CoV-2,S,2611,0.25,69684,0.010316025656398338,0.012057853118342156
SARS-CoV-2,S,2611,0.1,27875,0.015769038199500082,0.019548127790945537
SARS-CoV-2,S,2620,0.5,139370,0.00730505846424876,0.008349460083948308
SARS-CoV-2,S,2620,0.25,69685,0.009680302678923286,0.011957073055788952
SARS-CoV-2,S,2620,0.1,27875,0.013587148335777408,0.016940064621370553
SARS-CoV-2,S,2629,0.5,139369,0.007728815064949451,0.00959485990418805
SARS-CoV-2,S,2629,0.25,69685,0.01064563926532999,0.012949910233741532
SARS-CoV-2,S,2629,0.1,27875,0.016141762483810725,0.020128644625616112
SARS-CoV-2,S,2638,0.5,139369,0.0075937937728176,0.009986488000868179
SARS-CoV-2,S,2638,0.25,69684,0.010337911953028857,0.013471755314586284
SARS-CoV-2,S,2638,0.1,27875,0.015316762760328041,0.017994089858178488
SARS-CoV-2,S,2647,0.5,139370,0.007522336920771261,0.010258556202215536
SARS-CoV-2,S,2647,0.25,69685,0.01042290837040909,0.01265795352721903
SARS-CoV-2,S,2647,0.1,27875,0.015415783253989243,0.019128508476945635
SARS-CoV-2,S,2656,0.5,139370,0.009902830770878245,0.01162767177744591
SARS-CoV-2,S,2656,0.25,69685,0.013420772528076533,0.015367775321552191
SARS-CoV-2,S,2656,0.1,27875,0.019536232636915955,0.02169599196499181
SARS-CoV-2,S,2665,0.5,139369,0.006939391263350962,0.008500247581100545
SARS-CoV-2,S,2665,0.25,69684,0.009104081545656775,0.011616397438209768
SARS-CoV-2,S,2665,0.1,27875,0.013036635482494537,0.01590889710609823
SARS-CoV-2,S,2674,0.5,139369,0.007623381522905706,0.009105604402698302
SARS-CoV-2,S,2674,0.25,69685,0.010439265143487496,0.012577455099306847
SARS-CoV-2,S,2674,0.1,27875,0.015223250913054034,0.01893703200170933
SARS-CoV-2,S,2683,0.5,139369,0.006789508727980073,0.008287715561859536
SARS-CoV-2,S,2683,0.25,69684,0.008667714669534365,0.01154052696675746
SARS-CoV-2,S,2683,0.1,27875,0.01174283324459525,0.015459559959678336
SARS-CoV-2,S,2692,0.5,139368,0.0072161456958822106,0.009683082813067612
SARS-CoV-2,S,2692,0.25,69684,0.00924866001364582,0.011571418193547709
SARS-CoV-2,S,2692,0.1,27875,0.013210669473146643,0.016972521506670765
SARS-CoV-2,S,2701,0.5,139369,0.00725836711699529,0.009005477851348273
SARS-CoV-2,S,2701,0.25,69684,0.00949985514377198,0.011238525787779565
SARS-CoV-2,S,2701,0.1,27875,0.013769972427403058,0.017292477987026957
SARS-CoV-2,S,2710,0.5,139369,0.00752934333365691,0.009012164157476577
SARS-CoV-2,S,2710,0.25,69685,0.010362492056525695,0.013390000123899253
SARS-CoV-2,S,2710,0.1,27875,0.015103450509412565,0.01859927335070567
SARS-CoV-2,S,2719,0.5,139369,0.007441199350089639,0.009227333517293245
SARS-CoV-2,S,2719,0.25,69685,0.010238975184338651,0.012986951632227843
SARS-CoV-2,S,2719,0.1,27875,0.015183650994901179,0.018135160892148658
SARS-CoV-2,S,2728,0.5,139369,0.007295808166370989,0.008834110714727558
SARS-CoV-2,S,2728,0.25,69684,0.009609579625061529,0.013440601781624184
SARS-CoV-2,S,2728,0.1,27875,0.013896089293676936,0.01955762816859644
SARS-CoV-2,S,2737,0.5,139370,0.006892935485528536,0.008390037353349243
SARS-CoV-2,S,2737,0.25,69685,0.00916999586729647,0.011744425236487638
SARS-CoV-2,S,2737,0.1,27875,0.013105012206296894,0.016226335799168656
SARS-CoV-2,S,2746,0.5,139368,0.007039694412457818,0.00867458141596476
SARS-CoV-2,S,2746,0.25,69684,0.009183921556156889,0.011036953204194391
SARS-CoV-2,S,2746,0.1,27875,0.013190536694572838,0.017080900968897663
SARS-CoV-2,S,2755,0.5,139369,0.007239969530198362,0.008711191620846761
SARS-CoV-2,S,2755,0.25,69684,0.009939770980261338,0.011525884812008605
SARS-CoV-2,S,2755,0.1,27875,0.014655133197746768,0.01760432129223709
SARS-CoV-2,S,2764,0.5,139369,0.007501536862171402,0.009132815191855395
SARS-CoV-2,S,2764,0.25,69685,0.010401676005573726,0.012654648830831741
SARS-CoV-2,S,2764,0.1,27875,0.015431318492505064,0.019865178310202986
SARS-CoV-2,S,2773,0.5,139370,0.007630082878204164,0.009234673810140308
SARS-CoV-2,S,2773,0.25,69685,0.01062576566964984,0.013604517491783453
SARS-CoV-2,S,2773,0.1,27875,0.015687700515992727,0.020406016642123426
SARS-CoV-2,S,2782,0.5,139370,0.010032384432914664,0.011491083937694409
SARS-CoV-2,S,2782,0.25,69685,0.014282638860102172,0.01712521855048989
SARS-CoV-2,S,2782,0.1,27875,0.021593468087719024,0.02597434031379804
SARS-CoV-2,S,2791,0.5,139370,0.0074416942365033364,0.009315240765304995
SARS-CoV-2,S,2791,0.25,69685,0.010146069646580727,0.012498319008612245
SARS-CoV-2,S,2791,0.1,27875,0.014938313805011483,0.017866271159231572
SARS-CoV-2,S,2800,0.5,139369,0.007698780733572613,0.009058039646115188
SARS-CoV-2,S,2800,0.25,69685,0.010611729427857352,0.013443904239569733
SARS-CoV-2,S,2800,0.1,27875,0.01662194715428179,0.019671986824211368
SARS-CoV-2,S,2809,0.5,139369,0.010394313115395118,0.012327078343478142
SARS-CoV-2,S,2809,0.25,69685,0.014554611766243189,0.016838274281576606
SARS-CoV-2,S,2809,0.1,27875,0.02288377115551527,0.027396219040614636
SARS-CoV-2,S,2818,0.5,139369,0.007832846107320032,0.009353740967033432
SARS-CoV-2,S,2818,0.25,69684,0.010741734840490036,0.012924866631227315
SARS-CoV-2,S,2818,0.1,27875,0.016530120993953505,0.02037430434729513
SARS-CoV-2,S,2827,0.5,139369,0.0073269839608717455,0.008707508486577469
SARS-CoV-2,S,2827,0.25,69685,0.010196356696263634,0.01427120733826544
SARS-CoV-2,S,2827,0.1,27875,0.014701036116733393,0.019295797559737503
SARS-CoV-2,S,2836,0.5,139369,0.007537935537985077,0.00946893614045676
SARS-CoV-2,S,2836,0.25,69685,0.010492393762053557,0.012485517394877991
SARS-CoV-2,S,2836,0.1,27875,0.014995638734983578,0.01831654636228305
SARS-CoV-2,S,2845,0.5,139369,0.010479911159546381,0.012400070121821836
SARS-CoV-2,S,2845,0.25,69684,0.014755106756656504,0.01746791223789376
SARS-CoV-2,S,2845,0.1,27875,0.022597744717427534,0.025350347140698337
SARS-CoV-2,S,2854,0.5,139370,0.010258177640386416,0.012154562416430049
SARS-CoV-2,S,2854,0.25,69685,0.014452154489453611,0.016576908472021392
SARS-CoV-2,S,2854,0.1,27875,0.02222430431349029,0.025320682997842396
SARS-CoV-2,S,2863,0.5,139370,0.010077845857043497,0.012671907420008007
SARS-CoV-2,S,2863,0.25,69685,0.0141255028972868,0.01628575935523053
SARS-CoV-2,S,2863,0.1,27875,0.02153409030332966,0.025745130219436384
SARS-CoV-2,S,2872,0.5,139369,0.0077652512725094,0.00922229169401669
SARS-CoV-2,S,2872,0.25,69684,0.010590543470444719,0.012182510037706679
SARS-CoV-2,S,2872,0.1,27875,0.016172072654691637,0.019013212572212473
SARS-CoV-2,S,2881,0.5,139369,0.007500464895459899,0.009320545279842532
SARS-CoV-2,S,2881,0.25,69685,0.010729684497184899,0.013450550687259132
SARS-CoV-2,S,2881,0.1,27875,0.015935991116414732,0.018783781041837175
SARS-CoV-2,S,2890,0.5,139369,0.006939016325558298,0.008730617078607677
SARS-CoV-2,S,2890,0.25,69685,0.009428289117683933,0.012013709265337956
SARS-CoV-2,S,2890,0.1,27875,0.013525226698696236,0.01728411182619496
SARS-CoV-2,S,2899,0.5,139368,0.010108394813010584,0.01191708709164007
SARS-CoV-2,S,2899,0.25,69684,0.014091503761845424,0.01663627239708131
SARS-CoV-2,S,2899,0.1,27875,0.021315258135094467,0.024771038849399216
SARS-CoV-2,S,2908,0.5,139369,0.007036755975792941,0.008988633142811453
SARS-CoV-2,S,2908,0.25,69685,0.009166833761262202,0.01179630771350606
SARS-CoV-2,S,2908,0.1,27875,0.012984536645559031,0.016865094689427797
SARS-CoV-2,S,2917,0.5,139370,0.006412474004411021,0.008157522403061836
SARS-CoV-2,S,2917,0.25,69685,0.00852967046478724,0.010927854610291528
SARS-CoV-2,S,2917,0.1,27875,0.011155981389218025,0.014326274457122559
SARS-CoV-2,S,2926,0.5,139368,0.007597574750906835,0.00876777933304954
SARS-CoV-2,S,2926,0.25,69684,0.010486098490048978,0.012729609531895251
SARS-CoV-2,S,2926,0.1,27875,0.015406363920055437,0.020283275158908376
SARS-CoV-2,S,2935,0.5,139370,0.01028007886298215,0.012383801121959654
SARS-CoV-2,S,2935,0.25,69685,0.014336460383817846,0.017137434690664016
SARS-CoV-2,S,2935,0.1,27875,0.022045447930387818,0.025930871688872908
SARS-CoV-2,S,2944,0.5,139369,0.01000346641397017,0.011286733741224145
SARS-CoV-2,S,2944,0.25,69684,0.013915531285900135,0.016125115621153437
SARS-CoV-2,S,2944,0.1,27875,0.021140615082365775,0.02433482506076846
SARS-CoV-2,S,2953,0.5,139369,0.007512335318244722,0.00987158192937556
SARS-CoV-2,S,2953,0.25,69684,0.010105125077301888,0.012597009292151053
SARS-CoV-2,S,2953,0.1,27875,0.014986305810888115,0.018803308938842644
SARS-CoV-2,S,2962,0.5,139370,0.007504337251540299,0.00947241191720394
SARS-CoV-2,S,2962,0.25,69685,0.010249474975389332,0.01169256438838334
SARS-CoV-2,S,2962,0.1,27875,0.014917854943227822,0.01862228982033168
SARS-CoV-2,S,2971,0.5,139370,0.007043366244814232,0.008578756154352241
SARS-CoV-2,S,2971,0.25,69685,0.009395983299085326,0.011963050151525288
SARS-CoV-2,S,2971,0.1,27875,0.013597016147162164,0.01774885698393719
SARS-CoV-2,S,2980,0.5,139368,0.007074204559779246,0.00918715468688138
SARS-CoV-2,S,2980,0.25,69684,0.009564792001943396,0.012022037339359318
SARS-CoV-2,S,2980,0.1,27875,0.013858146407400006,0.01732522315635992
SARS-CoV-2,S,2989,0.5,139370,0.00710618729067792,0.009023111730799227
SARS-CoV-2,S,2989,0.25,69685,0.009417354901286727,0.011437274935387529
SARS-CoV-2,S,2989,0.1,27875,0.01353323580536643,0.01772099268767894
SARS-CoV-2,S,2998,0.5,139369,0.006645247690767588,0.007474654500092464
SARS-CoV-2,S,2998,0.25,69684,0.008381014767429485,0.011392178097147885
SARS-CoV-2,S,2998,0.1,27875,0.01151672323442634,0.015588872204917484
SARS-CoV-2,S,3007,0.5,139369,0.006988857320661124,0.008945348892475674
SARS-CoV-2,S,3007,0.25,69685,0.00920140850357896,0.013522116843779705
SARS-CoV-2,S,3007,0.1,27875,0.013172423004481227,0.017373805343645556
SARS-CoV-2,S,3016,0.5,139370,0.007350498459879945,0.009016108872438571
SARS-CoV-2,S,3016,0.25,69685,0.010188698992652581,0.012729807473736605
SARS-CoV-2,S,3016,0.1,27875,0.01515218978337085,0.01818892671929937
SARS-CoV-2,S,3025,0.5,139369,0.007075874345514941,0.008700197187098555
SARS-CoV-2,S,3025,0.25,69684,0.009371284463020524,0.012012968274845227
SARS-CoV-2,S,3025,0.1,27875,0.013331535388095951,0.015892275272209343
SARS-CoV-2,S,3034,0.5,139369,0.006822415790511688,0.00838399531058582
SARS-CoV-2,S,3034,0.25,69684,0.008651523281106235,0.012503496985148774
SARS-CoV-2,S,3034,0.1,27875,0.012270394919359886,0.016675794766988168
SARS-CoV-2,S,3043,0.5,139369,0.0072126012969727605,0.008889238093746133
SARS-CoV-2,S,3043,0.25,69684,0.009695904596170313,0.012796333670319337
SARS-CoV-2,S,3043,0.1,27875,0.01407786438535976,0.017126183643527942
SARS-CoV-2,S,3052,0.5,139370,0.007729250997347702,0.009197527572948597
SARS-CoV-2,S,3052,0.25,69685,0.01059713819426568,0.01370353047735833
SARS-CoV-2,S,3052,0.1,27875,0.016173632784475714,0.020486667924561983
SARS-CoV-2,S,3061,0.5,139369,0.007142310699525495,0.008269073669915647
SARS-CoV-2,S,3061,0.25,69684,0.009640607982998069,0.012302406410112399
SARS-CoV-2,S,3061,0.1,27875,0.013958055569989471,0.017696849842887382
SARS-CoV-2,S,3070,0.5,139369,0.007652876745016908,0.009696083862499564
SARS-CoV-2,S,3070,0.25,69685,0.010377110306170702,0.011857482780826198
SARS-CoV-2,S,3070,0.1,27875,0.01598701018510516,0.020645837333306535
SARS-CoV-2,S,3079,0.5,139368,0.009678353348510116,0.011399575744142278
SARS-CoV-2,S,3079,0.25,69684,0.013298230768545206,0.015906965350959805
SARS-CoV-2,S,3079,0.1,27875,0.020050688315864835,0.023115991303128268
SARS-CoV-2,S,3088,0.5,139368,0.006936382355620283,0.008286718283717739
SARS-CoV-2,S,3088,0.25,69684,0.009268778569381655,0.012010512485882521
SARS-CoV-2,S,3088,0.1,27875,0.012959525952007514,0.017567077337506884
SARS-CoV-2,S,3097,0.5,139369,0.006624430921210673,0.007812770392535851
SARS-CoV-2,S,3097,0.25,69684,0.0084959411884782,0.011775185380799365
SARS-CoV-2,S,3097,0.1,27875,0.01176738959711612,0.014561874152311735
SARS-CoV-2,S,3106,0.5,139369,0.006611860903681698,0.008982940055080057
SARS-CoV-2,S,3106,0.25,69684,0.008620054078428405,0.010741975183982233
SARS-CoV-2,S,3106,0.1,27875,0.011498742658997651,0.015159662746335591
SARS-CoV-2,S,3115,0.5,139368,0.007292086172277805,0.008719910850543347
SARS-CoV-2,S,3115,0.25,69684,0.009669364934104347,0.011540759134488987
SARS-CoV-2,S,3115,0.1,27875,0.013445486834495824,0.01690019359318746
SARS-CoV-2,S,3124,0.5,139369,0.006822278496043782,0.009092995099706982
SARS-CoV-2,S,3124,0.25,69684,0.008852167942733706,0.011020295607264016
SARS-CoV-2,S,3124,0.1,27875,0.012075788483386356,0.015804805552066786
SARS-CoV-2,S,3133,0.5,139369,0.007475662803409403,0.009784671760865088
SARS-CoV-2,S,3133,0.25,69684,0.010107088207511918,0.01208133466059055
SARS-CoV-2,S,3133,0.1,27875,0.014971674888211252,0.018157440023964026
SARS-CoV-2,S,3142,0.5,139369,0.007432631123331873,0.008729394710762981
SARS-CoV-2,S,3142,0.25,69685,0.009907718997177595,0.012050419089648998
SARS-CoV-2,S,3142,0.1,27875,0.014391499307324135,0.018068915032285655
SARS-CoV-2,S,3151,0.5,139369,0.007380688854170861,0.0086661292649008
SARS-CoV-2,S,3151,0.25,69684,0.01014924502895157,0.01237784513331366
SARS-CoV-2,S,3151,0.1,27875,0.014695245989456977,0.017766368906042024
SARS-CoV-2,S,3160,0.5,139369,0.007063954817072276,0.008469074935247987
SARS-CoV-2,S,3160,0.25,69684,0.009373561553381548,0.011587569317208255
SARS-CoV-2,S,3160,0.1,27875,0.013223697086121375,0.016055459880590695
SARS-CoV-2,S,3169,0.5,139369,0.006918609569675266,0.008310979893691011
SARS-CoV-2,S,3169,0.25,69684,0.009170235945500347,0.011902076482458163
SARS-CoV-2,S,3169,0.1,27875,0.013242550933677762,0.017080831510498475
SARS-CoV-2,S,3178,0.5,139368,0.010293376864512722,0.011715686238870069
SARS-CoV-2,S,3178,0.25,69684,0.0143100893189,0.01698571494062318
SARS-CoV-2,S,3178,0.1,27875,0.021778635986717785,0.026118108212123667
SARS-CoV-2,S,3187,0.5,139368,0.00751506363253363,0.00952475378548018
SARS-CoV-2,S,3187,0.25,69684,0.010538656332676583,0.012275191522346183
SARS-CoV-2,S,3187,0.1,27875,0.015116055911249128,0.01810712192474109
SARS-CoV-2,S,3196,0.5,139369,0.0075317154401550795,0.009339962023129504
SARS-CoV-2,S,3196,0.25,69685,0.010117678618835902,0.012204247551094683
SARS-CoV-2,S,3196,0.1,27875,0.014902297942914016,0.019284170013091777
SARS-CoV-2,S,3205,0.5,139368,0.009857128544240435,0.011491624791129374
SARS-CoV-2,S,3205,0.25,69684,0.01336719097808978,0.015948428168583394
SARS-CoV-2,S,3205,0.1,27875,0.019558351756742573,0.02355918802689345
SARS-CoV-2,S,3214,0.5,139368,0.00760386731526121,0.00950078689254245
SARS-CoV-2,S,3214,0.25,69684,0.010426522970341183,0.01245511817221467
SARS-CoV-2,S,3214,0.1,27875,0.01569490807883235,0.020206120622519804
SARS-CoV-2,S,3223,0.5,139369,0.0075961607889720095,0.009914746969599882
SARS-CoV-2,S,3223,0.25,69685,0.010591054912456705,0.012931303458462867
SARS-CoV-2,S,3223,0.1,27875,0.016122002124554096,0.01938487439996337
SARS-CoV-2,S,3232,0.5,139369,0.0075566244050677975,0.01068939478376234
SARS-CoV-2,S,3232,0.25,69684,0.010525873901607037,0.01338883735950868
SARS-CoV-2,S,3232,0.1,27875,0.016132685869596135,0.01989154371606867
SARS-CoV-2,S,3241,0.5,139369,0.007279330832970592,0.008896932702229077
SARS-CoV-2,S,3241,0.25,69685,0.009860790176793005,0.012490306823681671
SARS-CoV-2,S,3241,0.1,27875,0.014219792546498388,0.018078614297426788
SARS-CoV-2,S,3250,0.5,139368,0.007456830627162047,0.010195033589041034
SARS-CoV-2,S,3250,0.25,69684,0.010327250316501524,0.013358561975122958
SARS-CoV-2,S,3250,0.1,27875,0.015287015815700066,0.01923567323277376
SARS-CoV-2,S,3259,0.5,139369,0.007361004991853861,0.00865271001174845
SARS-CoV-2,S,3259,0.25,69685,0.009790653572876735,0.011714132775879174
SARS-CoV-2,S,3259,0.1,27875,0.01431695305166201,0.018163621310691654
SARS-CoV-2,S,3268,0.5,139369,0.0074338630745623005,0.009877415632736216
SARS-CoV-2,S,3268,0.25,69684,0.010105478380011523,0.012531338073688494
SARS-CoV-2,S,3268,0.1,27875,0.014477483563257258,0.01733213674855352
SARS-CoV-2,S,3277,0.5,139368,0.007419972675930783,0.008574004591060716
SARS-CoV-2,S,3277,0.25,69684,0.010233739493850825,0.013862270033766647
SARS-CoV-2,S,3277,0.1,27875,0.014723029165692717,0.01871280151390824
SARS-CoV-2,S,3286,0.5,139369,0.00703359820335666,0.00893696193781553
SARS-CoV-2,S,3286,0.25,69684,0.009338896164998204,0.011875792654619544
SARS-CoV-2,S,3286,0.1,27875,0.01356522164716302,0.01861472617018229
SARS-CoV-2,S,3295,0.5,139369,0.007640879822317719,0.009116958315413681
SARS-CoV-2,S,3295,0.25,69684,0.010649612003518187,0.012653029589625234
SARS-CoV-2,S,3295,0.1,27875,0.016183975602994987,0.018988049008660322
SARS-CoV-2,S,3304,0.5,139368,0.010106792017866606,0.012146045690820884
SARS-CoV-2,S,3304,0.25,69684,0.014010502742995883,0.015782963202551917
SARS-CoV-2,S,3304,0.1,27875,0.020877101301669407,0.025133285324118213
SARS-CoV-2,S,3313,0.5,139368,0.006721850022615457,0.008270553111996004
SARS-CoV-2,S,3313,0.25,69684,0.008649161213553152,0.011441893417819234
SARS-CoV-2,S,3313,0.1,27875,0.012368621093218214,0.01541604816727728
SARS-CoV-2,S,3322,0.5,139369,0.007582891257836377,0.00914782507154289
SARS-CoV-2,S,3322,0.25,69684,0.01082491944599605,0.013500265475003468
SARS-CoV-2,S,3322,0.1,27875,0.016369572465953046,0.019774855565243006
SARS-CoV-2,S,3331,0.5,139369,0.007762679784381858,0.010157190984620984
SARS-CoV-2,S,3331,0.25,69685,0.010794186504804935,0.01337608305700136
SARS-CoV-2,S,3331,0.1,27875,0.016195552928367052,0.020162664824972053
SARS-CoV-2,S,3340,0.5,139368,0.007794739637205939,0.009486835001454037
SARS-CoV-2,S,3340,0.25,69684,0.011045913321502787,0.0136387182935767
SARS-CoV-2,S,3340,0.1,27875,0.016671524432857375,0.019801683004798964
SARS-CoV-2,S,3349,0.5,139369,0.010313151811023625,0.011538571883533981
SARS-CoV-2,S,3349,0.25,69684,0.014599214594076931,0.016672094077988642
SARS-CoV-2,S,3349,0.1,27875,0.022857556822340964,0.026457300106050307
SARS-CoV-2,S,3358,0.5,139369,0.007574951969796117,0.008912222104877174
SARS-CoV-2,S,3358,0.25,69684,0.010367087737597083,0.012824423426626212
SARS-CoV-2,S,3358,0.1,27875,0.015542370466511845,0.020019001715112096
SARS-CoV-2,S,3367,0.5,139370,0.00755272913850775,0.0090453790565892
SARS-CoV-2,S,3367,0.25,69685,0.010155170299589403,0.013081693892008538
SARS-CoV-2,S,3367,0.1,27875,0.014544552730882235,0.019079449824477217
SARS-CoV-2,S,3376,0.5,139369,0.007318339465300469,0.009751100271861136
SARS-CoV-2,S,3376,0.25,69684,0.009644673635226208,0.011735220436261115
SARS-CoV-2,S,3376,0.1,27875,0.01427937612480098,0.018509345727668467
SARS-CoV-2,S,3385,0.5,139369,0.007254991588216191,0.008334013850122132
SARS-CoV-2,S,3385,0.25,69684,0.009752630246838052,0.012046362152169728
SARS-CoV-2,S,3385,0.1,27875,0.014024124123646472,0.019002768734294385
SARS-CoV-2,S,3394,0.5,139370,0.007554171050886705,0.009302267178835344
SARS-CoV-2,S,3394,0.25,69685,0.010565936831939385,0.012539403420937938
SARS-CoV-2,S,3394,0.1,27875,0.01618714157397393,0.019411771523732933
SARS-CoV-2,S,3403,0.5,139370,0.007170651633578072,0.00898300972407873
SARS-CoV-2,S,3403,0.25,69685,0.00964311146773585,0.01226626931517784
SARS-CoV-2,S,3403,0.1,27875,0.013986410062367862,0.017906796789153193
SARS-CoV-2,S,3412,0.5,139369,0.0075932280283761144,0.009458041462652046
SARS-CoV-2,S,3412,0.25,69684,0.010607461353638785,0.013628184857352534
SARS-CoV-2,S,3412,0.1,27875,0.015567330614676765,0.019766046102801364
SARS-CoV-2,S,3421,0.5,139370,0.010235028080970284,0.012110760345179584
SARS-CoV-2,S,3421,0.25,69685,0.014353276882916014,0.016254751825820264
SARS-CoV-2,S,3421,0.1,27875,0.022095167664985302,0.025491559152231124
SARS-CoV-2,S,3430,0.5,139369,0.010377873031546199,0.011509143954209529
SARS-CoV-2,S,3430,0.25,69684,0.014489231574625486,0.01711116410713843
SARS-CoV-2,S,3430,0.1,27875,0.02271561212904495,0.02660294036674692
SARS-CoV-2,S,3439,0.5,139370,0.010086576964853072,0.011391563705825135
SARS-CoV-2,S,3439,0.25,69685,0.014198588484983638,0.016888034910194468
SARS-CoV-2,S,3439,0.1,27875,0.021188921685703625,0.02679573034200822
SARS-CoV-2,S,3448,0.5,139370,0.007233811188537052,0.008996605068861954
SARS-CoV-2,S,3448,0.25,69685,0.009523537285713996,0.012173976677241478
SARS-CoV-2,S,3448,0.1,27875,0.013673436924077515,0.018658966472714287
SARS-CoV-2,S,3457,0.5,139369,0.007487513370353609,0.009302023353318055
SARS-CoV-2,S,3457,0.25,69685,0.010450305969649135,0.012409821900822795
SARS-CoV-2,S,3457,0.1,27875,0.015313333818867916,0.017824934247773216
SARS-CoV-2,S,3466,0.5,139368,0.006711456793289167,0.008345829179397104
SARS-CoV-2,S,3466,0.25,69684,0.009212275497304372,0.012878870842661856
SARS-CoV-2,S,3466,0.1,27875,0.012514815567447924,0.015798682910357645
SARS-CoV-2,S,3475,0.5,139368,0.007506123405917566,0.009055633306785504
SARS-CoV-2,S,3475,0.25,69684,0.009869184695556872,0.012579201423441566
SARS-CoV-2,S,3475,0.1,27875,0.014443732084313442,0.018352928411142215
SARS-CoV-2,S,3484,0.5,139368,0.007848439889399055,0.009862151090879182
SARS-CoV-2,S,3484,0.25,69684,0.010770270282525387,0.013256621161301385
SARS-CoV-2,S,3484,0.1,27875,0.016662092218092846,0.020555673654377084
SARS-CoV-2,S,3493,0.5,139368,0.007569971969769799,0.009126436107879147
SARS-CoV-2,S,3493,0.25,69684,0.010357010529017588,0.01230229505387521
SARS-CoV-2,S,3493,0.1,27875,0.015448164991288017,0.018732218031703603
SARS-CoV-2,S,3502,0.5,139369,0.007500105234179713,0.009247015799776583
SARS-CoV-2,S,3502,0.25,69684,0.01032045877798764,0.012669926236087089
SARS-CoV-2,S,3502,0.1,27875,0.015635166693539825,0.021066491365832222
SARS-CoV-2,S,3511,0.5,139368,0.007391592115070619,0.008843111012573058
SARS-CoV-2,S,3511,0.25,69684,0.009978392694518886,0.011678216283892255
SARS-CoV-2,S,3511,0.1,27875,0.014417075465753751,0.017993592943132783
SARS-CoV-2,S,3520,0.5,139369,0.010134929803471552,0.012386201497106012
SARS-CoV-2,S,3520,0.25,69684,0.014117834628664332,0.018373314575679953
SARS-CoV-2,S,3520,0.1,27875,0.021486974424489363,0.023518302076956238
SARS-CoV-2,S,3529,0.5,139368,0.007743772843339375,0.008977487474670599
SARS-CoV-2,S,3529,0.25,69684,0.010703211847258802,0.01287390945463626
SARS-CoV-2,S,3529,0.1,27875,0.016614189631429903,0.021742633148637506
SARS-CoV-2,S,3538,0.5,139370,0.0074613669292272625,0.00903804944035574
SARS-CoV-2,S,3538,0.25,69685,0.010271106207503046,0.013002757095444968
SARS-CoV-2,S,3538,0.1,27875,0.015122597533279856,0.02066047416164899
SARS-CoV-2,S,3547,0.5,139369,0.007435453030056107,0.00932162303011182
SARS-CoV-2,S,3547,0.25,69685,0.010441552611805219,0.013362152651597315
SARS-CoV-2,S,3547,0.1,27875,0.015128730627017459,0.01906197672532583
SARS-CoV-2,S,3556,0.5,139369,0.007312598966775567,0.009397895904215131
SARS-CoV-2,S,3556,0.25,69684,0.009955571633117256,0.01239407074089302
SARS-CoV-2,S,3556,0.1,27875,0.014318748060795963,0.017013086648522517
SARS-CoV-2,S,3565,0.5,139369,0.0076067054915277535,0.00938351850984971
SARS-CoV-2,S,3565,0.25,69684,0.010537822058603884,0.012726921533887143
SARS-CoV-2,S,3565,0.1,27875,0.017181075757405587,0.021999867797767664
SARS-CoV-2,S,3574,0.5,139368,0.007223132420431035,0.009466991250596985
SARS-CoV-2,S,3574,0.25,69684,0.010011137687493466,0.012440229841601917
SARS-CoV-2,S,3574,0.1,27875,0.014477467353204963,0.01781050896628877
SARS-CoV-2,S,3583,0.5,139368,0.007545649774581762,0.010180053338882665
SARS-CoV-2,S,3583,0.25,69684,0.010418791605802705,0.012348289957581146
SARS-CoV-2,S,3583,0.1,27875,0.014750344433138881,0.01979478268647116
SARS-CoV-2,S,3592,0.5,139369,0.007894081363754088,0.009498166815565139
SARS-CoV-2,S,3592,0.25,69685,0.01095761450159022,0.01377768267615142
SARS-CoV-2,S,3592,0.1,27875,0.016802827361429077,0.020717564361258812
SARS-CoV-2,S,3601,0.5,139369,0.007631966245153877,0.009584985948297677
SARS-CoV-2,S,3601,0.25,69684,0.01062694733097952,0.012857961884427711
SARS-CoV-2,S,3601,0.1,27875,0.01619334796045098,0.02081113775757814
SARS-CoV-2,S,3610,0.5,139369,0.007648147541033009,0.009897980559850335
SARS-CoV-2,S,3610,0.25,69684,0.010685291626568474,0.013009150153759865
SARS-CoV-2,S,3610,0.1,27875,0.015973139736487132,0.01926133520579836
SARS-CoV-2,S,3619,0.5,139368,0.007558270236219623,0.009482023759839872
SARS-CoV-2,S,3619,0.25,69684,0.010453062467824592,0.011935394582624272
SARS-CoV-2,S,3619,0.1,27875,0.015113567314330853,0.018400718920168594
SARS-CoV-2,S,3628,0.5,139370,0.006593530804184375,0.008337360068094013
SARS-CoV-2,S,3628,0.25,69685,0.008695835394216212,0.011358616798778016
SARS-CoV-2,S,3628,0.1,27875,0.01177667164356347,0.015046167247628283
SARS-CoV-2,S,3637,0.5,139369,0.00971982026549588,0.011057057345557132
SARS-CoV-2,S,3637,0.25,69685,0.013445129776305255,0.01575776007249162
SARS-CoV-2,S,3637,0.1,27875,0.02049447637631674,0.022735068087284184
SARS-CoV-2,S,3646,0.5,139370,0.007368688595433199,0.009589862352179747
SARS-CoV-2,S,3646,0.25,69685,0.010151270328703185,0.012707396680275693
SARS-CoV-2,S,3646,0.1,27875,0.014714962138248678,0.018440943289028726
SARS-CoV-2,S,3655,0.5,139369,0.00788553740240172,0.00917836340594609
SARS-CoV-2,S,3655,0.25,69684,0.011051433399182657,0.013245764605833075
SARS-CoV-2,S,3655,0.1,27875,0.016878150941558038,0.020878378831218188
SARS-CoV-2,S,3664,0.5,139368,0.0076158015253039784,0.009574847440222321
SARS-CoV-2,S,3664,0.25,69684,0.010511660533395417,0.012283184593561024
SARS-CoV-2,S,3664,0.1,27875,0.015925956278176206,0.01873028144693414
SARS-CoV-2,S,3673,0.5,139368,0.007363829818791866,0.009696826941437286
SARS-CoV-2,S,3673,0.25,69684,0.009969658468724924,0.012056572123170276
SARS-CoV-2,S,3673,0.1,27875,0.014580983726065498,0.019268934036012327
SARS-CoV-2,S,3682,0.5,139370,0.007716039740086225,0.009881495157997841
SARS-CoV-2,S,3682,0.25,69685,0.0108623266518235,0.012665791050802708
SARS-CoV-2,S,3682,0.1,27875,0.016906207012237794,0.02135636839873871
SARS-CoV-2,S,3691,0.5,139370,0.007481844759425196,0.009437375540836436
SARS-CoV-2,S,3691,0.25,69685,0.010168058124080085,0.013173941840394308
SARS-CoV-2,S,3691,0.1,27875,0.01491363888279175,0.019889076699851998
SARS-CoV-2,S,3700,0.5,139368,0.0075768686588330155,0.009312667243610767
SARS-CoV-2,S,3700,0.25,69684,0.010432192748806494,0.012854482430306855
SARS-CoV-2,S,3700,0.1,27875,0.015248473209633549,0.019038336199902164
SARS-CoV-2,S,3709,0.5,139370,0.0077347757633247334,0.009295893948368081
SARS-CoV-2,S,3709,0.25,69685,0.010799697162190564,0.012717819574764803
SARS-CoV-2,S,3709,0.1,27875,0.01641412959270195,0.01989622905328369
SARS-CoV-2,S,3718,0.5,139369,0.007398852719988787,0.009064257170697886
SARS-CoV-2,S,3718,0.25,69684,0.010152890931426415,0.01201988280095536
SARS-CoV-2,S,3718,0.1,27875,0.014603348401284565,0.01799178436813069
SARS-CoV-2,S,3727,0.5,139370,0.007653649165823106,0.009715197370297406
SARS-CoV-2,S,3727,0.25,69685,0.010557455328313,0.012664851302316375
SARS-CoV-2,S,3727,0.1,27875,0.015719669734009952,0.01944132380702144
SARS-CoV-2,S,3736,0.5,139369,0.00759778364662434,0.00920432393089967
SARS-CoV-2,S,3736,0.25,69684,0.010470570667938234,0.012656891412185
SARS-CoV-2,S,3736,0.1,27875,0.015880536506987557,0.018527965063779926
SARS-CoV-2,S,3745,0.5,139368,0.007559324991179104,0.009409329108633612
SARS-CoV-2,S,3745,0.25,69684,0.010703681718829197,0.01225676241600231
SARS-CoV-2,S,3745,0.1,27875,0.016072346982649283,0.01908283020146377
SARS-CoV-2,S,3754,0.5,139369,0.007765656170713901,0.009084671326191441
SARS-CoV-2,S,3754,0.25,69684,0.010873674550237168,0.013323029640863104
SARS-CoV-2,S,3754,0.1,27875,0.016683330274695603,0.020737503061004293
SARS-CoV-2,S,3763,0.5,139369,0.007315219753649226,0.009274273755177729
SARS-CoV-2,S,3763,0.25,69685,0.010392845502940156,0.01318828951540788
SARS-CoV-2,S,3763,0.1,27875,0.015096899979215577,0.018323531472038614
SARS-CoV-2,S,3772,0.5,139369,0.007727430529048278,0.009159770691873959
SARS-CoV-2,S,3772,0.25,69685,0.010933918899382595,0.01356057626422194
SARS-CoV-2,S,3772,0.1,27875,0.016637719934497374,0.02037673695328469
SARS-CoV-2,S,3781,0.5,139370,0.0076279174309686545,0.009414461665722861
SARS-CoV-2,S,3781,0.25,69685,0.010850971066752035,0.01412332885024541
SARS-CoV-2,S,3781,0.1,27875,0.01620199698915553,0.018795813180032216
SARS-CoV-2,S,3790,0.5,139368,0.007853056329810376,0.009179034831409878
SARS-CoV-2,S,3790,0.25,69684,0.010917058066184662,0.01298508129172783
SARS-CoV-2,S,3790,0.1,27875,0.017346673622627633,0.022886518168447532
SARS-CoV-2,S,3799,0.5,139370,0.007474878696258312,0.009132385309544796
SARS-CoV-2,S,3799,0.25,69685,0.010151412393431931,0.012247980820174805
SARS-CoV-2,S,3799,0.1,27875,0.014373965474976082,0.018405657106399527
SARS-CoV-2,S,3808,0.5,139370,0.007760150468000861,0.009421021140716548
SARS-CoV-2,S,3808,0.25,69685,0.010666612246138327,0.012788283398704034
SARS-CoV-2,S,3808,0.1,27875,0.016616472402201644,0.020756724562402427
SARS-CoV-2,M,1,0.5,139369,0.01407119669004214,0.016048919872995695
SARS-CoV-2,M,1,0.25,69685,0.01996915420515137,0.02188483972314572
SARS-CoV-2,M,1,0.1,27875,0.031590024422894304,0.03535066024443957
SARS-CoV-2,M,10,0.5,139368,0.0076087201646839065,0.009283711448069321
SARS-CoV-2,M,10,0.25,69684,0.010563760541467473,0.012530778035948197
SARS-CoV-2,M,10,0.1,27875,0.015891078750229437,0.019250311307598352
SARS-CoV-2,M,19,0.5,139368,0.00747690418018324,0.009281017808436806
SARS-CoV-2,M,19,0.25,69684,0.010172731318677597,0.011947363719483186
SARS-CoV-2,M,19,0.1,27875,0.01475847795774273,0.018066664728378503
SARS-CoV-2,M,28,0.5,139369,0.007341712991702297,0.008974176241612947
SARS-CoV-2,M,28,0.25,69685,0.010139987830208396,0.012418569608839048
SARS-CoV-2,M,28,0.1,27875,0.014809198903338866,0.01890872012626938
SARS-CoV-2,M,37,0.5,139370,0.007410007683010914,0.008969298961078752
SARS-CoV-2,M,37,0.25,69685,0.00978254423437651,0.012339384002808552
SARS-CoV-2,M,37,0.1,27875,0.014092345007227974,0.018768242020361727
SARS-CoV-2,M,46,0.5,139369,0.007672220647271274,0.008979928774206036
SARS-CoV-2,M,46,0.25,69684,0.010768216620619157,0.013585859121070512
SARS-CoV-2,M,46,0.1,27875,0.01636419039912067,0.020445429528090024
SARS-CoV-2,M,55,0.5,139369,0.010388295106364402,0.011868085289395994
SARS-CoV-2,M,55,0.25,69684,0.014676425010241412,0.016664861690024985
SARS-CoV-2,M,55,0.1,27875,0.022877690183507198,0.025389814419077776
SARS-CoV-2,M,64,0.5,139369,0.007770019632259951,0.009239841683511253
SARS-CoV-2,M,64,0.25,69685,0.010778965104422293,0.014477130643350811
SARS-CoV-2,M,64,0.1,27875,0.016095765115385883,0.019734578717071707
SARS-CoV-2,M,73,0.5,139369,0.007648788926649469,0.008948487402052402
SARS-CoV-2,M,73,0.25,69684,0.010689335592428845,0.013233439502019035
SARS-CoV-2,M,73,0.1,27875,0.01614675129760807,0.02010239035977318
SARS-CoV-2,M,82,0.5,139370,0.010402082918499984,0.011444551933967642
SARS-CoV-2,M,82,0.25,69685,0.014643684317026822,0.01707615567006271
SARS-CoV-2,M,82,0.1,27875,0.023263195965772542,0.026118759889759525
SARS-CoV-2,M,91,0.5,139370,0.007754534361821342,0.009114406737020533
SARS-CoV-2,M,91,0.25,69685,0.010859807375298573,0.01369640032200015
SARS-CoV-2,M,91,0.1,27875,0.01629858615227346,0.020074543933863286
SARS-CoV-2,M,100,0.5,139370,0.007809441746103977,0.010776050653350501
SARS-CoV-2,M,100,0.25,69685,0.01079997987026039,0.013728219901308377
SARS-CoV-2,M,100,0.1,27875,0.01658500788588849,0.018677326694674617
SARS-CoV-2,M,109,0.5,139370,0.007392561321670725,0.00875425601634088
SARS-CoV-2,M,109,0.25,69685,0.009710359337250613,0.012285561557326248
SARS-CoV-2,M,109,0.1,27875,0.014230039350664773,0.019288898545869897
SARS-CoV-2,M,118,0.5,139369,0.00780207373699504,0.009585774757590112
SARS-CoV-2,M,118,0.25,69685,0.0107742063009056,0.014631219613869775
SARS-CoV-2,M,118,0.1,27875,0.016425654796720868,0.020543586127791884
SARS-CoV-2,M,127,0.5,139369,0.006858787115465244,0.00863696768338933
SARS-CoV-2,M,127,0.25,69684,0.008788325653840069,0.011427866465286181
SARS-CoV-2,M,127,0.1,27875,0.01237681268281977,0.015457905487123159
SARS-CoV-2,M,136,0.5,139368,0.007104825084437992,0.008581919690934336
SARS-CoV-2,M,136,0.25,69684,0.009489668160451587,0.011909302102909965
SARS-CoV-2,M,136,0.1,27875,0.013581959996232202,0.01658649147690553
SARS-CoV-2,M,145,0.5,139369,0.0066903354404121915,0.008100864416955494
SARS-CoV-2,M,145,0.25,69684,0.008498466425086849,0.011440053846513842
SARS-CoV-2,M,145,0.1,27875,0.0115802959333649,0.014477521009704935
SARS-CoV-2,M,154,0.5,139369,0.010079347806296048,0.014083914260473158
SARS-CoV-2,M,154,0.25,69685,0.01419606724786401,0.016308594493002156
SARS-CoV-2,M,154,0.1,27875,0.021895440270015328,0.025014183783018056
SARS-CoV-2,M,163,0.5,139370,0.007806312861615476,0.009663304750400864
SARS-CoV-2,M,163,0.25,69685,0.010787331890556678,0.013072698785413867
SARS-CoV-2,M,163,0.1,27875,0.016698208819241785,0.01906769965090817
SARS-CoV-2,M,172,0.5,139368,0.007786069566366949,0.01018163198536197
SARS-CoV-2,M,172,0.25,69684,0.010698150718014025,0.01341195626910429
SARS-CoV-2,M,172,0.1,27875,0.01661491952979173,0.019537806421973395
SARS-CoV-2,M,181,0.5,139369,0.009938248814260513,0.012667257131169058
SARS-CoV-2,M,181,0.25,69685,0.013790270464042312,0.016980844384170492
SARS-CoV-2,M,181,0.1,27875,0.021381821920754072,0.025516578752967665
SARS-CoV-2,M,190,0.5,139370,0.007370731958663398,0.009219622981408614
SARS-CoV-2,M,190,0.25,69685,0.00996554494978218,0.012753528516742399
SARS-CoV-2,M,190,0.1,27875,0.014936078515278688,0.017714181615469088
SARS-CoV-2,M,199,0.5,139369,0.007776497358341745,0.00908316877386653
SARS-CoV-2,M,199,0.25,69684,0.010638459612492905,0.012601416238337928
SARS-CoV-2,M,199,0.1,27875,0.01650451695375455,0.01963121185698997
SARS-CoV-2,M,208,0.5,139369,0.007765677080432515,0.009742275596548841
SARS-CoV-2,M,208,0.25,69685,0.01096215074296426,0.013236751945633916
SARS-CoV-2,M,208,0.1,27875,0.016940415588570266,0.02135113654616008
SARS-CoV-2,M,217,0.5,139369,0.0070544545209489115,0.009002342889381586
SARS-CoV-2,M,217,0.25,69684,0.00952690498398518,0.012178342389021884
SARS-CoV-2,M,217,0.1,27875,0.013722892276446364,0.01944894208165798
SARS-CoV-2,M,226,0.5,139368,0.00762496580404986,0.00924490371932609
SARS-CoV-2,M,226,0.25,69684,0.010641461386468409,0.013128128670306816
SARS-CoV-2,M,226,0.1,27875,0.016220037973158023,0.019723602409073067
SARS-CoV-2,M,235,0.5,139369,0.007700213724820106,0.009484025935389653
SARS-CoV-2,M,235,0.25,69685,0.010703913525904956,0.012753126051739694
SARS-CoV-2,M,235,0.1,27875,0.016459376622969858,0.019184713201330965
SARS-CoV-2,M,244,0.5,139370,0.012159737750221309,0.013440203675807411
SARS-CoV-2,M,244,0.25,69685,0.0167555573028691,0.019079475176150204
SARS-CoV-2,M,244,0.1,27875,0.02562012539034352,0.028950068216579496
SARS-CoV-2,M,253,0.5,139369,0.007596708427075859,0.009501388899154254
SARS-CoV-2,M,253,0.25,69685,0.01055299578201533,0.013498019090965502
SARS-CoV-2,M,253,0.1,27875,0.015750939748294092,0.020512517658851606
SARS-CoV-2,M,262,0.5,139368,0.007935787035074806,0.009583116638006149
SARS-CoV-2,M,262,0.25,69684,0.010796793128957559,0.013168067303228009
SARS-CoV-2,M,262,0.1,27875,0.017044219359630214,0.019269298302961955
SARS-CoV-2,M,271,0.5,139370,0.007789275251134367,0.01010772145399424
SARS-CoV-2,M,271,0.25,69685,0.010634080046599003,0.012417669329616039
SARS-CoV-2,M,271,0.1,27875,0.016213276340973123,0.019988328105516158
SARS-CoV-2,M,280,0.5,139368,0.00724653435507024,0.008511819006043031
SARS-CoV-2,M,280,0.25,69684,0.009598594390937215,0.011715188556850937
SARS-CoV-2,M,280,0.1,27875,0.013924044386921443,0.016760865299500147
SARS-CoV-2,M,289,0.5,139368,0.007280184475347702,0.008762293506105854
SARS-CoV-2,M,289,0.25,69684,0.009935029199231565,0.01213423382395611
SARS-CoV-2,M,289,0.1,27875,0.014296277364836933,0.018324862145417547
SARS-CoV-2,M,298,0.5,139369,0.007620823900691399,0.009086602732457663
SARS-CoV-2,M,298,0.25,69685,0.010686702403305525,0.012808550229118384
SARS-CoV-2,M,298,0.1,27875,0.016558183891390195,0.019757608706621858
SARS-CoV-2,M,307,0.5,139369,0.010221765609714788,0.01166936213741342
SARS-CoV-2,M,307,0.25,69685,0.014284575500586379,0.01615321218948672
SARS-CoV-2,M,307,0.1,27875,0.02187660065882388,0.023813413973241247
SARS-CoV-2,M,316,0.5,139368,0.0076642588864422895,0.009039292821641358
SARS-CoV-2,M,316,0.25,69684,0.010221406019453993,0.012521311419232779
SARS-CoV-2,M,316,0.1,27875,0.015817853889182654,0.019008774713280753
SARS-CoV-2,M,325,0.5,139370,0.007492822788984719,0.009083835662567631
SARS-CoV-2,M,325,0.25,69685,0.010261503643970632,0.012325107455149531
SARS-CoV-2,M,325,0.1,27875,0.015016718281391476,0.01855607079206769
SARS-CoV-2,M,334,0.5,139368,0.010286026460998072,0.012377801007644735
SARS-CoV-2,M,334,0.25,69684,0.014307491510586768,0.017499181138960436
SARS-CoV-2,M,334,0.1,27875,0.022136977678205983,0.02718386723884035
SARS-CoV-2,M,343,0.5,139369,0.0077158699619894015,0.009032677956592801
SARS-CoV-2,M,343,0.25,69684,0.01046842918168019,0.013256774704551756
SARS-CoV-2,M,343,0.1,27875,0.01637756875229862,0.019838083067183234
SARS-CoV-2,M,352,0.5,139370,0.007683696609955094,0.009561438269625588
SARS-CoV-2,M,352,0.25,69685,0.01088978137575894,0.01344395561673145
SARS-CoV-2,M,352,0.1,27875,0.016649227034013177,0.01899561823645776
SARS-CoV-2,M,361,0.5,139368,0.007669261186452825,0.00960410037702482
SARS-CoV-2,M,361,0.25,69684,0.010585168219137868,0.013066159589228821
SARS-CoV-2,M,361,0.1,27875,0.015910833668499765,0.019590537414661744
SARS-CoV-2,M,370,0.5,139370,0.010498503687882285,0.012570264854150626
SARS-CoV-2,M,370,0.25,69685,0.014386034257261213,0.01659819730241031
SARS-CoV-2,M,370,0.1,27875,0.022221635568248858,0.026376718377811432
SARS-CoV-2,M,379,0.5,139368,0.0076593446922802,0.009498996650037785
SARS-CoV-2,M,379,0.25,69684,0.01054920977953451,0.013004230666907165
SARS-CoV-2,M,379,0.1,27875,0.015864278701025306,0.020080203651213838
SARS-CoV-2,M,388,0.5,139368,0.007638232183695335,0.00928461487668141
SARS-CoV-2,M,388,0.25,69684,0.010671520815144522,0.013610427661043142
SARS-CoV-2,M,388,0.1,27875,0.016574869289301335,0.020374659349956085
SARS-CoV-2,M,397,0.5,139369,0.0077400317031912315,0.009280402794199186
SARS-CoV-2,M,397,0.25,69684,0.010617946309571554,0.013925953736795095
SARS-CoV-2,M,397,0.1,27875,0.016256991942215422,0.02037018771958765
SARS-CoV-2,M,406,0.5,139368,0.007650729242183015,0.009488402533611866
SARS-CoV-2,M,406,0.25,69684,0.010339086834400003,0.013026290691522715
SARS-CoV-2,M,406,0.1,27875,0.015594756758833843,0.019625304858182743
SARS-CoV-2,M,415,0.5,139370,0.007142522633512905,0.008397922162256304
SARS-CoV-2,M,415,0.25,69685,0.009479578486836065,0.011975728450312247
SARS-CoV-2,M,415,0.1,27875,0.013602304131638755,0.017157562676838014
SARS-CoV-2,M,424,0.5,139369,0.007656139167408621,0.008996207774226361
SARS-CoV-2,M,424,0.25,69685,0.01054852836503798,0.01239594708452939
SARS-CoV-2,M,424,0.1,27875,0.016145676564186053,0.02017887208488728
SARS-CoV-2,M,433,0.5,139370,0.007416741287857286,0.008956190933525388
SARS-CoV-2,M,433,0.25,69685,0.00989214804187416,0.011977321221780855
SARS-CoV-2,M,433,0.1,27875,0.014566054998115398,0.01716388180913369
SARS-CoV-2,M,442,0.5,139369,0.007913842953879743,0.00950101094463852
SARS-CoV-2,M,442,0.25,69685,0.010715080817146158,0.013717289739374704
SARS-CoV-2,M,442,0.1,27875,0.016440031099754306,0.02106676959504829
SARS-CoV-2,M,451,0.5,139369,0.007308737550426343,0.010421376304258548
SARS-CoV-2,M,451,0.25,69684,0.009915983539640245,0.011697189635211042
SARS-CoV-2,M,451,0.1,27875,0.014203976153881482,0.017360480452133033
SARS-CoV-2,M,460,0.5,139369,0.007671491183527353,0.009616326187931946
SARS-CoV-2,M,460,0.25,69685,0.010430677850554758,0.012587945238813986
SARS-CoV-2,M,460,0.1,27875,0.015494596308175922,0.01842952545999244
SARS-CoV-2,M,469,0.5,139368,0.007627112631995794,0.009139026028478539
SARS-CoV-2,M,469,0.25,69684,0.01048251930372326,0.012519245763387593
SARS-CoV-2,M,469,0.1,27875,0.015999631542906775,0.019876083646214997
SARS-CoV-2,M,478,0.5,139369,0.007696352218690388,0.009718635688987837
SARS-CoV-2,M,478,0.25,69684,0.010755490562608766,0.012978719450932779
SARS-CoV-2,M,478,0.1,27875,0.016237086989287233,0.020443927097013693
SARS-CoV-2,M,487,0.5,139369,0.007611287231714404,0.009165631681832872
SARS-CoV-2,M,487,0.25,69684,0.0107340312780696,0.01245320868556195
SARS-CoV-2,M,487,0.1,27875,0.01590571433953989,0.02109466278957645
SARS-CoV-2,M,496,0.5,139370,0.007409491893605721,0.008721124109773942
SARS-CoV-2,M,496,0.25,69685,0.010214027695489227,0.011837247569316377
SARS-CoV-2,M,496,0.1,27875,0.014990301573216808,0.019231139722143534
SARS-CoV-2,M,505,0.5,139369,0.006804925771965067,0.00819728379714678
SARS-CoV-2,M,505,0.25,69685,0.008852724086672533,0.010931778546748056
SARS-CoV-2,M,505,0.1,27875,0.012738039228384087,0.018608926382857188
SARS-CoV-2,M,514,0.5,139369,0.007685101874434115,0.009057508243033963
SARS-CoV-2,M,514,0.25,69684,0.010523296954336852,0.012560874372140523
SARS-CoV-2,M,514,0.1,27875,0.01636089119705779,0.019625535651829343
SARS-CoV-2,M,523,0.5,139369,0.007407542319170243,0.009585902174303298
SARS-CoV-2,M,523,0.25,69685,0.010254724244486318,0.012474357415332945
SARS-CoV-2,M,523,0.1,27875,0.015272532097241618,0.019068417098057903
SARS-CoV-2,M,532,0.5,139369,0.0076402054380674675,0.009063697582771311
SARS-CoV-2,M,532,0.25,69684,0.01045346922549508,0.012685292217309465
SARS-CoV-2,M,532,0.1,27875,0.01620587243845723,0.020606335732320787
SARS-CoV-2,M,541,0.5,139369,0.007117232111797842,0.009137917254476631
SARS-CoV-2,M,541,0.25,69684,0.00946588829027243,0.012571222670233308
SARS-CoV-2,M,541,0.1,27875,0.013707162518404209,0.018453092042765795
SARS-CoV-2,M,550,0.5,139370,0.00746875246127738,0.008809092664159126
SARS-CoV-2,M,550,0.25,69685,0.010348864433829607,0.012442335172015657
SARS-CoV-2,M,550,0.1,27875,0.015261516476585298,0.01896676401999694
SARS-CoV-2,M,559,0.5,139369,0.007245731023989969,0.009087760536398683
SARS-CoV-2,M,559,0.25,69685,0.009877433037514939,0.011941905268247989
SARS-CoV-2,M,559,0.1,27875,0.013902510449240502,0.01758744743948573
SARS-CoV-2,M,568,0.5,139369,0.007301403421882752,0.00921365526027438
SARS-CoV-2,M,568,0.25,69684,0.009959671215339132,0.012353393157215809
SARS-CoV-2,M,568,0.1,27875,0.01433662527059338,0.018730893000283175
SARS-CoV-2,M,577,0.5,139369,0.007276679681470029,0.010039238842745213
SARS-CoV-2,M,577,0.25,69684,0.009720347569140864,0.01216592896168049
SARS-CoV-2,M,577,0.1,27875,0.013870012369397238,0.018836926153446
SARS-CoV-2,M,586,0.5,139369,0.007662124794744777,0.009355657981748818
SARS-CoV-2,M,586,0.25,69684,0.010587354264242598,0.013063208813961369
SARS-CoV-2,M,586,0.1,27875,0.015979506495108254,0.019378224465223123
SARS-CoV-2,M,595,0.5,139369,0.007329756952285265,0.008869393064472562
SARS-CoV-2,M,595,0.25,69685,0.009932295226292107,0.01205514982839117
SARS-CoV-2,M,595,0.1,27875,0.014380774859687487,0.018053631580860985
SARS-CoV-2,M,604,0.5,139369,0.0077556237342607595,0.009022228271981732
SARS-CoV-2,M,604,0.25,69685,0.011004831577059407,0.012905843583937432
SARS-CoV-2,M,604,0.1,27875,0.016607926319989804,0.020302196683495324
SARS-CoV-2,M,613,0.5,139369,0.007730011190973345,0.009806369291464438
SARS-CoV-2,M,613,0.25,69684,0.01062319219728688,0.013233148967041862
SARS-CoV-2,M,613,0.1,27875,0.01625632651904262,0.020214527514848396
SARS-CoV-2,M,622,0.5,139369,0.007691974819946065,0.009337417424335165
SARS-CoV-2,M,622,0.25,69685,0.010713205761182648,0.01256294240240383
SARS-CoV-2,M,622,0.1,27875,0.01636703782932863,0.019785962712864064
SARS-CoV-2,M,631,0.5,139369,0.007112019278562276,0.008406766280163677
SARS-CoV-2,M,631,0.25,69684,0.009504308456918176,0.011983792529855992
SARS-CoV-2,M,631,0.1,27875,0.013527151125654046,0.017435357974112102
SARS-CoV-2,M,640,0.5,139370,0.007246209775205604,0.009182866612425516
SARS-CoV-2,M,640,0.25,69685,0.009730449758373217,0.012278280538044927
SARS-CoV-2,M,640,0.1,27875,0.01396282133066482,0.017404256729695675
SARS-CoV-2,M,649,0.5,139368,0.006441846903820065,0.007648578723719523
SARS-CoV-2,M,649,0.25,69684,0.008537001365144787,0.01153062364034206
SARS-CoV-2,M,649,0.1,27875,0.011691050038123698,0.016341539545802013
SARS-CoV-2,M,658,0.5,139370,0.006361034247545761,0.008684078129237245
SARS-CoV-2,M,658,0.25,69685,0.008216419584046343,0.011261450687471752
SARS-CoV-2,M,658,0.1,27875,0.010842581032726069,0.01634140586800159
SARS-CoV-2,N,1,0.5,139368,0.012369145611418062,0.014242580261713699
SARS-CoV-2,N,1,0.25,69685,0.01718825461493589,0.02117938791794129
SARS-CoV-2,N,1,0.1,27875,0.0263638301280331,0.029911143237435336
SARS-CoV-2,N,10,0.5,139369,0.010435959311963904,0.01192238793207325
SARS-CoV-2,N,10,0.25,69684,0.014554515111963796,0.01625645875952113
SARS-CoV-2,N,10,0.1,27875,0.022340927787855305,0.028017107731486933
SARS-CoV-2,N,19,0.5,139370,0.0077722348393324285,0.009566736570988804
SARS-CoV-2,N,19,0.25,69685,0.010954784119548255,0.013583615306584315
SARS-CoV-2,N,19,0.1,27875,0.016947791717007683,0.021382467888524336
SARS-CoV-2,N,28,0.5,139369,0.010282170551757775,0.011745599542025207
SARS-CoV-2,N,28,0.25,69684,0.014244992509518254,0.01696258397245913
SARS-CoV-2,N,28,0.1,27875,0.02188894018671544,0.02568440118968862
SARS-CoV-2,N,37,0.5,139368,0.012381168461085232,0.01347944425846744
SARS-CoV-2,N,37,0.25,69684,0.017704937733417133,0.019971557052218255
SARS-CoV-2,N,37,0.1,27875,0.02744698735747094,0.032076258253853504
SARS-CoV-2,N,46,0.5,139368,0.007648120703233087,0.009434984700890098
SARS-CoV-2,N,46,0.25,69684,0.010681385902946292,0.013211500221141896
SARS-CoV-2,N,46,0.1,27875,0.015990208865854803,0.019191249948538987
SARS-CoV-2,N,55,0.5,139368,0.0076856378941076355,0.009619022024323421
SARS-CoV-2,N,55,0.25,69684,0.01100328191595268,0.013271128589756471
SARS-CoV-2,N,55,0.1,27875,0.01697079476839581,0.021564458641772206
SARS-CoV-2,N,64,0.5,139368,0.007787669665222076,0.009708099396207334
SARS-CoV-2,N,64,0.25,69684,0.010774372119168556,0.01320069137902854
SARS-CoV-2,N,64,0.1,27875,0.01647884032319258,0.02032852433228249
SARS-CoV-2,N,73,0.5,139368,0.007693357243122489,0.009242373219289092
SARS-CoV-2,N,73,0.25,69684,0.010553173016449655,0.014212097810468187
SARS-CoV-2,N,73,0.1,27875,0.01583464980430825,0.019035935756291016
SARS-CoV-2,N,82,0.5,139370,0.010241754893910274,0.011991556046119569
SARS-CoV-2,N,82,0.25,69685,0.014334770763434097,0.017451532493829486
SARS-CoV-2,N,82,0.1,27875,0.022288515045240674,0.026460709926466004
SARS-CoV-2,N,91,0.5,139370,0.010356802577659049,0.011577388964601287
SARS-CoV-2,N,91,0.25,69685,0.014704864387619507,0.01706821759410836
SARS-CoV-2,N,91,0.1,27875,0.022900443712873645,0.02550715366177892
SARS-CoV-2,N,100,0.5,139368,0.007750405323842464,0.009773930313201154
SARS-CoV-2,N,100,0.25,69684,0.011085899347889614,0.013498119722753691
SARS-CoV-2,N,100,0.1,27875,0.016906948672173197,0.020672291388147024
SARS-CoV-2,N,109,0.5,139369,0.0077689105429855874,0.010103905493179162
SARS-CoV-2,N,109,0.25,69685,0.01065067229386347,0.013332700382727998
SARS-CoV-2,N,109,0.1,27875,0.016742243713516815,0.02153135950877036
SARS-CoV-2,N,118,0.5,139369,0.007747090616578049,0.009174184019560805
SARS-CoV-2,N,118,0.25,69685,0.011174490452002762,0.01323083609153257
SARS-CoV-2,N,118,0.1,27875,0.016775738609593197,0.022095918453244056
SARS-CoV-2,N,127,0.5,139369,0.007359607057850632,0.008834936951201586
SARS-CoV-2,N,127,0.25,69685,0.010096271755247977,0.012818995848912664
SARS-CoV-2,N,127,0.1,27875,0.014547897043928821,0.018782645886039426
SARS-CoV-2,N,136,0.5,139369,0.007515169522195437,0.00907328531008837
SARS-CoV-2,N,136,0.25,69685,0.010237391189478483,0.012974015941319259
SARS-CoV-2,N,136,0.1,27875,0.01507100947228254,0.01990939415285141
SARS-CoV-2,N,145,0.5,139368,0.00777314401027382,0.010004050740931733
SARS-CoV-2,N,145,0.25,69684,0.01080686964218688,0.013393874762459724
SARS-CoV-2,N,145,0.1,27875,0.016482542938003237,0.02091715249940626
SARS-CoV-2,N,154,0.5,139369,0.007744426645086934,0.009818883572688411
SARS-CoV-2,N,154,0.25,69685,0.010851335437197643,0.01311768149859178
SARS-CoV-2,N,154,0.1,27875,0.016694987391718336,0.020472628608959917
SARS-CoV-2,N,163,0.5,139369,0.007239867031295489,0.00900820251282984
SARS-CoV-2,N,163,0.25,69684,0.010073620688556096,0.012288034892428813
SARS-CoV-2,N,163,0.1,27875,0.014226840536273986,0.01741134054752051
SARS-CoV-2,N,172,0.5,139368,0.007610992579771067,0.00941891257446348
SARS-CoV-2,N,172,0.25,69684,0.010381024066361037,0.012711844758812076
SARS-CoV-2,N,172,0.1,27875,0.015985902706484173,0.01896922157165552
SARS-CoV-2,N,181,0.5,139369,0.010433102955939888,0.012672013013764007
SARS-CoV-2,N,181,0.25,69685,0.014479283088956192,0.01638000831121875
SARS-CoV-2,N,181,0.1,27875,0.022258261072773556,0.025650297752328476
SARS-CoV-2,N,190,0.5,139369,0.007536777541214941,0.00924774798508694
SARS-CoV-2,N,190,0.25,69685,0.01044046924237139,0.012874299387030186
SARS-CoV-2,N,190,0.1,27875,0.015472014662279146,0.018138710214849484
SARS-CoV-2,N,199,0.5,139369,0.007737102967585929,0.009417471213664949
SARS-CoV-2,N,199,0.25,69684,0.010923588628027616,0.013344071844103859
SARS-CoV-2,N,199,0.1,27875,0.01661246023069591,0.021601535218558506
SARS-CoV-2,N,208,0.5,139368,0.007496005668544961,0.009251778250188811
SARS-CoV-2,N,208,0.25,69684,0.010238884290353144,0.012812626480471321
SARS-CoV-2,N,208,0.1,27875,0.015167916105872642,0.018641442192227794
SARS-CoV-2,N,217,0.5,139370,0.007602215196220505,0.009591449400681244
SARS-CoV-2,N,217,0.25,69685,0.010610646650046678,0.012896029840675616
SARS-CoV-2,N,217,0.1,27875,0.015899132654711712,0.019475500347597836
SARS-CoV-2,N,226,0.5,139369,0.007475701567474535,0.009747245468791464
SARS-CoV-2,N,226,0.25,69685,0.010382625127066147,0.013081334192221659
SARS-CoV-2,N,226,0.1,27875,0.01551865075465335,0.01933298551475994
SARS-CoV-2,N,235,0.5,139370,0.010297933254406644,0.012123062607335883
SARS-CoV-2,N,235,0.25,69685,0.014272219694089216,0.016190838461855973
SARS-CoV-2,N,235,0.1,27875,0.022057560965140284,0.025396082088047937
SARS-CoV-2,N,244,0.5,139370,0.007443136362294258,0.010022523569428825
SARS-CoV-2,N,244,0.25,69685,0.010206700018059676,0.012389376019536045
SARS-CoV-2,N,244,0.1,27875,0.014664517336809608,0.017942767475000995
SARS-CoV-2,N,253,0.5,139369,0.007953867222042551,0.009471146430932052
SARS-CoV-2,N,253,0.25,69685,0.010999472847040566,0.015409096207076797
SARS-CoV-2,N,253,0.1,27875,0.01695686823480856,0.019427458842507243
SARS-CoV-2,N,262,0.5,139369,0.007617281103461492,0.00954132743743862
SARS-CoV-2,N,262,0.25,69685,0.010764997320406405,0.013306811824456564
SARS-CoV-2,N,262,0.1,27875,0.016272475289583532,0.019587691977652484
SARS-CoV-2,N,271,0.5,139370,0.006957999901882335,0.008719930877708535
SARS-CoV-2,N,271,0.25,69685,0.009204095652281214,0.011334285104473867
SARS-CoV-2,N,271,0.1,27875,0.013388555018408046,0.016233615454638695
SARS-CoV-2,N,280,0.5,139368,0.007310531620377825,0.008814921625924689
SARS-CoV-2,N,280,0.25,69684,0.009685077109374565,0.012063626189250932
SARS-CoV-2,N,280,0.1,27875,0.013743638942503394,0.017583583293708425
SARS-CoV-2,N,289,0.5,139369,0.007326944795721025,0.00890065801012323
SARS-CoV-2,N,289,0.25,69684,0.01000143863851313,0.012186910014997826
SARS-CoV-2,N,289,0.1,27875,0.014531514410684149,0.02019485139955084
SARS-CoV-2,N,298,0.5,139370,0.007120559737932213,0.00868322693105356
SARS-CoV-2,N,298,0.25,69685,0.009418927924508366,0.011269716102667901
SARS-CoV-2,N,298,0.1,27875,0.013727011752128274,0.017907019711294426
SARS-CoV-2,N,307,0.5,139370,0.007345951223989574,0.008928866801119638
SARS-CoV-2,N,307,0.25,69685,0.010142430565349398,0.01256071485403977
SARS-CoV-2,N,307,0.1,27875,0.014554546620845583,0.01816412234305087
SARS-CoV-2,N,316,0.5,139369,0.006662480366790583,0.008171207646047039
SARS-CoV-2,N,316,0.25,69685,0.008683008483332717,0.011183030880434257
SARS-CoV-2,N,316,0.1,27875,0.011743049669506452,0.016538878216588
SARS-CoV-2,N,325,0.5,139369,0.007832082682154072,0.009703240057181334
SARS-CoV-2,N,325,0.25,69684,0.010918697525336966,0.013451122320461587
SARS-CoV-2,N,325,0.1,27875,0.016826202445178566,0.021245941181961273
SARS-CoV-2,N,334,0.5,139369,0.007318922697868732,0.009160253725849207
SARS-CoV-2,N,334,0.25,69684,0.009927978505995128,0.011915379257591983
SARS-CoV-2,N,334,0.1,27875,0.014752422979859651,0.01820244946223621
SARS-CoV-2,N,343,0.5,139369,0.007519593436483979,0.009581141783871296
SARS-CoV-2,N,343,0.25,69685,0.010285965630644657,0.013106645420076453
SARS-CoV-2,N,343,0.1,27875,0.015520178964131803,0.018527643579795593
SARS-CoV-2,N,352,0.5,139370,0.007583493590567424,0.01011124687135686
SARS-CoV-2,N,352,0.25,69685,0.010739921787268568,0.013308257659209946
SARS-CoV-2,N,352,0.1,27875,0.016038942464021076,0.019560132417388115
SARS-CoV-2,N,361,0.5,139369,0.007342055554192062,0.008727104088029874
SARS-CoV-2,N,361,0.25,69685,0.010006883987956433,0.012213725420802173
SARS-CoV-2,N,361,0.1,27875,0.014420123468522963,0.017417006537727174
SARS-CoV-2,N,370,0.5,139369,0.007857992784345572,0.009795212602991236
SARS-CoV-2,N,370,0.25,69685,0.010818308057040768,0.013396471365372042
SARS-CoV-2,N,370,0.1,27875,0.017092948763249145,0.02059232715873202
SARS-CoV-2,N,379,0.5,139369,0.007753254600039095,0.009087595584531283
SARS-CoV-2,N,379,0.25,69685,0.010765981178553225,0.013706321653076586
SARS-CoV-2,N,379,0.1,27875,0.01634109636841886,0.02173728613671535
SARS-CoV-2,N,388,0.5,139368,0.007645876684648947,0.009148546918802434
SARS-CoV-2,N,388,0.25,69684,0.010003832915492967,0.012553829229700357
SARS-CoV-2,N,388,0.1,27875,0.014575710065279622,0.018093735504721535
SARS-CoV-2,N,397,0.5,139370,0.00777752602654725,0.009426315534662728
SARS-CoV-2,N,397,0.25,69685,0.01094681921363135,0.01309035875497292
SARS-CoV-2,N,397,0.1,27875,0.016501353223448822,0.021044867458359966
SARS-CoV-2,N,406,0.5,139370,0.010316756686253044,0.012030452755991307
SARS-CoV-2,N,406,0.25,69685,0.014623000676202588,0.017183713133152662
SARS-CoV-2,N,406,0.1,27875,0.02285824615186328,0.027290750147965382
SARS-CoV-2,N,415,0.5,139368,0.0078002774659027335,0.009999919006157047
SARS-CoV-2,N,415,0.25,69684,0.01075914191861862,0.012566967222586314
SARS-CoV-2,N,415,0.1,27875,0.016646300314174998,0.019965633010646716
SARS-CoV-2,N,424,0.5,139369,0.010408867791019762,0.011900142106902755
SARS-CoV-2,N,424,0.25,69684,0.014460446877397193,0.015986723100696616
SARS-CoV-2,N,424,0.1,27875,0.022457705812310404,0.0276327993991155
SARS-CoV-2,N,433,0.5,139369,0.0077532623202756735,0.009089531731979477
SARS-CoV-2,N,433,0.25,69684,0.010913572342239086,0.013151083261624742
SARS-CoV-2,N,433,0.1,27875,0.01678957807401843,0.02053987872833723
SARS-CoV-2,N,442,0.5,139370,0.007688823206565017,0.009070675279305338
SARS-CoV-2,N,442,0.25,69685,0.01053399391737586,0.013021445172703056
SARS-CoV-2,N,442,0.1,27875,0.015870242014510184,0.018641995176678253
SARS-CoV-2,N,451,0.5,139369,0.010483789955655642,0.012256934404205302
SARS-CoV-2,N,451,0.25,69684,0.014717362803445419,0.017921364681481155
SARS-CoV-2,N,451,0.1,27875,0.02250046138025168,0.02573205070254314
SARS-CoV-2,N,460,0.5,139370,0.007771279286343002,0.010924795168335565
SARS-CoV-2,N,460,0.25,69685,0.010775843986838727,0.013538266432991358
SARS-CoV-2,N,460,0.1,27875,0.016388380663653536,0.020014356594679174
SARS-CoV-2,N,469,0.5,139370,0.007585174961583037,0.010656018415500597
SARS-CoV-2,N,469,0.25,69685,0.010738291826626863,0.0138519992216856
SARS-CoV-2,N,469,0.1,27875,0.016149755326261533,0.023076034987646217
SARS-CoV-2,N,478,0.5,139370,0.007623463778491674,0.009171510543584845
SARS-CoV-2,N,478,0.25,69685,0.010422852218418946,0.012276593217173998
SARS-CoV-2,N,478,0.1,27875,0.015449161582089527,0.019009310369208856
SARS-CoV-2,N,487,0.5,139370,0.007389125858302445,0.009069259852925596
SARS-CoV-2,N,487,0.25,69685,0.010314738873520333,0.012910084435506843
SARS-CoV-2,N,487,0.1,27875,0.015635511824276385,0.02067741356482025
SARS-CoV-2,N,496,0.5,139369,0.007686179778583988,0.009351802605957726
SARS-CoV-2,N,496,0.25,69684,0.010738107920715178,0.0129436635457649
SARS-CoV-2,N,496,0.1,27875,0.0161832129218347,0.01903853558423366
SARS-CoV-2,N,505,0.5,139368,0.006871410813983681,0.008415263793035406
SARS-CoV-2,N,505,0.25,69684,0.009063360994520021,0.01114844525686155
SARS-CoV-2,N,505,0.1,27875,0.012443273029040233,0.01627043333983699
SARS-CoV-2,N,514,0.5,139369,0.007766963685153981,0.00973555228453467
SARS-CoV-2,N,514,0.25,69684,0.011004460164398454,0.013080105121974087
SARS-CoV-2,N,514,0.1,27875,0.016608489623903468,0.020437438625831934
SARS-CoV-2,N,523,0.5,139370,0.007683980162032275,0.008930557450276572
SARS-CoV-2,N,523,0.25,69685,0.010802570634766435,0.013099273472081788
SARS-CoV-2,N,523,0.1,27875,0.016664626676586854,0.020779768776322344
SARS-CoV-2,N,532,0.5,139369,0.007637511123442463,0.010018165592774532
SARS-CoV-2,N,532,0.25,69685,0.010558043617155278,0.013406034274485785
SARS-CoV-2,N,532,0.1,27875,0.015581224005740213,0.019314532836953162
SARS-CoV-2,N,541,0.5,139369,0.007544805346257042,0.009333387158917893
SARS-CoV-2,N,541,0.25,69684,0.010555781938631742,0.013175946654646407
SARS-CoV-2,N,541,0.1,27875,0.01645195203961798,0.01971044581787339
SARS-CoV-2,N,550,0.5,139370,0.007592493788870002,0.009383828307978384
SARS-CoV-2,N,550,0.25,69685,0.010402015311643286,0.012014090621794113
SARS-CoV-2,N,550,0.1,27875,0.015562176250365788,0.01887875359150527
SARS-CoV-2,N,559,0.5,139369,0.007496706665593984,0.009053230054248233
SARS-CoV-2,N,559,0.25,69684,0.010071539954529845,0.012123084359591701
SARS-CoV-2,N,559,0.1,27875,0.014563679905645263,0.017815925510669465
SARS-CoV-2,N,568,0.5,139369,0.010157158610522124,0.011727688225649811
SARS-CoV-2,N,568,0.25,69685,0.013971582655013307,0.016052214706345026
SARS-CoV-2,N,568,0.1,27875,0.020993516455901282,0.02446708474507852
SARS-CoV-2,N,577,0.5,139370,0.007798741065084604,0.00934743998560267
SARS-CoV-2,N,577,0.25,69685,0.01083718447283242,0.012348494091178348
SARS-CoV-2,N,577,0.1,27875,0.016923129612893082,0.020580933714744
SARS-CoV-2,N,586,0.5,139368,0.007758555035197058,0.00938685041056819
SARS-CoV-2,N,586,0.25,69684,0.010709663232160006,0.013162400220833422
SARS-CoV-2,N,586,0.1,27875,0.016435431720451407,0.019618562757488623
SARS-CoV-2,N,595,0.5,139370,0.010385965760044077,0.012481093389917602
SARS-CoV-2,N,595,0.25,69685,0.014472253653835239,0.018010581010049927
SARS-CoV-2,N,595,0.1,27875,0.02269023478408618,0.025070146309476703
SARS-CoV-2,N,604,0.5,139368,0.017021952186044846,0.018361272129431384
SARS-CoV-2,N,604,0.25,69684,0.02388333036427163,0.02641579202827829
SARS-CoV-2,N,604,0.1,27875,0.03768060993647837,0.04125257280124459
SARS-CoV-2,N,613,0.5,139369,0.010311580764430813,0.011579680630493408
SARS-CoV-2,N,613,0.25,69685,0.014455447085552745,0.017398247223408603
SARS-CoV-2,N,613,0.1,27875,0.022423606244886773,0.026603801966504925
SARS-CoV-2,N,622,0.5,139368,0.007817763325891182,0.009874674686898144
SARS-CoV-2,N,622,0.25,69684,0.010835141018053229,0.012833035665571634
SARS-CoV-2,N,622,0.1,27875,0.016816207527074318,0.021163994292606722
SARS-CoV-2,N,631,0.5,139369,0.007727864619830262,0.009954564853676132
SARS-CoV-2,N,631,0.25,69685,0.010610109088100303,0.013538574418892595
SARS-CoV-2,N,631,0.1,27875,0.01618970795866139,0.01908739471080107
SARS-CoV-2,N,640,0.5,139369,0.012337410279912147,0.013561142237337068
SARS-CoV-2,N,640,0.25,69685,0.017126374807683382,0.020007535116259047
SARS-CoV-2,N,640,0.1,27875,0.026342264111384118,0.029857307790488608
SARS-CoV-2,N,649,0.5,139368,0.007776300689362955,0.009065925728798725
SARS-CoV-2,N,649,0.25,69684,0.010582234861794184,0.013913485991308242
SARS-CoV-2,N,649,0.1,27875,0.016188994206376046,0.021480022999520895
SARS-CoV-2,N,658,0.5,139370,0.007553817510010314,0.00935814703096701
SARS-CoV-2,N,658,0.25,69685,0.010334236954115368,0.012568702845954231
SARS-CoV-2,N,658,0.1,27875,0.015933035994248574,0.020461124120145262
SARS-CoV-2,N,667,0.5,139369,0.007766103923861304,0.009169960860594415
SARS-CoV-2,N,667,0.25,69685,0.01072633192396037,0.01245696205648761
SARS-CoV-2,N,667,0.1,27875,0.016192715166593014,0.020479266901932025
SARS-CoV-2,N,676,0.5,139369,0.00765334957771765,0.00933862997530378
SARS-CoV-2,N,676,0.25,69685,0.010711781599812328,0.013047564619939382
SARS-CoV-2,N,676,0.1,27875,0.016113160302252405,0.020954294740033703
SARS-CoV-2,N,685,0.5,139369,0.010410047314378565,0.011921423752972277
SARS-CoV-2,N,685,0.25,69685,0.014712170455867675,0.01687913876732423
SARS-CoV-2,N,685,0.1,27875,0.022651601958778043,0.025882066869241202
SARS-CoV-2,N,694,0.5,139369,0.012460346791052299,0.013493230778807683
SARS-CoV-2,N,694,0.25,69684,0.017363986705245832,0.0192745506240414
SARS-CoV-2,N,694,0.1,27875,0.02706296919986736,0.030226077909265684
SARS-CoV-2,N,703,0.5,139369,0.010391224423768126,0.011714833767023248
SARS-CoV-2,N,703,0.25,69684,0.01454042989344507,0.016991006429368686
SARS-CoV-2,N,703,0.1,27875,0.022245048094624666,0.02604673425762407
SARS-CoV-2,N,712,0.5,139370,0.007685256197126568,0.009361158002871985
SARS-CoV-2,N,712,0.25,69685,0.010448086276659498,0.013110452130936647
SARS-CoV-2,N,712,0.1,27875,0.01596477048328198,0.019058120564686736
SARS-CoV-2,N,721,0.5,139368,0.007598059283200029,0.009170887043230677
SARS-CoV-2,N,721,0.25,69684,0.010676888696887593,0.012394557921601981
SARS-CoV-2,N,721,0.1,27875,0.016294652807429533,0.020409559463489227
SARS-CoV-2,N,730,0.5,139370,0.007572754111324523,0.009508917375265718
SARS-CoV-2,N,730,0.25,69685,0.010187719096623797,0.012470071687248866
SARS-CoV-2,N,730,0.1,27875,0.015061447579960925,0.019510086704906383
SARS-CoV-2,N,739,0.5,139369,0.007569091748601154,0.008938619917980303
SARS-CoV-2,N,739,0.25,69685,0.010494738737474057,0.012680969836158957
SARS-CoV-2,N,739,0.1,27875,0.015234068084711363,0.021089401262249324
SARS-CoV-2,N,748,0.5,139370,0.007456993490916971,0.008766222604877822
SARS-CoV-2,N,748,0.25,69685,0.010494437572418597,0.013142074215964793
SARS-CoV-2,N,748,0.1,27875,0.01555985712771801,0.021276018852545896
SARS-CoV-2,N,757,0.5,139369,0.007792348846209621,0.009229544374428187
SARS-CoV-2,N,757,0.25,69684,0.01060645902502872,0.013054872359706303
SARS-CoV-2,N,757,0.1,27875,0.01650546806420859,0.02059151812078514
SARS-CoV-2,N,766,0.5,139369,0.007751358589224555,0.009086903995464753
SARS-CoV-2,N,766,0.25,69684,0.010812705830086707,0.012553515934634019
SARS-CoV-2,N,766,0.1,27875,0.016808809583893393,0.02054321724558098
SARS-CoV-2,N,775,0.5,139370,0.007390927750304817,0.00889863124086114
SARS-CoV-2,N,775,0.25,69685,0.01010043117908277,0.012024993432216123
SARS-CoV-2,N,775,0.1,27875,0.014978125987761652,0.017841631989318058
SARS-CoV-2,N,784,0.5,139368,0.007186964493518227,0.008883815019571558
SARS-CoV-2,N,784,0.25,69684,0.009503844571130139,0.011423353281874118
SARS-CoV-2,N,784,0.1,27875,0.013440097721854864,0.016904132817521084
SARS-CoV-2,N,793,0.5,139370,0.007607845231012778,0.009873074389885493
SARS-CoV-2,N,793,0.25,69685,0.010578403040874458,0.013289036512031456
SARS-CoV-2,N,793,0.1,27875,0.015831043449646892,0.019116010004090064
SARS-CoV-2,N,802,0.5,139368,0.007672501696633201,0.01019517324201803
SARS-CoV-2,N,802,0.25,69684,0.01072313978087926,0.013306130792891861
SARS-CoV-2,N,802,0.1,27875,0.01641514984272555,0.01984042419367163
SARS-CoV-2,N,811,0.5,139369,0.00788852421371947,0.009479999571985908
SARS-CoV-2,N,811,0.25,69685,0.011074000704517825,0.013733433336021469
SARS-CoV-2,N,811,0.1,27875,0.01702623174000861,0.02234020980841255
SARS-CoV-2,N,820,0.5,139369,0.007802355661236152,0.009584599683272013
SARS-CoV-2,N,820,0.25,69685,0.010890879032106896,0.013377089139957603
SARS-CoV-2,N,820,0.1,27875,0.016893087568539914,0.021055913938892147
SARS-CoV-2,N,829,0.5,139369,0.007622558310916051,0.00966215065001704
SARS-CoV-2,N,829,0.25,69685,0.010591717274159035,0.013265551120579276
SARS-CoV-2,N,829,0.1,27875,0.015818418884668454,0.01904131689129714
SARS-CoV-2,N,838,0.5,139368,0.007501387008450294,0.009604588548053657
SARS-CoV-2,N,838,0.25,69684,0.01038276596151133,0.012631330184039403
SARS-CoV-2,N,838,0.1,27875,0.01571841955598738,0.020612629738747175
SARS-CoV-2,N,847,0.5,139369,0.006806267537891016,0.008438298700129777
SARS-CoV-2,N,847,0.25,69685,0.009063152574583047,0.01066289460102465
SARS-CoV-2,N,847,0.1,27875,0.01270521200591023,0.015094342623300285
SARS-CoV-2,N,856,0.5,139368,0.007763570469035004,0.009507527290669634
SARS-CoV-2,N,856,0.25,69684,0.010655766367624631,0.013517159428408606
SARS-CoV-2,N,856,0.1,27875,0.01582717216287465,0.018740652053720396
SARS-CoV-2,N,865,0.5,139369,0.007678098374899443,0.009393149135732151
SARS-CoV-2,N,865,0.25,69685,0.0107369084395142,0.013064122964647719
SARS-CoV-2,N,865,0.1,27875,0.016711528323398443,0.020426842087102718
SARS-CoV-2,N,874,0.5,139370,0.007657648788641826,0.01022856805000591
SARS-CoV-2,N,874,0.25,69685,0.010725554058104539,0.012855844552919724
SARS-CoV-2,N,874,0.1,27875,0.01602491858850721,0.020679431084562806
SARS-CoV-2,N,883,0.5,139370,0.00762104423609333,0.008906158629166182
SARS-CoV-2,N,883,0.25,69685,0.010426772884964625,0.01249883913836613
SARS-CoV-2,N,883,0.1,27875,0.01569406574819744,0.019001337316549283
SARS-CoV-2,N,892,0.5,139368,0.007821403802624579,0.010197873717798598
SARS-CoV-2,N,892,0.25,69684,0.010941517028204206,0.013932005077593653
SARS-CoV-2,N,892,0.1,27875,0.01717514997452202,0.020915822726497814
SARS-CoV-2,N,901,0.5,139368,0.007577934212789576,0.009341609792045794
SARS-CoV-2,N,901,0.25,69684,0.010793104391768182,0.013074000494399414
SARS-CoV-2,N,901,0.1,27875,0.016107480615308548,0.023364499689596918
SARS-CoV-2,N,910,0.5,139369,0.007448830850700382,0.008994675801207433
SARS-CoV-2,N,910,0.25,69685,0.00988677528467078,0.011752202264622535
SARS-CoV-2,N,910,0.1,27875,0.014079155420645023,0.01905435382927817
SARS-CoV-2,N,919,0.5,139369,0.0077930179236204,0.009170596296219814
SARS-CoV-2,N,919,0.25,69684,0.010853215515138213,0.013410573613172418
SARS-CoV-2,N,919,0.1,27875,0.016542683131987194,0.0204170903775228
SARS-CoV-2,N,928,0.5,139368,0.007498237418739617,0.008830653701636394
SARS-CoV-2,N,928,0.25,69684,0.01054176942517513,0.012907922203139272
SARS-CoV-2,N,928,0.1,27875,0.015202312819360218,0.018182538286617738
SARS-CoV-2,N,937,0.5,139369,0.007807728774264504,0.0096748847729312
SARS-CoV-2,N,937,0.25,69684,0.010870297633605705,0.014158003805154465
SARS-CoV-2,N,937,0.1,27875,0.016794874430723958,0.0205031942748956
SARS-CoV-2,N,946,0.5,139369,0.0076749026018348146,0.010009275920368143
SARS-CoV-2,N,946,0.25,69685,0.010813901488855797,0.01408026281276831
SARS-CoV-2,N,946,0.1,27875,0.0159281620974183,0.019538456351637284
SARS-CoV-2,N,955,0.5,139370,0.007382290472750115,0.00899224935677322
SARS-CoV-2,N,955,0.25,69685,0.01029877664942666,0.012082415438056689
SARS-CoV-2,N,955,0.1,27875,0.015095611693514064,0.019146546938767006
SARS-CoV-2,N,964,0.5,139370,0.00758671614143994,0.0095263146899466
SARS-CoV-2,N,964,0.25,69685,0.010404688865315865,0.012983461616895132
SARS-CoV-2,N,964,0.1,27875,0.01515324905493527,0.018594301927041382
SARS-CoV-2,N,973,0.5,139369,0.007929626802242535,0.009695427409493525
SARS-CoV-2,N,973,0.25,69685,0.01089733295203042,0.013086681318509659
SARS-CoV-2,N,973,0.1,27875,0.01689792507281886,0.01994019621377894
SARS-CoV-2,N,982,0.5,139369,0.007478348363235256,0.008991912825935446
SARS-CoV-2,N,982,0.25,69685,0.010356542237167253,0.013271628854763897
SARS-CoV-2,N,982,0.1,27875,0.015759213991874053,0.01935487766759031
SARS-CoV-2,N,991,0.5,139370,0.007761678631220223,0.009321617847531717
SARS-CoV-2,N,991,0.25,69685,0.011107400876669645,0.013564483165753998
SARS-CoV-2,N,991,0.1,27875,0.01708319583707897,0.022971387751753638
SARS-CoV-2,N,1000,0.5,139369,0.007808848068485308,0.009416449188480001
SARS-CoV-2,N,1000,0.25,69685,0.010681488125760004,0.01375011055175293
SARS-CoV-2,N,1000,0.1,27875,0.016653711431352115,0.02118660417287715
SARS-CoV-2,N,1009,0.5,139369,0.007591837985425717,0.009788944947068952
SARS-CoV-2,N,1009,0.25,69684,0.010718031771398285,0.01364916893145455
SARS-CoV-2,N,1009,0.1,27875,0.016571179835197864,0.01961281456728837
SARS-CoV-2,N,1018,0.5,139368,0.007617729149938217,0.009718654631836859
SARS-CoV-2,N,1018,0.25,69684,0.010679480060108111,0.012706488294208607
SARS-CoV-2,N,1018,0.1,27875,0.016014397320664474,0.019795655089911376
SARS-CoV-2,N,1027,0.5,139369,0.007619204557409256,0.00883737933884096
SARS-CoV-2,N,1027,0.25,69684,0.010609408255654082,0.0131683606187766
SARS-CoV-2,N,1027,0.1,27875,0.01591102777711654,0.020747942932982127
SARS-CoV-2,N,1036,0.5,139368,0.01037974417489868,0.011897093607629448
SARS-CoV-2,N,1036,0.25,69684,0.014390380560365774,0.016714332842631623
SARS-CoV-2,N,1036,0.1,27875,0.0221112293356991,0.026669028032266683
SARS-CoV-2,N,1045,0.5,139368,0.00737541197509881,0.008738688978020848
SARS-CoV-2,N,1045,0.25,69684,0.00959540625020883,0.012983711853501573
SARS-CoV-2,N,1045,0.1,27875,0.013717020933549023,0.018381092454836108
SARS-CoV-2,N,1054,0.5,139369,0.007718151228231,0.00906432490478941
SARS-CoV-2,N,1054,0.25,69685,0.010779854411126465,0.013979976734179065
SARS-CoV-2,N,1054,0.1,27875,0.01644002879150125,0.01992935948397045
SARS-CoV-2,N,1063,0.5,139370,0.007416132349726372,0.00922190368122871
SARS-CoV-2,N,1063,0.25,69685,0.010199719386687046,0.012251707951250244
SARS-CoV-2,N,1063,0.1,27875,0.015051022443790946,0.019029193310420377
SARS-CoV-2,N,1072,0.5,139369,0.007859428487683328,0.010327321847592996
SARS-CoV-2,N,1072,0.25,69684,0.010924112527090041,0.0131905299195431
SARS-CoV-2,N,1072,0.1,27875,0.016685210194863055,0.020374696167160502
SARS-CoV-2,N,1081,0.5,139369,0.010472612009891273,0.012088870226502846
SARS-CoV-2,N,1081,0.25,69684,0.014679386862412276,0.016609553755631112
SARS-CoV-2,N,1081,0.1,27875,0.022922228269153445,0.025844578020815936
SARS-CoV-2,N,1090,0.5,139370,0.010318446204463183,0.01153840001913749
SARS-CoV-2,N,1090,0.25,69685,0.01439528310177312,0.017473708653615045
SARS-CoV-2,N,1090,0.1,27875,0.02190747485141358,0.02500629575593616
SARS-CoV-2,N,1099,0.5,139368,0.0076496019257421425,0.009121720037100359
SARS-CoV-2,N,1099,0.25,69684,0.01059286934653871,0.014816892237280537
SARS-CoV-2,N,1099,0.1,27875,0.015958205401135295,0.01975782549195191
SARS-CoV-2,N,1108,0.5,139369,0.007467060861600638,0.00911889960538562
SARS-CoV-2,N,1108,0.25,69684,0.010245532369424638,0.012330465190098878
SARS-CoV-2,N,1108,0.1,27875,0.015063184780631712,0.01894975146020576
SARS-CoV-2,N,1117,0.5,139369,0.007616038855249045,0.009028112816478855
SARS-CoV-2,N,1117,0.25,69685,0.01047858193676923,0.012639765333011413
SARS-CoV-2,N,1117,0.1,27875,0.01602920343888121,0.020936899533279422
SARS-CoV-2,N,1126,0.5,139369,0.010234353885824839,0.011585485342596118
SARS-CoV-2,N,1126,0.25,69684,0.014577826836219299,0.016644064882384416
SARS-CoV-2,N,1126,0.1,27875,0.022757813141495328,0.025284224320755843
SARS-CoV-2,N,1135,0.5,139368,0.0076961859656366595,0.009284766379498228
SARS-CoV-2,N,1135,0.25,69684,0.010783419614236527,0.012946252305214727
SARS-CoV-2,N,1135,0.1,27875,0.016472774397753867,0.020219721163131588
SARS-CoV-2,N,1144,0.5,139368,0.007828619244514135,0.009286810602235004
SARS-CoV-2,N,1144,0.25,69684,0.011052974027548153,0.013606323533619777
SARS-CoV-2,N,1144,0.1,27875,0.017143766613730082,0.020075612448084208
SARS-CoV-2,N,1153,0.5,139370,0.007657666146704104,0.009533860225220162
SARS-CoV-2,N,1153,0.25,69685,0.010561255159213273,0.013620300884542667
SARS-CoV-2,N,1153,0.1,27875,0.016399000153866607,0.020271085371127224
SARS-CoV-2,N,1162,0.5,139370,0.007605677100216581,0.009051244337556906
SARS-CoV-2,N,1162,0.25,69685,0.01069895230575322,0.013602356970979942
SARS-CoV-2,N,1162,0.1,27875,0.016401346947141023,0.020298377229555523
SARS-CoV-2,N,1171,0.5,139368,0.007853116650905443,0.009954828676593785
SARS-CoV-2,N,1171,0.25,69684,0.011041980168314886,0.01313819859718931
SARS-CoV-2,N,1171,0.1,27875,0.016736378745768454,0.022473313365687374
SARS-CoV-2,N,1180,0.5,139369,0.007079839018357884,0.008727249988968535
SARS-CoV-2,N,1180,0.25,69685,0.009519705237213336,0.012432877414102792
SARS-CoV-2,N,1180,0.1,27875,0.013645310013456832,0.020024192259265418
SARS-CoV-2,N,1189,0.5,139369,0.007887344549655912,0.009727206248575499
SARS-CoV-2,N,1189,0.25,69685,0.01097613159141146,0.014377855490666445
SARS-CoV-2,N,1189,0.1,27875,0.016954251229096187,0.019974825240084836
SARS-CoV-2,N,1198,0.5,139369,0.007868476789899135,0.010055087174022016
SARS-CoV-2,N,1198,0.25,69685,0.01070948479580373,0.013546812721773027
SARS-CoV-2,N,1198,0.1,27875,0.016767959818661013,0.020759468503932964
SARS-CoV-2,N,1207,0.5,139369,0.007522617230911681,0.009445920470604602
SARS-CoV-2,N,1207,0.25,69684,0.010168937563495744,0.012466964614209396
SARS-CoV-2,N,1207,0.1,27875,0.014778055591175973,0.01843492145361806
SARS-CoV-2,N,1216,0.5,139369,0.007952986879571581,0.009426158831305109
SARS-CoV-2,N,1216,0.25,69684,0.011121048144116017,0.012883660153855619
SARS-CoV-2,N,1216,0.1,27875,0.017129942833602935,0.02051084176344449
SARS-CoV-2,N,1225,0.5,139369,0.007410672978406597,0.009200609328848336
SARS-CoV-2,N,1225,0.25,69685,0.010125124781370667,0.0122081610185407
SARS-CoV-2,N,1225,0.1,27875,0.015433066765336942,0.018187313964222827
SARS-CoV-2,N,1234,0.5,139369,0.010416711751737565,0.012287705323546654
SARS-CoV-2,N,1234,0.25,69685,0.014684157045331877,0.016513577919857192
SARS-CoV-2,N,1234,0.1,27875,0.02298488375852511,0.026104894824116487
SARS-CoV-2,N,1243,0.5,139369,0.007723658463903022,0.009338020851556158
SARS-CoV-2,N,1243,0.25,69685,0.010965139225224926,0.014727679500875484
SARS-CoV-2,N,1243,0.1,27875,0.016812711746603735,0.019714720992566683
SARS-CoV-2,E,1,0.5,139369,0.006614536465744697,0.008168322337473374
SARS-CoV-2,E,1,0.25,69684,0.008634265251187859,0.011519298332606315
SARS-CoV-2,E,1,0.1,27875,0.012199201308583318,0.015402824005881461
SARS-CoV-2,E,10,0.5,139370,0.007815870230062335,0.008900939822065836
SARS-CoV-2,E,10,0.25,69685,0.010648729066645074,0.013045037965417922
SARS-CoV-2,E,10,0.1,27875,0.0163655916130227,0.019547224529891254
SARS-CoV-2,E,19,0.5,139370,0.010025600002509712,0.012160838250991426
SARS-CoV-2,E,19,0.25,69685,0.014038987876698985,0.0162897178781095
SARS-CoV-2,E,19,0.1,27875,0.021747519130614963,0.0271070430691726
SARS-CoV-2,E,28,0.5,139368,0.010143227468188694,0.011578628477474899
SARS-CoV-2,E,28,0.25,69684,0.013874239138466894,0.01568444116331906
SARS-CoV-2,E,28,0.1,27875,0.021019582712417165,0.023222941813094398
SARS-CoV-2,E,37,0.5,139369,0.007169254728260819,0.008579877866669505
SARS-CoV-2,E,37,0.25,69684,0.00950530291364291,0.011599269717058054
SARS-CoV-2,E,37,0.1,27875,0.01347983771310986,0.017678762587058083
SARS-CoV-2,E,46,0.5,139370,0.007670441047354205,0.009657524935332396
SARS-CoV-2,E,46,0.25,69685,0.010698823487534733,0.012696465982979093
SARS-CoV-2,E,46,0.1,27875,0.016076277008967854,0.01859898077851058
SARS-CoV-2,E,55,0.5,139370,0.01013038629742458,0.011807535755739389
SARS-CoV-2,E,55,0.25,69685,0.013642231911143507,0.016439581738482218
SARS-CoV-2,E,55,0.1,27875,0.021079512546373642,0.02390620868671841
SARS-CoV-2,E,64,0.5,139368,0.00745190248563513,0.009954321642632318
SARS-CoV-2,E,64,0.25,69684,0.010244006892296598,0.012328154237727915
SARS-CoV-2,E,64,0.1,27875,0.015351494807648964,0.01911778175148441
SARS-CoV-2,E,73,0.5,139369,0.007610555730991327,0.009243893253009896
SARS-CoV-2,E,73,0.25,69685,0.010474583714550012,0.012080878064758636
SARS-CoV-2,E,73,0.1,27875,0.015857046760951444,0.01864465451701211
SARS-CoV-2,E,82,0.5,139368,0.00718816959251323,0.008927017052394308
SARS-CoV-2,E,82,0.25,69684,0.009566972070278588,0.012961007918179912
SARS-CoV-2,E,82,0.1,27875,0.013834048346021552,0.0186128818011191
SARS-CoV-2,E,91,0.5,139369,0.007443759582883693,0.008716465464820123
SARS-CoV-2,E,91,0.25,69685,0.010342301082156684,0.012714629792000547
SARS-CoV-2,E,91,0.1,27875,0.01502805984401167,0.017953890544645405
SARS-CoV-2,E,100,0.5,139368,0.005472821439914427,0.007081007070214723
SARS-CoV-2,E,100,0.25,69684,0.006942083699402756,0.008794769126391025
SARS-CoV-2,E,100,0.1,27875,0.009704089588308021,0.012743702220170867
SARS-CoV-2,E,109,0.5,139369,0.006539652896171364,0.008626095996219997
SARS-CoV-2,E,109,0.25,69684,0.008182000182904381,0.012309966881671639
SARS-CoV-2,E,109,0.1,27875,0.011817786580464746,0.016365416659750557
SARS-CoV-2,E,118,0.5,139369,0.007160741560060782,0.009267592917434817
SARS-CoV-2,E,118,0.25,69685,0.009517892580162722,0.011819313592077196
SARS-CoV-2,E,118,0.1,27875,0.013500556802619525,0.017661994592458537
SARS-CoV-2,E,127,0.5,139370,0.006961148518252263,0.008328947901096881
SARS-CoV-2,E,127,0.25,69685,0.009043215442125373,0.011373094150526605
SARS-CoV-2,E,127,0.1,27875,0.013002225822640016,0.015689094053771602
SARS-CoV-2,E,136,0.5,139369,0.007001951129533159,0.00956058773547157
SARS-CoV-2,E,136,0.25,69684,0.009222405061695171,0.011402853397384375
SARS-CoV-2,E,136,0.1,27875,0.01299940896242901,0.017163551894127785
SARS-CoV-2,E,145,0.5,139369,0.007620441562643273,0.009573209646433684
SARS-CoV-2,E,145,0.25,69685,0.010402638225317102,0.01266514419430813
SARS-CoV-2,E,145,0.1,27875,0.015925158019756965,0.018791964350889003
SARS-CoV-2,E,154,0.5,139368,0.007180639844306283,0.008895308115272862
SARS-CoV-2,E,154,0.25,69684,0.009404679102405233,0.01127797980318547
SARS-CoV-2,E,154,0.1,27875,0.013408114516143224,0.01725030354630321
SARS-CoV-2,E,163,0.5,139370,0.0077462820430736394,0.009274486102413694
SARS-CoV-2,E,163,0.25,69685,0.010649396642443253,0.01279289975638992
SARS-CoV-2,E,163,0.1,27875,0.016140208833110924,0.020360495757107265
SARS-CoV-2,E,172,0.5,139370,0.0075938135495816576,0.009705221203358103
SARS-CoV-2,E,172,0.25,69685,0.01017665503032219,0.012234155266410925
SARS-CoV-2,E,172,0.1,27875,0.015168819000400584,0.01965588986795458
SARS-CoV-2,E,181,0.5,139368,0.007754990876562312,0.009467280902663645
SARS-CoV-2,E,181,0.25,69684,0.010730238595520544,0.013391652273592104
SARS-CoV-2,E,181,0.1,27875,0.016091516640814017,0.019008717933411152
SARS-CoV-2,E,190,0.5,139369,0.007366866505564163,0.008786357647438814
SARS-CoV-2,E,190,0.25,69684,0.009960584099568428,0.012179707025910752
SARS-CoV-2,E,190,0.1,27875,0.014239628561746433,0.019961836691048198
SARS-CoV-2,E,199,0.5,139369,0.007642153353366367,0.00891594385576329
SARS-CoV-2,E,199,0.25,69685,0.01054798985270316,0.013168871134671257
SARS-CoV-2,E,199,0.1,27875,0.015819895675580595,0.020010130060367906
SARS-CoV-2,E,208,0.5,139369,0.010149666880216169,0.01218049431005617
SARS-CoV-2,E,208,0.25,69685,0.014156520613798126,0.017170926977513355
SARS-CoV-2,E,208,0.1,27875,0.021183132517100543,0.024206522663731817
SARS-CoV-2,E,217,0.5,139370,0.0077886145609053145,0.00935433073574506
SARS-CoV-2,E,217,0.25,69685,0.010665538046216148,0.014316929093947895
SARS-CoV-2,E,217,0.1,27875,0.01608860005239517,0.019852989657333217
HIV-1,gag,1,0.5,6111,0.05671218965122794,0.06937032871704855
HIV-1,gag,1,0.25,3055,0.0743794344809988,0.09164372973813571
HIV-1,gag,1,0.1,1222,0.1105163461677291,0.1359440047154019
HIV-1,gag,10,0.5,6112,0.07643923976230661,0.08767030415060134
HIV-1,gag,10,0.25,3056,0.1042494595815279,0.12486523565793514
HIV-1,gag,10,0.1,1223,0.1529523412403324,0.18537461795305557
HIV-1,gag,19,0.5,6112,0.08211445136988584,0.09243154379880658
HIV-1,gag,19,0.25,3057,0.11659795645921851,0.12943647196244767
HIV-1,gag,19,0.1,1223,0.17978203129285455,0.20462582574968435
HIV-1,gag,28,0.5,6111,0.07618704635434194,0.09128289607347402
HIV-1,gag,28,0.25,3056,0.10720832680812117,0.1290313306093366
HIV-1,gag,28,0.1,1223,0.16900919008081572,0.19471363291127008
HIV-1,gag,37,0.5,6112,0.08822765155031707,0.09634341488977902
HIV-1,gag,37,0.25,3056,0.12138269810107549,0.13223368087723655
HIV-1,gag,37,0.1,1223,0.18887690194946768,0.207497306941807
HIV-1,gag,46,0.5,6112,0.07868137579465462,0.08694168295899873
HIV-1,gag,46,0.25,3055,0.10976172494596526,0.12482906622093667
HIV-1,gag,46,0.1,1222,0.16973567279449406,0.19460243311145597
HIV-1,gag,55,0.5,6111,0.08291292466296663,0.09589034395209714
HIV-1,gag,55,0.25,3055,0.11501104803163739,0.12896376696125955
HIV-1,gag,55,0.1,1222,0.17677311081419209,0.2034871784901883
HIV-1,gag,64,0.5,6111,0.0839928509615176,0.09429297845207377
HIV-1,gag,64,0.25,3055,0.11509459507902742,0.13815856240488247
HIV-1,gag,64,0.1,1221,0.17212336144461446,0.20429168912442722
HIV-1,gag,73,0.5,6111,0.07464347198174177,0.09067865153592634
HIV-1,gag,73,0.25,3055,0.1008275544159715,0.11434412838639811
HIV-1,gag,73,0.1,1222,0.15196091051357222,0.18812749289720923
HIV-1,gag,82,0.5,6111,0.06291439255571822,0.07171764664911208
HIV-1,gag,82,0.25,3055,0.0885339638948116,0.09936826298035786
HIV-1,gag,82,0.1,1221,0.13410818429546456,0.15156540947494057
HIV-1,gag,91,0.5,6112,0.10297265946094417,0.11932553298646796
HIV-1,gag,91,0.25,3056,0.14330861707076123,0.1564424158631893
HIV-1,gag,91,0.1,1223,0.22228085985304125,0.24172687202797152
HIV-1,gag,100,0.5,6112,0.09526474383202779,0.1059461270166467
HIV-1,gag,100,0.25,3056,0.1360581323984323,0.15039596023888807
HIV-1,gag,100,0.1,1222,0.2083406435786414,0.2280526007160796
HIV-1,gag,109,0.5,6112,0.074521623468433,0.0877095207976874
HIV-1,gag,109,0.25,3056,0.10382966186918213,0.12511604957577802
HIV-1,gag,109,0.1,1222,0.15890032016459382,0.20096480596441663
HIV-1,gag,118,0.5,6113,0.11199896946492788,0.12341228895771499
HIV-1,gag,118,0.25,3057,0.15750825156303924,0.18127750062609016
HIV-1,gag,118,0.1,1223,0.23849103900058466,0.26679018099678714
HIV-1,gag,127,0.5,6112,0.1061414167155844,0.11690411031843903
HIV-1,gag,127,0.25,3056,0.14958113817072918,0.1644099396620273
HIV-1,gag,127,0.1,1221,0.22994552191984136,0.2502291567659524
HIV-1,gag,136,0.5,6113,0.0913282732549689,0.10206203130493435
HIV-1,gag,136,0.25,3056,0.12527669817550435,0.13987169080722453
HIV-1,gag,136,0.1,1223,0.1889214663071161,0.2102344671843303
HIV-1,gag,145,0.5,6111,0.09684170659133243,0.10745348552390663
HIV-1,gag,145,0.25,3055,0.13362276015212937,0.1481992394279974
HIV-1,gag,145,0.1,1222,0.20324581737451528,0.24370767860208206
HIV-1,gag,154,0.5,6112,0.09974631894585693,0.10895228000838578
HIV-1,gag,154,0.25,3055,0.13761924101420533,0.15209979080700145
HIV-1,gag,154,0.1,1223,0.21138963930738916,0.24321094982788463
HIV-1,gag,163,0.5,6111,0.09052341646100089,0.10091125799364804
HIV-1,gag,163,0.25,3054,0.12322684221594274,0.13886519699856484
HIV-1,gag,163,0.1,1223,0.18799235580594661,0.20999315881825817
HIV-1,gag,172,0.5,6113,0.10843742662188316,0.12713418365565354
HIV-1,gag,172,0.25,3056,0.14936020173148568,0.160555139053048
HIV-1,gag,172,0.1,1222,0.22471315543298626,0.24872755612534422
HIV-1,gag,181,0.5,6111,0.07926521131940878,0.08824120755487333
HIV-1,gag,181,0.25,3055,0.1097476047953868,0.1213848531925432
HIV-1,gag,181,0.1,1222,0.16489407303354853,0.18105577297751652
HIV-1,gag,190,0.5,6112,0.09758529670040045,0.10827333543601479
HIV-1,gag,190,0.25,3056,0.1347192587230904,0.1566628259398945
HIV-1,gag,190,0.1,1224,0.20086622006503171,0.22651331982661482
HIV-1,gag,199,0.5,6111,0.09001110798609512,0.09925336323606833
HIV-1,gag,199,0.25,3056,0.12419262283793327,0.13773600237623507
HIV-1,gag,199,0.1,1221,0.1881221424248499,0.20930923912018165
HIV-1,gag,208,0.5,6111,0.09397074241725387,0.1054887168146393
HIV-1,gag,208,0.25,3055,0.13002006031285523,0.1491407788976075
HIV-1,gag,208,0.1,1222,0.19651892742085633,0.22822997310764967
HIV-1,gag,217,0.5,6111,0.10315239615061302,0.1126867254319649
HIV-1,gag,217,0.25,3057,0.14019158123388056,0.15927181905591128
HIV-1,gag,217,0.1,1222,0.20773911506950668,0.23264632464609614
HIV-1,gag,226,0.5,6113,0.0884929028383128,0.10615787318667451
HIV-1,gag,226,0.25,3056,0.12499828115267929,0.1489936094949079
HIV-1,gag,226,0.1,1223,0.19015605667139238,0.22204743870272112
HIV-1,gag,235,0.5,6113,0.0812475652062707,0.08970733379286709
HIV-1,gag,235,0.25,3056,0.11248766385584366,0.12827324562725814
HIV-1,gag,235,0.1,1223,0.17221482571748867,0.19908308888781195
HIV-1,gag,244,0.5,6112,0.09212934621801064,0.11383217777430335
HIV-1,gag,244,0.25,3057,0.12967087976788547,0.14886697651967493
HIV-1,gag,244,0.1,1222,0.2001210538212204,0.22964505530971127
HIV-1,gag,253,0.5,6112,0.1109734634760763,0.12154987828155484
HIV-1,gag,253,0.25,3057,0.15464609958339443,0.17076511413409443
HIV-1,gag,253,0.1,1223,0.2236656473718748,0.25011213925402964
HIV-1,gag,262,0.5,6112,0.10497488400379909,0.11763024230667789
HIV-1,gag,262,0.25,3056,0.14612640770058907,0.1626940338906833
HIV-1,gag,262,0.1,1222,0.22298592946044452,0.2460788993936121
HIV-1,gag,271,0.5,6112,0.062246145751395233,0.07166749782906465
HIV-1,gag,271,0.25,3056,0.08579929396337148,0.10249421281778283
HIV-1,gag,271,0.1,1223,0.13014804182943482,0.15401885664389975
HIV-1,gag,280,0.5,6112,0.09039389810213211,0.1055446616694191
HIV-1,gag,280,0.25,3056,0.12724646926484343,0.14590242123036543
HIV-1,gag,280,0.1,1222,0.1939409476500849,0.22124223863106451
HIV-1,gag,289,0.5,6112,0.10167984998269851,0.11094195139347861
HIV-1,gag,289,0.25,3056,0.13871390560984545,0.15631526953597488
HIV-1,gag,289,0.1,1223,0.20339648853588302,0.23250575529964773
HIV-1,gag,298,0.5,6111,0.11018860302016277,0.12052479460888409
HIV-1,gag,298,0.25,3057,0.1537745946444798,0.16578820177233686
HIV-1,gag,298,0.1,1222,0.2317775907678015,0.2511955726618358
HIV-1,gag,307,0.5,6111,0.09422315917940113,0.10616153259712638
HIV-1,gag,307,0.25,3057,0.12836000565218073,0.14359307904537305
HIV-1,gag,307,0.1,1221,0.18917517636198566,0.21470458902497036
HIV-1,gag,316,0.5,6112,0.1082012321942075,0.12027003203136456
HIV-1,gag,316,0.25,3056,0.14864042450849638,0.1720925591896032
HIV-1,gag,316,0.1,1222,0.22370735821258506,0.24547248944352573
HIV-1,gag,325,0.5,6111,0.0804699326970665,0.09134861038383521
HIV-1,gag,325,0.25,3055,0.11001438106432412,0.12435418890294721
HIV-1,gag,325,0.1,1222,0.16304755393867976,0.18731025530360185
HIV-1,gag,334,0.5,6112,0.0819146642341094,0.09033819092779341
HIV-1,gag,334,0.25,3056,0.11470051129491789,0.1342909875516697
HIV-1,gag,334,0.1,1222,0.17721984153635448,0.21180317059802928
HIV-1,gag,343,0.5,6111,0.10010337128738071,0.10943926960867632
HIV-1,gag,343,0.25,3056,0.13550355721879126,0.14785024525149223
HIV-1,gag,343,0.1,1221,0.20459318374767263,0.23370373974919226
HIV-1,gag,352,0.5,6113,0.08961846529233386,0.09777040381542156
HIV-1,gag,352,0.25,3056,0.12080962758356358,0.13494311492289138
HIV-1,gag,352,0.1,1222,0.17613558919942202,0.21373941017563966
HIV-1,gag,361,0.5,6112,0.09663801089645875,0.10448855076987
HIV-1,gag,361,0.25,3056,0.1325541319877792,0.14842525799636763
HIV-1,gag,361,0.1,1223,0.19752709940358038,0.22313775283832116
HIV-1,gag,370,0.5,6111,0.06579211298387903,0.07391835283917696
HIV-1,gag,370,0.25,3055,0.09284510570899307,0.10886758296593788
HIV-1,gag,370,0.1,1222,0.14353120329215066,0.1622725179830682
HIV-1,gag,379,0.5,6112,0.11838045109557772,0.12865004594824447
HIV-1,gag,379,0.25,3056,0.162918989231256,0.17532770010233018
HIV-1,gag,379,0.1,1223,0.2415686967170106,0.2829758187348133
HIV-1,gag,388,0.5,6112,0.0717769711966521,0.08994115980341341
HIV-1,gag,388,0.25,3056,0.10250619136261041,0.12267630965965406
HIV-1,gag,388,0.1,1223,0.16150742560070158,0.20623185760256438
HIV-1,gag,397,0.5,6111,0.10483427917321807,0.11884750243808104
HIV-1,gag,397,0.25,3056,0.1442480886418763,0.15507402579619733
HIV-1,gag,397,0.1,1222,0.2126472650636244,0.23638081679963013
HIV-1,gag,406,0.5,6112,0.06621084046584672,0.07674599196782801
HIV-1,gag,406,0.25,3057,0.09051407923926777,0.09849959831667342
HIV-1,gag,406,0.1,1223,0.13732922476794762,0.1544400889000298
HIV-1,gag,415,0.5,6111,0.10029159318326446,0.11202085645032063
HIV-1,gag,415,0.25,3056,0.1394562861139041,0.15361882237849922
HIV-1,gag,415,0.1,1222,0.20860748818238012,0.23192138770463164
HIV-1,gag,424,0.5,6112,0.09007767612570582,0.10268945328613863
HIV-1,gag,424,0.25,3056,0.12330766159741288,0.14158332114471797
HIV-1,gag,424,0.1,1224,0.18717083470933915,0.2167945669804852
HIV-1,gag,433,0.5,6112,0.057004507748263177,0.06579457971929295
HIV-1,gag,433,0.25,3056,0.08019147086008424,0.09574405291313023
HIV-1,gag,433,0.1,1222,0.12519651203911666,0.14849141441857577
HIV-1,gag,442,0.5,6112,0.07918357383471088,0.09269260165248044
HIV-1,gag,442,0.25,3057,0.11017009460895999,0.12173290885159073
HIV-1,gag,442,0.1,1222,0.1688387935818244,0.203922502022288
HIV-1,gag,451,0.5,6111,0.07240623067540458,0.08612688465078604
HIV-1,gag,451,0.25,3056,0.10321674381764219,0.11973370084520309
HIV-1,gag,451,0.1,1222,0.16242067328116308,0.18178795167433237
HIV-1,gag,460,0.5,6111,0.07502233854371618,0.0847435730238186
HIV-1,gag,460,0.25,3055,0.10547688073873118,0.1227352111156335
HIV-1,gag,460,0.1,1222,0.16217993212568535,0.18785329687186383
HIV-1,gag,469,0.5,6112,0.126485582697346,0.13393622054756227
HIV-1,gag,469,0.25,3056,0.17021078295086547,0.18853620824272677
HIV-1,gag,469,0.1,1222,0.2488981519189389,0.2737892446153176
HIV-1,gag,478,0.5,6112,0.0843119797412935,0.09719861366123077
HIV-1,gag,478,0.25,3056,0.12074692556640532,0.1372985312979097
HIV-1,gag,478,0.1,1223,0.18806990367833934,0.20980716165492805
HIV-1,gag,487,0.5,6112,0.11503140221480068,0.12462325423304732
HIV-1,gag,487,0.25,3057,0.15958514989009795,0.17250827272725275
HIV-1,gag,487,0.1,1223,0.23870942286068608,0.2677546354500817
HIV-1,gag,496,0.5,6111,0.08306096864945021,0.09241381463846254
HIV-1,gag,496,0.25,3055,0.11441405398210285,0.1374626333797543
HIV-1,gag,496,0.1,1222,0.17306655017484396,0.20195089748917072
HIV-1,gag,505,0.5,6111,0.06896605657203916,0.08084138338589039
HIV-1,gag,505,0.25,3055,0.0933989883796509,0.12126881170320221
HIV-1,gag,505,0.1,1222,0.13390902929212556,0.17373707495843463
HIV-1,gag,514,0.5,6112,0.09408282489109424,0.10577872171133795
HIV-1,gag,514,0.25,3056,0.1321378032213858,0.14966877707026602
HIV-1,gag,514,0.1,1222,0.20298162841650966,0.23199254745715822
HIV-1,gag,523,0.5,6111,0.09601767992366243,0.10875471020524557
HIV-1,gag,523,0.25,3055,0.134079411474753,0.15670902510560303
HIV-1,gag,523,0.1,1222,0.20045205310856196,0.2367672199273427
HIV-1,gag,532,0.5,6111,0.08270813910694046,0.09795300016723027
HIV-1,gag,532,0.25,3055,0.11075373371260981,0.12531443896367098
HIV-1,gag,532,0.1,1223,0.16310083932599395,0.18944865819670015
HIV-1,gag,541,0.5,6112,0.07872829384946202,0.08944034134648479
HIV-1,gag,541,0.25,3055,0.10630368646929242,0.13078764715714059
HIV-1,gag,541,0.1,1222,0.1594577911487781,0.18735891696429097
HIV-1,gag,550,0.5,6111,0.10816907096553469,0.11892936120382067
HIV-1,gag,550,0.25,3055,0.1490500983846453,0.16028006717939375
HIV-1,gag,550,0.1,1222,0.22166165215882602,0.24378347888715243
HIV-1,gag,559,0.5,6111,0.0968391424272114,0.11300579430871908
HIV-1,gag,559,0.25,3055,0.13744498767369573,0.1516195396438252
HIV-1,gag,559,0.1,1223,0.21291006480849842,0.2322013857641722
HIV-1,gag,568,0.5,6111,0.10215011849302226,0.11264893824015569
HIV-1,gag,568,0.25,3056,0.1396560214928542,0.15327204276484283
HIV-1,gag,568,0.1,1221,0.20631992223541407,0.22678502416542043
HIV-1,gag,577,0.5,6111,0.09908939498585173,0.1170379680487272
HIV-1,gag,577,0.25,3055,0.1390908565295546,0.15507998061539202
HIV-1,gag,577,0.1,1222,0.21114895394383196,0.2373817955099332
HIV-1,gag,586,0.5,6111,0.09605000788970902,0.11564122963545118
HIV-1,gag,586,0.25,3055,0.1324363364459906,0.1558302179535142
HIV-1,gag,586,0.1,1222,0.2023026183642084,0.2248244543146252
HIV-1,gag,595,0.5,6113,0.11698727780944557,0.1275181982183852
HIV-1,gag,595,0.25,3057,0.15878950825471144,0.17903040292308606
HIV-1,gag,595,0.1,1222,0.23016940710077588,0.2628661607971885
HIV-1,gag,604,0.5,6111,0.10854405774999477,0.12028309712098643
HIV-1,gag,604,0.25,3055,0.14941510628618157,0.17149406746776674
HIV-1,gag,604,0.1,1221,0.2296109113219125,0.25488139336156906
HIV-1,gag,613,0.5,6112,0.07352564893800394,0.09333417853535353
HIV-1,gag,613,0.25,3056,0.10477595977282178,0.11903900285617139
HIV-1,gag,613,0.1,1223,0.15894967919097305,0.19385828920015824
HIV-1,gag,622,0.5,6111,0.10717369499276275,0.11973800442647041
HIV-1,gag,622,0.25,3056,0.14620920762501996,0.16389014632815002
HIV-1,gag,622,0.1,1222,0.21370066384343406,0.23907777645834047
HIV-1,gag,631,0.5,6111,0.10985452428528265,0.1237333152686542
HIV-1,gag,631,0.25,3056,0.1496240677802702,0.1636797956233883
HIV-1,gag,631,0.1,1224,0.2180938491853003,0.24597727949004308
HIV-1,gag,640,0.5,6112,0.10519548441921281,0.11604161541399616
HIV-1,gag,640,0.25,3055,0.14558127650145095,0.16027320140342782
HIV-1,gag,640,0.1,1221,0.21742760214656404,0.23380959844432092
HIV-1,gag,649,0.5,6112,0.09578483973087185,0.11433546828491127
HIV-1,gag,649,0.25,3056,0.13159082926924506,0.14736072499561376
HIV-1,gag,649,0.1,1223,0.20047188338777602,0.23674278241731758
HIV-1,gag,658,0.5,6112,0.08800895108156795,0.10836929820325648
HIV-1,gag,658,0.25,3056,0.12104148755657743,0.1344901594404958
HIV-1,gag,658,0.1,1222,0.17808323121513833,0.20590945894272916
HIV-1,gag,667,0.5,6111,0.12179280362833861,0.13622680221616457
HIV-1,gag,667,0.25,3055,0.16503413725229038,0.18586011745664893
HIV-1,gag,667,0.1,1224,0.24758987680203476,0.2814702032550441
HIV-1,gag,676,0.5,6114,0.1138990618142528,0.12336407211385392
HIV-1,gag,676,0.25,3058,0.15612357362785828,0.17630271247275198
HIV-1,gag,676,0.1,1223,0.23055363913793556,0.2529093655764587
HIV-1,gag,685,0.5,6113,0.09520425977683002,0.10485158470109457
HIV-1,gag,685,0.25,3057,0.13113130159053554,0.1454685108215938
HIV-1,gag,685,0.1,1223,0.198544208064728,0.23164455150730262
HIV-1,gag,694,0.5,6112,0.06938605311470922,0.07834767334988503
HIV-1,gag,694,0.25,3056,0.09499192051125763,0.11308490169786593
HIV-1,gag,694,0.1,1222,0.13488282312657449,0.15882073544552852
HIV-1,gag,703,0.5,6111,0.09449661735979126,0.10890016796746133
HIV-1,gag,703,0.25,3055,0.12771634370089088,0.14880429554435093
HIV-1,gag,703,0.1,1224,0.18855917777365735,0.2218793444560136
HIV-1,gag,712,0.5,6111,0.09066291319494206,0.10169951090180729
HIV-1,gag,712,0.25,3054,0.12355395298015932,0.13662276153150385
HIV-1,gag,712,0.1,1222,0.18122125341537315,0.2238667402875708
HIV-1,gag,721,0.5,6111,0.10202870464451382,0.11970907980630936
HIV-1,gag,721,0.25,3054,0.1393815869132105,0.15723023997486607
HIV-1,gag,721,0.1,1222,0.2040540651406748,0.2301024839334479
HIV-1,gag,730,0.5,6111,0.10010309219227402,0.1118221775906753
HIV-1,gag,730,0.25,3056,0.13839352903405314,0.15475902341712341
HIV-1,gag,730,0.1,1223,0.20674953710433241,0.23967915322150177
HIV-1,gag,739,0.5,6112,0.09834687104024112,0.11619813469895565
HIV-1,gag,739,0.25,3056,0.1344822656375444,0.148473865401986
HIV-1,gag,739,0.1,1222,0.19839313917255547,0.2258752131364344
HIV-1,gag,748,0.5,6112,0.09920101629012104,0.1115224991763283
HIV-1,gag,748,0.25,3057,0.13906446207811357,0.15231988974666813
HIV-1,gag,748,0.1,1221,0.21317505214236193,0.2389408128968081
HIV-1,gag,757,0.5,6112,0.07052313696985311,0.08028671183574483
HIV-1,gag,757,0.25,3056,0.10207906184688186,0.1253740469873115
HIV-1,gag,757,0.1,1222,0.16180333491128587,0.19735804988335912
HIV-1,gag,766,0.5,6112,0.0925728993603325,0.10860439167293989
HIV-1,gag,766,0.25,3056,0.1279182520972021,0.14069201314670815
HIV-1,gag,766,0.1,1223,0.1956672830484771,0.23523660223450177
HIV-1,gag,775,0.5,6112,0.107827289583336,0.12077482492864848
HIV-1,gag,775,0.25,3056,0.15083417021249831,0.16984776731587978
HIV-1,gag,775,0.1,1223,0.2287321347878799,0.2569778708992863
HIV-1,gag,784,0.5,6112,0.08293609599270893,0.09637799584385577
HIV-1,gag,784,0.25,3055,0.11419156100625365,0.12591406249015852
HIV-1,gag,784,0.1,1223,0.17459046231568282,0.21068064197227707
HIV-1,gag,793,0.5,6113,0.11860397369902566,0.12844723064006436
HIV-1,gag,793,0.25,3056,0.16040472025663305,0.17588912446114172
HIV-1,gag,793,0.1,1222,0.2304233322986838,0.26156194964552293
HIV-1,gag,802,0.5,6111,0.08641102576068634,0.09845639892538972
HIV-1,gag,802,0.25,3055,0.12109365493329044,0.13390684733785946
HIV-1,gag,802,0.1,1223,0.18722454132997102,0.21909523222364427
HIV-1,gag,811,0.5,6112,0.08479960157106553,0.09334031151752718
HIV-1,gag,811,0.25,3056,0.11351296762940732,0.13440897458335954
HIV-1,gag,811,0.1,1222,0.16323265192218453,0.2109241120470649
HIV-1,gag,820,0.5,6112,0.08665710962854084,0.09674298373746025
HIV-1,gag,820,0.25,3056,0.1197989018216009,0.1318599968340017
HIV-1,gag,820,0.1,1223,0.17846515595316123,0.2116108626213392
HIV-1,gag,829,0.5,6112,0.07827263869140642,0.09041197651611484
HIV-1,gag,829,0.25,3056,0.10673657765781605,0.12413638801056762
HIV-1,gag,829,0.1,1222,0.16362726677572376,0.19330406772947173
HIV-1,gag,838,0.5,6112,0.10097931599105225,0.11420642390532364
HIV-1,gag,838,0.25,3056,0.13863426544271307,0.15516025218975413
HIV-1,gag,838,0.1,1222,0.21181508910373414,0.23676274363234664
HIV-1,gag,847,0.5,6112,0.10388962823109785,0.11665006283564139
HIV-1,gag,847,0.25,3056,0.14423130899127207,0.16389828947740165
HIV-1,gag,847,0.1,1223,0.21429833775426807,0.24131074058666882
HIV-1,gag,856,0.5,6111,0.08476386943815169,0.09659876186305984
HIV-1,gag,856,0.25,3056,0.12046364533576402,0.13139409519628248
HIV-1,gag,856,0.1,1222,0.18705642793727328,0.20678930397271342
HIV-1,gag,865,0.5,6111,0.07370751675440314,0.09124638871144748
HIV-1,gag,865,0.25,3055,0.10554376963476579,0.1245081902304156
HIV-1,gag,865,0.1,1223,0.1627329207720675,0.18824881142846556
HIV-1,gag,874,0.5,6112,0.0947933445427391,0.10453682383670283
HIV-1,gag,874,0.25,3055,0.1335666786697711,0.1477846222280739
HIV-1,gag,874,0.1,1222,0.2043638798487255,0.2327541754473176
HIV-1,gag,883,0.5,6112,0.07639877412387072,0.0899953224414372
HIV-1,gag,883,0.25,3056,0.10570621354532365,0.12960758163495628
HIV-1,gag,883,0.1,1222,0.16515416546429373,0.19889313766766495
HIV-1,gag,892,0.5,6111,0.09871283068011097,0.11712010904228978
HIV-1,gag,892,0.25,3055,0.14002060497987684,0.15385560699167275
HIV-1,gag,892,0.1,1222,0.218147773326682,0.24035383292317353
HIV-1,gag,901,0.5,6112,0.09635486180448469,0.10542515110105903
HIV-1,gag,901,0.25,3056,0.13173455241366752,0.14336084530204352
HIV-1,gag,901,0.1,1223,0.19831680947243172,0.23139538354296546
HIV-1,gag,910,0.5,6111,0.13418485938586747,0.1443781920126411
HIV-1,gag,910,0.25,3054,0.18553090699170952,0.20108037451737212
HIV-1,gag,910,0.1,1221,0.27398324408059505,0.29150990102609725
HIV-1,gag,919,0.5,6113,0.094275160238731,0.1066279886155356
HIV-1,gag,919,0.25,3056,0.12927045923903063,0.14818040895036286
HIV-1,gag,919,0.1,1222,0.1970730084518386,0.23469413468994568
HIV-1,gag,928,0.5,6111,0.0944886346842845,0.10674064753682973
HIV-1,gag,928,0.25,3055,0.1317048480112729,0.14674152792107722
HIV-1,gag,928,0.1,1221,0.1994134268034271,0.2304581987243192
HIV-1,gag,937,0.5,6111,0.11228982560490067,0.12189353518151494
HIV-1,gag,937,0.25,3056,0.15331830570964305,0.16612930183982028
HIV-1,gag,937,0.1,1222,0.21995390325752395,0.24266234084954696
HIV-1,gag,946,0.5,6111,0.0687094616550424,0.0805814408014702
HIV-1,gag,946,0.25,3056,0.09061253540050301,0.11530555149191658
HIV-1,gag,946,0.1,1223,0.1285185492033686,0.15334739326329697
HIV-1,gag,955,0.5,6113,0.10359786913665511,0.1166779705913672
HIV-1,gag,955,0.25,3056,0.14383568434139227,0.16061008046265002
HIV-1,gag,955,0.1,1223,0.2121051288670905,0.23800966897720666
HIV-1,gag,964,0.5,6111,0.11418577824650775,0.12512300843094987
HIV-1,gag,964,0.25,3056,0.15960981279570993,0.1734492722903844
HIV-1,gag,964,0.1,1222,0.241626424182169,0.27293154868658276
HIV-1,gag,973,0.5,6111,0.10421128552506558,0.11830595215291694
HIV-1,gag,973,0.25,3056,0.14562812454665777,0.17175826969483893
HIV-1,gag,973,0.1,1223,0.22697451888921516,0.2534889536072093
HIV-1,gag,982,0.5,6111,0.0894355572636541,0.09966130051344502
HIV-1,gag,982,0.25,3055,0.12275411848517499,0.14440831364694132
HIV-1,gag,982,0.1,1223,0.1845739611612162,0.20832747710662383
HIV-1,gag,991,0.5,6112,0.10690908065783294,0.11258083109937003
HIV-1,gag,991,0.25,3056,0.14604543347306528,0.15949482467029782
HIV-1,gag,991,0.1,1223,0.22025784637740894,0.24484248693190608
HIV-1,gag,1000,0.5,6111,0.08983785957264577,0.10222710284319099
HIV-1,gag,1000,0.25,3055,0.12513785797671725,0.13754723563147933
HIV-1,gag,1000,0.1,1223,0.19120899704841707,0.2228112122937073
HIV-1,gag,1009,0.5,6113,0.09424691159660384,0.10319031958292631
HIV-1,gag,1009,0.25,3057,0.13278608410576065,0.15365152925970227
HIV-1,gag,1009,0.1,1222,0.21019356414478155,0.23007833977882078
HIV-1,gag,1018,0.5,6111,0.10963678455923076,0.12270794385526303
HIV-1,gag,1018,0.25,3057,0.15404802174929302,0.17193684115712457
HIV-1,gag,1018,0.1,1221,0.23052601911651052,0.2697236257423499
HIV-1,gag,1027,0.5,6111,0.09583962421688749,0.10813678246404189
HIV-1,gag,1027,0.25,3055,0.13381125023426266,0.15631509688523457
HIV-1,gag,1027,0.1,1222,0.20397687283989438,0.22914908547272778
HIV-1,gag,1036,0.5,6112,0.06898543294490013,0.08141400073944788
HIV-1,gag,1036,0.25,3056,0.09196530040751402,0.10871855012640876
HIV-1,gag,1036,0.1,1223,0.1317121179200609,0.1584897245353529
HIV-1,gag,1045,0.5,6112,0.08099852608707322,0.09959748267775591
HIV-1,gag,1045,0.25,3056,0.1150328780389443,0.13358073755791824
HIV-1,gag,1045,0.1,1222,0.17609805643761722,0.19853663585339124
HIV-1,gag,1054,0.5,6111,0.08856992614539251,0.10733160742641537
HIV-1,gag,1054,0.25,3056,0.12488832835946934,0.13701777170591378
HIV-1,gag,1054,0.1,1222,0.18911433644215284,0.21549600500538652
HIV-1,gag,1063,0.5,6112,0.10449838303899028,0.12207733624245218
HIV-1,gag,1063,0.25,3055,0.14732421028172046,0.16169211232328323
HIV-1,gag,1063,0.1,1222,0.2240571865241849,0.245763268231089
HIV-1,gag,1072,0.5,6113,0.0971214580293679,0.10866294734042918
HIV-1,gag,1072,0.25,3056,0.1342722338986015,0.1476316748901352
HIV-1,gag,1072,0.1,1222,0.201360204615516,0.21976399427321622
HIV-1,gag,1081,0.5,6113,0.09686605244188046,0.1065122505619696
HIV-1,gag,1081,0.25,3056,0.13524441158018327,0.15603321034957923
HIV-1,gag,1081,0.1,1222,0.20638457981488523,0.2305997117317165
HIV-1,gag,1090,0.5,6111,0.09704903620595148,0.11219915408493768
HIV-1,gag,1090,0.25,3054,0.13586328226436792,0.15024748788308737
HIV-1,gag,1090,0.1,1223,0.20821397745403095,0.23047864788678796
HIV-1,gag,1099,0.5,6112,0.09130685095546723,0.10668332963335869
HIV-1,gag,1099,0.25,3054,0.12755486227739235,0.14185572372288482
HIV-1,gag,1099,0.1,1223,0.1936376153202669,0.22632051662340458
HIV-1,gag,1108,0.5,6113,0.06963148776680511,0.07561223221346788
HIV-1,gag,1108,0.25,3056,0.0942263930106724,0.10402935590251812
HIV-1,gag,1108,0.1,1222,0.13813107984968556,0.15978072537601995
HIV-1,gag,1117,0.5,6112,0.005673329762082482,0.007950962591797065
HIV-1,gag,1117,0.25,3056,0.007759899113011603,0.010599109051585969
HIV-1,gag,1117,0.1,1222,0.011042752377550653,0.014472957271850407
HIV-1,gag,1126,0.5,6112,0.06484461766746331,0.08044748916788252
HIV-1,gag,1126,0.25,3056,0.08730418931232725,0.10114303524200947
HIV-1,gag,1126,0.1,1222,0.130071183778819,0.15374997728289436
HIV-1,gag,1135,0.5,6111,0.09037172677293041,0.10083245534894167
HIV-1,gag,1135,0.25,3056,0.12270881837058481,0.13632796127407573
HIV-1,gag,1135,0.1,1223,0.1818627611036677,0.2046481818190886
HIV-1,gag,1144,0.5,6111,0.0913149467261858,0.10435571822183065
HIV-1,gag,1144,0.25,3056,0.12748859223817208,0.14718617265519565
HIV-1,gag,1144,0.1,1223,0.19590274403397753,0.22044269262814092
HIV-1,gag,1153,0.5,6113,0.09680897367652823,0.10720605619376725
HIV-1,gag,1153,0.25,3057,0.13306347997836668,0.1521359247653169
HIV-1,gag,1153,0.1,1221,0.19795184694255355,0.21702101270216406
HIV-1,gag,1162,0.5,6112,0.05347407576141071,0.057923437208341325
HIV-1,gag,1162,0.25,3056,0.07207985014729035,0.08183833347900045
HIV-1,gag,1162,0.1,1222,0.10668094185992769,0.13018203811966716
HIV-1,gag,1171,0.5,6111,0.1183034026577193,0.13289149476940362
HIV-1,gag,1171,0.25,3056,0.16362028077134352,0.1805446016393108
HIV-1,gag,1171,0.1,1221,0.24249439725301677,0.2635253178964988
HIV-1,gag,1180,0.5,6112,0.09677193525884142,0.11383748644326276
HIV-1,gag,1180,0.25,3056,0.13306876823384006,0.15093958861053347
HIV-1,gag,1180,0.1,1223,0.19366195157639357,0.22202884858053137
HIV-1,gag,1189,0.5,6111,0.10442757075581503,0.11500863516311695
HIV-1,gag,1189,0.25,3055,0.14541002639054473,0.16227624079699102
HIV-1,gag,1189,0.1,1222,0.22113725199543033,0.2382799984503925
HIV-1,gag,1198,0.5,6112,0.09690204843941753,0.10533500467587756
HIV-1,gag,1198,0.25,3056,0.13418274492342389,0.1488010392431226
HIV-1,gag,1198,0.1,1222,0.20283078413238464,0.22976031120973037
HIV-1,gag,1207,0.5,6111,0.08336101639041414,0.09193422857570518
HIV-1,gag,1207,0.25,3056,0.11651646172253413,0.1368037808782775
HIV-1,gag,1207,0.1,1222,0.1801054037154279,0.20371401242669948
HIV-1,gag,1216,0.5,6112,0.07561518978811287,0.09091749237185565
HIV-1,gag,1216,0.25,3056,0.10527778850601893,0.12298996003495506
HIV-1,gag,1216,0.1,1223,0.15929402971491352,0.18090640022626087
HIV-1,gag,1225,0.5,6112,0.08173843327824379,0.09405810741033122
HIV-1,gag,1225,0.25,3057,0.11489308351373619,0.13795343411671848
HIV-1,gag,1225,0.1,1222,0.18234135681932,0.20133519420551865
HIV-1,gag,1234,0.5,6111,0.08509657959862754,0.09712519944775731
HIV-1,gag,1234,0.25,3057,0.11725285765827696,0.14602052464543272
HIV-1,gag,1234,0.1,1221,0.17737520103371235,0.20528663377230616
HIV-1,gag,1243,0.5,6112,0.07282558040461325,0.09304491812011391
HIV-1,gag,1243,0.25,3056,0.10363728002520135,0.11876830635944326
HIV-1,gag,1243,0.1,1223,0.1629192919600362,0.1799168395831089
HIV-1,gag,1252,0.5,6111,0.10181017856931493,0.11258671369070497
HIV-1,gag,1252,0.25,3056,0.1390978488451882,0.14982312458704258
HIV-1,gag,1252,0.1,1223,0.20752795280514663,0.22629154231666196
HIV-1,gag,1261,0.5,6111,0.07343610623709057,0.09055893313728439
HIV-1,gag,1261,0.25,3055,0.10509675733707005,0.12962783177078738
HIV-1,gag,1261,0.1,1222,0.1637800418343253,0.18614478354106342
HIV-1,gag,1270,0.5,6112,0.09786635083443855,0.11183996559180918
HIV-1,gag,1270,0.25,3056,0.13936723836443438,0.16351303889324034
HIV-1,gag,1270,0.1,1222,0.2199922234119139,0.24658757444214338
HIV-1,gag,1279,0.5,6112,0.10209130586076529,0.11021545495098153
HIV-1,gag,1279,0.25,3057,0.13942880285535264,0.1608728948120768
HIV-1,gag,1279,0.1,1223,0.20960012368809025,0.2378798734566607
HIV-1,gag,1288,0.5,6111,0.09823052056529336,0.11444579831494901
HIV-1,gag,1288,0.25,3055,0.13237057244511452,0.15229364496464334
HIV-1,gag,1288,0.1,1222,0.19123224974975564,0.21676128547542228
HIV-1,gag,1297,0.5,6112,0.0719607257593037,0.08278998414865975
HIV-1,gag,1297,0.25,3056,0.09768078931211002,0.11092725405719028
HIV-1,gag,1297,0.1,1223,0.14147068971797036,0.17092167251426785
HIV-1,gag,1306,0.5,6111,0.0969319958838865,0.10549023758992129
HIV-1,gag,1306,0.25,3055,0.1331010397255389,0.1448651684589994
HIV-1,gag,1306,0.1,1223,0.2002892963044519,0.22224979601837627
HIV-1,gag,1315,0.5,6112,0.09893955423519965,0.11116954960149338
HIV-1,gag,1315,0.25,3055,0.13647551923344728,0.16056929541878984
HIV-1,gag,1315,0.1,1221,0.20527818311840054,0.2307103078138489
HIV-1,gag,1324,0.5,6111,0.0913858142042815,0.09972759059128884
HIV-1,gag,1324,0.25,3056,0.12846339781284669,0.14686135938202632
HIV-1,gag,1324,0.1,1222,0.19319370407423647,0.21815022303731446
HIV-1,gag,1333,0.5,6111,0.07879702806613445,0.09051849104881923
HIV-1,gag,1333,0.25,3055,0.11034218538873299,0.12873117984578086
HIV-1,gag,1333,0.1,1222,0.1660690611495428,0.18773199099786206
HIV-1,gag,1342,0.5,6111,0.11759579693533777,0.1322667969360916
HIV-1,gag,1342,0.25,3056,0.1638420126057274,0.1864861611074557
HIV-1,gag,1342,0.1,1221,0.24699284746853062,0.27457162390401296
HIV-1,gag,1351,0.5,6112,0.09126458250396684,0.09844362505529779
HIV-1,gag,1351,0.25,3056,0.12577418944687888,0.14055988722707652
HIV-1,gag,1351,0.1,1221,0.1874482599850996,0.2263218793899383
HIV-1,gag,1360,0.5,6112,0.1040922955735492,0.11749491741643707
HIV-1,gag,1360,0.25,3056,0.14194872103279546,0.15564776301746486
HIV-1,gag,1360,0.1,1223,0.21367768192127962,0.23061901145017452
HIV-1,gag,1369,0.5,6112,0.06464465250189028,0.07998824823864686
HIV-1,gag,1369,0.25,3056,0.08913761749223398,0.10797881708343289
HIV-1,gag,1369,0.1,1222,0.13544563447360877,0.16550848716066222
HIV-1,gag,1378,0.5,6112,0.1029487083645937,0.11392674079539432
HIV-1,gag,1378,0.25,3056,0.14526724125446835,0.15973903108634438
HIV-1,gag,1378,0.1,1223,0.22038134389990832,0.2479300841401244
HIV-1,gag,1387,0.5,6112,0.10759254215574585,0.11863755221469523
HIV-1,gag,1387,0.25,3055,0.1474759242760337,0.16873142756624013
HIV-1,gag,1387,0.1,1224,0.2207894638420967,0.24257372949754957
HIV-1,gag,1396,0.5,6111,0.08247594416947202,0.09005341732292843
HIV-1,gag,1396,0.25,3056,0.11407343065574206,0.126049401995262
HIV-1,gag,1396,0.1,1223,0.17415104649246843,0.1897387990943242
HIV-1,gag,1405,0.5,6111,0.07218622807428525,0.08265418030865743
HIV-1,gag,1405,0.25,3056,0.09906571800444088,0.11587427903369503
HIV-1,gag,1405,0.1,1223,0.149383704415417,0.16759370269014515
HIV-1,gag,1414,0.5,6111,0.0815102266316294,0.08888858414623066
HIV-1,gag,1414,0.25,3056,0.10793829327579801,0.11763623595025309
HIV-1,gag,1414,0.1,1221,0.1563223280547178,0.17539699120918437
HIV-1,gag,1423,0.5,6112,0.10110063861346903,0.11519287147483113
HIV-1,gag,1423,0.25,3055,0.13888186648395054,0.15748004561118087
HIV-1,gag,1423,0.1,1224,0.207831712449211,0.2369521425991117
HIV-1,gag,1432,0.5,6111,0.048322842202900514,0.05614767046477552
HIV-1,gag,1432,0.25,3056,0.0661659308577106,0.0754649520205445
HIV-1,gag,1432,0.1,1222,0.09610182433111102,0.11276420308341795
HIV-1,gag,1441,0.5,6111,0.0712634405513138,0.08007592044576298
HIV-1,gag,1441,0.25,3057,0.09694737043628811,0.10580600383449988
HIV-1,gag,1441,0.1,1222,0.14520150660607725,0.16521153067423017
HIV-1,gag,1450,0.5,6111,0.07700225564216219,0.08737168916019288
HIV-1,gag,1450,0.25,3056,0.10330867136410878,0.11863569722373889
HIV-1,gag,1450,0.1,1223,0.1534971482143739,0.18621793036121434
HIV-1,gag,1459,0.5,6111,0.11644188986658674,0.1251396083100152
HIV-1,gag,1459,0.25,3056,0.16295717078037125,0.18258957939459838
HIV-1,gag,1459,0.1,1222,0.24687990860550765,0.2718099393353687
HIV-1,gag,1468,0.5,6112,0.08371923681921373,0.09590343657693085
HIV-1,gag,1468,0.25,3056,0.11303152390217686,0.12465684650947967
HIV-1,gag,1468,0.1,1223,0.16998282868872433,0.1967250806939409
HIV-1,gag,1477,0.5,6111,0.08142619438848207,0.10047708021592289
HIV-1,gag,1477,0.25,3055,0.10967127294914693,0.1295498860398642
HIV-1,gag,1477,0.1,1222,0.1620810656951165,0.18540548607155463
HIV-1,gag,1486,0.5,6111,0.1008549636174974,0.11412716176897193
HIV-1,gag,1486,0.25,3055,0.1392278151164042,0.15679493896141422
HIV-1,gag,1486,0.1,1222,0.2123271042464132,0.23609597265222587
HIV-1,pol,1,0.5,6112,0.052087812775027914,0.0677434499659996
HIV-1,pol,1,0.25,3056,0.07174749310957766,0.09345974576430018
HIV-1,pol,1,0.1,1222,0.10096171869749318,0.1347730496992419
HIV-1,pol,10,0.5,6111,0.09523274451831211,0.10296869603498561
HIV-1,pol,10,0.25,3054,0.1297717774630289,0.14212452681140783
HIV-1,pol,10,0.1,1222,0.19573423762317713,0.21856687846720604
HIV-1,pol,19,0.5,6111,0.09964745974859468,0.11177507334355075
HIV-1,pol,19,0.25,3055,0.13911643150462197,0.15710085593286655
HIV-1,pol,19,0.1,1221,0.2070507278498993,0.23690788157718162
HIV-1,pol,28,0.5,6111,0.0894811008212789,0.106239317070173
HIV-1,pol,28,0.25,3056,0.12477709742782742,0.14107791111917928
HIV-1,pol,28,0.1,1221,0.19192631942360505,0.21453275215927198
HIV-1,pol,37,0.5,6112,0.08866819360729332,0.10861988236957158
HIV-1,pol,37,0.25,3056,0.12326750442049712,0.13837280253230608
HIV-1,pol,37,0.1,1223,0.18473267245417885,0.20456402722741238
HIV-1,pol,46,0.5,6113,0.11935182012107855,0.13172114535775314
HIV-1,pol,46,0.25,3057,0.16661109628588036,0.18504133816187143
HIV-1,pol,46,0.1,1222,0.2518045104541304,0.27637692847370804
HIV-1,pol,55,0.5,6112,0.08158353736331157,0.09059245746215294
HIV-1,pol,55,0.25,3056,0.11244521553863132,0.1279519472066071
HIV-1,pol,55,0.1,1222,0.171362654411711,0.1884924950035384
HIV-1,pol,64,0.5,6111,0.11372076609068281,0.12487881043114911
HIV-1,pol,64,0.25,3057,0.15367516988051272,0.17181049434895837
HIV-1,pol,64,0.1,1222,0.22552687263633453,0.2504831732724954
HIV-1,pol,73,0.5,6112,0.05325728812505373,0.06402560667698237
HIV-1,pol,73,0.25,3056,0.07507911552668368,0.1013487227687612
HIV-1,pol,73,0.1,1223,0.11847165816096883,0.14596179982200927
HIV-1,pol,82,0.5,6112,0.112427917018917,0.12328010975015725
HIV-1,pol,82,0.25,3055,0.15700197172487185,0.17459148048413586
HIV-1,pol,82,0.1,1222,0.23766571736553518,0.26113471055212234
HIV-1,pol,91,0.5,6112,0.10010852136995621,0.11136867149352728
HIV-1,pol,91,0.25,3055,0.13929355271801452,0.15201780541419807
HIV-1,pol,91,0.1,1222,0.20280869335979348,0.22458793195985186
HIV-1,pol,100,0.5,6112,0.11579635381987348,0.12745194176717148
HIV-1,pol,100,0.25,3056,0.15935735422197506,0.1826434869522124
HIV-1,pol,100,0.1,1223,0.23893154622956206,0.2622844023051535
HIV-1,pol,109,0.5,6111,0.06586695584129179,0.07315378837826325
HIV-1,pol,109,0.25,3055,0.09192006356152628,0.1027020043161259
HIV-1,pol,109,0.1,1223,0.13878525476474804,0.1579797388134763
HIV-1,pol,118,0.5,6112,0.07336125101840485,0.081284723866196
HIV-1,pol,118,0.25,3056,0.0983828723337904,0.11294532790091194
HIV-1,pol,118,0.1,1222,0.14412271991753547,0.16294126149046173
HIV-1,pol,127,0.5,6112,0.08315374029941826,0.09646457136885815
HIV-1,pol,127,0.25,3057,0.11400655788602942,0.13267296968332515
HIV-1,pol,127,0.1,1222,0.17267631821428847,0.19553507808930243
HIV-1,pol,136,0.5,6111,0.06025893386171433,0.06684183275673684
HIV-1,pol,136,0.25,3057,0.08211974486477017,0.08920691653431555
HIV-1,pol,136,0.1,1222,0.11890544799514641,0.1389380156648974
HIV-1,pol,145,0.5,6112,0.07652810228126411,0.0872166818881755
HIV-1,pol,145,0.25,3056,0.10425735743352309,0.11567231842413163
HIV-1,pol,145,0.1,1223,0.1556811224825549,0.17098612763838755
HIV-1,pol,154,0.5,6111,0.07310083686909206,0.08790276358471283
HIV-1,pol,154,0.25,3056,0.09925715170324038,0.11389037725227792
HIV-1,pol,154,0.1,1223,0.14673315034307852,0.16573207488078245
HIV-1,pol,163,0.5,6111,0.11150082664382953,0.12600911133715037
HIV-1,pol,163,0.25,3055,0.1564947123030462,0.16908290181209668
HIV-1,pol,163,0.1,1221,0.23715561901013993,0.27707762306253125
HIV-1,pol,172,0.5,6112,0.08300593108409966,0.09695092408741854
HIV-1,pol,172,0.25,3056,0.11346367371847643,0.13160319932647094
HIV-1,pol,172,0.1,1223,0.169963797754556,0.20316756794693477
HIV-1,pol,181,0.5,6111,0.08217696733702932,0.09526435693776893
HIV-1,pol,181,0.25,3054,0.11235575583093417,0.13143238663619258
HIV-1,pol,181,0.1,1222,0.1644294451911758,0.1928663687177743
HIV-1,pol,190,0.5,6111,0.09687844932074575,0.11060189645188019
HIV-1,pol,190,0.25,3056,0.13602118482887857,0.14900384064071293
HIV-1,pol,190,0.1,1223,0.2040906063019142,0.22513770993915824
HIV-1,pol,199,0.5,6111,0.08520231126749435,0.1017157346382677
HIV-1,pol,199,0.25,3055,0.12142537710353131,0.13579725347054272
HIV-1,pol,199,0.1,1222,0.18914180846199016,0.21392433304439015
HIV-1,pol,208,0.5,6113,0.09361784880560832,0.10248310145663785
HIV-1,pol,208,0.25,3056,0.12972999696784912,0.14656559720761142
HIV-1,pol,208,0.1,1222,0.19600138512556647,0.2157034387378198
HIV-1,pol,217,0.5,6111,0.09349749349431108,0.10590581063233459
HIV-1,pol,217,0.25,3055,0.1306920314057945,0.14995573615872584
HIV-1,pol,217,0.1,1222,0.199232895953556,0.22309288399049895
HIV-1,pol,226,0.5,6112,0.11092199905369962,0.12409570529928195
HIV-1,pol,226,0.25,3056,0.1540467358397869,0.16859486332991727
HIV-1,pol,226,0.1,1222,0.23323191211562377,0.25334913441805507
HIV-1,pol,235,0.5,6112,0.08763371289744971,0.10110440979123074
HIV-1,pol,235,0.25,3056,0.12088530799056883,0.13960807076178663
HIV-1,pol,235,0.1,1221,0.1825603384352586,0.20964459072550118
HIV-1,pol,244,0.5,6112,0.0747629237505319,0.0935021118746758
HIV-1,pol,244,0.25,3056,0.10096869851298376,0.11424827524346881
HIV-1,pol,244,0.1,1223,0.14792514454055894,0.1899592502063807
HIV-1,pol,253,0.5,6112,0.05721557454592759,0.06998254926988566
HIV-1,pol,253,0.25,3056,0.07997480452122889,0.09785959886964583
HIV-1,pol,253,0.1,1222,0.11754380594234685,0.13943644670892605
HIV-1,pol,262,0.5,6111,0.07766490737953059,0.08959303041075306
HIV-1,pol,262,0.25,3055,0.10677866230523,0.12868016268938984
HIV-1,pol,262,0.1,1222,0.15722064145472187,0.18247538674721175
HIV-1,pol,271,0.5,6112,0.10230852231607801,0.11148754501093562
HIV-1,pol,271,0.25,3057,0.14547468117653897,0.16125875028322165
HIV-1,pol,271,0.1,1223,0.2188658490241114,0.23578686015254213
HIV-1,pol,280,0.5,6112,0.0983500979427774,0.11524003286494351
HIV-1,pol,280,0.25,3056,0.13746727602302544,0.1544727348173138
HIV-1,pol,280,0.1,1222,0.2040113540709192,0.23318410174562695
HIV-1,pol,289,0.5,6111,0.07951404848725255,0.09702995370735007
HIV-1,pol,289,0.25,3056,0.1104970206870726,0.129330325697134
HIV-1,pol,289,0.1,1222,0.17316596674342968,0.20766778321520268
HIV-1,pol,298,0.5,6112,0.0572282189392778,0.07973673532245465
HIV-1,pol,298,0.25,3056,0.0798544280451242,0.09999173049289949
HIV-1,pol,298,0.1,1223,0.11801870002945701,0.14757622461001957
HIV-1,pol,307,0.5,6112,0.08449244442986631,0.09800729001279504
HIV-1,pol,307,0.25,3056,0.11531356009847143,0.1431777802708982
HIV-1,pol,307,0.1,1223,0.17298145926318334,0.19879606679234085
HIV-1,pol,316,0.5,6111,0.09425806339281677,0.10557429692045178
HIV-1,pol,316,0.25,3056,0.12689975631816408,0.14862775780696252
HIV-1,pol,316,0.1,1222,0.18368855784908392,0.20172395359441497
HIV-1,pol,325,0.5,6113,0.08405995178178846,0.09890799377086469
HIV-1,pol,325,0.25,3056,0.11660259600642396,0.14220786764482793
HIV-1,pol,325,0.1,1223,0.1743499453542966,0.19396755602440058
HIV-1,pol,334,0.5,6111,0.10672273542196954,0.1200285488071816
HIV-1,pol,334,0.25,3055,0.14902768567881344,0.16816621235966323
HIV-1,pol,334,0.1,1223,0.22541823160072047,0.24293162141439612
HIV-1,pol,343,0.5,6111,0.09827545193055559,0.10852326805032848
HIV-1,pol,343,0.25,3055,0.1366114473725617,0.1501264152385665
HIV-1,pol,343,0.1,1222,0.2038860090473343,0.22578238084669583
HIV-1,pol,352,0.5,6111,0.10011249661409982,0.11018500860502835
HIV-1,pol,352,0.25,3057,0.14035411450543428,0.15497732910561113
HIV-1,pol,352,0.1,1223,0.21250007972328683,0.23511359156968645
HIV-1,pol,361,0.5,6111,0.08405025474847766,0.09571328365049854
HIV-1,pol,361,0.25,3056,0.11692429314202764,0.1321022772995569
HIV-1,pol,361,0.1,1222,0.17801490241446785,0.20225071856417115
HIV-1,pol,370,0.5,6111,0.1008306670938349,0.10973022198798942
HIV-1,pol,370,0.25,3055,0.1390862629561177,0.15142566274877706
HIV-1,pol,370,0.1,1222,0.2084967212538344,0.2325761869669383
HIV-1,pol,379,0.5,6111,0.097686458056514,0.11773780171829423
HIV-1,pol,379,0.25,3056,0.13167057279872152,0.15117780244385667
HIV-1,pol,379,0.1,1221,0.18938518191635226,0.21328732035606057
HIV-1,pol,388,0.5,6111,0.10592176352825163,0.11671625648215267
HIV-1,pol,388,0.25,3056,0.14276710232046086,0.16656185179472752
HIV-1,pol,388,0.1,1222,0.21433472718029267,0.2435904194113334
HIV-1,pol,397,0.5,6112,0.09424392114902434,0.10980077498263169
HIV-1,pol,397,0.25,3056,0.13075411036663995,0.14685765219487712
HIV-1,pol,397,0.1,1224,0.2006269122950738,0.22550694741511038
HIV-1,pol,406,0.5,6111,0.10513773342958899,0.11582074459994686
HIV-1,pol,406,0.25,3055,0.14204766324187998,0.1563314963854933
HIV-1,pol,406,0.1,1222,0.20555477211648174,0.22573860480029304
HIV-1,pol,415,0.5,6112,0.08362110729482787,0.09389183148352018
HIV-1,pol,415,0.25,3056,0.1118418484334888,0.13098308320673432
HIV-1,pol,415,0.1,1223,0.16059388898151092,0.1926535638745317
HIV-1,pol,424,0.5,6112,0.09100641039581871,0.10408768653868845
HIV-1,pol,424,0.25,3056,0.12610418772267634,0.1391067088571544
HIV-1,pol,424,0.1,1223,0.18993537903203686,0.2149083493177729
HIV-1,pol,433,0.5,6111,0.10977041016499198,0.11953552624958884
HIV-1,pol,433,0.25,3055,0.1519684601365538,0.165731873427383
HIV-1,pol,433,0.1,1222,0.22830767291638426,0.25360769540284434
HIV-1,pol,442,0.5,6111,0.08266729856187303,0.09287016920858143
HIV-1,pol,442,0.25,3055,0.1162994552489387,0.13091593211081598
HIV-1,pol,442,0.1,1223,0.18393338229103828,0.20226592897789122
HIV-1,pol,451,0.5,6112,0.09612056994478864,0.10558916566905201
HIV-1,pol,451,0.25,3056,0.1351361805523335,0.1512578600931012
HIV-1,pol,451,0.1,1222,0.2091525543694814,0.23187098792043476
HIV-1,pol,460,0.5,6111,0.10156940731036898,0.11081980717836393
HIV-1,pol,460,0.25,3055,0.1428961678283053,0.16446593347209248
HIV-1,pol,460,0.1,1222,0.2139093509623046,0.250408698474173
HIV-1,pol,469,0.5,6112,0.11742352863084732,0.12810728441453204
HIV-1,pol,469,0.25,3056,0.158770595555398,0.18095052102960518
HIV-1,pol,469,0.1,1223,0.23295971330094342,0.26227234059147014
HIV-1,pol,478,0.5,6112,0.09599450094541813,0.11259309355770687
HIV-1,pol,478,0.25,3057,0.1329504821475198,0.14777878540220857
HIV-1,pol,478,0.1,1222,0.2007402163951461,0.2251961241310552
HIV-1,pol,487,0.5,6112,0.07426419204937335,0.08700672413092243
HIV-1,pol,487,0.25,3056,0.10270077646211705,0.12017173136529893
HIV-1,pol,487,0.1,1222,0.15177682788882998,0.17839875352288337
HIV-1,pol,496,0.5,6112,0.09208979721647409,0.10359385032891312
HIV-1,pol,496,0.25,3056,0.12729123808447745,0.14677052564923068
HIV-1,pol,496,0.1,1222,0.19001082100038824,0.22904893682962835
HIV-1,pol,505,0.5,6112,0.08859034563322354,0.09845399332404789
HIV-1,pol,505,0.25,3056,0.11962078344338299,0.1432580037128621
HIV-1,pol,505,0.1,1223,0.17030834776010084,0.2008941651749418
HIV-1,pol,514,0.5,6112,0.07272307032463045,0.09263924339709936
HIV-1,pol,514,0.25,3056,0.10228215119112197,0.11645966191809373
HIV-1,pol,514,0.1,1223,0.15864829215276666,0.18667480945813558
HIV-1,pol,523,0.5,6111,0.10019262020186763,0.11383176635750343
HIV-1,pol,523,0.25,3056,0.1384131841405282,0.15481596145281368
HIV-1,pol,523,0.1,1221,0.20639966662684817,0.24279351219712275
HIV-1,pol,532,0.5,6111,0.08680046703055491,0.10640080950010143
HIV-1,pol,532,0.25,3055,0.11968898146219585,0.14073545625996559
HIV-1,pol,532,0.1,1222,0.17671998056860577,0.20742231671608616
HIV-1,pol,541,0.5,6112,0.09199559160779622,0.10771682116025663
HIV-1,pol,541,0.25,3055,0.12457540528554943,0.13968168167473569
HIV-1,pol,541,0.1,1223,0.18704685994085368,0.214570372254787
HIV-1,pol,550,0.5,6111,0.07481272895084161,0.08905531911103759
HIV-1,pol,550,0.25,3055,0.10640864333858341,0.12193464087828079
HIV-1,pol,550,0.1,1222,0.16150809212682662,0.1872574392764429
HIV-1,pol,559,0.5,6112,0.09496356806990525,0.10715041619597906
HIV-1,pol,559,0.25,3056,0.1283820356379555,0.14257032511677042
HIV-1,pol,559,0.1,1222,0.18747672836438636,0.22359222630468148
HIV-1,pol,568,0.5,6111,0.12154555737116042,0.1335175649691782
HIV-1,pol,568,0.25,3056,0.16724250295024037,0.18471841384501933
HIV-1,pol,568,0.1,1222,0.2469752728712621,0.27250710848056764
HIV-1,pol,577,0.5,6112,0.10855200785247811,0.11774693039989638
HIV-1,pol,577,0.25,3057,0.14812770410110052,0.15922815859733466
HIV-1,pol,577,0.1,1222,0.2202507187884419,0.24933696325788612
HIV-1,pol,586,0.5,6111,0.10636470055329711,0.1163877788689235
HIV-1,pol,586,0.25,3055,0.1479945816653163,0.16560430614194224
HIV-1,pol,586,0.1,1221,0.22018689633143998,0.2521463069804814
HIV-1,pol,595,0.5,6112,0.08804809415751473,0.09939073437504935
HIV-1,pol,595,0.25,3056,0.1225196235248086,0.13646627036540648
HIV-1,pol,595,0.1,1221,0.18672074966068547,0.21752688546016763
HIV-1,pol,604,0.5,6111,0.10052222173236672,0.10964003690354476
HIV-1,pol,604,0.25,3055,0.1408125228432581,0.15757294823276127
HIV-1,pol,604,0.1,1222,0.2139962833437415,0.23848024038883683
HIV-1,pol,613,0.5,6111,0.08433373740508421,0.09651739532840709
HIV-1,pol,613,0.25,3056,0.1146073473409363,0.1324197717233736
HIV-1,pol,613,0.1,1222,0.16823115686644563,0.19303558729194853
HIV-1,pol,622,0.5,6111,0.08020137924249118,0.09062453221868334
HIV-1,pol,622,0.25,3056,0.10804833482700923,0.1372350925211494
HIV-1,pol,622,0.1,1223,0.16063248819960255,0.19300429957353055
HIV-1,pol,631,0.5,6111,0.09662219272133815,0.10742559107124697
HIV-1,pol,631,0.25,3054,0.1314205987146828,0.14866839133694668
HIV-1,pol,631,0.1,1222,0.19753895096167956,0.2178928770994194
HIV-1,pol,640,0.5,6111,0.08149587121325896,0.09741210513607026
HIV-1,pol,640,0.25,3056,0.11312464458703841,0.13677095788155394
HIV-1,pol,640,0.1,1222,0.17344426100807459,0.20019423582278847
HIV-1,pol,649,0.5,6112,0.10792922539566638,0.12002741708154582
HIV-1,pol,649,0.25,3055,0.15018641740006938,0.16580778552442924
HIV-1,pol,649,0.1,1222,0.22467897246665586,0.24480052951107087
HIV-1,pol,658,0.5,6111,0.11636794816634606,0.13344078024489525
HIV-1,pol,658,0.25,3056,0.16345436358115958,0.17406508737220838
HIV-1,pol,658,0.1,1222,0.24732172983012032,0.2727643466343011
HIV-1,pol,667,0.5,6113,0.10851517286308478,0.12116486144427234
HIV-1,pol,667,0.25,3056,0.15168317683424237,0.1660888559925439
HIV-1,pol,667,0.1,1222,0.22639824802120082,0.2577848817579784
HIV-1,pol,676,0.5,6111,0.08925144199198069,0.10166562383106291
HIV-1,pol,676,0.25,3055,0.12396971297866886,0.15289246387002292
HIV-1,pol,676,0.1,1222,0.183477646512557,0.21776380282496097
HIV-1,pol,685,0.5,6112,0.08083108294370599,0.09081756387661719
HIV-1,pol,685,0.25,3056,0.11113519415644887,0.12626784208378863
HIV-1,pol,685,0.1,1222,0.16520674876243746,0.1892598945139992
HIV-1,pol,694,0.5,6112,0.12098671521682501,0.13288720903676965
HIV-1,pol,694,0.25,3056,0.16853178887556736,0.1857719570046031
HIV-1,pol,694,0.1,1222,0.2504554758216055,0.27537559155951186
HIV-1,pol,703,0.5,6111,0.1062722363668971,0.1275647906985534
HIV-1,pol,703,0.25,3055,0.150742060628055,0.17970238318379508
HIV-1,pol,703,0.1,1222,0.2265811417492697,0.24799908651120559
HIV-1,pol,712,0.5,6111,0.08401703600662769,0.10034430166310736
HIV-1,pol,712,0.25,3056,0.11964611531311645,0.1427077289529683
HIV-1,pol,712,0.1,1222,0.18287591435470632,0.20199881701478364
HIV-1,pol,721,0.5,6112,0.10115485607262935,0.11585816952449773
HIV-1,pol,721,0.25,3055,0.14201420024878195,0.16025387349132716
HIV-1,pol,721,0.1,1222,0.21501186163494648,0.2428634370022432
HIV-1,pol,730,0.5,6112,0.08878013605922468,0.1006674640029243
HIV-1,pol,730,0.25,3056,0.1213495536362278,0.13838420813362662
HIV-1,pol,730,0.1,1223,0.18173898563901755,0.20786597759169664
HIV-1,pol,739,0.5,6111,0.07933686469072403,0.09079023363871332
HIV-1,pol,739,0.25,3055,0.11067223781994408,0.12698688273087327
HIV-1,pol,739,0.1,1222,0.16574443961016447,0.1966970627465011
HIV-1,pol,748,0.5,6113,0.13532731192553507,0.1444848046605453
HIV-1,pol,748,0.25,3057,0.18579963492194063,0.20362315519669022
HIV-1,pol,748,0.1,1223,0.2759792828831183,0.2999337905923427
HIV-1,pol,757,0.5,6112,0.10988948813684037,0.1183061057076961
HIV-1,pol,757,0.25,3056,0.15014056269325518,0.1702724646307749
HIV-1,pol,757,0.1,1223,0.22424263113557616,0.24785122940869925
HIV-1,pol,766,0.5,6112,0.07804104251332558,0.08896347940825136
HIV-1,pol,766,0.25,3056,0.10879426426388644,0.12585308247074303
HIV-1,pol,766,0.1,1223,0.1634208405011616,0.18662569165348117
HIV-1,pol,775,0.5,6112,0.09488597710006448,0.1037222584959512
HIV-1,pol,775,0.25,3056,0.131755396395318,0.14754242722621339
HIV-1,pol,775,0.1,1223,0.19896175779865133,0.22728094357145182
HIV-1,pol,784,0.5,6111,0.09093403711538893,0.10619035482638407
HIV-1,pol,784,0.25,3056,0.1256674747498216,0.1422360708876718
HIV-1,pol,784,0.1,1222,0.19011176953391323,0.2122491957947098
HIV-1,pol,793,0.5,6112,0.10898581981286674,0.13471170531900084
HIV-1,pol,793,0.25,3056,0.15153986703007558,0.16577865553279247
HIV-1,pol,793,0.1,1222,0.22689125774151078,0.2484142889528353
HIV-1,pol,802,0.5,6111,0.08646605546985373,0.09751008854121052
HIV-1,pol,802,0.25,3056,0.11782017595732303,0.13384412307333687
HIV-1,pol,802,0.1,1222,0.17156203172553944,0.20465261200535298
HIV-1,pol,811,0.5,6112,0.09656463887152095,0.10762400126163872
HIV-1,pol,811,0.25,3055,0.13153464466300935,0.14313686110218884
HIV-1,pol,811,0.1,1223,0.19333656274181482,0.2250274473721829
HIV-1,pol,820,0.5,6111,0.10250640956196755,0.11583049438475038
HIV-1,pol,820,0.25,3055,0.13850017747408513,0.15225084464275662
HIV-1,pol,820,0.1,1223,0.21284225407538623,0.24032035479884203
HIV-1,pol,829,0.5,6112,0.09018074624215164,0.10090357483084073
HIV-1,pol,829,0.25,3056,0.12512846612917022,0.13423942911853445
HIV-1,pol,829,0.1,1223,0.1880533683662307,0.2054794969520272
HIV-1,pol,838,0.5,6112,0.11184941145778902,0.12292227101165895
HIV-1,pol,838,0.25,3056,0.15896984061810676,0.17674755115863883
HIV-1,pol,838,0.1,1222,0.24071643520081795,0.2596586600219483
HIV-1,pol,847,0.5,6111,0.10711619263328387,0.11748722269455772
HIV-1,pol,847,0.25,3055,0.14623932457382147,0.16629330432716719
HIV-1,pol,847,0.1,1223,0.21875362477312082,0.24129645751329543
HIV-1,pol,856,0.5,6113,0.09247797794690928,0.10386603485970217
HIV-1,pol,856,0.25,3057,0.12802391517090625,0.14283900709732206
HIV-1,pol,856,0.1,1223,0.18775756086434692,0.2136379419714265
HIV-1,pol,865,0.5,6111,0.11732816113610353,0.12539973826880058
HIV-1,pol,865,0.25,3056,0.16024674935752722,0.17671943849590557
HIV-1,pol,865,0.1,1223,0.23741205365869947,0.2648887966092502
HIV-1,pol,874,0.5,6111,0.08473157867745143,0.10356739213786297
HIV-1,pol,874,0.25,3055,0.116114349341486,0.1426997204794884
HIV-1,pol,874,0.1,1223,0.17618800186452074,0.21126460825913415
HIV-1,pol,883,0.5,6112,0.10485416081917037,0.11493147893070059
HIV-1,pol,883,0.25,3057,0.1450080758769524,0.1705006362326682
HIV-1,pol,883,0.1,1222,0.2191680036010023,0.23859907727976234
HIV-1,pol,892,0.5,6112,0.10768302544086591,0.12058684287644243
HIV-1,pol,892,0.25,3056,0.1499418545821989,0.17495718334218102
HIV-1,pol,892,0.1,1222,0.22432879355634974,0.24510658415428221
HIV-1,pol,901,0.5,6111,0.09759608193378543,0.11564473424168253
HIV-1,pol,901,0.25,3056,0.13653946006223058,0.15405420205423473
HIV-1,pol,901,0.1,1222,0.20499223249236606,0.23287398846053642
HIV-1,pol,910,0.5,6111,0.10437521996661264,0.11551769588709454
HIV-1,pol,910,0.25,3056,0.14802439432166709,0.16031430305934283
HIV-1,pol,910,0.1,1221,0.2217540661308388,0.24636601130021576
HIV-1,pol,919,0.5,6111,0.05613643686738554,0.07380374033519188
HIV-1,pol,919,0.25,3055,0.0791415625062081,0.09809850621005978
HIV-1,pol,919,0.1,1222,0.12005044780188516,0.13898735504895346
HIV-1,pol,928,0.5,6112,0.09034012368101603,0.10129078220205286
HIV-1,pol,928,0.25,3056,0.12355357732456557,0.1443645273684947
HIV-1,pol,928,0.1,1224,0.18258489845787218,0.2045951843314123
HIV-1,pol,937,0.5,6111,0.09692730343960326,0.10945074250253078
HIV-1,pol,937,0.25,3055,0.13435021915284584,0.15250710024521366
HIV-1,pol,937,0.1,1221,0.19397246273941324,0.2326636669344562
HIV-1,pol,946,0.5,6112,0.09232252283508738,0.1018952622266704
HIV-1,pol,946,0.25,3057,0.12930136556819913,0.14846034443095324
HIV-1,pol,946,0.1,1223,0.19492411577153207,0.2201292661964909
HIV-1,pol,955,0.5,6112,0.052760161041723756,0.0671687265003258
HIV-1,pol,955,0.25,3056,0.07327808615512114,0.099057491817301
HIV-1,pol,955,0.1,1223,0.11999105418981021,0.14141729015807697
HIV-1,pol,964,0.5,6112,0.09146636927567263,0.1026826126469617
HIV-1,pol,964,0.25,3056,0.1259834006678081,0.1410501991182955
HIV-1,pol,964,0.1,1223,0.18716227745079828,0.20874039472006525
HIV-1,pol,973,0.5,6112,0.09068980152441868,0.1036919277146182
HIV-1,pol,973,0.25,3056,0.12533969038922788,0.1408415692275054
HIV-1,pol,973,0.1,1223,0.19366587094934182,0.21916390746787318
HIV-1,pol,982,0.5,6111,0.09717619820662894,0.10560723889300275
HIV-1,pol,982,0.25,3055,0.13161919304162453,0.14460830952992065
HIV-1,pol,982,0.1,1223,0.1963422536870756,0.21117268663398758
HIV-1,pol,991,0.5,6112,0.09801332678767374,0.10909935246572688
HIV-1,pol,991,0.25,3056,0.13521032028559388,0.15293649003883766
HIV-1,pol,991,0.1,1223,0.20650749500503138,0.2307083319180862
HIV-1,pol,1000,0.5,6111,0.12368340138752959,0.13585608728688356
HIV-1,pol,1000,0.25,3055,0.1719687413079921,0.18849934095695628
HIV-1,pol,1000,0.1,1222,0.2500163695277347,0.2795585566467307
HIV-1,pol,1009,0.5,6111,0.0885849160629969,0.10208772544204028
HIV-1,pol,1009,0.25,3055,0.12490386636997458,0.14583933014756342
HIV-1,pol,1009,0.1,1222,0.1878307792778024,0.21615810864875706
HIV-1,pol,1018,0.5,6111,0.10007549106944556,0.11306329527117431
HIV-1,pol,1018,0.25,3055,0.14071490126241262,0.15160447728126222
HIV-1,pol,1018,0.1,1223,0.2161054047344358,0.24151124613200575
HIV-1,pol,1027,0.5,6112,0.0889716270971158,0.10127784540974473
HIV-1,pol,1027,0.25,3055,0.1237697793298109,0.14631920395790085
HIV-1,pol,1027,0.1,1222,0.18524012107626667,0.210489269012039
HIV-1,pol,1036,0.5,6112,0.08248837826279173,0.09338110605737947
HIV-1,pol,1036,0.25,3056,0.11431258407108151,0.13150439002989533
HIV-1,pol,1036,0.1,1223,0.1774890342363023,0.1963792255807357
HIV-1,pol,1045,0.5,6111,0.08400561919043147,0.09746035082236444
HIV-1,pol,1045,0.25,3055,0.11859259999934427,0.1369608058266166
HIV-1,pol,1045,0.1,1222,0.18340770404917114,0.2066784938831492
HIV-1,pol,1054,0.5,6112,0.09500676736790115,0.10918921589084056
HIV-1,pol,1054,0.25,3056,0.13273168387498965,0.1439103255912268
HIV-1,pol,1054,0.1,1221,0.20436863723905255,0.22805007078848946
HIV-1,pol,1063,0.5,6112,0.07113372915324687,0.08071904309466357
HIV-1,pol,1063,0.25,3055,0.09985740307518849,0.11580319056247233
HIV-1,pol,1063,0.1,1223,0.1574377062131611,0.1785190935215705
HIV-1,pol,1072,0.5,6111,0.10919129474884155,0.11663946993371822
HIV-1,pol,1072,0.25,3056,0.15078704997368647,0.1705032199424806
HIV-1,pol,1072,0.1,1221,0.22438069277532924,0.24782993343164714
HIV-1,pol,1081,0.5,6111,0.08509775833984225,0.09729946832038378
HIV-1,pol,1081,0.25,3055,0.12085397617826003,0.13550508784246745
HIV-1,pol,1081,0.1,1222,0.18805979746151766,0.21554307595681338
HIV-1,pol,1090,0.5,6111,0.08038645497363942,0.0875099961361422
HIV-1,pol,1090,0.25,3055,0.10937469322047706,0.12321143569595035
HIV-1,pol,1090,0.1,1222,0.1615527615211806,0.17697019973784706
HIV-1,pol,1099,0.5,6112,0.06226423741273021,0.07551063541285628
HIV-1,pol,1099,0.25,3057,0.0892652300062372,0.10640785381028521
HIV-1,pol,1099,0.1,1223,0.13751801074501935,0.16333059009686882
HIV-1,pol,1108,0.5,6113,0.08088577205985074,0.09163734231179435
HIV-1,pol,1108,0.25,3056,0.11262064353519044,0.13198998838661152
HIV-1,pol,1108,0.1,1223,0.17194312589001,0.19939428491604086
HIV-1,pol,1117,0.5,6111,0.1205188979407209,0.13735721215550778
HIV-1,pol,1117,0.25,3055,0.16729465979095648,0.19216109627538136
HIV-1,pol,1117,0.1,1222,0.25111574110641405,0.2828383931459087
HIV-1,pol,1126,0.5,6112,0.11087232168352734,0.12334214340427183
HIV-1,pol,1126,0.25,3057,0.15272389114507898,0.1705950900995391
HIV-1,pol,1126,0.1,1223,0.22470616512951622,0.2526771891210373
HIV-1,pol,1135,0.5,6112,0.09679187382142136,0.10825631918616613
HIV-1,pol,1135,0.25,3055,0.13388254949017087,0.15300436002499057
HIV-1,pol,1135,0.1,1223,0.20101079057539903,0.230697397034836
HIV-1,pol,1144,0.5,6112,0.09720964995386507,0.10866017178495171
HIV-1,pol,1144,0.25,3056,0.1313708344786793,0.1434708168320749
HIV-1,pol,1144,0.1,1223,0.199357006239106,0.22380760654916002
HIV-1,pol,1153,0.5,6111,0.0895416596113781,0.10230052002288512
HIV-1,pol,1153,0.25,3055,0.12667002468665153,0.14492929719143222
HIV-1,pol,1153,0.1,1222,0.19631339410504375,0.21480648592132934
HIV-1,pol,1162,0.5,6111,0.08242916201065384,0.0970421964468803
HIV-1,pol,1162,0.25,3055,0.11468885076813597,0.13603759652506023
HIV-1,pol,1162,0.1,1222,0.16840737262159616,0.19669640643229283
HIV-1,pol,1171,0.5,6111,0.1131324128391227,0.12331673989067019
HIV-1,pol,1171,0.25,3057,0.15582828677387525,0.17518580125128028
HIV-1,pol,1171,0.1,1222,0.23293262152668076,0.25350752086362816
HIV-1,pol,1180,0.5,6111,0.09942342699951667,0.11551660581070053
HIV-1,pol,1180,0.25,3056,0.13647373333999974,0.16148946835923472
HIV-1,pol,1180,0.1,1222,0.20144462659054224,0.2188872687275331
HIV-1,pol,1189,0.5,6112,0.08333972232936433,0.09573027663555814
HIV-1,pol,1189,0.25,3057,0.11399782532165771,0.12764560007355796
HIV-1,pol,1189,0.1,1222,0.16673678523535007,0.19604681249270753
HIV-1,pol,1198,0.5,6112,0.08341260172927811,0.0891017365315074
HIV-1,pol,1198,0.25,3056,0.11466103715193418,0.13049874659481836
HIV-1,pol,1198,0.1,1223,0.17525423473813473,0.1968281750999467
HIV-1,pol,1207,0.5,6111,0.10249706046055225,0.11454136541274422
HIV-1,pol,1207,0.25,3055,0.13939347866741927,0.15246976256821712
HIV-1,pol,1207,0.1,1221,0.20663470000568138,0.22662258488117606
HIV-1,pol,1216,0.5,6112,0.06602569030891262,0.07891086059658119
HIV-1,pol,1216,0.25,3056,0.09094456509692878,0.1047053892028494
HIV-1,pol,1216,0.1,1222,0.13502651639956872,0.15761532586218713
HIV-1,pol,1225,0.5,6112,0.08513393031091886,0.09973553199851583
HIV-1,pol,1225,0.25,3056,0.11562768399960778,0.13653956332543402
HIV-1,pol,1225,0.1,1222,0.1774191046782778,0.20902135311687453
HIV-1,pol,1234,0.5,6111,0.10194696501325458,0.1174059485034167
HIV-1,pol,1234,0.25,3055,0.14102031560823308,0.16414065902284494
HIV-1,pol,1234,0.1,1222,0.20986596424867346,0.2353636833664931
HIV-1,pol,1243,0.5,6111,0.07399693197533302,0.08128254754269088
HIV-1,pol,1243,0.25,3055,0.10193605640794827,0.11678692048185807
HIV-1,pol,1243,0.1,1222,0.15746477557940156,0.17947856150144254
HIV-1,pol,1252,0.5,6112,0.1040706948649203,0.11866749673573226
HIV-1,pol,1252,0.25,3055,0.14795382106488572,0.16247701675790394
HIV-1,pol,1252,0.1,1223,0.22874676272619093,0.24977523231335605
HIV-1,pol,1261,0.5,6112,0.07573893644106884,0.08839525114595792
HIV-1,pol,1261,0.25,3056,0.10464466435442486,0.11818570835838713
HIV-1,pol,1261,0.1,1223,0.1550079372512229,0.1748747497234471
HIV-1,pol,1270,0.5,6113,0.09500399802261934,0.10674541221001574
HIV-1,pol,1270,0.25,3057,0.13448088573538172,0.1509587958140971
HIV-1,pol,1270,0.1,1223,0.2089543217242508,0.2334685872794099
HIV-1,pol,1279,0.5,6112,0.10932017656818349,0.12026947040528273
HIV-1,pol,1279,0.25,3056,0.15156344100833127,0.1656337564549223
HIV-1,pol,1279,0.1,1223,0.23236812914040245,0.24991323320948702
HIV-1,pol,1288,0.5,6112,0.0920124807794048,0.10487598350602267
HIV-1,pol,1288,0.25,3057,0.12856097714503498,0.14464746194060454
HIV-1,pol,1288,0.1,1222,0.1965810306331068,0.22445971431017528
HIV-1,pol,1297,0.5,6111,0.11860274397816203,0.12942464712731558
HIV-1,pol,1297,0.25,3056,0.16489088896251852,0.18102557135169492
HIV-1,pol,1297,0.1,1223,0.24708157819348908,0.27174032474981324
HIV-1,pol,1306,0.5,6112,0.08301691752376675,0.09652200702098777
HIV-1,pol,1306,0.25,3056,0.11586170351292525,0.1326794319115081
HIV-1,pol,1306,0.1,1222,0.17714113590728614,0.20078733411564498
HIV-1,pol,1315,0.5,6111,0.10727795143717878,0.12490212867918514
HIV-1,pol,1315,0.25,3055,0.15210396434459889,0.16251352941204614
HIV-1,pol,1315,0.1,1221,0.23230434857199053,0.25212043000802403
HIV-1,pol,1324,0.5,6111,0.1005055513897635,0.11151776256708143
HIV-1,pol,1324,0.25,3055,0.14118459100108804,0.15612667950385525
HIV-1,pol,1324,0.1,1223,0.2105249570507054,0.23146205345899482
HIV-1,pol,1333,0.5,6111,0.08027373848276713,0.09972451086173448
HIV-1,pol,1333,0.25,3055,0.11338181477931226,0.12565469968431295
HIV-1,pol,1333,0.1,1223,0.178004974855008,0.20499984758537876
HIV-1,pol,1342,0.5,6111,0.08856964806266437,0.0999906092811994
HIV-1,pol,1342,0.25,3055,0.11990190989451925,0.1325375961943674
HIV-1,pol,1342,0.1,1222,0.18033719096166162,0.20470061191730857
HIV-1,pol,1351,0.5,6111,0.10190628200063805,0.1124204101110904
HIV-1,pol,1351,0.25,3055,0.14084399523819294,0.15777001505493285
HIV-1,pol,1351,0.1,1223,0.21534440350147496,0.2429541684627371
HIV-1,pol,1360,0.5,6113,0.1088639557123769,0.1246275559548926
HIV-1,pol,1360,0.25,3057,0.15060650220607874,0.16716466514423559
HIV-1,pol,1360,0.1,1223,0.2259663862391707,0.24740957128648697
HIV-1,pol,1369,0.5,6112,0.08763962398536938,0.09921307632195067
HIV-1,pol,1369,0.25,3056,0.12416414652915313,0.13816957830619375
HIV-1,pol,1369,0.1,1223,0.19065698963454877,0.21787016356618785
HIV-1,pol,1378,0.5,6111,0.1098827611789422,0.12221000141793707
HIV-1,pol,1378,0.25,3054,0.1516207229560476,0.16671904116361824
HIV-1,pol,1378,0.1,1222,0.2275794850527084,0.24853076850247213
HIV-1,pol,1387,0.5,6111,0.0849297612056587,0.10025343291916743
HIV-1,pol,1387,0.25,3055,0.12014709389164516,0.14092944552366526
HIV-1,pol,1387,0.1,1222,0.1860078200710622,0.20563688791400758
HIV-1,pol,1396,0.5,6111,0.10176438836614456,0.11664398799036046
HIV-1,pol,1396,0.25,3056,0.13947652416731227,0.15581935999194677
HIV-1,pol,1396,0.1,1222,0.20922692062556733,0.2396415041514063
HIV-1,pol,1405,0.5,6112,0.09411811361457026,0.10964996601666355
HIV-1,pol,1405,0.25,3055,0.13292390710002183,0.14586740694660538
HIV-1,pol,1405,0.1,1223,0.20449432780463314,0.23512742258693323
HIV-1,pol,1414,0.5,6111,0.11337226442932521,0.12532987613388252
HIV-1,pol,1414,0.25,3056,0.15671235329328684,0.1751160997487579
HIV-1,pol,1414,0.1,1222,0.23331709639555956,0.2533003374834143
HIV-1,pol,1423,0.5,6112,0.07845459859736718,0.09102499031006767
HIV-1,pol,1423,0.25,3056,0.10729595391506379,0.12471122910622265
HIV-1,pol,1423,0.1,1221,0.16125164446558304,0.18418661520032653
HIV-1,pol,1432,0.5,6112,0.10792442090040825,0.12530383544181004
HIV-1,pol,1432,0.25,3055,0.14993256947937794,0.16146096915127375
HIV-1,pol,1432,0.1,1223,0.22298998763263425,0.2520991656801323
HIV-1,pol,1441,0.5,6113,0.10246387405789502,0.11826597706967407
HIV-1,pol,1441,0.25,3057,0.141985529589291,0.155387585423983
HIV-1,pol,1441,0.1,1223,0.2161036910812013,0.24405734704024087
HIV-1,pol,1450,0.5,6111,0.08668025806555306,0.09813991768461161
HIV-1,pol,1450,0.25,3055,0.12287135085010342,0.1361517732126074
HIV-1,pol,1450,0.1,1221,0.19039237130044565,0.21679375554831168
HIV-1,pol,1459,0.5,6111,0.08691951953031846,0.10307684608629253
HIV-1,pol,1459,0.25,3055,0.12058101133322223,0.1338760633098245
HIV-1,pol,1459,0.1,1223,0.18283846775968468,0.20618705583572502
HIV-1,pol,1468,0.5,6112,0.07915778742740288,0.09122603678421319
HIV-1,pol,1468,0.25,3056,0.10915130537196024,0.12562069659385836
HIV-1,pol,1468,0.1,1223,0.170257759514917,0.19622087347610018
HIV-1,pol,1477,0.5,6111,0.0690941022076722,0.07729329293966876
HIV-1,pol,1477,0.25,3056,0.09331299895244889,0.10989732260416726
HIV-1,pol,1477,0.1,1222,0.13897084828750483,0.17225163115434264
HIV-1,pol,1486,0.5,6111,0.10740471527244613,0.11611834939137905
HIV-1,pol,1486,0.25,3056,0.14787885706927703,0.1636142729151391
HIV-1,pol,1486,0.1,1222,0.22108634754654585,0.2469911607953317
HIV-1,pol,1495,0.5,6112,0.11047665660790307,0.1235327187887696
HIV-1,pol,1495,0.25,3055,0.151762618602897,0.16667276763873368
HIV-1,pol,1495,0.1,1223,0.22461865785270058,0.2651688494363816
HIV-1,pol,1504,0.5,6112,0.08822437924554609,0.09674816375977427
HIV-1,pol,1504,0.25,3057,0.12517214367517077,0.14624845810436063
HIV-1,pol,1504,0.1,1223,0.19161829918430395,0.2352788758694626
HIV-1,pol,1513,0.5,6111,0.0742007063464198,0.08638440317543077
HIV-1,pol,1513,0.25,3055,0.10462409072590743,0.12406885408434484
HIV-1,pol,1513,0.1,1222,0.15959091129474196,0.1920388756305075
HIV-1,pol,1522,0.5,6112,0.10745582961651588,0.11912994780654289
HIV-1,pol,1522,0.25,3057,0.14697031517423742,0.16284379375414917
HIV-1,pol,1522,0.1,1223,0.22097917661184543,0.24354272221026319
HIV-1,pol,1531,0.5,6112,0.09875915686386849,0.10993291445473947
HIV-1,pol,1531,0.25,3056,0.1348804475215467,0.15045902522986493
HIV-1,pol,1531,0.1,1221,0.2011758548994445,0.22132327152482845
HIV-1,pol,1540,0.5,6111,0.1008471992717477,0.10961591306370459
HIV-1,pol,1540,0.25,3055,0.14271378435246992,0.16634861395091405
HIV-1,pol,1540,0.1,1222,0.2146701081415632,0.23595773412790577
HIV-1,pol,1549,0.5,6111,0.07344669617177997,0.0893117604320822
HIV-1,pol,1549,0.25,3056,0.10080159898303892,0.12393803606522578
HIV-1,pol,1549,0.1,1222,0.14583765148149885,0.17762177792357867
HIV-1,pol,1558,0.5,6112,0.09098894361542145,0.10909539808571837
HIV-1,pol,1558,0.25,3055,0.1287458785241896,0.15054199972750748
HIV-1,pol,1558,0.1,1223,0.19975711124675272,0.21920473683351765
HIV-1,pol,1567,0.5,6112,0.0986353275383841,0.11892462126476418
HIV-1,pol,1567,0.25,3056,0.13909087993184485,0.15980853919928506
HIV-1,pol,1567,0.1,1223,0.20851675727074548,0.24527446789129523
HIV-1,pol,1576,0.5,6113,0.09117059893946715,0.10054956832729453
HIV-1,pol,1576,0.25,3056,0.12771361005170404,0.1436639798497235
HIV-1,pol,1576,0.1,1223,0.1966736929089064,0.22331990656131645
HIV-1,pol,1585,0.5,6111,0.09068322458722898,0.10274170443736862
HIV-1,pol,1585,0.25,3056,0.12377998534105575,0.13688629401856248
HIV-1,pol,1585,0.1,1222,0.18496087345107975,0.19864695704127586
HIV-1,pol,1594,0.5,6112,0.0951932677513155,0.10485243227261956
HIV-1,pol,1594,0.25,3056,0.12977839007048167,0.14380723536779674
HIV-1,pol,1594,0.1,1223,0.19213357133519743,0.21219337359354046
HIV-1,pol,1603,0.5,6111,0.09578079745195879,0.1111630055545222
HIV-1,pol,1603,0.25,3055,0.1324994920532753,0.15008891753853495
HIV-1,pol,1603,0.1,1222,0.19564324470653527,0.21723699842914895
HIV-1,pol,1612,0.5,6112,0.08923992765182338,0.09876522698190632
HIV-1,pol,1612,0.25,3056,0.12279051593553737,0.1385366610866702
HIV-1,pol,1612,0.1,1223,0.18359245222355464,0.2090390905261043
HIV-1,pol,1621,0.5,6111,0.1182584399807414,0.12852929354168793
HIV-1,pol,1621,0.25,3054,0.16356254314927027,0.17848223211212583
HIV-1,pol,1621,0.1,1222,0.24513808173890275,0.2694094656930681
HIV-1,pol,1630,0.5,6112,0.10903556842532978,0.12087651884125049
HIV-1,pol,1630,0.25,3056,0.1526509887281571,0.17145198198708633
HIV-1,pol,1630,0.1,1223,0.23086878572584998,0.2522183684166884
HIV-1,pol,1639,0.5,6111,0.1068337400112212,0.11871961911442414
HIV-1,pol,1639,0.25,3056,0.14333027176901375,0.1582688765155046
HIV-1,pol,1639,0.1,1222,0.2141588042151636,0.2425189910581628
HIV-1,pol,1648,0.5,6111,0.1041741701297531,0.11505384673129045
HIV-1,pol,1648,0.25,3055,0.14533510247080011,0.16382475274304842
HIV-1,pol,1648,0.1,1222,0.21891311744700687,0.24733134546613397
HIV-1,pol,1657,0.5,6111,0.10684471342818587,0.11572852511029331
HIV-1,pol,1657,0.25,3055,0.14840804495492807,0.16101803385777377
HIV-1,pol,1657,0.1,1222,0.22461041562507164,0.24709511812064378
HIV-1,pol,1666,0.5,6112,0.10697498599267434,0.12417474088345673
HIV-1,pol,1666,0.25,3056,0.1483312175965851,0.1682323021043233
HIV-1,pol,1666,0.1,1222,0.2205450340604182,0.2523856000157355
HIV-1,pol,1675,0.5,6112,0.09961132884273081,0.11159598996176408
HIV-1,pol,1675,0.25,3056,0.1392764014139873,0.16782300388492072
HIV-1,pol,1675,0.1,1223,0.21398883825985224,0.2354149204409048
HIV-1,pol,1684,0.5,6111,0.10034755228553101,0.11956983799059431
HIV-1,pol,1684,0.25,3055,0.14026010466667088,0.160955367843957
HIV-1,pol,1684,0.1,1223,0.2159136195179392,0.24180969524881588
HIV-1,pol,1693,0.5,6111,0.07062310773213265,0.08245290576417004
HIV-1,pol,1693,0.25,3055,0.09739609408704997,0.11417116533256895
HIV-1,pol,1693,0.1,1222,0.1445855517136822,0.18130237253923082
HIV-1,pol,1702,0.5,6111,0.11216924357045488,0.12543133792152805
HIV-1,pol,1702,0.25,3055,0.15415718057163186,0.17010438944780518
HIV-1,pol,1702,0.1,1222,0.23360152865264605,0.25413244015016084
HIV-1,pol,1711,0.5,6111,0.07823460581789476,0.09309765760589339
HIV-1,pol,1711,0.25,3055,0.11041498625464877,0.1284207128422233
HIV-1,pol,1711,0.1,1223,0.17287044432766158,0.1970293060896345
HIV-1,pol,1720,0.5,6111,0.10075491310948131,0.11084185184185141
HIV-1,pol,1720,0.25,3055,0.13766670266591716,0.15345200778954873
HIV-1,pol,1720,0.1,1221,0.2024501010645156,0.22753553164735163
HIV-1,pol,1729,0.5,6111,0.09659702110470292,0.10837961314081038
HIV-1,pol,1729,0.25,3056,0.13521359110086834,0.14824537923800685
HIV-1,pol,1729,0.1,1223,0.2108453165251582,0.2345331125601586
HIV-1,pol,1738,0.5,6113,0.11675014163616679,0.12472504477939833
HIV-1,pol,1738,0.25,3056,0.15838602069918625,0.17632345722530698
HIV-1,pol,1738,0.1,1223,0.23339341689953108,0.2650594957900122
HIV-1,pol,1747,0.5,6111,0.11899706362521584,0.1382136507711425
HIV-1,pol,1747,0.25,3055,0.16504700525607374,0.18374067141018136
HIV-1,pol,1747,0.1,1222,0.2503103885980695,0.27629376870060895
HIV-1,pol,1756,0.5,6112,0.11298565616213349,0.12375277669022847
HIV-1,pol,1756,0.25,3056,0.15472965938692837,0.16772982611934245
HIV-1,pol,1756,0.1,1221,0.23053838276157318,0.25547751852748163
HIV-1,pol,1765,0.5,6112,0.09093733963383763,0.10385414149090146
HIV-1,pol,1765,0.25,3056,0.127221717169747,0.14571100748710727
HIV-1,pol,1765,0.1,1222,0.19675032009947446,0.21306072064330686
HIV-1,pol,1774,0.5,6111,0.09929538469046198,0.11239911499091085
HIV-1,pol,1774,0.25,3056,0.14188876378948154,0.15662341394214052
HIV-1,pol,1774,0.1,1222,0.2148249641306955,0.23935934888322866
HIV-1,pol,1783,0.5,6112,0.08219253708171805,0.09604835587111896
HIV-1,pol,1783,0.25,3057,0.11258196999714914,0.13047899918888006
HIV-1,pol,1783,0.1,1223,0.16388210380794568,0.1946774898796593
HIV-1,pol,1792,0.5,6112,0.0752474920169214,0.09129086083266097
HIV-1,pol,1792,0.25,3056,0.10479164927137959,0.12862507347703445
HIV-1,pol,1792,0.1,1222,0.1624123552875781,0.19501255339719434
HIV-1,pol,1801,0.5,6111,0.11918887983660786,0.1314542249955587
HIV-1,pol,1801,0.25,3055,0.1656592224366517,0.18165751467100222
HIV-1,pol,1801,0.1,1221,0.24963413585663255,0.2744685964771388
HIV-1,pol,1810,0.5,6111,0.11545144787507199,0.12725096334524075
HIV-1,pol,1810,0.25,3055,0.1617614143090287,0.1760160702910157
HIV-1,pol,1810,0.1,1221,0.24170530918364747,0.2664677980808613
HIV-1,pol,1819,0.5,6111,0.10951671667400757,0.12445775948054177
HIV-1,pol,1819,0.25,3056,0.149240604943265,0.1643952105117461
HIV-1,pol,1819,0.1,1221,0.22241205476382145,0.25774667073487023
HIV-1,pol,1828,0.5,6112,0.07555560823643906,0.08975139566955384
HIV-1,pol,1828,0.25,3056,0.10441715026545921,0.11819100211729945
HIV-1,pol,1828,0.1,1223,0.16072779943560103,0.1865708744225683
HIV-1,pol,1837,0.5,6112,0.07024969619855106,0.07819877434344324
HIV-1,pol,1837,0.25,3056,0.0981431593716037,0.11198367712510561
HIV-1,pol,1837,0.1,1223,0.15359869789553102,0.18238938239691904
HIV-1,pol,1846,0.5,6112,0.08977891006984477,0.10070022718273586
HIV-1,pol,1846,0.25,3057,0.12348034487788735,0.13842300104155592
HIV-1,pol,1846,0.1,1223,0.18702712351865258,0.20272703202223838
HIV-1,pol,1855,0.5,6113,0.13835608645944622,0.14786605378661555
HIV-1,pol,1855,0.25,3055,0.19029304099846156,0.2086134481291031
HIV-1,pol,1855,0.1,1221,0.2813845134829402,0.30345737731592237
HIV-1,pol,1864,0.5,6112,0.104510886647096,0.11774650887534
HIV-1,pol,1864,0.25,3056,0.14191852226848195,0.15810413741173904
HIV-1,pol,1864,0.1,1221,0.21097290406918645,0.23373605346110893
HIV-1,pol,1873,0.5,6112,0.10140969686582935,0.11240219132978264
HIV-1,pol,1873,0.25,3056,0.14051085665708035,0.15893420386778523
HIV-1,pol,1873,0.1,1222,0.21241398700400113,0.2388806282207598
HIV-1,pol,1882,0.5,6111,0.10175726402625737,0.11506537094145738
HIV-1,pol,1882,0.25,3056,0.13875629411911114,0.1573418267410463
HIV-1,pol,1882,0.1,1222,0.2048190496366356,0.23008019016945325
HIV-1,pol,1891,0.5,6113,0.09221192410683612,0.10179152868711056
HIV-1,pol,1891,0.25,3057,0.12928794916305367,0.14685853600787066
HIV-1,pol,1891,0.1,1223,0.19921299423525624,0.23009837008367787
HIV-1,pol,1900,0.5,6112,0.1271708244613572,0.14011555146491192
HIV-1,pol,1900,0.25,3056,0.17245466816265584,0.1897719578415871
HIV-1,pol,1900,0.1,1222,0.2512818569021967,0.2719645318895403
HIV-1,pol,1909,0.5,6112,0.10586816007097803,0.11594167050945343
HIV-1,pol,1909,0.25,3056,0.14375847693550692,0.155516233813021
HIV-1,pol,1909,0.1,1223,0.21164625376356214,0.22909912072525176
HIV-1,pol,1918,0.5,6112,0.1057998814956405,0.11589969727079623
HIV-1,pol,1918,0.25,3056,0.14787946446602473,0.1657466921545829
HIV-1,pol,1918,0.1,1222,0.22593099363461036,0.2605295785557689
HIV-1,pol,1927,0.5,6111,0.091836529737737,0.11047598474641815
HIV-1,pol,1927,0.25,3055,0.12827083699008723,0.14634612173710534
HIV-1,pol,1927,0.1,1222,0.1945827972658342,0.22329218704386194
HIV-1,pol,1936,0.5,6112,0.09172965429981679,0.1032075918603355
HIV-1,pol,1936,0.25,3056,0.12756977780758302,0.14353493064956915
HIV-1,pol,1936,0.1,1223,0.1962696673755009,0.22474838856017873
HIV-1,pol,1945,0.5,6112,0.08940096961062251,0.10073680435973797
HIV-1,pol,1945,0.25,3056,0.12429035600857302,0.14090389031073072
HIV-1,pol,1945,0.1,1223,0.18925787731864885,0.21600772085721048
HIV-1,pol,1954,0.5,6111,0.07438074016524275,0.08588068346510949
HIV-1,pol,1954,0.25,3056,0.1056082893549724,0.119494459613409
HIV-1,pol,1954,0.1,1222,0.15856058854810204,0.18331368324970537
HIV-1,pol,1963,0.5,6111,0.08453575446163275,0.09704068823055961
HIV-1,pol,1963,0.25,3056,0.11791854226978488,0.1392723547507659
HIV-1,pol,1963,0.1,1222,0.1792287706684226,0.20882243877980156
HIV-1,pol,1972,0.5,6112,0.09287655676446958,0.10389281655856891
HIV-1,pol,1972,0.25,3055,0.1304951928684408,0.15029773467832777
HIV-1,pol,1972,0.1,1222,0.1969769384362119,0.23056930359337727
HIV-1,pol,1981,0.5,6111,0.08697776562801643,0.0969797281375646
HIV-1,pol,1981,0.25,3056,0.12185706626823309,0.13602602355441215
HIV-1,pol,1981,0.1,1223,0.1858834513092787,0.20910613913498544
HIV-1,pol,1990,0.5,6113,0.07720970947379739,0.08903162478262999
HIV-1,pol,1990,0.25,3056,0.10896262577597379,0.13314395812084612
HIV-1,pol,1990,0.1,1223,0.16851482877556256,0.18588205681872627
HIV-1,pol,1999,0.5,6111,0.08982602167806593,0.09986956728393308
HIV-1,pol,1999,0.25,3055,0.1276095659397209,0.15177879363255167
HIV-1,pol,1999,0.1,1222,0.19654728862666332,0.21999886133901245
HIV-1,pol,2008,0.5,6111,0.09803937390331746,0.10974236897515473
HIV-1,pol,2008,0.25,3055,0.13785402744456166,0.14968641071722089
HIV-1,pol,2008,0.1,1221,0.20869286540032592,0.2368192686382424
HIV-1,pol,2017,0.5,6111,0.10100414337095823,0.1120674215921946
HIV-1,pol,2017,0.25,3055,0.1401815254810092,0.15161697890995682
HIV-1,pol,2017,0.1,1221,0.21193063563213743,0.24325503691932315
HIV-1,pol,2026,0.5,6111,0.0743151520788952,0.08845669079445331
HIV-1,pol,2026,0.25,3055,0.10178618469392844,0.1259105281876154
HIV-1,pol,2026,0.1,1222,0.15922763980763452,0.18546836324826435
HIV-1,pol,2035,0.5,6111,0.1184745139589824,0.1330573086006928
HIV-1,pol,2035,0.25,3056,0.16420898354323674,0.17455076302223982
HIV-1,pol,2035,0.1,1222,0.24525446732191175,0.2703751757358768
HIV-1,pol,2044,0.5,6111,0.08127350817406805,0.09447769582514069
HIV-1,pol,2044,0.25,3056,0.1123755939625773,0.12985728747101238
HIV-1,pol,2044,0.1,1222,0.1653953756661782,0.18231482936753232
HIV-1,pol,2053,0.5,6111,0.10375654566511325,0.11300301937113193
HIV-1,pol,2053,0.25,3055,0.14395465285819667,0.16853109751498366
HIV-1,pol,2053,0.1,1222,0.2195414789585585,0.2445916866861954
HIV-1,pol,2062,0.5,6112,0.08946569290959892,0.09963966972879727
HIV-1,pol,2062,0.25,3057,0.12600618644293612,0.14174147985480107
HIV-1,pol,2062,0.1,1223,0.19624304263011919,0.22850004041447813
HIV-1,pol,2071,0.5,6111,0.07704806482038333,0.09161403844697674
HIV-1,pol,2071,0.25,3056,0.10569025327368473,0.12233303749893969
HIV-1,pol,2071,0.1,1222,0.1576075444446046,0.17800410860438576
HIV-1,pol,2080,0.5,6111,0.11488996824493282,0.12469380781316804
HIV-1,pol,2080,0.25,3055,0.1585001864879429,0.17363261704968175
HIV-1,pol,2080,0.1,1223,0.24192623182179201,0.26889493583873764
HIV-1,pol,2089,0.5,6111,0.07108375684658039,0.08407300712218489
HIV-1,pol,2089,0.25,3055,0.09916376795226751,0.11151048305096582
HIV-1,pol,2089,0.1,1222,0.14729828880985718,0.17772763957788879
HIV-1,pol,2098,0.5,6111,0.07184265071925014,0.08737234656805755
HIV-1,pol,2098,0.25,3055,0.10144968191779673,0.11950974495321509
HIV-1,pol,2098,0.1,1222,0.15139316548933104,0.18378760332016147
HIV-1,pol,2107,0.5,6112,0.06934901550060443,0.08300159443693855
HIV-1,pol,2107,0.25,3056,0.09784046083537516,0.11556112914180394
HIV-1,pol,2107,0.1,1222,0.14975085790333859,0.1721563200113451
HIV-1,pol,2116,0.5,6111,0.08927122182361744,0.10875509618753139
HIV-1,pol,2116,0.25,3055,0.12343525375336874,0.14209546838459383
HIV-1,pol,2116,0.1,1223,0.18634060584388726,0.20977161222804003
HIV-1,pol,2125,0.5,6112,0.09848942581858396,0.10962577863281835
HIV-1,pol,2125,0.25,3055,0.1404772697539799,0.15397406650312725
HIV-1,pol,2125,0.1,1222,0.21347835464824177,0.2416265534797579
HIV-1,pol,2134,0.5,6112,0.12403461280162144,0.13618626957209184
HIV-1,pol,2134,0.25,3056,0.1709682596291035,0.1917025354672836
HIV-1,pol,2134,0.1,1223,0.2560851111638259,0.27567229750484906
HIV-1,pol,2143,0.5,6111,0.12440576312640705,0.13736575986402483
HIV-1,pol,2143,0.25,3055,0.1707081434223836,0.18838481823948808
HIV-1,pol,2143,0.1,1223,0.25374539991573025,0.2748381290866174
HIV-1,pol,2152,0.5,6112,0.1056639121816425,0.11907195437225356
HIV-1,pol,2152,0.25,3055,0.14476052186286098,0.16175244458826424
HIV-1,pol,2152,0.1,1223,0.21162621569682272,0.24727263960672538
HIV-1,pol,2161,0.5,6113,0.11599498161279105,0.13165094155679352
HIV-1,pol,2161,0.25,3057,0.16093543212240044,0.17431308761935974
HIV-1,pol,2161,0.1,1223,0.24191339438135515,0.2703284259723441
HIV-1,pol,2170,0.5,6112,0.09234938763313537,0.1059296415766574
HIV-1,pol,2170,0.25,3056,0.1314240915445874,0.14438480222535233
HIV-1,pol,2170,0.1,1222,0.20485989184535391,0.2251129334518085
HIV-1,pol,2179,0.5,6113,0.10942673635697224,0.12882085929117867
HIV-1,pol,2179,0.25,3056,0.15373332159178707,0.16828968902015498
HIV-1,pol,2179,0.1,1222,0.23569761966561134,0.25900576359018196
HIV-1,pol,2188,0.5,6111,0.10079975875824645,0.11516155287665107
HIV-1,pol,2188,0.25,3055,0.14026174986739567,0.15693858366852384
HIV-1,pol,2188,0.1,1222,0.21148885320206925,0.2336719610454872
HIV-1,pol,2197,0.5,6111,0.07414956233864625,0.08649682682534057
HIV-1,pol,2197,0.25,3055,0.1034277215982464,0.12270912992468953
HIV-1,pol,2197,0.1,1222,0.1582381626620582,0.18970462327000404
HIV-1,pol,2206,0.5,6112,0.07865598228164282,0.08775800040124612
HIV-1,pol,2206,0.25,3056,0.11188576860355845,0.1297016586201766
HIV-1,pol,2206,0.1,1221,0.168954838506444,0.19382448884542264
HIV-1,pol,2215,0.5,6111,0.09706625659505512,0.1107608855610236
HIV-1,pol,2215,0.25,3055,0.13397099552950026,0.16216099691897481
HIV-1,pol,2215,0.1,1223,0.20339265677529728,0.22614733208825832
HIV-1,pol,2224,0.5,6111,0.08337942757394858,0.09418982743063886
HIV-1,pol,2224,0.25,3056,0.11889695469215524,0.13607095499543814
HIV-1,pol,2224,0.1,1222,0.18373449313563484,0.2080699181778488
HIV-1,pol,2233,0.5,6113,0.10893471560602412,0.12301583601852195
HIV-1,pol,2233,0.25,3056,0.15332871531792325,0.17624710638379637
HIV-1,pol,2233,0.1,1223,0.23790241918890603,0.2595202962329323
HIV-1,pol,2242,0.5,6112,0.09610933966701544,0.10911159803408492
HIV-1,pol,2242,0.25,3055,0.13561271226744281,0.1526855185562968
HIV-1,pol,2242,0.1,1223,0.20018159782612854,0.21880354889953332
HIV-1,pol,2251,0.5,6111,0.10555837630131257,0.11885283215163274
HIV-1,pol,2251,0.25,3055,0.14599810570474475,0.1622486700390676
HIV-1,pol,2251,0.1,1224,0.2136771195450916,0.25208872934987564
HIV-1,pol,2260,0.5,6111,0.07749891513725207,0.0918478743815204
HIV-1,pol,2260,0.25,3056,0.10822712876666003,0.12858816819443036
HIV-1,pol,2260,0.1,1222,0.1659050230995738,0.18226608635201244
HIV-1,pol,2269,0.5,6111,0.09756878122782442,0.10654624566244399
HIV-1,pol,2269,0.25,3056,0.13358988310532463,0.1504436013304536
HIV-1,pol,2269,0.1,1222,0.19780008121940448,0.2503746849268636
HIV-1,pol,2278,0.5,6111,0.08964755497427972,0.10311922312760716
HIV-1,pol,2278,0.25,3055,0.12581384752356659,0.13885968119894535
HIV-1,pol,2278,0.1,1222,0.19236464056035274,0.22162749437175527
HIV-1,pol,2287,0.5,6111,0.11013248508009692,0.13473291994385284
HIV-1,pol,2287,0.25,3055,0.1513356199101536,0.16800873429707047
HIV-1,pol,2287,0.1,1221,0.22832380964376067,0.2577030767982578
HIV-1,pol,2296,0.5,6113,0.09385710747744504,0.10360081002493063
HIV-1,pol,2296,0.25,3057,0.12807468848373252,0.13974084903246445
HIV-1,pol,2296,0.1,1223,0.1870334029158421,0.2143241823392665
HIV-1,pol,2305,0.5,6111,0.1027004050285436,0.11442036120423466
HIV-1,pol,2305,0.25,3054,0.1423430879206876,0.1695853273475731
HIV-1,pol,2305,0.1,1222,0.21236137100402802,0.2462086202440976
HIV-1,pol,2314,0.5,6112,0.08056821573708284,0.09840917079219111
HIV-1,pol,2314,0.25,3056,0.11406968516197617,0.13891039289667698
HIV-1,pol,2314,0.1,1223,0.17647267554416515,0.20439309488997778
HIV-1,pol,2323,0.5,6111,0.08149843225545396,0.08824445289296225
HIV-1,pol,2323,0.25,3056,0.11129202858479263,0.12877403194723566
HIV-1,pol,2323,0.1,1222,0.1680424183031299,0.20708703196173514
HIV-1,pol,2332,0.5,6112,0.10589112695123261,0.11806762135172125
HIV-1,pol,2332,0.25,3055,0.14751303129217005,0.16106646368564984
HIV-1,pol,2332,0.1,1223,0.22716367223144396,0.25040979787189704
HIV-1,pol,2341,0.5,6112,0.07024464051903513,0.09188347794829718
HIV-1,pol,2341,0.25,3056,0.09845857756475675,0.12167344362128749
HIV-1,pol,2341,0.1,1222,0.15891182705083987,0.1849964059358686
HIV-1,pol,2350,0.5,6112,0.06502265573605633,0.07562356204419862
HIV-1,pol,2350,0.25,3056,0.0890598739965716,0.11011181915385092
HIV-1,pol,2350,0.1,1223,0.13706402956393118,0.16489366460943566
HIV-1,pol,2359,0.5,6111,0.12768778258921537,0.13862020470381328
HIV-1,pol,2359,0.25,3056,0.17431468529226712,0.19278605197055187
HIV-1,pol,2359,0.1,1223,0.25756024440919545,0.2752972153571948
HIV-1,pol,2368,0.5,6111,0.0827661310604123,0.09803835503763252
HIV-1,pol,2368,0.25,3055,0.11550824901077118,0.13434973112201157
HIV-1,pol,2368,0.1,1222,0.17605569734277512,0.21360734303300893
HIV-1,pol,2377,0.5,6111,0.1088340496029098,0.1288506229933774
HIV-1,pol,2377,0.25,3056,0.14981851044464797,0.1663641048453645
HIV-1,pol,2377,0.1,1222,0.22052685905450578,0.2517576992301582
HIV-1,pol,2386,0.5,6111,0.10062440000205793,0.11153735245137135
HIV-1,pol,2386,0.25,3056,0.14013582319473333,0.15511496575695696
HIV-1,pol,2386,0.1,1223,0.21282508101950612,0.2419135140484992
HIV-1,pol,2395,0.5,6111,0.07622415446873622,0.08790095686065151
HIV-1,pol,2395,0.25,3056,0.10410173586726124,0.13129360383968106
HIV-1,pol,2395,0.1,1223,0.15713468806380645,0.18819579643802534
HIV-1,pol,2404,0.5,6111,0.09430855806208123,0.11154346840670995
HIV-1,pol,2404,0.25,3055,0.13181719008867995,0.15165137920375313
HIV-1,pol,2404,0.1,1222,0.20176793406537513,0.21933342724673538
HIV-1,pol,2413,0.5,6111,0.07386146092133625,0.08973869730309382
HIV-1,pol,2413,0.25,3055,0.10603589043769626,0.12683292476108965
HIV-1,pol,2413,0.1,1222,0.16386176776751868,0.200051273876922
HIV-1,pol,2422,0.5,6112,0.08504947264898062,0.09713525685467903
HIV-1,pol,2422,0.25,3056,0.12125796675029145,0.14102889077768366
HIV-1,pol,2422,0.1,1222,0.1906284749444463,0.21148441298826806
HIV-1,pol,2431,0.5,6111,0.09358176011638968,0.1064118840982127
HIV-1,pol,2431,0.25,3056,0.1290138669333532,0.14282678265972104
HIV-1,pol,2431,0.1,1222,0.19342813592825628,0.21880327298560326
HIV-1,pol,2440,0.5,6112,0.12291015400196093,0.13315841245001497
HIV-1,pol,2440,0.25,3055,0.1699398771225551,0.18315304891451784
HIV-1,pol,2440,0.1,1222,0.25518669467260335,0.2757597794567885
HIV-1,pol,2449,0.5,6112,0.0823083715996965,0.09403899785207984
HIV-1,pol,2449,0.25,3056,0.11552608389023074,0.13547261275150707
HIV-1,pol,2449,0.1,1222,0.1801866129699448,0.1974184555628172
HIV-1,pol,2458,0.5,6112,0.09783043493674645,0.10958168574505
HIV-1,pol,2458,0.25,3056,0.13453509748212922,0.14741561486882956
HIV-1,pol,2458,0.1,1223,0.1950775755597884,0.2336117298201775
HIV-1,pol,2467,0.5,6111,0.09758325845396074,0.11229334990871134
HIV-1,pol,2467,0.25,3055,0.13365875390698098,0.1478191719472995
HIV-1,pol,2467,0.1,1222,0.1932128812571383,0.2166341121440337
HIV-1,pol,2476,0.5,6111,0.07652231167503423,0.0868263698552556
HIV-1,pol,2476,0.25,3056,0.10956080119760199,0.13072854212286936
HIV-1,pol,2476,0.1,1221,0.17324773942321356,0.21159073229384068
HIV-1,pol,2485,0.5,6111,0.08701726414523114,0.10264014342784923
HIV-1,pol,2485,0.25,3056,0.12305260620152383,0.1400181950683336
HIV-1,pol,2485,0.1,1222,0.18860464078965966,0.21683895232201558
HIV-1,pol,2494,0.5,6111,0.11798429677981696,0.13287914709702656
HIV-1,pol,2494,0.25,3055,0.16534851138799878,0.18366261949711585
HIV-1,pol,2494,0.1,1222,0.25041206643960084,0.28554379066749985
HIV-1,pol,2503,0.5,6112,0.061709887914504005,0.07020093109219472
HIV-1,pol,2503,0.25,3056,0.08489882128349678,0.10725218462527922
HIV-1,pol,2503,0.1,1222,0.1286124729663195,0.15524735520187383
HIV-1,pol,2512,0.5,6111,0.0513182328328285,0.06295132530329106
HIV-1,pol,2512,0.25,3056,0.07244004483065562,0.08259777044497825
HIV-1,pol,2512,0.1,1222,0.11287894514296494,0.12897165294968524
HIV-1,pol,2521,0.5,6114,0.11473301571646487,0.12236710429252926
HIV-1,pol,2521,0.25,3058,0.159799960998459,0.17393485033853243
HIV-1,pol,2521,0.1,1222,0.2377764887784304,0.26453077157106375
HIV-1,pol,2530,0.5,6113,0.08960012274368308,0.09946825365037452
HIV-1,pol,2530,0.25,3056,0.12524646504289114,0.13973809278546234
HIV-1,pol,2530,0.1,1223,0.18628178539162107,0.2050303360561883
HIV-1,pol,2539,0.5,6113,0.12375037542614897,0.1348843150604754
HIV-1,pol,2539,0.25,3057,0.17215124761474063,0.18527281409631366
HIV-1,pol,2539,0.1,1223,0.2581925356432764,0.27910191841069687
HIV-1,pol,2548,0.5,6112,0.104401242728701,0.11705356049666138
HIV-1,pol,2548,0.25,3056,0.14305735076519144,0.1576835238903758
HIV-1,pol,2548,0.1,1222,0.212989242014123,0.24264743904029734
HIV-1,pol,2557,0.5,6111,0.09412462771882804,0.1070683532545023
HIV-1,pol,2557,0.25,3054,0.1316573328211674,0.14658663690908058
HIV-1,pol,2557,0.1,1222,0.20470692207202204,0.23183723327204508
HIV-1,pol,2566,0.5,6112,0.08397344931606804,0.09408919006507577
HIV-1,pol,2566,0.25,3056,0.11758457168291582,0.1387986275521877
HIV-1,pol,2566,0.1,1222,0.17471764392360425,0.20035990139030763
HIV-1,pol,2575,0.5,6111,0.08461350502507119,0.09502116803578785
HIV-1,pol,2575,0.25,3056,0.11428760663981588,0.1292339856009808
HIV-1,pol,2575,0.1,1222,0.17055846457825705,0.19634740348208235
HIV-1,pol,2584,0.5,6112,0.08968178970658731,0.10767660534699515
HIV-1,pol,2584,0.25,3056,0.12578610964173267,0.14125188714052292
HIV-1,pol,2584,0.1,1222,0.18832009883426062,0.22750334825748664
HIV-1,pol,2593,0.5,6113,0.08772939443849259,0.09946855319133946
HIV-1,pol,2593,0.25,3057,0.12198728626547226,0.1402140219921978
HIV-1,pol,2593,0.1,1223,0.1819360616718833,0.21848101143503762
HIV-1,pol,2602,0.5,6111,0.08245632401930811,0.10377427285936587
HIV-1,pol,2602,0.25,3055,0.11530263478198477,0.13566409309763133
HIV-1,pol,2602,0.1,1223,0.17607878145255845,0.20833488446453216
HIV-1,pol,2611,0.5,6112,0.07928714433792254,0.09190318539239742
HIV-1,pol,2611,0.25,3056,0.11052030944351758,0.12514978962106094
HIV-1,pol,2611,0.1,1222,0.17128513994104907,0.2063647147341273
HIV-1,pol,2620,0.5,6111,0.09161450881781823,0.10477624687441124
HIV-1,pol,2620,0.25,3055,0.1256969733143665,0.1432851068879961
HIV-1,pol,2620,0.1,1222,0.18825357871807785,0.2163502268527149
HIV-1,pol,2629,0.5,6113,0.08778155877707579,0.09628323435169805
HIV-1,pol,2629,0.25,3056,0.11967470577487957,0.14147737753116033
HIV-1,pol,2629,0.1,1222,0.180362432522145,0.20148222375548436
HIV-1,pol,2638,0.5,6112,0.1022173779561153,0.11096474283195529
HIV-1,pol,2638,0.25,3057,0.13912000883972628,0.156290067555122
HIV-1,pol,2638,0.1,1223,0.20890117889347146,0.2294230956858777
HIV-1,pol,2647,0.5,6112,0.10583708762083417,0.12237684546928534
HIV-1,pol,2647,0.25,3057,0.14645306451313223,0.163439520179613
HIV-1,pol,2647,0.1,1223,0.22143112381387883,0.2642033665893952
HIV-1,pol,2656,0.5,6112,0.07619140211052991,0.08729868839036525
HIV-1,pol,2656,0.25,3056,0.10719483623439349,0.1276884684215863
HIV-1,pol,2656,0.1,1222,0.16744840425355442,0.1991747081634303
HIV-1,pol,2665,0.5,6111,0.05720219005941796,0.0676821978239885
HIV-1,pol,2665,0.25,3056,0.0778838113912863,0.09721692370710319
HIV-1,pol,2665,0.1,1222,0.11802950204383988,0.1450121321760988
HIV-1,pol,2674,0.5,6111,0.07363385542870014,0.08706968306894823
HIV-1,pol,2674,0.25,3055,0.09942384611049615,0.11973044243418642
HIV-1,pol,2674,0.1,1222,0.14362836378524235,0.17684846188033107
HIV-1,pol,2683,0.5,6111,0.07964941521979019,0.09614363921052872
HIV-1,pol,2683,0.25,3054,0.1120325925005513,0.13122513389888316
HIV-1,pol,2683,0.1,1222,0.17475570939079202,0.21566358393805996
HIV-1,pol,2692,0.5,6111,0.05186617482813997,0.06277992654726335
HIV-1,pol,2692,0.25,3056,0.07043613497906163,0.0842773654671069
HIV-1,pol,2692,0.1,1222,0.09976560450026149,0.12463806246873553
HIV-1,pol,2701,0.5,6112,0.05634314228148725,0.0680859432944422
HIV-1,pol,2701,0.25,3056,0.07887322765043817,0.08842490186359629
HIV-1,pol,2701,0.1,1223,0.12012485138945125,0.14557920282802725
HIV-1,pol,2710,0.5,6111,0.049780282670862014,0.06407337298763467
HIV-1,pol,2710,0.25,3055,0.06768903915822098,0.08577901253387614
HIV-1,pol,2710,0.1,1222,0.09401951224328188,0.14072857831388405
HIV-1,pol,2719,0.5,6112,0.07176581949029777,0.08306509162679501
HIV-1,pol,2719,0.25,3055,0.10198454339883582,0.12563146329619979
HIV-1,pol,2719,0.1,1223,0.15913115622727114,0.18616817735749544
HIV-1,pol,2728,0.5,6111,0.06836437942553295,0.07728506118174754
HIV-1,pol,2728,0.25,3055,0.09234249614277502,0.11423631020838491
HIV-1,pol,2728,0.1,1222,0.13789910457129403,0.1718365358470133
HIV-1,pol,2737,0.5,6111,0.055657837909810444,0.06739349213780697
HIV-1,pol,2737,0.25,3055,0.0777166234685398,0.10071676235741978
HIV-1,pol,2737,0.1,1222,0.11938325356872259,0.15369432673132144
HIV-1,pol,2746,0.5,6112,0.08739345818519172,0.09636622660556683
HIV-1,pol,2746,0.25,3056,0.12497409363787851,0.14735921217719494
HIV-1,pol,2746,0.1,1223,0.1910008715710294,0.21637269570420617
HIV-1,pol,2755,0.5,6112,0.09974942793807337,0.12171722595844148
HIV-1,pol,2755,0.25,3056,0.1339106493665462,0.15733121608639128
HIV-1,pol,2755,0.1,1222,0.19367836627893942,0.2222629184469172
HIV-1,pol,2764,0.5,6112,0.08151594283765162,0.09254626021897869
HIV-1,pol,2764,0.25,3056,0.11404942970484098,0.1310233995278617
HIV-1,pol,2764,0.1,1223,0.17009059528710255,0.18911501044276313
HIV-1,pol,2773,0.5,6112,0.08258052808436477,0.09848106904751162
HIV-1,pol,2773,0.25,3056,0.11368603727741128,0.12724402721780081
HIV-1,pol,2773,0.1,1223,0.16999166999333867,0.21452167687354304
HIV-1,pol,2782,0.5,6112,0.07120309489236747,0.08584792041818917
HIV-1,pol,2782,0.25,3056,0.10352519647487088,0.11975638670990472
HIV-1,pol,2782,0.1,1222,0.16311740646947454,0.18485631706127162
HIV-1,pol,2791,0.5,6111,0.09490918573659655,0.11198216992556444
HIV-1,pol,2791,0.25,3055,0.12990045308854714,0.14984022764582744
HIV-1,pol,2791,0.1,1223,0.19514670934935185,0.21674319206656711
HIV-1,pol,2800,0.5,6112,0.05486027287002432,0.07048106638675837
HIV-1,pol,2800,0.25,3056,0.07666620172096436,0.08914465423618498
HIV-1,pol,2800,0.1,1222,0.12148967141080043,0.1375572123246156
HIV-1,pol,2809,0.5,6112,0.07275145710231669,0.08442394856459612
HIV-1,pol,2809,0.25,3056,0.10088394716997244,0.11991992915177292
HIV-1,pol,2809,0.1,1222,0.14689116150873008,0.16916807687544663
HIV-1,pol,2818,0.5,6111,0.08540034955501989,0.09909047370575383
HIV-1,pol,2818,0.25,3056,0.11327582350171182,0.12533524734371065
HIV-1,pol,2818,0.1,1221,0.16077312573767283,0.19313309782463173
HIV-1,pol,2827,0.5,6112,0.07387596014291935,0.08572669303059217
HIV-1,pol,2827,0.25,3056,0.10446242156389697,0.12170949674399227
HIV-1,pol,2827,0.1,1222,0.16397572879105085,0.1925096762238236
HIV-1,pol,2836,0.5,6114,0.10545982970721625,0.1229128564722153
HIV-1,pol,2836,0.25,3057,0.14796980454917158,0.1655760098486286
HIV-1,pol,2836,0.1,1223,0.22518385860457618,0.24195158225010124
HIV-1,pol,2845,0.5,6111,0.09803779494207765,0.1110000889414149
HIV-1,pol,2845,0.25,3056,0.13390521336407285,0.15583245305231783
HIV-1,pol,2845,0.1,1222,0.19944082397076354,0.23412910936252385
HIV-1,pol,2854,0.5,6112,0.08584756403451715,0.10812512550889355
HIV-1,pol,2854,0.25,3056,0.11527565121352322,0.129030698034318
HIV-1,pol,2854,0.1,1222,0.17153559631258464,0.19986530347494613
HIV-1,pol,2863,0.5,6111,0.08516991766926951,0.09671243851449864
HIV-1,pol,2863,0.25,3055,0.11740582524766527,0.13444522906070872
HIV-1,pol,2863,0.1,1222,0.17881989422705324,0.2007123977288736
HIV-1,pol,2872,0.5,6111,0.05122980276107694,0.0633885075603625
HIV-1,pol,2872,0.25,3056,0.06881836414983519,0.08435211149141443
HIV-1,pol,2872,0.1,1222,0.09737816193257677,0.1257369820508885
HIV-1,pol,2881,0.5,6113,0.08386710780277482,0.09354481481057696
HIV-1,pol,2881,0.25,3057,0.11333201737641588,0.12905347952977878
HIV-1,pol,2881,0.1,1223,0.16607454825152365,0.199839766879539
HIV-1,pol,2890,0.5,6112,0.08660633149112802,0.09901306195405174
HIV-1,pol,2890,0.25,3056,0.11927335397219535,0.13528080693260786
HIV-1,pol,2890,0.1,1222,0.17617433849422576,0.19568789847075574
HIV-1,pol,2899,0.5,6111,0.11045146252539507,0.1218220411969807
HIV-1,pol,2899,0.25,3055,0.15602900794474478,0.17272904129089642
HIV-1,pol,2899,0.1,1221,0.23352147267012416,0.25494436076316573
HIV-1,pol,2908,0.5,6112,0.11689240555932126,0.12852167289365965
HIV-1,pol,2908,0.25,3056,0.16128318587756857,0.18670743787046798
HIV-1,pol,2908,0.1,1222,0.2376799955417021,0.2560089900010508
HIV-1,pol,2917,0.5,6111,0.08758419211619903,0.10499610761353818
HIV-1,pol,2917,0.25,3055,0.12660523760271622,0.14444119327030946
HIV-1,pol,2917,0.1,1221,0.1953084083935364,0.22384740000353087
HIV-1,pol,2926,0.5,6111,0.10224873875533856,0.11698637011330633
HIV-1,pol,2926,0.25,3055,0.1428768176357909,0.1592606278322154
HIV-1,pol,2926,0.1,1223,0.21399495249889902,0.24586340519900754
HIV-1,pol,2935,0.5,6111,0.09655493308115207,0.1089204116956372
HIV-1,pol,2935,0.25,3055,0.1350933379560408,0.14930084702397736
HIV-1,pol,2935,0.1,1222,0.20521959390153252,0.23441216818070798
HIV-1,pol,2944,0.5,6112,0.07684719156689024,0.0859830830924526
HIV-1,pol,2944,0.25,3056,0.1062807087768319,0.12466045018126051
HIV-1,pol,2944,0.1,1223,0.16404842086368146,0.18663753471586153
HIV-1,pol,2953,0.5,6111,0.07477748971448032,0.09254896382729508
HIV-1,pol,2953,0.25,3056,0.10615630493890454,0.13432697533201657
HIV-1,pol,2953,0.1,1222,0.16258459134608633,0.19006522501732978
HIV-1,pol,2962,0.5,6112,0.057612873859491806,0.0678839890813115
HIV-1,pol,2962,0.25,3056,0.07827998174746664,0.09688777490118994
HIV-1,pol,2962,0.1,1222,0.11329684368622293,0.13724544098538863
HIV-1,pol,2971,0.5,6112,0.09645131746984245,0.10642755145962793
HIV-1,pol,2971,0.25,3056,0.13075971918728915,0.1423961309669595
HIV-1,pol,2971,0.1,1223,0.19462579628162568,0.2313320843488376
HIV-1,pol,2980,0.5,6111,0.06782241808271218,0.0767363242491562
HIV-1,pol,2980,0.25,3055,0.09205196114918725,0.11353543714516917
HIV-1,pol,2980,0.1,1221,0.1334616962105392,0.16576106051430833
HIV-1,pol,2989,0.5,6111,0.08790909256026173,0.10411509610936541
HIV-1,pol,2989,0.25,3055,0.12207869578180068,0.13711306275281301
HIV-1,pol,2989,0.1,1222,0.18457062014142028,0.2146928913730768
HIV-1,pol,2998,0.5,6111,0.08438289037131276,0.09653863571724222
HIV-1,pol,2998,0.25,3055,0.11531899098985382,0.13575460807718565
HIV-1,pol,2998,0.1,1222,0.1720161192965933,0.19436130708084448
HIV-1,env,1,0.5,6112,0.06069739676203659,0.07591526455164783
HIV-1,env,1,0.25,3055,0.08493578689537366,0.09882039835116356
HIV-1,env,1,0.1,1222,0.13134733733693846,0.15868781987278965
HIV-1,env,10,0.5,6112,0.038958008816883195,0.046003150519507374
HIV-1,env,10,0.25,3056,0.05293112107363318,0.0661810518041149
HIV-1,env,10,0.1,1222,0.07919456754895274,0.09686370493930474
HIV-1,env,19,0.5,6112,0.071666691569485,0.0791202143656289
HIV-1,env,19,0.25,3056,0.09910098944031187,0.11564709737671228
HIV-1,env,19,0.1,1223,0.14879647759387044,0.1648246890914833
HIV-1,env,28,0.5,6112,0.08042933956475531,0.0881601754377842
HIV-1,env,28,0.25,3055,0.11194483446567471,0.12440136405752604
HIV-1,env,28,0.1,1222,0.17156418259648618,0.1949873516651931
HIV-1,env,37,0.5,6111,0.09042658865093543,0.1072722697953062
HIV-1,env,37,0.25,3055,0.12720502208812579,0.13907563058505382
HIV-1,env,37,0.1,1222,0.19098092764291413,0.21172075774404034
HIV-1,env,46,0.5,6111,0.09977692356917314,0.10599125343816027
HIV-1,env,46,0.25,3055,0.13598647398519156,0.1527166668265541
HIV-1,env,46,0.1,1221,0.20090478704564702,0.22402807485337564
HIV-1,env,55,0.5,6111,0.09339063983154779,0.10320711628116348
HIV-1,env,55,0.25,3056,0.12985146379942972,0.14413602852823218
HIV-1,env,55,0.1,1223,0.19505788699961507,0.21324350521718174
HIV-1,env,64,0.5,6111,0.10431289060775564,0.11409033618097551
HIV-1,env,64,0.25,3054,0.14306477021556266,0.15677618542910332
HIV-1,env,64,0.1,1221,0.2137640355564685,0.23083019574608654
HIV-1,env,73,0.5,6111,0.08713818798194711,0.09497416393785281
HIV-1,env,73,0.25,3056,0.11817275952596419,0.13629639761728765
HIV-1,env,73,0.1,1223,0.17612867134298124,0.19330760181568368
HIV-1,env,82,0.5,6113,0.09093080610944804,0.10011469357638154
HIV-1,env,82,0.25,3057,0.1264664305845766,0.13915692598663634
HIV-1,env,82,0.1,1222,0.18940646749793477,0.23087962010724147
HIV-1,env,91,0.5,6112,0.03469101586928099,0.04011847847431235
HIV-1,env,91,0.25,3055,0.047449473973342586,0.05406772371442202
HIV-1,env,91,0.1,1223,0.07001811571179319,0.07967075337074356
HIV-1,env,100,0.5,6112,0.0961999674910237,0.10898464389938291
HIV-1,env,100,0.25,3056,0.13138475725381596,0.14707512401086142
HIV-1,env,100,0.1,1223,0.1979470627729168,0.2258272024602439
HIV-1,env,109,0.5,6111,0.10921674487743156,0.12396506249485466
HIV-1,env,109,0.25,3055,0.14998117254768079,0.16403578139910419
HIV-1,env,109,0.1,1221,0.22091867401372403,0.24434047354157648
HIV-1,env,118,0.5,6112,0.08851905879315232,0.09982043567492303
HIV-1,env,118,0.25,3056,0.12364630684469437,0.14261902362847312
HIV-1,env,118,0.1,1223,0.18820789348685857,0.22266683581523578
HIV-1,env,127,0.5,6112,0.08922552482543998,0.0990225217125722
HIV-1,env,127,0.25,3056,0.1226953223518128,0.1355354137527596
HIV-1,env,127,0.1,1222,0.18372300899128538,0.2023074611502945
HIV-1,env,136,0.5,6111,0.10217560782861168,0.11843759351342467
HIV-1,env,136,0.25,3055,0.14040372713204818,0.15593974627593482
HIV-1,env,136,0.1,1223,0.21168256726970455,0.2344766704703992
HIV-1,env,145,0.5,6112,0.09541748444610933,0.1064119354687969
HIV-1,env,145,0.25,3056,0.13174535983756805,0.14988914218835567
HIV-1,env,145,0.1,1222,0.19753596166100543,0.21521127410940596
HIV-1,env,154,0.5,6111,0.10050424934429429,0.1136314452171885
HIV-1,env,154,0.25,3055,0.14101169065692626,0.16473528509332647
HIV-1,env,154,0.1,1223,0.21348226543233104,0.2380358034729987
HIV-1,env,163,0.5,6113,0.09327908343139771,0.1061572998737955
HIV-1,env,163,0.25,3056,0.1245353488822344,0.14634079710888032
HIV-1,env,163,0.1,1223,0.18154845717791668,0.20716485439081425
HIV-1,env,172,0.5,6111,0.08831051390782287,0.09788145180533468
HIV-1,env,172,0.25,3054,0.12205867683553237,0.14035701663048492
HIV-1,env,172,0.1,1222,0.1844596551447713,0.21153155429317744
HIV-1,env,181,0.5,6111,0.09115018415511535,0.10003210956519362
HIV-1,env,181,0.25,3057,0.12591603351133926,0.1366075371548859
HIV-1,env,181,0.1,1222,0.18929103505699807,0.22406977671060424
HIV-1,env,190,0.5,6112,0.12155599156117293,0.13357269288859377
HIV-1,env,190,0.25,3056,0.16827306566059838,0.1858758022364286
HIV-1,env,190,0.1,1223,0.2524751366627239,0.2712598144704283
HIV-1,env,199,0.5,6111,0.09967097995976426,0.1133093262087062
HIV-1,env,199,0.25,3055,0.1386076521106109,0.15689583950463154
HIV-1,env,199,0.1,1222,0.2081219400245516,0.24590938541680038
HIV-1,env,208,0.5,6112,0.09111798141266367,0.1024530382020652
HIV-1,env,208,0.25,3056,0.1250293331765959,0.147258886965731
HIV-1,env,208,0.1,1223,0.18920647979643437,0.20642369932633445
HIV-1,env,217,0.5,6112,0.0811110413991077,0.09359918543055065
HIV-1,env,217,0.25,3056,0.10939337425031764,0.1251325574168279
HIV-1,env,217,0.1,1223,0.1598779074022431,0.18669867061193773
HIV-1,env,226,0.5,6111,0.09665539780975659,0.1090443084111284
HIV-1,env,226,0.25,3055,0.13151056614211515,0.15250742065896727
HIV-1,env,226,0.1,1222,0.19031059555339924,0.22116969761045563
HIV-1,env,235,0.5,6112,0.08630117116532901,0.09947621185280428
HIV-1,env,235,0.25,3056,0.11961896912690473,0.13166642994054154
HIV-1,env,235,0.1,1223,0.17989376571478474,0.19920153863607967
HIV-1,env,244,0.5,6111,0.11224409916558939,0.12307095799557216
HIV-1,env,244,0.25,3055,0.15452914193016618,0.16547912302049106
HIV-1,env,244,0.1,1223,0.2316412375214242,0.2624050382606527
HIV-1,env,253,0.5,6111,0.003442761187389677,0.004880656792987201
HIV-1,env,253,0.25,3056,0.004921097873094846,0.007271519062329156
HIV-1,env,253,0.1,1222,0.007229988403891595,0.013038780791944229
HIV-1,env,262,0.5,6113,0.08426010470251429,0.09760742933256228
HIV-1,env,262,0.25,3056,0.11825077783268809,0.13673679158934365
HIV-1,env,262,0.1,1222,0.17755745638829099,0.20824507090149405
HIV-1,env,271,0.5,6111,0.07674866007720181,0.08836699151371856
HIV-1,env,271,0.25,3056,0.10664312239878782,0.12237530572174068
HIV-1,env,271,0.1,1222,0.16494960440426096,0.1843790394940399
HIV-1,env,280,0.5,6111,0.0703210526273558,0.08327908750227282
HIV-1,env,280,0.25,3055,0.09706916995187742,0.11747293986578727
HIV-1,env,280,0.1,1222,0.1457804747119261,0.1791918865031647
HIV-1,env,289,0.5,6111,0.10536247108109101,0.11982016266687222
HIV-1,env,289,0.25,3056,0.14533762311396994,0.16048363537113952
HIV-1,env,289,0.1,1223,0.2169276574406631,0.2425874278837207
HIV-1,env,298,0.5,6112,0.11552965622752433,0.13000656726722806
HIV-1,env,298,0.25,3056,0.1596833652806753,0.1841431510070575
HIV-1,env,298,0.1,1221,0.24278513476357577,0.26464143522431294
HIV-1,env,307,0.5,6111,0.1115769825110214,0.122604508714486
HIV-1,env,307,0.25,3055,0.15481874271207216,0.17849516018818634
HIV-1,env,307,0.1,1223,0.23181180216472988,0.25534967254224294
HIV-1,env,316,0.5,6113,0.12605846518169084,0.13984679257827767
HIV-1,env,316,0.25,3056,0.17370592109061272,0.1915554793572666
HIV-1,env,316,0.1,1222,0.2542144889360127,0.2783278661730203
HIV-1,env,325,0.5,6111,0.10874362697577838,0.1208587965803773
HIV-1,env,325,0.25,3054,0.15050116094106525,0.16606336049876888
HIV-1,env,325,0.1,1224,0.22222535964784484,0.2548971869786586
HIV-1,env,334,0.5,6112,0.09607654458353522,0.11204275488022511
HIV-1,env,334,0.25,3057,0.13357783474822085,0.14933335541979975
HIV-1,env,334,0.1,1222,0.19878754303748516,0.22358792928118598
HIV-1,env,343,0.5,6112,0.10387980681764859,0.11533644274395652
HIV-1,env,343,0.25,3055,0.14546378446837377,0.16647264882033336
HIV-1,env,343,0.1,1223,0.21990425537899203,0.24573486183347837
HIV-1,env,352,0.5,6112,0.08441414830657042,0.0940211127278393
HIV-1,env,352,0.25,3057,0.11549767004069626,0.13590235536825696
HIV-1,env,352,0.1,1223,0.1710371532830072,0.19355346919032826
HIV-1,env,361,0.5,6111,0.10301960225655064,0.11389500725076816
HIV-1,env,361,0.25,3055,0.145422014934304,0.16104449803920398
HIV-1,env,361,0.1,1222,0.21775140947787908,0.23836814999978526
HIV-1,env,370,0.5,6112,0.09134430016448168,0.1048510754357794
HIV-1,env,370,0.25,3056,0.1281989265779632,0.14185106807004283
HIV-1,env,370,0.1,1222,0.19589239012338414,0.21468592151631388
HIV-1,env,379,0.5,6111,0.07164401098293574,0.08224227490657995
HIV-1,env,379,0.25,3056,0.10086617044065509,0.11841819568126825
HIV-1,env,379,0.1,1222,0.15910808072855728,0.18362714791986018
HIV-1,env,388,0.5,6111,0.07617058336506055,0.08505801808490716
HIV-1,env,388,0.25,3056,0.10591605905519504,0.1180568768245906
HIV-1,env,388,0.1,1222,0.1614962523494328,0.17927979063987964
HIV-1,env,397,0.5,6112,0.00227807571175559,0.0034740310346425773
HIV-1,env,397,0.25,3056,0.003365346006160968,0.004383485028941043
HIV-1,env,397,0.1,1222,0.0033893165735412916,0.0064590075805786
HIV-1,env,406,0.5,6112,0.002515842969110004,0.00392397652695604
HIV-1,env,406,0.25,3056,0.003614639805893346,0.00447713439851522
HIV-1,env,406,0.1,1223,0.004642692489257378,0.007844882295009747
HIV-1,env,415,0.5,6112,0.0022988834317411023,0.0035306947570490073
HIV-1,env,415,0.25,3056,0.0033505201408350976,0.004101156722513114
HIV-1,env,415,0.1,1222,0.0052062668607385735,0.0064590075805786
HIV-1,env,424,0.5,6112,0.0023779874367873956,0.0034676648462519093
HIV-1,env,424,0.25,3056,0.0033841482474897336,0.004202407988295105
HIV-1,env,424,0.1,1222,0.003729337810769607,0.008524641140725457
HIV-1,env,433,0.5,6112,0.02417439097239462,0.029561992048556855
HIV-1,env,433,0.25,3056,0.033084306610257484,0.049344608864133534
HIV-1,env,433,0.1,1222,0.050943664727792645,0.06046823107661035
HIV-1,env,442,0.5,6113,0.0300361462935039,0.03671869541164201
HIV-1,env,442,0.25,3056,0.04041366132944919,0.04991504376242951
HIV-1,env,442,0.1,1222,0.06088901011756861,0.07884116317668179
HIV-1,env,451,0.5,6112,0.002260983017360018,0.0036251916966564507
HIV-1,env,451,0.25,3056,0.003438220907112506,0.005309653805983346
HIV-1,env,451,0.1,1222,0.0036824229592042563,0.008917301355398357
HIV-1,env,460,0.5,6112,0.08791452075876707,0.0957325393883761
HIV-1,env,460,0.25,3056,0.12133153913795891,0.13663304196823312
HIV-1,env,460,0.1,1222,0.1863103779267184,0.2054474657205121
HIV-1,env,469,0.5,6112,0.10150494126179319,0.11523039904080995
HIV-1,env,469,0.25,3056,0.1409899613158146,0.16016830278338792
HIV-1,env,469,0.1,1222,0.21023816595703348,0.23223472612231716
HIV-1,env,478,0.5,6111,0.09676440356414708,0.10522191140483948
HIV-1,env,478,0.25,3056,0.13473570745035254,0.1462265483603274
HIV-1,env,478,0.1,1222,0.20212286733505722,0.22028440594795642
HIV-1,env,487,0.5,6111,0.06535322828233713,0.07089970853204057
HIV-1,env,487,0.25,3055,0.08927107355789327,0.10011675969343327
HIV-1,env,487,0.1,1222,0.13321705418377924,0.15378383327993247
HIV-1,env,496,0.5,6111,0.08442267791097173,0.09648109657823642
HIV-1,env,496,0.25,3056,0.11834401080532266,0.1306408111160032
HIV-1,env,496,0.1,1223,0.17561897369868834,0.20042826568127345
HIV-1,env,505,0.5,6112,0.0072200295015828675,0.00985585376357663
HIV-1,env,505,0.25,3056,0.009539768689295285,0.013311198677248549
HIV-1,env,505,0.1,1223,0.014575020612017582,0.022008351950858554
HIV-1,env,514,0.5,6112,0.06731220690425493,0.07777497818525675
HIV-1,env,514,0.25,3056,0.09121290968554153,0.10107168687477587
HIV-1,env,514,0.1,1222,0.13525495063587326,0.1524937742588605
HIV-1,env,523,0.5,6113,0.075068520974481,0.08685688252566197
HIV-1,env,523,0.25,3057,0.10203302940800942,0.12063565219499746
HIV-1,env,523,0.1,1222,0.15263628625822578,0.17276277122105152
HIV-1,env,532,0.5,6111,0.07449179021058333,0.09639406556110859
HIV-1,env,532,0.25,3055,0.10637236429718226,0.1356252947098041
HIV-1,env,532,0.1,1222,0.1653690667710614,0.20336919261106395
HIV-1,env,541,0.5,6111,0.05420197116746538,0.06171499556902792
HIV-1,env,541,0.25,3056,0.07434185023531804,0.08448753128851134
HIV-1,env,541,0.1,1222,0.11074772930123428,0.12706667223363682
HIV-1,env,550,0.5,6111,0.002190378599994521,0.0031792365094780064
HIV-1,env,550,0.25,3056,0.0032896756728800925,0.0039052073123043364
HIV-1,env,550,0.1,1222,0.00381673470474597,0.007661373895903313
HIV-1,env,559,0.5,6112,0.007233106356121377,0.00942888417219378
HIV-1,env,559,0.25,3056,0.009656332906971479,0.012934051670436828
HIV-1,env,559,0.1,1223,0.015668400213664054,0.022461813977907738
HIV-1,env,568,0.5,6111,0.03592338390456509,0.043027715539376926
HIV-1,env,568,0.25,3055,0.04904302041720479,0.059498166670894054
HIV-1,env,568,0.1,1222,0.07424296344553412,0.09061805754068548
HIV-1,env,577,0.5,6111,0.054140468831780454,0.06396853443898197
HIV-1,env,577,0.25,3055,0.07419207061554162,0.0854374443026575
HIV-1,env,577,0.1,1223,0.11486802043099842,0.13611630944747954
HIV-1,env,586,0.5,6112,0.11678287863039712,0.12843379487214196
HIV-1,env,586,0.25,3056,0.1599922443056627,0.17230521810932214
HIV-1,env,586,0.1,1223,0.2398120086480115,0.2621962056522729
HIV-1,env,595,0.5,6111,0.11743526625473952,0.12845967531865174
HIV-1,env,595,0.25,3056,0.16019094355178431,0.17504120522183855
HIV-1,env,595,0.1,1222,0.235315227368637,0.2578003706418882
HIV-1,env,604,0.5,6111,0.10934598393414233,0.12052162057240769
HIV-1,env,604,0.25,3055,0.15286188671718048,0.1697428985210634
HIV-1,env,604,0.1,1222,0.23248620422458885,0.2535526987106315
HIV-1,env,613,0.5,6111,0.08619615147576512,0.09615747266081064
HIV-1,env,613,0.25,3055,0.12176909981919806,0.14130740778081372
HIV-1,env,613,0.1,1222,0.17967205266400266,0.20656849277416878
HIV-1,env,622,0.5,6111,0.11954518007513457,0.1309805363843347
HIV-1,env,622,0.25,3054,0.16629626827994035,0.18130124217950846
HIV-1,env,622,0.1,1223,0.25000515279584856,0.26948432892678
HIV-1,env,631,0.5,6111,0.10054372790070058,0.12247451970738947
HIV-1,env,631,0.25,3056,0.14263203896479887,0.16149436764991879
HIV-1,env,631,0.1,1222,0.22013367564552236,0.2397765131123364
HIV-1,env,640,0.5,6112,0.10554506463454419,0.12422316028827665
HIV-1,env,640,0.25,3056,0.14442145841243795,0.15673080587435986
HIV-1,env,640,0.1,1223,0.21421364870093423,0.25213941339314466
HIV-1,env,649,0.5,6111,0.09001147248028282,0.09898470077044648
HIV-1,env,649,0.25,3055,0.12710059898747614,0.14581467501890727
HIV-1,env,649,0.1,1222,0.1984709205130897,0.21727311236976088
HIV-1,env,658,0.5,6112,0.10426067914915912,0.12104849273685346
HIV-1,env,658,0.25,3055,0.14470672793339737,0.16843303266997253
HIV-1,env,658,0.1,1222,0.214877138823691,0.2526812678368077
HIV-1,env,667,0.5,6111,0.1001975990668932,0.1132041838968213
HIV-1,env,667,0.25,3055,0.1395951255908598,0.16216632321345828
HIV-1,env,667,0.1,1221,0.2113713520658151,0.23553421767601274
HIV-1,env,676,0.5,6113,0.10878186608495997,0.1253404373107017
HIV-1,env,676,0.25,3056,0.14942702902147162,0.16661283725589401
HIV-1,env,676,0.1,1224,0.22424030062914022,0.24698391109580864
HIV-1,env,685,0.5,6112,0.0817187996967305,0.0911189383286433
HIV-1,env,685,0.25,3056,0.11331366667430004,0.12748007228449526
HIV-1,env,685,0.1,1222,0.17302058953778518,0.19228958307377528
HIV-1,env,694,0.5,6113,0.08057264185599793,0.08988658948087097
HIV-1,env,694,0.25,3058,0.11249160564747125,0.12390159108161566
HIV-1,env,694,0.1,1223,0.17494498807058462,0.19438674622047633
HIV-1,env,703,0.5,6111,0.09480478060438596,0.10601771838741295
HIV-1,env,703,0.25,3056,0.13380169013757157,0.14662238524016777
HIV-1,env,703,0.1,1222,0.20631780971671768,0.22967881795111356
HIV-1,env,712,0.5,6113,0.07866096298517607,0.08786212521302704
HIV-1,env,712,0.25,3056,0.11049226420280796,0.12578173180266033
HIV-1,env,712,0.1,1224,0.17027543211427595,0.20103096911459953
HIV-1,env,721,0.5,6111,0.10546909755384089,0.12015215285628726
HIV-1,env,721,0.25,3056,0.14510269100711895,0.1583882714994954
HIV-1,env,721,0.1,1222,0.21361450894674186,0.24374946792042804
HIV-1,env,730,0.5,6112,0.08511194732876834,0.09827036422450316
HIV-1,env,730,0.25,3056,0.1177017461259701,0.1382622535089343
HIV-1,env,730,0.1,1223,0.17880613104764245,0.20374175148456977
HIV-1,env,739,0.5,6112,0.07462994840109374,0.09052991069151925
HIV-1,env,739,0.25,3056,0.10640219307751889,0.13438743110237822
HIV-1,env,739,0.1,1222,0.16274604988642777,0.18259039477807795
HIV-1,env,748,0.5,6112,0.1130386877533997,0.12741957667321013
HIV-1,env,748,0.25,3057,0.1557167199860888,0.17167700477174674
HIV-1,env,748,0.1,1223,0.23184978027057937,0.2538540932788218
HIV-1,env,757,0.5,6112,0.10340048239558895,0.12109773946617863
HIV-1,env,757,0.25,3056,0.14430280480608706,0.15787673510633474
HIV-1,env,757,0.1,1222,0.2224887050364401,0.2594961948889753
HIV-1,env,766,0.5,6112,0.08490733084832496,0.09734669451730657
HIV-1,env,766,0.25,3055,0.11719003132870903,0.13450886891858743
HIV-1,env,766,0.1,1221,0.17224481196236094,0.2049830962260229
HIV-1,env,775,0.5,6112,0.09282575408292681,0.11184921920342228
HIV-1,env,775,0.25,3056,0.1279758837728913,0.14758736897410313
HIV-1,env,775,0.1,1221,0.19415038920743638,0.21942026016844762
HIV-1,env,784,0.5,6111,0.10847272820578159,0.12043478364884233
HIV-1,env,784,0.25,3054,0.1511661510476017,0.17343928051488072
HIV-1,env,784,0.1,1223,0.22717415450718376,0.25242871311989795
HIV-1,env,793,0.5,6112,0.08408416725885148,0.09269778052773564
HIV-1,env,793,0.25,3056,0.11785903796206144,0.12938428773149438
HIV-1,env,793,0.1,1223,0.1801801879444275,0.20893581975221087
HIV-1,env,802,0.5,6111,0.07709256266406542,0.08453079483542009
HIV-1,env,802,0.25,3055,0.10578724221272115,0.11686812553039236
HIV-1,env,802,0.1,1222,0.15818028851536736,0.18363601003584532
HIV-1,env,811,0.5,6112,0.11284219941181269,0.12472687012430038
HIV-1,env,811,0.25,3056,0.15544864266321726,0.17456292604885154
HIV-1,env,811,0.1,1222,0.23327709514450715,0.25060212460696507
HIV-1,env,820,0.5,6113,0.06882850170639566,0.07694324891382606
HIV-1,env,820,0.25,3056,0.0978377823004008,0.10953000323271805
HIV-1,env,820,0.1,1222,0.14760221279313046,0.16306805419436732
HIV-1,env,829,0.5,6111,0.06788303675900197,0.07728446747034158
HIV-1,env,829,0.25,3055,0.0931614813904927,0.10270665896871706
HIV-1,env,829,0.1,1221,0.1370519353822327,0.15639379156931438
HIV-1,env,838,0.5,6111,0.10332014573784971,0.11246953053910448
HIV-1,env,838,0.25,3056,0.14230091183370286,0.16363001114129208
HIV-1,env,838,0.1,1222,0.2144638206382236,0.23256145734044648
HIV-1,env,847,0.5,6111,0.09286464654001754,0.10215402696557511
HIV-1,env,847,0.25,3057,0.12949466566838105,0.14489792570518906
HIV-1,env,847,0.1,1222,0.19825750523791003,0.22475720227896367
HIV-1,env,856,0.5,6111,0.11963904851574599,0.1296457723186675
HIV-1,env,856,0.25,3054,0.16279961537138038,0.18111643672042982
HIV-1,env,856,0.1,1222,0.2398604720438305,0.25810477649267827
HIV-1,env,865,0.5,6112,0.06594908319565433,0.07412424930258536
HIV-1,env,865,0.25,3055,0.08901207947687347,0.10121546931669044
HIV-1,env,865,0.1,1222,0.1342762738537587,0.16178211745777143
HIV-1,env,874,0.5,6111,0.07293969974316757,0.08306786558783058
HIV-1,env,874,0.25,3056,0.09919652758431345,0.10802155086024315
HIV-1,env,874,0.1,1223,0.14864661539097035,0.1662218728451304
HIV-1,env,883,0.5,6111,0.08028513722849596,0.08850826374437125
HIV-1,env,883,0.25,3056,0.11037182237887169,0.12323794546138901
HIV-1,env,883,0.1,1222,0.16640056680260945,0.19500544076128556
HIV-1,env,892,0.5,6111,0.09698604209232974,0.10757067554314013
HIV-1,env,892,0.25,3055,0.13405189998670122,0.14559874703231768
HIV-1,env,892,0.1,1222,0.20188305024424583,0.2250156409857084
HIV-1,env,901,0.5,6112,0.0702359878657968,0.08001505550499069
HIV-1,env,901,0.25,3056,0.10149378082360477,0.11700008343023281
HIV-1,env,901,0.1,1222,0.1603040684882935,0.1821856519727758
HIV-1,env,910,0.5,6112,0.06445528561633365,0.07214917865024144
HIV-1,env,910,0.25,3056,0.09165670047808919,0.11242315654271531
HIV-1,env,910,0.1,1223,0.14153957768831268,0.15982196594094994
HIV-1,env,919,0.5,6112,0.05803089815592751,0.06767607516507611
HIV-1,env,919,0.25,3056,0.0813874966677073,0.09303165366818986
HIV-1,env,919,0.1,1222,0.12288466181107467,0.14013748702078058
HIV-1,env,928,0.5,6112,0.08366261219840285,0.09728073943715039
HIV-1,env,928,0.25,3056,0.11514484862007943,0.13408662134818766
HIV-1,env,928,0.1,1223,0.1689957682331604,0.1866456844247463
HIV-1,env,937,0.5,6111,0.08098556187620592,0.0920632536888342
HIV-1,env,937,0.25,3056,0.112344455124152,0.1293814720118768
HIV-1,env,937,0.1,1222,0.17214361822190274,0.1938765852777751
HIV-1,env,946,0.5,6111,0.10122309067381333,0.11143850685225487
HIV-1,env,946,0.25,3055,0.14083101481665197,0.15705510899392344
HIV-1,env,946,0.1,1223,0.2137428930569692,0.23792715870344258
HIV-1,env,955,0.5,6112,0.08409974186847433,0.09459512996482451
HIV-1,env,955,0.25,3056,0.11769369249189633,0.12982761976900553
HIV-1,env,955,0.1,1222,0.18156403554278266,0.21318714735762057
HIV-1,env,964,0.5,6111,0.05450780522626939,0.06102174976273597
HIV-1,env,964,0.25,3055,0.07649287598854788,0.09051712597341999
HIV-1,env,964,0.1,1222,0.11834645002515093,0.14019645950369206
HIV-1,env,973,0.5,6112,0.08968710830033856,0.10071133119037783
HIV-1,env,973,0.25,3055,0.12605736820010052,0.14153970800826518
HIV-1,env,973,0.1,1223,0.19654288848542467,0.2206378614200116
HIV-1,env,982,0.5,6112,0.08008225932249377,0.09112054794282101
HIV-1,env,982,0.25,3056,0.10861697871082447,0.12317519114966657
HIV-1,env,982,0.1,1222,0.16421067025256184,0.18932770631850296
HIV-1,env,991,0.5,6111,0.0736969873968454,0.08254643398864712
HIV-1,env,991,0.25,3056,0.10167601485893765,0.11385830318711461
HIV-1,env,991,0.1,1222,0.154820324393749,0.18058964215943102
HIV-1,env,1000,0.5,6112,0.02416680512577194,0.02958423456812971
HIV-1,env,1000,0.25,3056,0.03321540910056421,0.039224534725057145
HIV-1,env,1000,0.1,1222,0.04888309526578231,0.06413288699080555
HIV-1,env,1009,0.5,6112,0.06492528477904574,0.07343229097959235
HIV-1,env,1009,0.25,3056,0.08997429214305255,0.10297153866108696
HIV-1,env,1009,0.1,1222,0.13785672970157878,0.15325388361236583
HIV-1,env,1018,0.5,6111,0.07248394058577949,0.08034672416316334
HIV-1,env,1018,0.25,3055,0.09977159948955719,0.11189329089456743
HIV-1,env,1018,0.1,1223,0.15472655361910176,0.17357293026412254
HIV-1,env,1027,0.5,6112,0.032355420318003064,0.035956312191734306
HIV-1,env,1027,0.25,3056,0.04398174305863756,0.053390419515651204
HIV-1,env,1027,0.1,1223,0.06493368174434155,0.0770362069838228
HIV-1,env,1036,0.5,6111,0.017120096057476997,0.020539818698297605
HIV-1,env,1036,0.25,3055,0.02263943611495577,0.02747137935825163
HIV-1,env,1036,0.1,1223,0.034353527288927356,0.0433340076365951
HIV-1,env,1045,0.5,6111,0.06358360053777498,0.07022977165341075
HIV-1,env,1045,0.25,3055,0.08659575151562834,0.09558095756308764
HIV-1,env,1045,0.1,1221,0.12741145817969557,0.1447459394692942
HIV-1,env,1054,0.5,6112,0.05762726208495767,0.06488041625464876
HIV-1,env,1054,0.25,3056,0.08034686099644972,0.09129649370660653
HIV-1,env,1054,0.1,1222,0.11945003470100225,0.134073497666956
HIV-1,env,1063,0.5,6112,0.01951316771496742,0.02510228315451371
HIV-1,env,1063,0.25,3056,0.02643068086529929,0.03145291848460762
HIV-1,env,1063,0.1,1223,0.03946334476420458,0.05008984946769116
HIV-1,env,1072,0.5,6111,0.0442609806196392,0.05652384663570441
HIV-1,env,1072,0.25,3055,0.06156392881409267,0.07273105811739905
HIV-1,env,1072,0.1,1222,0.09318779152013705,0.10942180610340313
HIV-1,env,1081,0.5,6111,0.045193629518415504,0.04950822521146387
HIV-1,env,1081,0.25,3055,0.06143754403189302,0.06609244454950926
HIV-1,env,1081,0.1,1223,0.09186053579658646,0.10780186704183597
HIV-1,env,1090,0.5,6112,0.086684109708289,0.09773311170148512
HIV-1,env,1090,0.25,3057,0.12192823910946224,0.14660731608341884
HIV-1,env,1090,0.1,1222,0.1835946501696057,0.2015510766539675
HIV-1,env,1099,0.5,6111,0.0989604159359027,0.11451541066626841
HIV-1,env,1099,0.25,3056,0.1384007665064391,0.15103597188247161
HIV-1,env,1099,0.1,1223,0.2118038470515348,0.2322314269895922
HIV-1,env,1108,0.5,6111,0.0766110286093648,0.08873848797819954
HIV-1,env,1108,0.25,3055,0.10778073697991274,0.13421641009442276
HIV-1,env,1108,0.1,1222,0.17177929212864912,0.2001331921182856
HIV-1,env,1117,0.5,6112,0.10380362644313207,0.11094931511172985
HIV-1,env,1117,0.25,3056,0.1433948101690795,0.16299025645723758
HIV-1,env,1117,0.1,1222,0.2144814899004631,0.23395451530748712
HIV-1,env,1126,0.5,6111,0.09985125110769844,0.11116062593000983
HIV-1,env,1126,0.25,3056,0.13501748293310664,0.1499474676013229
HIV-1,env,1126,0.1,1221,0.19960233652468015,0.2329249228870506
HIV-1,env,1135,0.5,6113,0.10684349089306375,0.11840156578731874
HIV-1,env,1135,0.25,3057,0.1508650654184012,0.16890704845111376
HIV-1,env,1135,0.1,1222,0.22550546595283835,0.24275490299641242
HIV-1,env,1144,0.5,6112,0.09652229886950921,0.11187872701661955
HIV-1,env,1144,0.25,3055,0.13123779679434075,0.1478203254233603
HIV-1,env,1144,0.1,1223,0.1991929243837092,0.23349570959172344
HIV-1,env,1153,0.5,6111,0.08639804818721528,0.10345848975809235
HIV-1,env,1153,0.25,3056,0.12089091219382113,0.1381352601589893
HIV-1,env,1153,0.1,1223,0.18500575339086384,0.22281383810854857
HIV-1,env,1162,0.5,6111,0.0166450650099933,0.020063841617010702
HIV-1,env,1162,0.25,3056,0.023269002089170664,0.02683163678308581
HIV-1,env,1162,0.1,1222,0.03433115606559781,0.04352792375315191
HIV-1,env,1171,0.5,6113,0.09225485193035558,0.10327571332273967
HIV-1,env,1171,0.25,3056,0.12548492804498113,0.13710943260699382
HIV-1,env,1171,0.1,1222,0.18569875433674685,0.20389295102738755
HIV-1,env,1180,0.5,6112,0.02766791851530345,0.03264644064417948
HIV-1,env,1180,0.25,3056,0.037141232447556634,0.04535946986506604
HIV-1,env,1180,0.1,1222,0.05395842558130898,0.06419497440029726
HIV-1,env,1189,0.5,6112,0.03176440098849543,0.038228452826798834
HIV-1,env,1189,0.25,3056,0.04327520236548007,0.05014785061386822
HIV-1,env,1189,0.1,1222,0.0657874286592259,0.07924661002907891
HIV-1,env,1198,0.5,6111,0.029893783871797672,0.035756244617176344
HIV-1,env,1198,0.25,3055,0.041964338602179165,0.05352477286104318
HIV-1,env,1198,0.1,1222,0.06372753461159898,0.07909498470898173
HIV-1,env,1207,0.5,6111,0.024924366992075425,0.03111442693518861
HIV-1,env,1207,0.25,3056,0.03460542275898277,0.041452496378427135
HIV-1,env,1207,0.1,1223,0.05285354608089088,0.0651794884298218
HIV-1,env,1216,0.5,6111,0.002425541474995559,0.0036511877178183553
HIV-1,env,1216,0.25,3055,0.0032907813854566237,0.004815568056479195
HIV-1,env,1216,0.1,1223,0.004767172724335093,0.007844882295009747
HIV-1,env,1225,0.5,6112,0.026491310278519357,0.03398757039980937
HIV-1,env,1225,0.25,3055,0.03735122821340086,0.04725482779891907
HIV-1,env,1225,0.1,1222,0.05644994680253301,0.06880020167538141
HIV-1,env,1234,0.5,6112,0.0177423860835989,0.02077491691086193
HIV-1,env,1234,0.25,3056,0.02365314926085183,0.02995065850400455
HIV-1,env,1234,0.1,1221,0.03457751787988545,0.04704401279374639
HIV-1,env,1243,0.5,6111,0.09643210283754641,0.10729647338407494
HIV-1,env,1243,0.25,3057,0.13409804942693235,0.14445908625417794
HIV-1,env,1243,0.1,1222,0.19790689057809022,0.2194855870880395
HIV-1,env,1252,0.5,6113,0.11120898360043074,0.12018975188583547
HIV-1,env,1252,0.25,3057,0.1544946559848694,0.1696128027103306
HIV-1,env,1252,0.1,1223,0.23330106420497476,0.25300721273242166
HIV-1,env,1261,0.5,6111,0.07894590452485173,0.09091229728639028
HIV-1,env,1261,0.25,3056,0.11236446367581371,0.13280350564514712
HIV-1,env,1261,0.1,1222,0.17486766132326395,0.19595397335136813
HIV-1,env,1270,0.5,6111,0.08900243022008075,0.10038536962055283
HIV-1,env,1270,0.25,3056,0.12207175178929722,0.13593063858758261
HIV-1,env,1270,0.1,1223,0.18258568625406266,0.21098402618115214
HIV-1,env,1279,0.5,6112,0.08729084037289955,0.0979686773661026
HIV-1,env,1279,0.25,3057,0.12505373994668456,0.13866847181193442
HIV-1,env,1279,0.1,1222,0.19223049054248867,0.21925772537302624
HIV-1,env,1288,0.5,6111,0.0949769187765501,0.10756789164118627
HIV-1,env,1288,0.25,3054,0.13181564524043,0.15545035626042014
HIV-1,env,1288,0.1,1223,0.20166352284062744,0.22533923957394794
HIV-1,env,1297,0.5,6111,0.08211256570782113,0.0984912296143791
HIV-1,env,1297,0.25,3056,0.11394872077234924,0.1350917573782793
HIV-1,env,1297,0.1,1223,0.1697836417907605,0.18854428774993037
HIV-1,env,1306,0.5,6111,0.10667941973784974,0.12302111200099955
HIV-1,env,1306,0.25,3055,0.14763597314546095,0.16822842106178246
HIV-1,env,1306,0.1,1223,0.21701450344600856,0.24010288630308954
HIV-1,env,1315,0.5,6112,0.10294960667275395,0.11037384115288323
HIV-1,env,1315,0.25,3056,0.14354314361161258,0.15437075178015372
HIV-1,env,1315,0.1,1222,0.2184547837636456,0.23731011926623308
HIV-1,env,1324,0.5,6113,0.03624161897826394,0.04121295507868537
HIV-1,env,1324,0.25,3056,0.048442482140526086,0.05777713047475244
HIV-1,env,1324,0.1,1221,0.07208339574479902,0.08808349130269894
HIV-1,env,1333,0.5,6112,0.1131455618829964,0.12256755895299412
HIV-1,env,1333,0.25,3057,0.1554600276511854,0.17062569748608877
HIV-1,env,1333,0.1,1224,0.2323446474825998,0.2546661748713265
HIV-1,env,1342,0.5,6112,0.0907128164439978,0.10344747348643567
HIV-1,env,1342,0.25,3055,0.12595719488001172,0.14131721186790552
HIV-1,env,1342,0.1,1222,0.19689641138419992,0.22797737071423688
HIV-1,env,1351,0.5,6111,0.06659095907952058,0.07304525665592905
HIV-1,env,1351,0.25,3057,0.09526488728424845,0.10728610428203617
HIV-1,env,1351,0.1,1223,0.1425835045701102,0.15873408162599814
HIV-1,env,1360,0.5,6111,0.10205717529774863,0.11588340041866002
HIV-1,env,1360,0.25,3056,0.14057665340817516,0.15821776101990112
HIV-1,env,1360,0.1,1223,0.212870174620416,0.23482242505729067
HIV-1,env,1369,0.5,6111,0.10537161095431449,0.11333295713512143
HIV-1,env,1369,0.25,3056,0.14490120426039155,0.15706402805194333
HIV-1,env,1369,0.1,1223,0.21909596761485778,0.23987242388031885
HIV-1,env,1378,0.5,6112,0.002187847450536868,0.003626245716278905
HIV-1,env,1378,0.25,3056,0.0033626853852198597,0.004536910277042508
HIV-1,env,1378,0.1,1222,0.003478657182791414,0.0064590075805786
HIV-1,env,1387,0.5,6112,0.009367710732686413,0.012939417522841244
HIV-1,env,1387,0.25,3056,0.012681321204746694,0.018138216179517854
HIV-1,env,1387,0.1,1222,0.01830029092293613,0.024803605225194647
HIV-1,env,1396,0.5,6112,0.1095424302221037,0.12064051999183345
HIV-1,env,1396,0.25,3057,0.1518488702622005,0.17263880240013274
HIV-1,env,1396,0.1,1222,0.22969545630699956,0.24809549195724107
HIV-1,env,1405,0.5,6113,0.10371243170230754,0.11647565562911931
HIV-1,env,1405,0.25,3056,0.14366369890286404,0.1599739772145947
HIV-1,env,1405,0.1,1222,0.2133866223339885,0.23839898769723888
HIV-1,env,1414,0.5,6112,0.10440532563951649,0.1139005672186254
HIV-1,env,1414,0.25,3055,0.14451667681592853,0.15813132065737837
HIV-1,env,1414,0.1,1222,0.21449146075431266,0.24566819839383752
HIV-1,env,1423,0.5,6112,0.1085242427325245,0.11962234169233206
HIV-1,env,1423,0.25,3055,0.15194023878301735,0.16849550344861017
HIV-1,env,1423,0.1,1223,0.230476474277089,0.25437505988000125
HIV-1,env,1432,0.5,6112,0.06912076856321928,0.079987064181908
HIV-1,env,1432,0.25,3056,0.09336128248506179,0.11002000924326584
HIV-1,env,1432,0.1,1222,0.13749229403849833,0.1664212714815153
HIV-1,env,1441,0.5,6111,0.09569698943490178,0.11054905620288528
HIV-1,env,1441,0.25,3055,0.13211758596379022,0.14425375623069417
HIV-1,env,1441,0.1,1224,0.19650907740507395,0.2176981295845088
HIV-1,env,1450,0.5,6111,0.08808823862748975,0.10299754248610449
HIV-1,env,1450,0.25,3055,0.12309192132040542,0.13731731632363037
HIV-1,env,1450,0.1,1222,0.18718222956656627,0.20844017575370827
HIV-1,env,1459,0.5,6111,0.0719562294333015,0.08707540047965541
HIV-1,env,1459,0.25,3056,0.10272460689369066,0.12577040717029256
HIV-1,env,1459,0.1,1222,0.1606608984165293,0.18164131950160067
HIV-1,env,1468,0.5,6112,0.10404845287975172,0.11430198059344056
HIV-1,env,1468,0.25,3056,0.14582999800323632,0.16714533796400735
HIV-1,env,1468,0.1,1223,0.2216778867158997,0.24864792316569023
HIV-1,env,1477,0.5,6111,0.11128387538406223,0.12362731654236564
HIV-1,env,1477,0.25,3055,0.15511981211628098,0.17053901910390498
HIV-1,env,1477,0.1,1222,0.2300623759331028,0.2498841897594162
HIV-1,env,1486,0.5,6113,0.10200531375977548,0.11948859601535258
HIV-1,env,1486,0.25,3057,0.14204834471890235,0.15743534300340725
HIV-1,env,1486,0.1,1223,0.21622819735399063,0.24909945731822927
HIV-1,env,1495,0.5,6111,0.09347652808675973,0.10271293008293542
HIV-1,env,1495,0.25,3055,0.12788048673907523,0.150363968487241
HIV-1,env,1495,0.1,1222,0.18981500404502735,0.21862611757755746
HIV-1,env,1504,0.5,6112,0.11427140303491588,0.12644198170472792
HIV-1,env,1504,0.25,3056,0.15863784538469178,0.1750429000993783
HIV-1,env,1504,0.1,1221,0.23555032443875856,0.2607384036774312
HIV-1,env,1513,0.5,6112,0.08126073978668699,0.09503616803122446
HIV-1,env,1513,0.25,3056,0.11360557613120209,0.12743754124470655
HIV-1,env,1513,0.1,1221,0.17816838887878717,0.2007079431336749
HIV-1,env,1522,0.5,6111,0.0521153500902138,0.06589339138686233
HIV-1,env,1522,0.25,3055,0.0758370832274547,0.09664711509655013
HIV-1,env,1522,0.1,1223,0.11862079668626731,0.1451469867402744
HIV-1,env,1531,0.5,6111,0.11307684838722136,0.12690913038733026
HIV-1,env,1531,0.25,3055,0.15720724108714515,0.174129870368972
HIV-1,env,1531,0.1,1222,0.23290904529151255,0.25929955840366514
HIV-1,env,1540,0.5,6111,0.07770636315433009,0.08895241538768801
HIV-1,env,1540,0.25,3056,0.10775604723277699,0.1238202267452426
HIV-1,env,1540,0.1,1221,0.16506176519377894,0.18605588564990025
HIV-1,env,1549,0.5,6111,0.11297215751707662,0.1281095561478707
HIV-1,env,1549,0.25,3056,0.1563590061168052,0.1733871603549984
HIV-1,env,1549,0.1,1222,0.23105748299390277,0.25315619695973085
HIV-1,env,1558,0.5,6111,0.09546649456881287,0.10551174690607597
HIV-1,env,1558,0.25,3055,0.1318965736395812,0.14486073449735595
HIV-1,env,1558,0.1,1222,0.1979127655356844,0.2290031182953138
HIV-1,env,1567,0.5,6111,0.10127355068530734,0.1145948162177703
HIV-1,env,1567,0.25,3056,0.1388475014958266,0.1552557842325172
HIV-1,env,1567,0.1,1223,0.20688740482370124,0.23690129005865665
HIV-1,env,1576,0.5,6112,0.06929005614049687,0.08208088667136336
HIV-1,env,1576,0.25,3057,0.09270914627159023,0.11030876027215042
HIV-1,env,1576,0.1,1222,0.13699592707319433,0.1695934116731137
HIV-1,env,1585,0.5,6112,0.06880759512101513,0.08045525965845861
HIV-1,env,1585,0.25,3056,0.09125710021507927,0.10623468945815974
HIV-1,env,1585,0.1,1223,0.13043921025693928,0.17559643162413022
HIV-1,env,1594,0.5,6112,0.08635235713523563,0.09655281595330537
HIV-1,env,1594,0.25,3057,0.1213711606282635,0.13818452290355454
HIV-1,env,1594,0.1,1222,0.18498858092588727,0.2108807941817685
HIV-1,env,1603,0.5,6111,0.05833883378498092,0.07097283307043727
HIV-1,env,1603,0.25,3055,0.08070915845264541,0.09115620445032681
HIV-1,env,1603,0.1,1222,0.12023141875020753,0.15190254089385494
HIV-1,env,1612,0.5,6111,0.07621932259533695,0.09415266662253212
HIV-1,env,1612,0.25,3055,0.10678011231568489,0.12581443209925286
HIV-1,env,1612,0.1,1222,0.15951507538942036,0.21096568188829318
HIV-1,env,1621,0.5,6111,0.08606132158782881,0.09292510119192691
HIV-1,env,1621,0.25,3054,0.11646794699454209,0.13091525331920403
HIV-1,env,1621,0.1,1221,0.16942995642902445,0.2015386553811263
HIV-1,env,1630,0.5,6111,0.08730014545046787,0.09903920284238994
HIV-1,env,1630,0.25,3056,0.12064406695335449,0.13564303136101688
HIV-1,env,1630,0.1,1222,0.1843247351397011,0.20867831353535485
HIV-1,env,1639,0.5,6112,0.08972511400585098,0.09870846313421053
HIV-1,env,1639,0.25,3056,0.11966897832269119,0.138365097044057
HIV-1,env,1639,0.1,1222,0.17547396078845423,0.20137452116026047
HIV-1,env,1648,0.5,6111,0.07104583129974273,0.08769841422736929
HIV-1,env,1648,0.25,3055,0.10267763751236143,0.11702237135755325
HIV-1,env,1648,0.1,1222,0.1616730148233788,0.19510176379615732
HIV-1,env,1657,0.5,6112,0.10248090484706412,0.11540248192490796
HIV-1,env,1657,0.25,3056,0.14444078240994915,0.1596558578605358
HIV-1,env,1657,0.1,1223,0.22115750649426727,0.23939711604065564
HIV-1,env,1666,0.5,6112,0.09328918827033089,0.11060074217898985
HIV-1,env,1666,0.25,3056,0.13122055666164795,0.1520325946866067
HIV-1,env,1666,0.1,1222,0.20122859907240906,0.22580650696537247
HIV-1,env,1675,0.5,6111,0.10322395121753834,0.12176558975627484
HIV-1,env,1675,0.25,3055,0.14359213601671422,0.16103704918599704
HIV-1,env,1675,0.1,1222,0.2177588955697203,0.24335075126034608
HIV-1,env,1684,0.5,6111,0.09871752264179445,0.11668229278111862
HIV-1,env,1684,0.25,3056,0.14006234229388045,0.15499988493681685
HIV-1,env,1684,0.1,1223,0.21459103350466974,0.24086513656362016
HIV-1,env,1693,0.5,6112,0.12756209357195455,0.13914576096136222
HIV-1,env,1693,0.25,3056,0.17378442380292292,0.19118253980125022
HIV-1,env,1693,0.1,1221,0.25523366168796,0.2771215786503352
HIV-1,env,1702,0.5,6112,0.08340274464376077,0.09596142057969763
HIV-1,env,1702,0.25,3056,0.11573166720793225,0.12862681419389324
HIV-1,env,1702,0.1,1222,0.17133821072674954,0.1997849738002541
HIV-1,env,1711,0.5,6112,0.08505960775292502,0.09988338450833861
HIV-1,env,1711,0.25,3056,0.11690981197113612,0.13303074221008038
HIV-1,env,1711,0.1,1222,0.17723160237975383,0.20210669748670534
HIV-1,env,1720,0.5,6111,0.09312406197605633,0.105511005511016
HIV-1,env,1720,0.25,3056,0.12839431789339414,0.14395246828591507
HIV-1,env,1720,0.1,1223,0.1876850904568678,0.21977649018712103
HIV-1,env,1729,0.5,6113,0.09427903052807798,0.10396542012338711
HIV-1,env,1729,0.25,3056,0.12942583559541984,0.1451906752447815
HIV-1,env,1729,0.1,1223,0.19226656440825587,0.21851549073414778
HIV-1,env,1738,0.5,6111,0.07857568039362199,0.09111334279900257
HIV-1,env,1738,0.25,3056,0.1067130375605446,0.1280911859959561
HIV-1,env,1738,0.1,1223,0.16198814850425178,0.20139716287724185
HIV-1,env,1747,0.5,6111,0.10142357566155667,0.11865542029421165
HIV-1,env,1747,0.25,3056,0.14182711296835285,0.16320713705773343
HIV-1,env,1747,0.1,1222,0.21325372374070622,0.24118861809144457
HIV-1,env,1756,0.5,6112,0.08317187170599948,0.09307955525485147
HIV-1,env,1756,0.25,3056,0.1167815817554515,0.13625194043234912
HIV-1,env,1756,0.1,1222,0.18002691971076004,0.19732749324660906
HIV-1,env,1765,0.5,6112,0.10627936913667083,0.11900249726498079
HIV-1,env,1765,0.25,3057,0.14581821407931808,0.16273802657159228
HIV-1,env,1765,0.1,1222,0.2119305885445751,0.23288288651118969
HIV-1,env,1774,0.5,6112,0.09742057076028636,0.11086881908366511
HIV-1,env,1774,0.25,3056,0.13908539494593053,0.15494383705205236
HIV-1,env,1774,0.1,1224,0.2162323608017974,0.24550513416412403
HIV-1,env,1783,0.5,6111,0.09266105916774423,0.1064397861263793
HIV-1,env,1783,0.25,3055,0.12993190518251096,0.1495600314396636
HIV-1,env,1783,0.1,1223,0.20318383240799073,0.22818080459339768
HIV-1,env,1792,0.5,6111,0.08421507965040484,0.09593319327456466
HIV-1,env,1792,0.25,3056,0.11102515049985645,0.12675030486986164
HIV-1,env,1792,0.1,1223,0.1567359391340599,0.1835163952973464
HIV-1,env,1801,0.5,6112,0.10981967820452188,0.12533028858788225
HIV-1,env,1801,0.25,3056,0.15201687406403008,0.17204804722406444
HIV-1,env,1801,0.1,1222,0.22936670447309432,0.2530401564922175
HIV-1,env,1810,0.5,6111,0.08565455910176467,0.0978115796107994
HIV-1,env,1810,0.25,3055,0.11494022423424237,0.12990415179028855
HIV-1,env,1810,0.1,1223,0.1650779137477502,0.20431613186295255
HIV-1,env,1819,0.5,6111,0.08852995924561183,0.09917291615819308
HIV-1,env,1819,0.25,3054,0.12095458104216866,0.13289309293745022
HIV-1,env,1819,0.1,1223,0.18281068393599004,0.19772974008132335
HIV-1,env,1828,0.5,6111,0.07585125607069519,0.08643118683535311
HIV-1,env,1828,0.25,3056,0.10710349285946637,0.1186798226602506
HIV-1,env,1828,0.1,1223,0.167243846078411,0.1856748827305886
HIV-1,env,1837,0.5,6112,0.0840783320557949,0.09361373615960994
HIV-1,env,1837,0.25,3056,0.12008184547954341,0.14760460838283126
HIV-1,env,1837,0.1,1222,0.18517217902117403,0.21829624317142893
HIV-1,env,1846,0.5,6111,0.07581397029488188,0.08540552419779876
HIV-1,env,1846,0.25,3055,0.10707464208661104,0.12108815236463982
HIV-1,env,1846,0.1,1222,0.16511330158071358,0.18997330730062995
HIV-1,env,1855,0.5,6112,0.0058039809155996215,0.009279701533812978
HIV-1,env,1855,0.25,3056,0.007720768735865399,0.011634432689613445
HIV-1,env,1855,0.1,1223,0.012065627505628182,0.017182483407617126
HIV-1,env,1864,0.5,6111,0.089676408257637,0.09798110989672555
HIV-1,env,1864,0.25,3055,0.12806884612019973,0.14246584909347335
HIV-1,env,1864,0.1,1221,0.19474376545494992,0.22153630280243716
HIV-1,env,1873,0.5,6111,0.08844980437276294,0.10359062252578811
HIV-1,env,1873,0.25,3055,0.12464144528022876,0.1358899489067763
HIV-1,env,1873,0.1,1222,0.19210803532612913,0.2122766382761802
HIV-1,env,1882,0.5,6112,0.12301805865069843,0.13504964935100863
HIV-1,env,1882,0.25,3056,0.1691367924747861,0.18292279826942126
HIV-1,env,1882,0.1,1223,0.25424097452433125,0.27219451144562906
HIV-1,env,1891,0.5,6112,0.1370018742046307,0.14839841860275957
HIV-1,env,1891,0.25,3056,0.18866561741997814,0.21100165593331438
HIV-1,env,1891,0.1,1222,0.2793830415529442,0.29307332448293283
HIV-1,env,1900,0.5,6113,0.10011014022793353,0.1102798961447542
HIV-1,env,1900,0.25,3055,0.13940785485969961,0.1510996556003238
HIV-1,env,1900,0.1,1223,0.20977800885214715,0.23380854023565398
HIV-1,env,1909,0.5,6112,0.07372277241770522,0.0878914118133623
HIV-1,env,1909,0.25,3055,0.1003417991685921,0.11857707336996774
HIV-1,env,1909,0.1,1223,0.15091735779307563,0.19596396141692468
HIV-1,env,1918,0.5,6112,0.041887749613414654,0.04821376100389106
HIV-1,env,1918,0.25,3056,0.05806097031889738,0.0663828626041134
HIV-1,env,1918,0.1,1222,0.08617524988801534,0.10110217232628035
HIV-1,env,1927,0.5,6113,0.057085381413672066,0.06628426520530681
HIV-1,env,1927,0.25,3057,0.07826727508845323,0.09021412184758568
HIV-1,env,1927,0.1,1223,0.11735893414777936,0.13664330834943403
HIV-1,env,1936,0.5,6112,0.09146981454060443,0.10060219327110076
HIV-1,env,1936,0.25,3056,0.12836088301947388,0.1431517613251848
HIV-1,env,1936,0.1,1224,0.1952310442315282,0.2310515548952217
HIV-1,env,1945,0.5,6111,0.08123349263036812,0.09028172765611547
HIV-1,env,1945,0.25,3056,0.11273642551375841,0.12368823851838505
HIV-1,env,1945,0.1,1223,0.16874149224426488,0.19941322263317243
HIV-1,env,1954,0.5,6111,0.10698235886485907,0.12020900022554953
HIV-1,env,1954,0.25,3056,0.15154155241415707,0.177859874988322
HIV-1,env,1954,0.1,1222,0.23513152105910987,0.2641794414840524
HIV-1,env,1963,0.5,6111,0.0862596231282761,0.09828710361006862
HIV-1,env,1963,0.25,3056,0.12095998822499467,0.1345620519859067
HIV-1,env,1963,0.1,1222,0.18524517584691655,0.20381026606221556
HIV-1,env,1972,0.5,6111,0.08416259337737972,0.09834789163997484
HIV-1,env,1972,0.25,3055,0.11694161110148268,0.12939765813916806
HIV-1,env,1972,0.1,1222,0.17799767240994652,0.19800732101823385
HIV-1,env,1981,0.5,6111,0.06668286126819674,0.07231035970479935
HIV-1,env,1981,0.25,3055,0.09167353818457122,0.10120598798392075
HIV-1,env,1981,0.1,1222,0.1375859866005782,0.15507203011091839
HIV-1,env,1990,0.5,6112,0.11441736550856253,0.12344631585758431
HIV-1,env,1990,0.25,3056,0.1589342877185349,0.18218745502293576
HIV-1,env,1990,0.1,1222,0.24365117725467633,0.2629957756780868
HIV-1,env,1999,0.5,6112,0.08226280128034928,0.0904526118613972
HIV-1,env,1999,0.25,3057,0.11436338461453197,0.13019897506822067
HIV-1,env,1999,0.1,1224,0.17420861234533755,0.19332897691780365
HIV-1,env,2008,0.5,6112,0.08941476564724689,0.10185788705639284
HIV-1,env,2008,0.25,3056,0.12602453881164632,0.1448299032396192
HIV-1,env,2008,0.1,1223,0.18527480101086924,0.2234923907344778
HIV-1,env,2017,0.5,6112,0.0869713547195176,0.10413458520678523
HIV-1,env,2017,0.25,3056,0.121485025470071,0.14155351623294674
HIV-1,env,2017,0.1,1222,0.18708206113127643,0.2130532942998357
HIV-1,env,2026,0.5,6111,0.05990752416196294,0.06625169060535901
HIV-1,env,2026,0.25,3054,0.08478015377279349,0.09769519293159995
HIV-1,env,2026,0.1,1222,0.13086333369788883,0.15029283515394626
HIV-1,env,2035,0.5,6112,0.09852435432578421,0.10936904690514744
HIV-1,env,2035,0.25,3056,0.1348122079299624,0.1485351297923703
HIV-1,env,2035,0.1,1222,0.19851674125357863,0.22607507529257193
HIV-1,env,2044,0.5,6112,0.07098084475937243,0.08727852782222476
HIV-1,env,2044,0.25,3056,0.10103710978519716,0.11381743880013033
HIV-1,env,2044,0.1,1223,0.15811295587117208,0.1807983845849371
HIV-1,env,2053,0.5,6112,0.09340793771954489,0.10629987150574328
HIV-1,env,2053,0.25,3056,0.13023508932672745,0.1516854876903027
HIV-1,env,2053,0.1,1223,0.19716739060876398,0.21896655898116393
HIV-1,env,2062,0.5,6111,0.054940576950055414,0.06555660231382024
HIV-1,env,2062,0.25,3056,0.07762228769689868,0.09313998677111679
HIV-1,env,2062,0.1,1222,0.11971909153125188,0.1554240699795225
HIV-1,env,2071,0.5,6112,0.07966522861200892,0.09505469470076883
HIV-1,env,2071,0.25,3056,0.11277406443097816,0.1356828256557149
HIV-1,env,2071,0.1,1224,0.177572233272237,0.20711109623077686
HIV-1,env,2080,0.5,6111,0.10369158535974758,0.11734987123860988
HIV-1,env,2080,0.25,3056,0.14488192753327625,0.16173299664179072
HIV-1,env,2080,0.1,1223,0.21547890506979384,0.2380354495995164
HIV-1,env,2089,0.5,6112,0.08839340046681039,0.10131301332727109
HIV-1,env,2089,0.25,3056,0.12208740052015994,0.13587629364373446
HIV-1,env,2089,0.1,1223,0.1882883819111528,0.214706011189519
HIV-1,env,2098,0.5,6112,0.04315309302222783,0.05179057282187828
HIV-1,env,2098,0.25,3056,0.05911247969656866,0.06960095577519634
HIV-1,env,2098,0.1,1223,0.09123425541840051,0.10925058315915134
HIV-1,env,2107,0.5,6112,0.08748679807726994,0.10113924626076713
HIV-1,env,2107,0.25,3055,0.12145324843321591,0.13505214650283545
HIV-1,env,2107,0.1,1222,0.18757720946378256,0.21200247375077802
HIV-1,env,2116,0.5,6112,0.08643560859282798,0.09843015847058005
HIV-1,env,2116,0.25,3056,0.11869486671576363,0.14107943291226863
HIV-1,env,2116,0.1,1222,0.16933336998305934,0.21660653152565112
HIV-1,env,2125,0.5,6112,0.07466127720790308,0.09135409470159016
HIV-1,env,2125,0.25,3056,0.10448074356346361,0.12012491321745807
HIV-1,env,2125,0.1,1222,0.158995334731208,0.1954785384685504
HIV-1,env,2134,0.5,6111,0.09954207606382066,0.11204194082266473
HIV-1,env,2134,0.25,3055,0.13800820606009237,0.1534899256423302
HIV-1,env,2134,0.1,1222,0.20807412029402872,0.2301872911697312
HIV-1,env,2143,0.5,6112,0.09954124838167581,0.10879811855082433
HIV-1,env,2143,0.25,3057,0.13513840760109277,0.15113860289212827
HIV-1,env,2143,0.1,1222,0.19670329886755497,0.21545554657153163
HIV-1,env,2152,0.5,6111,0.12205429591646554,0.13491859072534285
HIV-1,env,2152,0.25,3056,0.17167337332154356,0.19418830604487347
HIV-1,env,2152,0.1,1223,0.2607417208234663,0.28584688964894245
HIV-1,env,2161,0.5,6112,0.06845087660389829,0.07783999940927877
HIV-1,env,2161,0.25,3056,0.09219699625375936,0.10362725359580507
HIV-1,env,2161,0.1,1223,0.13620138094441472,0.15497330358635417
HIV-1,env,2170,0.5,6114,0.08612818965429916,0.09714176298743742
HIV-1,env,2170,0.25,3057,0.12014780823887236,0.13308846401273847
HIV-1,env,2170,0.1,1222,0.1842643735146586,0.2061694615293146
HIV-1,env,2179,0.5,6112,0.09747289247879194,0.10950649204469495
HIV-1,env,2179,0.25,3056,0.1362779917530588,0.15379878986753437
HIV-1,env,2179,0.1,1223,0.20480153779166724,0.22812513649501354
HIV-1,env,2188,0.5,6112,0.13049522580389084,0.14294638622614683
HIV-1,env,2188,0.25,3055,0.17957507511909496,0.19337235077214196
HIV-1,env,2188,0.1,1221,0.2654731635489082,0.2993908678321516
HIV-1,env,2197,0.5,6112,0.1068368781133531,0.12067925941137861
HIV-1,env,2197,0.25,3056,0.14745556773797816,0.1578424281138719
HIV-1,env,2197,0.1,1222,0.21614108196570408,0.2404633389733021
HIV-1,env,2206,0.5,6112,0.10186017833102227,0.11158145507056262
HIV-1,env,2206,0.25,3057,0.1423069403148935,0.1593972219731741
HIV-1,env,2206,0.1,1222,0.21378225314224084,0.2415216908931051
HIV-1,env,2215,0.5,6112,0.08720928161065426,0.10386508567147959
HIV-1,env,2215,0.25,3056,0.12427847387740915,0.1484085333471693
HIV-1,env,2215,0.1,1223,0.194280933557051,0.21467943105756163
HIV-1,env,2224,0.5,6112,0.08273533151369217,0.09323824182888556
HIV-1,env,2224,0.25,3056,0.11500687384015627,0.13605425780164698
HIV-1,env,2224,0.1,1222,0.1764210175367598,0.19633417330639905
HIV-1,env,2233,0.5,6112,0.06069374687172829,0.06828593514282154
HIV-1,env,2233,0.25,3056,0.08454283528169229,0.09426285031693678
HIV-1,env,2233,0.1,1223,0.12780700266955744,0.1571860500760703
HIV-1,env,2242,0.5,6112,0.08482010576476233,0.09611322217749996
HIV-1,env,2242,0.25,3055,0.1184715404449074,0.1347228046707305
HIV-1,env,2242,0.1,1222,0.183225211326782,0.2063267704555225
HIV-1,env,2251,0.5,6111,0.08614292585659226,0.09950577907328666
HIV-1,env,2251,0.25,3055,0.11921693884626905,0.13692244387645836
HIV-1,env,2251,0.1,1222,0.17956161794095202,0.21127541682986503
HIV-1,env,2260,0.5,6111,0.053887317052463066,0.06319360937389046
HIV-1,env,2260,0.25,3055,0.07563374449007013,0.09008148855708319
HIV-1,env,2260,0.1,1221,0.11375875563514044,0.129157909191193
HIV-1,env,2269,0.5,6111,0.06846472172299578,0.07681830483503509
HIV-1,env,2269,0.25,3055,0.09685168950409163,0.1096712030614785
HIV-1,env,2269,0.1,1222,0.15326796267871112,0.17490275971775981
HIV-1,env,2278,0.5,6112,0.10999995471422269,0.12126342382770673
HIV-1,env,2278,0.25,3055,0.15098175232852432,0.1683396421127813
HIV-1,env,2278,0.1,1221,0.2275970852674268,0.24993741770581004
HIV-1,env,2287,0.5,6113,0.08666202994063878,0.09909826077420035
HIV-1,env,2287,0.25,3057,0.12215392705857689,0.13526529215502622
HIV-1,env,2287,0.1,1224,0.180994549771645,0.20445848363313276
HIV-1,env,2296,0.5,6113,0.07934577481304224,0.08723671055605114
HIV-1,env,2296,0.25,3056,0.10827114729743571,0.1274118424957433
HIV-1,env,2296,0.1,1222,0.1618090465659132,0.18245177219812947
HIV-1,env,2305,0.5,6111,0.09527644531620422,0.10646485405374967
HIV-1,env,2305,0.25,3056,0.13152803670723037,0.1462560101714266
HIV-1,env,2305,0.1,1222,0.19771939029761512,0.2201282995930347
HIV-1,env,2314,0.5,6111,0.0945372295872004,0.10473290409797605
HIV-1,env,2314,0.25,3055,0.12984273258236087,0.14493240441604205
HIV-1,env,2314,0.1,1223,0.19755065162717855,0.2173440327577006
HIV-1,env,2323,0.5,6111,0.13878352775757938,0.15486853415404936
HIV-1,env,2323,0.25,3055,0.1844394253630889,0.19709258831264798
HIV-1,env,2323,0.1,1222,0.26935537905827367,0.2946554096825427
HIV-1,env,2332,0.5,6111,0.05461970747976763,0.06643906240274505
HIV-1,env,2332,0.25,3055,0.07596173680454289,0.08829310043835466
HIV-1,env,2332,0.1,1222,0.1128575137406209,0.1332068998171295
HIV-1,env,2341,0.5,6112,0.10885846857594648,0.11834272529234108
HIV-1,env,2341,0.25,3055,0.14657241824856693,0.1669899164093455
HIV-1,env,2341,0.1,1223,0.21554198592366508,0.24193082092211524
HIV-1,env,2350,0.5,6112,0.061956660523399786,0.07408165307170674
HIV-1,env,2350,0.25,3056,0.08674331912489283,0.10966314715425675
HIV-1,env,2350,0.1,1223,0.1311656404956817,0.16391200814290055
HIV-1,env,2359,0.5,6111,0.06105230676956949,0.06998612525980365
HIV-1,env,2359,0.25,3055,0.08236567213798811,0.09236575864071299
HIV-1,env,2359,0.1,1222,0.12458964212817787,0.15342637716418103
HIV-1,env,2368,0.5,6111,0.08109989918057973,0.09179024706243699
HIV-1,env,2368,0.25,3056,0.11316191586149385,0.12226543175348942
HIV-1,env,2368,0.1,1223,0.17035312259085164,0.19635813098620988
HIV-1,env,2377,0.5,6111,0.10145134155649467,0.10781957440857504
HIV-1,env,2377,0.25,3055,0.1402604672351134,0.1518477324168969
HIV-1,env,2377,0.1,1222,0.21371532575437893,0.2412227232903517
HIV-1,env,2386,0.5,6112,0.08992965663481985,0.09846615706827691
HIV-1,env,2386,0.25,3056,0.1239623829495067,0.15207448236419213
HIV-1,env,2386,0.1,1222,0.19161474176245538,0.21577802470159713
HIV-1,env,2395,0.5,6112,0.07214986992495152,0.08115995445718602
HIV-1,env,2395,0.25,3056,0.09764863389053842,0.1043861942160526
HIV-1,env,2395,0.1,1223,0.1436235715686498,0.15833910632321463
HIV-1,env,2404,0.5,6111,0.1056330635722548,0.11849962401966277
HIV-1,env,2404,0.25,3055,0.14878911577513815,0.16452451958271516
HIV-1,env,2404,0.1,1222,0.2242246367182946,0.25020486081922505
HIV-1,env,2413,0.5,6111,0.09330050985356332,0.10375460389696563
HIV-1,env,2413,0.25,3055,0.12983572010497552,0.1451579353451097
HIV-1,env,2413,0.1,1221,0.1927708314100502,0.21449525827374816
HIV-1,env,2422,0.5,6113,0.09529942591068788,0.10640622978405265
HIV-1,env,2422,0.25,3056,0.13308370740266276,0.14664418954539055
HIV-1,env,2422,0.1,1222,0.20129831411896226,0.22216531646500887
HIV-1,env,2431,0.5,6113,0.1052004266808894,0.11703701041015156
HIV-1,env,2431,0.25,3057,0.1485712673265266,0.15995765522646913
HIV-1,env,2431,0.1,1223,0.22192128561572072,0.2492451624670217
HIV-1,env,2440,0.5,6112,0.056600072059622794,0.06304959992155744
HIV-1,env,2440,0.25,3056,0.07899362617988936,0.0904662992716845
HIV-1,env,2440,0.1,1222,0.12058379139192849,0.136987893971455
HIV-1,env,2449,0.5,6112,0.06136607666712544,0.06606781937888301
HIV-1,env,2449,0.25,3057,0.0836252430137079,0.09563760216577828
HIV-1,env,2449,0.1,1223,0.12519605001214032,0.14164655128455866
HIV-1,env,2458,0.5,6112,0.07520972538828656,0.08361023936552114
HIV-1,env,2458,0.25,3056,0.1045608077740777,0.1225593780646265
HIV-1,env,2458,0.1,1222,0.15903633130185332,0.1925305793441443
HIV-1,env,2467,0.5,6111,0.110936139134627,0.11907348202038004
HIV-1,env,2467,0.25,3056,0.1517961056429722,0.17333169561384218
HIV-1,env,2467,0.1,1221,0.22470397443333393,0.24665263773040177
HIV-1,env,2476,0.5,6112,0.08287256738995138,0.09699573654253171
HIV-1,env,2476,0.25,3056,0.11353263529251005,0.1284292563953661
HIV-1,env,2476,0.1,1222,0.17060061071827834,0.19959649560918294
HIV-1,env,2485,0.5,6111,0.08968017796718447,0.10187871975001635
HIV-1,env,2485,0.25,3055,0.12224614867944404,0.14155211096700576
HIV-1,env,2485,0.1,1222,0.18783177311812493,0.214571207151266
HIV-1,env,2494,0.5,6112,0.05572922331767127,0.06671660329630298
HIV-1,env,2494,0.25,3056,0.07724972070802343,0.08964745928810983
HIV-1,env,2494,0.1,1223,0.1137025448587547,0.13124766203821403
HIV-1,env,2503,0.5,6112,0.04030837874908078,0.0452645802601264
HIV-1,env,2503,0.25,3057,0.05492303836638181,0.062591410725915
HIV-1,env,2503,0.1,1222,0.08011074414778094,0.09551636966692541
HIV-1,env,2512,0.5,6111,0.10799357670909172,0.12140797785196845
HIV-1,env,2512,0.25,3056,0.15107433506793455,0.177742316916229
HIV-1,env,2512,0.1,1222,0.22775630140168648,0.2547261777966708
HIV-1,env,2521,0.5,6113,0.10599482259754245,0.11525596592868453
HIV-1,env,2521,0.25,3057,0.14384686358301485,0.15787014890190554
HIV-1,env,2521,0.1,1222,0.21203835934361923,0.23588877626506088
HIV-1,env,2530,0.5,6111,0.07170130435168783,0.08194355050222665
HIV-1,env,2530,0.25,3055,0.09953789018994233,0.12001814791338655
HIV-1,env,2530,0.1,1223,0.1499622730720914,0.18694074944304453
HIV-1,env,2539,0.5,6112,0.10046102129087171,0.10995510437684787
HIV-1,env,2539,0.25,3056,0.13904672897168008,0.15321844457371
HIV-1,env,2539,0.1,1223,0.21117696902275834,0.23905550766094388
HIV-1,env,2548,0.5,6111,0.10022455107439432,0.10917448042466299
HIV-1,env,2548,0.25,3057,0.14303027053727546,0.15536683576580212
HIV-1,env,2548,0.1,1221,0.21985838296014681,0.24025362371013476
HIV-1,env,2557,0.5,6112,0.07954615686987039,0.09235340901670851
HIV-1,env,2557,0.25,3056,0.11056447476792054,0.1277663650138067
HIV-1,env,2557,0.1,1222,0.17172526170826563,0.20363586301275435
HCMV,UL55,19,0.5,200,0.0,0.0
HCMV,UL55,19,0.25,100,0.0,0.0
HCMV,UL55,19,0.1,40,0.0,0.0
HCMV,UL55,37,0.5,200,0.1011893486571844,0.13952865306172876
HCMV,UL55,37,0.25,100,0.15101825861919532,0.23509385100770644
HCMV,UL55,37,0.1,40,0.23901320717600896,0.3700040364746198
HCMV,UL55,46,0.5,200,0.10426277475248638,0.12991669231878425
HCMV,UL55,46,0.25,100,0.13994015378633928,0.19578161997050617
HCMV,UL55,46,0.1,40,0.22128971256424923,0.2704068571510286
HCMV,UL55,55,0.5,200,0.09994961116490218,0.14142998809102922
HCMV,UL55,55,0.25,99,0.1348562680387184,0.19629101674623395
HCMV,UL55,55,0.1,40,0.179725628241,0.179725628241
HCMV,UL55,64,0.5,200,0.11889869823202534,0.14869765830411316
HCMV,UL55,64,0.25,100,0.1554274440773656,0.20595140287297134
HCMV,UL55,64,0.1,40,0.23467632862110144,0.2849137880082501
HCMV,UL55,73,0.5,200,0.16524679193831376,0.2028467869207936
HCMV,UL55,73,0.25,99,0.23996472865077803,0.29780519318026694
HCMV,UL55,73,0.1,40,0.3786664130278135,0.4667624370357452
HCMV,UL55,82,0.5,200,0.16596785939883357,0.2101837306105962
HCMV,UL55,82,0.25,100,0.24267870071681663,0.33391020022209233
HCMV,UL55,82,0.1,40,0.40596994395687447,0.5248512903097275
HCMV,UL55,91,0.5,200,0.12982687784234298,0.1753393124156786
HCMV,UL55,91,0.25,99,0.1933972630292844,0.24494035202646128
HCMV,UL55,91,0.1,40,0.32203907103696394,0.461899481906114
HCMV,UL55,100,0.5,200,0.18157025921841688,0.2423308125991291
HCMV,UL55,100,0.25,100,0.25588336220575925,0.31256841874250485
HCMV,UL55,100,0.1,40,0.44244684800644124,0.6188080123532609
HCMV,UL55,109,0.5,200,0.1470410723304972,0.1857481462583851
HCMV,UL55,109,0.25,100,0.21095836634664986,0.27026658603434545
HCMV,UL55,109,0.1,40,0.34275880373480905,0.50587706226801
HCMV,UL55,118,0.5,200,0.12004515283959412,0.16095566172918133
HCMV,UL55,118,0.25,100,0.16784322070495578,0.25860251156505315
HCMV,UL55,118,0.1,40,0.2402449798940218,0.34532886643763033
HCMV,UL55,127,0.5,200,0.11498717051387082,0.15839784228502143
HCMV,UL55,127,0.25,99,0.14803296798989807,0.23112708489066888
HCMV,UL55,127,0.1,40,0.2455689924514979,0.3720378491280668
HCMV,UL55,136,0.5,200,0.1257302428095193,0.16275420073121327
HCMV,UL55,136,0.25,99,0.17653911734706917,0.25594042765474
HCMV,UL55,136,0.1,40,0.2940710495239806,0.4140213844949103
HCMV,UL55,145,0.5,200,0.185296922380602,0.2704868833085595
HCMV,UL55,145,0.25,100,0.27286374874467656,0.3553042555653427
HCMV,UL55,145,0.1,41,0.45451070383559816,0.5492260803092239
HCMV,UL55,154,0.5,200,0.16773962982546847,0.21589332656437263
HCMV,UL55,154,0.25,100,0.24669332611377945,0.3122262473357888
HCMV,UL55,154,0.1,40,0.40938474940545994,0.5181616785879299
HCMV,UL55,163,0.5,200,0.09852988442325825,0.16357544079700687
HCMV,UL55,163,0.25,99,0.14835425247707987,0.2124570865327584
HCMV,UL55,163,0.1,40,0.24841084173063838,0.3783050460833132
HCMV,UL55,172,0.5,200,0.12188756548608559,0.16918416389007407
HCMV,UL55,172,0.25,100,0.1785630053445709,0.26998614888432104
HCMV,UL55,172,0.1,40,0.2817287049519911,0.39299372787278014
HCMV,UL55,181,0.5,200,0.1241823083927062,0.16868653609772213
HCMV,UL55,181,0.25,100,0.1778616759156286,0.2566042809690634
HCMV,UL55,181,0.1,40,0.28420196666674963,0.3794527272946901
HCMV,UL55,190,0.5,200,0.12230437499002013,0.1607291270350958
HCMV,UL55,190,0.25,100,0.1690080180747942,0.23609342869921868
HCMV,UL55,190,0.1,40,0.24449409095145094,0.3746537909041368
HCMV,UL55,199,0.5,200,0.1180460053169383,0.14745073037544673
HCMV,UL55,199,0.25,100,0.1450363053165197,0.22403911140361463
HCMV,UL55,199,0.1,40,0.24517627049469107,0.3706243920103756
HCMV,UL55,208,0.5,200,0.10057310094274932,0.17564297770588766
HCMV,UL55,208,0.25,100,0.14329171216932307,0.20032929175056866
HCMV,UL55,208,0.1,40,0.2449218867191796,0.39963463415044775
HCMV,UL55,217,0.5,200,0.10439175309600658,0.15961881674617714
HCMV,UL55,217,0.25,99,0.1470872633807542,0.19826319358847017
HCMV,UL55,217,0.1,40,0.22429528656611183,0.36844690290324705
HCMV,UL55,226,0.5,200,0.12684037559993636,0.17029450564425586
HCMV,UL55,226,0.25,100,0.17863938507591998,0.25480158688042637
HCMV,UL55,226,0.1,41,0.2867508539732585,0.42950682760573716
HCMV,UL55,235,0.5,200,0.0,0.0
HCMV,UL55,235,0.25,100,0.0,0.0
HCMV,UL55,235,0.1,40,0.0,0.0
HCMV,UL55,244,0.5,200,0.14772181147347818,0.19316963976155016
HCMV,UL55,244,0.25,99,0.2075619429285555,0.279363587116443
HCMV,UL55,244,0.1,40,0.3137674707925232,0.41495633622674755
HCMV,UL55,253,0.5,200,0.130279169522082,0.16355436715183716
HCMV,UL55,253,0.25,100,0.19309272478474923,0.3068246025119342
HCMV,UL55,253,0.1,40,0.3234263251074026,0.4492924511085925
HCMV,UL55,262,0.5,200,0.0,0.0
HCMV,UL55,262,0.25,100,0.0,0.0
HCMV,UL55,262,0.1,40,0.0,0.0
HCMV,UL55,271,0.5,200,0.10026112611137857,0.1505604199972607
HCMV,UL55,271,0.25,100,0.1478968005512473,0.2124663217157226
HCMV,UL55,271,0.1,40,0.2419116329206598,0.36844690290324683
HCMV,UL55,280,0.5,200,0.09766531358430855,0.14516991898352685
HCMV,UL55,280,0.25,100,0.15484597716205314,0.260072116335773
HCMV,UL55,280,0.1,40,0.24896573681293077,0.3693081720401185
HCMV,UL55,289,0.5,200,0.12734911301762056,0.17226315272243495
HCMV,UL55,289,0.25,100,0.1851108683743861,0.248237926201251
HCMV,UL55,289,0.1,40,0.2834160579019057,0.36717695306100373
HCMV,UL55,307,0.5,200,0.10529164930318596,0.14559875809642112
HCMV,UL55,307,0.25,99,0.15022021963198828,0.2107304060410442
HCMV,UL55,307,0.1,40,0.2419116329206598,0.36844690290324705
HCMV,UL55,316,0.5,200,0.12414219769209128,0.17601563899943465
HCMV,UL55,316,0.25,100,0.1754127800565992,0.24202315913838468
HCMV,UL55,316,0.1,40,0.2419116329206598,0.36844690290324705
HCMV,UL55,325,0.5,200,0.12654177779422834,0.16092158656099265
HCMV,UL55,325,0.25,100,0.17355857737363936,0.23448075278347785
HCMV,UL55,325,0.1,40,0.22126237450394964,0.3035503592619192
HCMV,UL55,334,0.5,200,0.10074081330422315,0.14615495873960063
HCMV,UL55,334,0.25,100,0.14497399448493223,0.21716262814890772
HCMV,UL55,334,0.1,40,0.24017738831245258,0.3527361227246661
HCMV,UL55,343,0.5,200,0.10325740588930883,0.16821021320617818
HCMV,UL55,343,0.25,100,0.15307077144616446,0.20784681308864628
HCMV,UL55,343,0.1,40,0.24841896391098273,0.42944932424357424
HCMV,UL55,352,0.5,200,0.09029613859191253,0.1091236831724438
HCMV,UL55,352,0.25,100,0.11173593274512265,0.11173593274512265
HCMV,UL55,352,0.1,40,0.0,0.0
HCMV,UL55,361,0.5,200,0.13597997933621794,0.20240369811604683
HCMV,UL55,361,0.25,100,0.1935585371120108,0.27753272030748566
HCMV,UL55,361,0.1,40,0.32366477409053923,0.4467227706871331
HCMV,UL55,370,0.5,200,0.10657991222674852,0.1527428051738787
HCMV,UL55,370,0.25,100,0.1478968005512473,0.21885347705329142
HCMV,UL55,370,0.1,40,0.2419116329206598,0.36844690290324683
HCMV,UL55,379,0.5,200,0.09102925867908122,0.12880256488103226
HCMV,UL55,379,0.25,100,0.13291410896493028,0.15981579635819668
HCMV,UL55,379,0.1,40,0.179725628241,0.179725628241
HCMV,UL55,388,0.5,200,0.1263727980205931,0.16507648568498173
HCMV,UL55,388,0.25,100,0.17555390551052935,0.22386137224681277
HCMV,UL55,388,0.1,40,0.2419116329206598,0.36844690290324683
HCMV,UL55,397,0.5,200,0.10330717082740642,0.1595323402875606
HCMV,UL55,397,0.25,99,0.14351879508031323,0.2016165589395185
HCMV,UL55,397,0.1,40,0.235396017808057,0.37342936348967537
HCMV,UL55,406,0.5,200,0.0,0.0
HCMV,UL55,406,0.25,100,0.0,0.0
HCMV,UL55,406,0.1,40,0.0,0.0
HCMV,UL55,415,0.5,200,0.09936919167219137,0.16093545824724856
HCMV,UL55,415,0.25,100,0.1474472430693257,0.22031845799571315
HCMV,UL55,415,0.1,40,0.24222216139820488,0.39593931900369145
HCMV,UL55,424,0.5,200,0.1257213030365445,0.18750536257043568
HCMV,UL55,424,0.25,100,0.17517822533602706,0.23683837951529882
HCMV,UL55,424,0.1,40,0.23860571985942813,0.3976069909890948
HCMV,UL55,433,0.5,200,0.0,0.0
HCMV,UL55,433,0.25,100,0.0,0.0
HCMV,UL55,433,0.1,40,0.0,0.0
HCMV,UL55,451,0.5,200,0.07673188811796351,0.07673188811796351
HCMV,UL55,451,0.25,99,0.0,0.0
HCMV,UL55,451,0.1,40,0.0,0.0
HCMV,UL55,460,0.5,200,0.10831842835243571,0.1500453493975703
HCMV,UL55,460,0.25,99,0.1470872633807542,0.19794227696084846
HCMV,UL55,460,0.1,40,0.22517610388383844,0.36844690290324683
HCMV,UL55,469,0.5,200,0.129484115001902,0.16330501299802389
HCMV,UL55,469,0.25,99,0.17817396856088305,0.22855630859123888
HCMV,UL55,469,0.1,40,0.28008035325630287,0.456852217686691
HCMV,UL55,478,0.5,200,0.09994961116490218,0.1374583785609621
HCMV,UL55,478,0.25,100,0.13605726510449312,0.16420042515001895
HCMV,UL55,478,0.1,40,0.179725628241,0.179725628241
HCMV,UL55,487,0.5,200,0.1193463984115019,0.1535624316525252
HCMV,UL55,487,0.25,99,0.1551136121437861,0.23933068187752315
HCMV,UL55,487,0.1,40,0.24399898262487257,0.39637432143818097
HCMV,UL55,496,0.5,200,0.07673188811796351,0.07673188811796351
HCMV,UL55,496,0.25,99,0.0,0.0
HCMV,UL55,496,0.1,40,0.0,0.0
HCMV,UL55,523,0.5,200,0.09402672383453269,0.13333355364898353
HCMV,UL55,523,0.25,99,0.1315725237123344,0.15836126150936206
HCMV,UL55,523,0.1,40,0.179725628241,0.179725628241
HCMV,UL55,532,0.5,200,0.09902309516929661,0.16132656603461265
HCMV,UL55,532,0.25,99,0.15102334251061453,0.22700475299000866
HCMV,UL55,532,0.1,40,0.24268036277252975,0.3921317751081365
HCMV,UL55,541,0.5,200,0.14752337214460715,0.18775579673740928
HCMV,UL55,541,0.25,99,0.2135878468592573,0.2877836943877839
HCMV,UL55,541,0.1,40,0.3475711958382026,0.5144127966022056
HCMV,UL55,550,0.5,200,0.1305490209989641,0.18435762375312517
HCMV,UL55,550,0.25,99,0.1928347357964706,0.2841152603498406
HCMV,UL55,550,0.1,40,0.31083563640047984,0.4377810422599661
HCMV,UL55,559,0.5,200,0.09895346520874758,0.15637221292134884
HCMV,UL55,559,0.25,100,0.14874364101408294,0.2230645119918341
HCMV,UL55,559,0.1,40,0.24694804783931631,0.350045560278931
HCMV,UL55,577,0.5,200,0.09590841094157446,0.1501483746638033
HCMV,UL55,577,0.25,99,0.14856594597147046,0.21270752865239437
HCMV,UL55,577,0.1,40,0.24268036277252975,0.36338016220557334
HCMV,UL55,586,0.5,200,0.09029613859191253,0.1091236831724438
HCMV,UL55,586,0.25,100,0.11173593274512265,0.11173593274512265
HCMV,UL55,586,0.1,40,0.0,0.0
HCMV,UL55,595,0.5,200,0.13040464616568934,0.1711720950300604
HCMV,UL55,595,0.25,99,0.2001535516695022,0.3006305157331823
HCMV,UL55,595,0.1,40,0.3229214630179126,0.44266827375573564
HCMV,UL55,604,0.5,200,0.09029613859191253,0.1091236831724438
HCMV,UL55,604,0.25,99,0.11070050568142482,0.11070050568142482
HCMV,UL55,604,0.1,40,0.0,0.0
HCMV,UL55,613,0.5,200,0.10776005573622627,0.17002402267754443
HCMV,UL55,613,0.25,100,0.14881551747747052,0.2229518915079026
HCMV,UL55,613,0.1,40,0.2419116329206598,0.36844690290324683
HCMV,UL55,631,0.5,200,0.0,0.0
HCMV,UL55,631,0.25,100,0.0,0.0
HCMV,UL55,631,0.1,40,0.0,0.0
HCMV,UL55,640,0.5,200,0.139979257662271,0.1815395160346404
HCMV,UL55,640,0.25,100,0.1911264059610045,0.27682885189300027
HCMV,UL55,640,0.1,40,0.3242823065108439,0.4488388431972959
HCMV,UL55,667,0.5,200,0.1227895579280892,0.15595872148128875
HCMV,UL55,667,0.25,99,0.17600706439005695,0.260581682247829
HCMV,UL55,667,0.1,40,0.2802808810978732,0.4095486281430595
HCMV,UL55,685,0.5,200,0.07673188811796351,0.07673188811796351
HCMV,UL55,685,0.25,99,0.0,0.0
HCMV,UL55,685,0.1,40,0.0,0.0
HCMV,UL55,694,0.5,200,0.10023912452702087,0.14118887516894513
HCMV,UL55,694,0.25,100,0.147223421019964,0.20659812809049855
HCMV,UL55,694,0.1,40,0.25083379092991626,0.33575148223161866
HCMV,UL55,703,0.5,200,0.12382443891781228,0.17114585620389294
HCMV,UL55,703,0.25,99,0.17164548172314575,0.23354088172155577
HCMV,UL55,703,0.1,40,0.23860571985942813,0.38554191818679173
HCMV,UL55,721,0.5,200,0.0,0.0
HCMV,UL55,721,0.25,100,0.0,0.0
HCMV,UL55,721,0.1,40,0.0,0.0
HCMV,UL55,730,0.5,200,0.0,0.0
HCMV,UL55,730,0.25,100,0.0,0.0
HCMV,UL55,730,0.1,40,0.0,0.0
HCMV,UL55,739,0.5,200,0.10261119391515744,0.149004134069849
HCMV,UL55,739,0.25,100,0.14851993930524915,0.21554209049503345
HCMV,UL55,739,0.1,40,0.24694795513644033,0.3707584469688649
HCMV,UL55,748,0.5,200,0.10450761446504606,0.1491046314902788
HCMV,UL55,748,0.25,100,0.14644692337852733,0.20800951539816306
HCMV,UL55,748,0.1,40,0.22429528656611183,0.3014390478601682
HCMV,UL55,757,0.5,200,0.12588700638468095,0.16180736539578286
HCMV,UL55,757,0.25,99,0.1687617834373597,0.24632424243535772
HCMV,UL55,757,0.1,40,0.23467632862110144,0.2849137880082501
HCMV,UL55,766,0.5,200,0.09916016923948195,0.1520291125448197
HCMV,UL55,766,0.25,99,0.14649721006418134,0.1955161356649049
HCMV,UL55,766,0.1,40,0.24268036277252975,0.3717920612556287
HCMV,UL55,775,0.5,200,0.1314062946722355,0.16482950856551276
HCMV,UL55,775,0.25,99,0.1757665644687052,0.24105588651385873
HCMV,UL55,775,0.1,40,0.2847515683792251,0.3923446214901488
HCMV,UL55,784,0.5,200,0.12795715313879238,0.1819707998837015
HCMV,UL55,784,0.25,99,0.19534550969778058,0.27544809751259774
HCMV,UL55,784,0.1,40,0.31633436459680636,0.4648972533717874
HCMV,UL55,793,0.5,200,0.14465755592972349,0.18522351031080767
HCMV,UL55,793,0.25,99,0.19801713046016564,0.26540688775096855
HCMV,UL55,793,0.1,40,0.31776240182782794,0.428953916380538
HCMV,UL55,802,0.5,200,0.14815992087170468,0.19760782357574
HCMV,UL55,802,0.25,99,0.21339100400287733,0.29117113740540146
HCMV,UL55,802,0.1,40,0.35504792547451,0.47607281849855876
HCMV,UL55,811,0.5,200,0.125749948252036,0.1692444820124162
HCMV,UL55,811,0.25,99,0.17822943109036907,0.2359189282655741
HCMV,UL55,811,0.1,40,0.2815332964130815,0.3780950856767519
HCMV,UL55,820,0.5,200,0.09604498932963436,0.1344124517659083
HCMV,UL55,820,0.25,100,0.13291410896493028,0.15981579635819668
HCMV,UL55,820,0.1,40,0.179725628241,0.179725628241
HCMV,UL55,838,0.5,200,0.09029613859191253,0.1091236831724438
HCMV,UL55,838,0.25,99,0.11070050568142482,0.11070050568142482
HCMV,UL55,838,0.1,40,0.0,0.0
HCMV,UL55,847,0.5,200,0.09872352464075157,0.1787754058974697
HCMV,UL55,847,0.25,99,0.1501756262560383,0.2277849714473634
HCMV,UL55,847,0.1,40,0.23860571985942813,0.4469116264202933
HCMV,UL55,856,0.5,200,0.11859882357392963,0.15523903381342372
HCMV,UL55,856,0.25,99,0.15004439982887088,0.21567834566306995
HCMV,UL55,856,0.1,40,0.24268036277252975,0.34965109686148726
HCMV,UL55,865,0.5,200,0.10646500423980071,0.15989170694787003
HCMV,UL55,865,0.25,99,0.15846724238783078,0.21604728803352974
HCMV,UL55,865,0.1,40,0.24268036277252975,0.4608927557713375
HCMV,UL55,883,0.5,200,0.07673188811796351,0.07673188811796351
HCMV,UL55,883,0.25,99,0.0,0.0
HCMV,UL55,883,0.1,40,0.0,0.0
HCMV,UL55,892,0.5,200,0.09834272180748127,0.14314132283757122
HCMV,UL55,892,0.25,100,0.14573035907768256,0.23328594459841107
HCMV,UL55,892,0.1,40,0.25564650679860396,0.43459087211994213
HCMV,UL55,901,0.5,200,0.09029613859191253,0.1091236831724438
HCMV,UL55,901,0.25,100,0.11173593274512265,0.11173593274512265
HCMV,UL55,901,0.1,40,0.0,0.0
HCMV,UL55,910,0.5,200,0.14330485898713363,0.1818978614439912
HCMV,UL55,910,0.25,99,0.1894494007590383,0.24695111499866068
HCMV,UL55,910,0.1,40,0.31554837156981025,0.4427774632969081
HCMV,UL55,919,0.5,200,0.09762097021617912,0.15048496255238833
HCMV,UL55,919,0.25,100,0.14982877080101956,0.2296778393428671
HCMV,UL55,919,0.1,40,0.25268361055791183,0.37156421985629845
HCMV,UL55,928,0.5,200,0.1416781231330881,0.18474460941856144
HCMV,UL55,928,0.25,99,0.1942749489070164,0.25678085524799255
HCMV,UL55,928,0.1,40,0.3134974931453767,0.43502852606440867
HCMV,UL55,937,0.5,200,0.1029604164710807,0.1724053572432998
HCMV,UL55,937,0.25,99,0.15017818288766374,0.22068373609638053
HCMV,UL55,937,0.1,40,0.24268036277252975,0.41538074433643213
HCMV,UL55,946,0.5,200,0.14966329540350606,0.2093717210920929
HCMV,UL55,946,0.25,99,0.22374913199721586,0.29780479594235454
HCMV,UL55,946,0.1,40,0.36697194549061296,0.5068236932681323
HCMV,UL55,955,0.5,200,0.10120342891895184,0.15101328151748608
HCMV,UL55,955,0.25,99,0.14558141447360598,0.2249306415558638
HCMV,UL55,955,0.1,40,0.23880945200508302,0.38554191818679173
HCMV,UL55,973,0.5,200,0.0985090328303079,0.1438215681919623
HCMV,UL55,973,0.25,100,0.15554011926779862,0.21703778780191796
HCMV,UL55,973,0.1,40,0.24268036277252975,0.4469116264202933
HCMV,UL55,982,0.5,200,0.12252200785062968,0.1677362603717713
HCMV,UL55,982,0.25,100,0.1811662374174623,0.24455824361502831
HCMV,UL55,982,0.1,40,0.3013604741806675,0.40619668454553903
HCMV,UL55,991,0.5,200,0.13844259088983382,0.1737369383637317
HCMV,UL55,991,0.25,101,0.1952435304368673,0.26144343834746936
HCMV,UL55,991,0.1,40,0.31763848078794604,0.4968247085388986
HCMV,UL55,1009,0.5,200,0.10311793126964065,0.13881523267144755
HCMV,UL55,1009,0.25,99,0.14668277907625252,0.2346893513427567
HCMV,UL55,1009,0.1,40,0.2421219798966458,0.4325519372673637
HCMV,UL55,1018,0.5,200,0.09917385467433905,0.15059666738734967
HCMV,UL55,1018,0.25,99,0.1364684004850341,0.21131529149362618
HCMV,UL55,1018,0.1,40,0.22128971256424923,0.3338696761475518
HCMV,UL55,1027,0.5,200,0.130116004327539,0.1710540776680526
HCMV,UL55,1027,0.25,99,0.19492351741486377,0.275511294148569
HCMV,UL55,1027,0.1,40,0.3167674799819984,0.4236846023797998
HCMV,UL55,1036,0.5,200,0.12472800200150912,0.1634507502394435
HCMV,UL55,1036,0.25,99,0.18462179554831373,0.24788497245216545
HCMV,UL55,1036,0.1,40,0.2976392404295783,0.38900942675203265
HCMV,UL55,1054,0.5,200,0.10232393736059692,0.13880762933972499
HCMV,UL55,1054,0.25,99,0.1477288422894088,0.20866233775198964
HCMV,UL55,1054,0.1,40,0.2555180811350539,0.4298242248116402
HCMV,UL55,1063,0.5,200,0.1464950653914423,0.18904670137683308
HCMV,UL55,1063,0.25,99,0.20643535088480397,0.2736853702113966
HCMV,UL55,1063,0.1,40,0.31757691607263866,0.469363062585612
HCMV,UL55,1072,0.5,200,0.07673188811796351,0.07673188811796351
HCMV,UL55,1072,0.25,99,0.0,0.0
HCMV,UL55,1072,0.1,40,0.0,0.0
HCMV,UL55,1081,0.5,200,0.15238241159599014,0.20040528072746402
HCMV,UL55,1081,0.25,100,0.23241322884623378,0.31447209082172706
HCMV,UL55,1081,0.1,40,0.3781877201684733,0.5174373222011596
HCMV,UL55,1090,0.5,200,0.0986009157442442,0.15929389352022819
HCMV,UL55,1090,0.25,99,0.1474756436491255,0.22112736515421505
HCMV,UL55,1090,0.1,40,0.25083379092991626,0.43459087211994213
HCMV,UL55,1099,0.5,200,0.0986116277884501,0.17325586562218373
HCMV,UL55,1099,0.25,100,0.15059207334603947,0.24374749465678522
HCMV,UL55,1099,0.1,40,0.24268036277252975,0.4469116264202933
HCMV,UL55,1108,0.5,200,0.10094185357492613,0.1424453914798818
HCMV,UL55,1108,0.25,100,0.14940793574312367,0.23573223272424026
HCMV,UL55,1108,0.1,40,0.24572342745034778,0.37708169843818784
HCMV,UL55,1117,0.5,201,0.14540639198428917,0.19282780809753883
HCMV,UL55,1117,0.25,101,0.2125688863363349,0.2790319136204707
HCMV,UL55,1117,0.1,40,0.32245654880222385,0.46867542760513586
HCMV,UL55,1126,0.5,200,0.12266580494501826,0.1698159734592846
HCMV,UL55,1126,0.25,99,0.17790384045902047,0.22911020715706115
HCMV,UL55,1126,0.1,40,0.2854069675677886,0.38502258760671604
HCMV,UL55,1135,0.5,200,0.0971272996802255,0.18187003832799362
HCMV,UL55,1135,0.25,100,0.14936084242224398,0.2896922596813428
HCMV,UL55,1135,0.1,40,0.25045579538397067,0.4046016406116785
HCMV,UL55,1153,0.5,200,0.16646002497481,0.21801232514093685
HCMV,UL55,1153,0.25,99,0.24548202623605805,0.33466677170371645
HCMV,UL55,1153,0.1,40,0.4001009337701454,0.49508119067336487
HCMV,UL55,1162,0.5,200,0.14614187105966397,0.2047522223004731
HCMV,UL55,1162,0.25,100,0.2196812520140359,0.2790175458099027
HCMV,UL55,1162,0.1,40,0.3540737026623693,0.5093424400031801
HCMV,UL55,1171,0.5,200,0.12654164304334511,0.1723420876674511
HCMV,UL55,1171,0.25,99,0.1792599898418095,0.23709095803968294
HCMV,UL55,1171,0.1,40,0.2826602787732513,0.44578172270518246
HCMV,UL55,1180,0.5,200,0.11900890764720029,0.1681052084165396
HCMV,UL55,1180,0.25,100,0.1789298825991991,0.23941919337792408
HCMV,UL55,1180,0.1,40,0.28667540380788586,0.4535648317394947
HCMV,UL55,1189,0.5,200,0.12384375553206253,0.17179138323340237
HCMV,UL55,1189,0.25,100,0.1780851864093079,0.2724580026292118
HCMV,UL55,1189,0.1,40,0.2784654710438661,0.4042294550037762
HCMV,UL55,1198,0.5,200,0.1016717671481075,0.17246494860259273
HCMV,UL55,1198,0.25,99,0.14649721006418134,0.21323034064515003
HCMV,UL55,1198,0.1,40,0.24268036277252975,0.36937536089665957
HCMV,UL55,1207,0.5,200,0.1290166964412093,0.19427033954558795
HCMV,UL55,1207,0.25,100,0.19129218489284266,0.2563855791651472
HCMV,UL55,1207,0.1,40,0.31216742535293196,0.41109594241162967
HCMV,UL55,1216,0.5,200,0.1543621515421196,0.2021307540977711
HCMV,UL55,1216,0.25,99,0.2244558937773316,0.3087777793018289
HCMV,UL55,1216,0.1,40,0.3706209899326641,0.5166847598416265
HCMV,UL55,1225,0.5,200,0.10525330627975736,0.14689760099754687
HCMV,UL55,1225,0.25,100,0.16156310895836332,0.22250271947498462
HCMV,UL55,1225,0.1,40,0.2419116329206598,0.35429822457547244
HCMV,UL55,1234,0.5,200,0.1356672832133826,0.17323912400194044
HCMV,UL55,1234,0.25,100,0.1930628142834154,0.25217757415966274
HCMV,UL55,1234,0.1,40,0.3163219421351876,0.4568425222386594
HCMV,UL55,1243,0.5,200,0.1303498791769861,0.17304738591719782
HCMV,UL55,1243,0.25,99,0.19158551025601595,0.2654399329303374
HCMV,UL55,1243,0.1,40,0.31071453451922554,0.5108977004769155
HCMV,UL55,1252,0.5,200,0.10139923304733098,0.1529514140557115
HCMV,UL55,1252,0.25,99,0.1452086394232585,0.22428195860518496
HCMV,UL55,1252,0.1,40,0.24268036277252975,0.34965109686148726
HCMV,UL55,1261,0.5,200,0.13135080769839833,0.1765350632330725
HCMV,UL55,1261,0.25,100,0.19363308269783236,0.2712736188736444
HCMV,UL55,1261,0.1,40,0.3260711229322782,0.43198404670560286
HCMV,UL55,1270,0.5,200,0.15516865738609195,0.20366034775290026
HCMV,UL55,1270,0.25,99,0.22229047938122393,0.3023631396560684
HCMV,UL55,1270,0.1,40,0.3683023210169494,0.478944119570867
HCMV,UL55,1279,0.5,200,0.1447580307075398,0.18020932187270775
HCMV,UL55,1279,0.25,100,0.21474582840743026,0.2726489395879669
HCMV,UL55,1279,0.1,40,0.3579596684716867,0.5453329814929541
HCMV,UL55,1288,0.5,200,0.10229965186008459,0.15394167865264724
HCMV,UL55,1288,0.25,100,0.1533327231309334,0.20488086347781476
HCMV,UL55,1288,0.1,40,0.23196423130137175,0.3689407393569361
HCMV,UL55,1297,0.5,200,0.10156158100291902,0.15853169799762776
HCMV,UL55,1297,0.25,99,0.15004439982887088,0.2094390281821606
HCMV,UL55,1297,0.1,40,0.23860571985942813,0.41538074433643213
HCMV,UL55,1315,0.5,200,0.14693465835624747,0.2014981906736791
HCMV,UL55,1315,0.25,99,0.21072570703466462,0.3053909204094223
HCMV,UL55,1315,0.1,40,0.3448186012817298,0.5075887298671266
HCMV,UL55,1324,0.5,200,0.13010148172359007,0.16825364794014963
HCMV,UL55,1324,0.25,100,0.19032024519827548,0.2562303754518001
HCMV,UL55,1324,0.1,40,0.32269557424046524,0.43736432569301986
HCMV,UL55,1333,0.5,200,0.09952204365787654,0.18351657735030308
HCMV,UL55,1333,0.25,100,0.14489331602204053,0.2215164223449952
HCMV,UL55,1333,0.1,40,0.2554956954278907,0.4369345025275018
HCMV,UL55,1342,0.5,200,0.16646919797582732,0.20390147326789948
HCMV,UL55,1342,0.25,99,0.2269257084011696,0.293718517664389
HCMV,UL55,1342,0.1,40,0.37696581431050996,0.5152838589853138
HCMV,UL55,1351,0.5,200,0.13019858030319248,0.17130947697107476
HCMV,UL55,1351,0.25,99,0.19033069909608305,0.23924674885218467
HCMV,UL55,1351,0.1,40,0.31898257810885905,0.6215159644608871
HCMV,UL55,1360,0.5,200,0.16098334581631404,0.2283549697105063
HCMV,UL55,1360,0.25,99,0.2272607187569601,0.27339387127111064
HCMV,UL55,1360,0.1,40,0.3757151553392051,0.5084798961336056
HCMV,UL55,1369,0.5,200,0.15191446159712196,0.1967727060826095
HCMV,UL55,1369,0.25,99,0.22097150148928305,0.2882194008546493
HCMV,UL55,1369,0.1,40,0.3710867514696836,0.5415144832866268
HCMV,UL55,1378,0.5,200,0.12476473613963956,0.1670742242365345
HCMV,UL55,1378,0.25,100,0.17123625276586976,0.2391633078646944
HCMV,UL55,1378,0.1,40,0.25268361055791183,0.4046016406116785
HCMV,UL55,1387,0.5,200,0.16945611605813773,0.20968435531665527
HCMV,UL55,1387,0.25,99,0.24457841020066556,0.30211740904310674
HCMV,UL55,1387,0.1,40,0.4025734704992133,0.5528137923131883
HCMV,UL55,1396,0.5,200,0.15533890586605842,0.19437414472036715
HCMV,UL55,1396,0.25,99,0.2196104538037069,0.2874938796083388
HCMV,UL55,1396,0.1,40,0.3823047355693328,0.5591031470727794
HCMV,UL55,1405,0.5,200,0.1666354257178637,0.21557761133290312
HCMV,UL55,1405,0.25,100,0.2448433455035095,0.31002474164241267
HCMV,UL55,1405,0.1,40,0.403701958881044,0.531270472992178
HCMV,UL55,1414,0.5,200,0.15978534621442975,0.20731249318897796
HCMV,UL55,1414,0.25,100,0.23992138454198678,0.3153602345134841
HCMV,UL55,1414,0.1,40,0.40897355252216,0.529054028867504
HCMV,UL55,1423,0.5,200,0.14339048546039065,0.21888389900643157
HCMV,UL55,1423,0.25,100,0.19123930188557733,0.2483256753786043
HCMV,UL55,1423,0.1,40,0.3210401395380471,0.46175421568330205
HCMV,UL55,1432,0.5,200,0.10200966382929702,0.14642132514600875
HCMV,UL55,1432,0.25,99,0.15094329755741415,0.23531015971722283
HCMV,UL55,1432,0.1,40,0.24268036277252975,0.36937536089665957
HCMV,UL55,1441,0.5,200,0.10553240910243458,0.14780420264212032
HCMV,UL55,1441,0.25,100,0.15057444885774432,0.22346673333123845
HCMV,UL55,1441,0.1,40,0.24268036277252975,0.41459729278842056
HCMV,UL55,1459,0.5,200,0.1470877432008026,0.19945173413343867
HCMV,UL55,1459,0.25,99,0.21829624240554535,0.28517337965846895
HCMV,UL55,1459,0.1,40,0.34138678114448334,0.4442877181471024
HCMV,UL55,1477,0.5,200,0.13484971111476304,0.17618037038307338
HCMV,UL55,1477,0.25,100,0.19563257468471965,0.2665282839303599
HCMV,UL55,1477,0.1,40,0.3191392493993066,0.4310926841670243
HCMV,UL55,1486,0.5,200,0.10050892357801071,0.13892283653712773
HCMV,UL55,1486,0.25,99,0.14856594597147046,0.281868506886463
HCMV,UL55,1486,0.1,40,0.24268036277252975,0.41459729278842056
HCMV,UL55,1495,0.5,200,0.15182077648556422,0.1863738939667218
HCMV,UL55,1495,0.25,100,0.2202845515643566,0.27368749623551525
HCMV,UL55,1495,0.1,40,0.350848590423799,0.45681956047072036
HCMV,UL55,1504,0.5,200,0.10222389620414096,0.16568823325771956
HCMV,UL55,1504,0.25,99,0.14649721006418134,0.2277102791551125
HCMV,UL55,1504,0.1,40,0.23880945200508302,0.3976069909890948
HCMV,UL55,1513,0.5,200,0.09672837930619206,0.1396379907200076
HCMV,UL55,1513,0.25,100,0.13427234573924998,0.19127448110798304
HCMV,UL55,1513,0.1,40,0.179725628241,0.179725628241
HCMV,UL55,1531,0.5,200,0.09672837930619203,0.15489639286686263
HCMV,UL55,1531,0.25,100,0.1437423646962314,0.19127448110798304
HCMV,UL55,1531,0.1,40,0.179725628241,0.179725628241
HCMV,UL55,1540,0.5,200,0.0,0.0
HCMV,UL55,1540,0.25,100,0.0,0.0
HCMV,UL55,1540,0.1,40,0.0,0.0
HCMV,UL55,1549,0.5,200,0.09604498932963436,0.11106537152384428
HCMV,UL55,1549,0.25,100,0.13291410896493028,0.15981579635819668
HCMV,UL55,1549,0.1,40,0.179725628241,0.179725628241
HCMV,UL55,1558,0.5,200,0.1023402117451125,0.14901153348439736
HCMV,UL55,1558,0.25,99,0.15489894862291034,0.2057087133301881
HCMV,UL55,1558,0.1,40,0.24838211004239066,0.34552068588638507
HCMV,UL55,1567,0.5,200,0.1018483828942077,0.14293695950393304
HCMV,UL55,1567,0.25,99,0.14630185126365586,0.21321827562555748
HCMV,UL55,1567,0.1,40,0.24268036277252975,0.3991324848181047
HCMV,UL55,1576,0.5,200,0.10151865101293994,0.1551587977908485
HCMV,UL55,1576,0.25,99,0.15263412462886083,0.25259715222573575
HCMV,UL55,1576,0.1,40,0.24911918741423253,0.35518002634145057
HCMV,UL55,1585,0.5,200,0.0934896814770786,0.11106537152384428
HCMV,UL55,1585,0.25,100,0.13291410896493028,0.15981579635819668
HCMV,UL55,1585,0.1,40,0.179725628241,0.179725628241
HCMV,UL55,1594,0.5,200,0.10138407191634109,0.15282330249788528
HCMV,UL55,1594,0.25,100,0.14848795758860675,0.2256661488844625
HCMV,UL55,1594,0.1,40,0.2485130894133049,0.37156421985629845
HCMV,UL55,1603,0.5,200,0.09029613859191253,0.1091236831724438
HCMV,UL55,1603,0.25,100,0.11173593274512265,0.11173593274512265
HCMV,UL55,1603,0.1,40,0.0,0.0
HCMV,UL55,1612,0.5,200,0.0,0.0
HCMV,UL55,1612,0.25,100,0.0,0.0
HCMV,UL55,1612,0.1,40,0.0,0.0
HCMV,UL55,1621,0.5,200,0.09748830703223815,0.13848577448120053
HCMV,UL55,1621,0.25,100,0.13427234573924998,0.23156001469458815
HCMV,UL55,1621,0.1,40,0.21576738559301195,0.26233350831728575
HCMV,UL55,1630,0.5,200,0.13183135526225478,0.18248141993098255
HCMV,UL55,1630,0.25,99,0.19277278440633172,0.24310711496196927
HCMV,UL55,1630,0.1,40,0.324890778289234,0.45751819515793357
HCMV,UL55,1639,0.5,200,0.12486278055244525,0.1611078996121395
HCMV,UL55,1639,0.25,100,0.17387790182087304,0.26169930132941444
HCMV,UL55,1639,0.1,41,0.2896767053752708,0.391547887684675
HCMV,UL55,1648,0.5,200,0.09965729998097594,0.1454651073895568
HCMV,UL55,1648,0.25,100,0.13427234573924998,0.19127448110798304
HCMV,UL55,1648,0.1,40,0.21576738559301195,0.26233350831728575
HCMV,UL55,1657,0.5,200,0.1455830280176873,0.18127197463128514
HCMV,UL55,1657,0.25,99,0.1940973384912203,0.2571561595501322
HCMV,UL55,1657,0.1,40,0.3136788525861682,0.43699867279460985
HCMV,UL55,1666,0.5,200,0.1254113091248229,0.16594469200729428
HCMV,UL55,1666,0.25,100,0.18004860714305265,0.27849011657624584
HCMV,UL55,1666,0.1,40,0.28614889985838343,0.4344241310541528
HCMV,UL55,1675,0.5,200,0.09029613859191253,0.1091236831724438
HCMV,UL55,1675,0.25,99,0.11070050568142482,0.11070050568142482
HCMV,UL55,1675,0.1,40,0.0,0.0
HCMV,UL55,1684,0.5,200,0.07673188811796351,0.07673188811796351
HCMV,UL55,1684,0.25,99,0.0,0.0
HCMV,UL55,1684,0.1,40,0.0,0.0
HCMV,UL55,1693,0.5,200,0.09698582517129657,0.159495895809671
HCMV,UL55,1693,0.25,99,0.1525845716146655,0.2315378826552016
HCMV,UL55,1693,0.1,40,0.24476922947093163,0.35518002634145057
HCMV,UL55,1702,0.5,200,0.1274088629878141,0.16510168344663426
HCMV,UL55,1702,0.25,99,0.18791326427625546,0.2657322886400385
HCMV,UL55,1702,0.1,40,0.31996014430781367,0.42723298975036716
HCMV,UL55,1720,0.5,200,0.0,0.0
HCMV,UL55,1720,0.25,100,0.0,0.0
HCMV,UL55,1720,0.1,40,0.0,0.0
HCMV,UL55,1729,0.5,200,0.10040896080782646,0.1532037670377399
HCMV,UL55,1729,0.25,100,0.15118848912375876,0.22565390404784624
HCMV,UL55,1729,0.1,40,0.23196423130137175,0.4022488713673067
HCMV,UL55,1738,0.5,200,0.07673188811796351,0.07673188811796351
HCMV,UL55,1738,0.25,99,0.0,0.0
HCMV,UL55,1738,0.1,40,0.0,0.0
HCMV,UL55,1747,0.5,200,0.12699384855198845,0.16755495515294597
HCMV,UL55,1747,0.25,99,0.18152449433929874,0.2687660333685339
HCMV,UL55,1747,0.1,40,0.28256771660841484,0.3898425001843359
HCMV,UL55,1756,0.5,200,0.09029613859191253,0.1091236831724438
HCMV,UL55,1756,0.25,100,0.11173593274512265,0.11173593274512265
HCMV,UL55,1756,0.1,40,0.0,0.0
HCMV,UL55,1765,0.5,200,0.10132821198014573,0.16725015755062894
HCMV,UL55,1765,0.25,99,0.14101904149997466,0.23296204563442793
HCMV,UL55,1765,0.1,40,0.23467632862110144,0.2849137880082501
HCMV,UL55,1783,0.5,200,0.10135722121260413,0.15054851867879884
HCMV,UL55,1783,0.25,100,0.1519952834470309,0.23169768943508134
HCMV,UL55,1783,0.1,40,0.24694804783931631,0.37768613582908744
HCMV,UL55,1792,0.5,200,0.10367312208560664,0.1651984715659705
HCMV,UL55,1792,0.25,100,0.14895395963728444,0.2788150026204406
HCMV,UL55,1792,0.1,40,0.26413976075495305,0.3689407393569363
HCMV,UL55,1801,0.5,200,0.09770387793648885,0.16571811731620636
HCMV,UL55,1801,0.25,100,0.13994015378633928,0.22413696067052333
HCMV,UL55,1801,0.1,40,0.23237566405259194,0.3338696761475518
HCMV,UL55,1810,0.5,200,0.07673188811796351,0.07673188811796351
HCMV,UL55,1810,0.25,99,0.0,0.0
HCMV,UL55,1810,0.1,40,0.0,0.0
HCMV,UL55,1819,0.5,200,0.0,0.0
HCMV,UL55,1819,0.25,100,0.0,0.0
HCMV,UL55,1819,0.1,40,0.0,0.0
HCMV,UL55,1837,0.5,200,0.11470753440816225,0.1684889515224941
HCMV,UL55,1837,0.25,99,0.15052242891544818,0.2104605198217108
HCMV,UL55,1837,0.1,40,0.23860571985942813,0.43035904389712726
HCMV,UL55,1855,0.5,200,0.0,0.0
HCMV,UL55,1855,0.25,100,0.0,0.0
HCMV,UL55,1855,0.1,40,0.0,0.0
HCMV,UL55,1864,0.5,200,0.10249699072983723,0.1639367609535913
HCMV,UL55,1864,0.25,100,0.15101464119649347,0.2224358158347867
HCMV,UL55,1864,0.1,40,0.23196423130137175,0.3850217751389907
HCMV,UL55,1873,0.5,200,0.10142066007822294,0.1690539256870782
HCMV,UL55,1873,0.25,99,0.1529640875692751,0.2104605198217108
HCMV,UL55,1873,0.1,40,0.23860571985942813,0.3976069909890948
HCMV,UL55,1882,0.5,200,0.10285681769350695,0.13870310638373268
HCMV,UL55,1882,0.25,99,0.14753539192607432,0.22068373609638053
HCMV,UL55,1882,0.1,40,0.23860571985942813,0.34965109686148726
HCMV,UL55,1891,0.5,200,0.10343579146358188,0.14018547340740847
HCMV,UL55,1891,0.25,99,0.13850483080342924,0.1718572256474222
HCMV,UL55,1891,0.1,40,0.1880848041032418,0.1880848041032418
HCMV,UL55,1900,0.5,200,0.0,0.0
HCMV,UL55,1900,0.25,100,0.0,0.0
HCMV,UL55,1900,0.1,40,0.0,0.0
HCMV,UL55,1918,0.5,200,0.10223500228416013,0.14262377788388464
HCMV,UL55,1918,0.25,99,0.14810254550461863,0.19674590994187627
HCMV,UL55,1918,0.1,40,0.24956509771470048,0.35080971872434596
HCMV,UL55,1927,0.5,200,0.14816351551650478,0.19098291426145397
HCMV,UL55,1927,0.25,100,0.2112024091128658,0.30862608271058106
HCMV,UL55,1927,0.1,40,0.3542891018919072,0.46804058182015074
HCMV,UL55,1945,0.5,200,0.12891349227360221,0.171395277824845
HCMV,UL55,1945,0.25,100,0.1760097423416971,0.24085166150525525
HCMV,UL55,1945,0.1,40,0.27950261489008016,0.38249222567067775
HCMV,UL55,1954,0.5,200,0.11873120973770233,0.16367004365506996
HCMV,UL55,1954,0.25,100,0.14353525475921294,0.22484437224566325
HCMV,UL55,1954,0.1,40,0.25756342263166937,0.4561800354340217
HCMV,UL55,1963,0.5,200,0.0,0.0
HCMV,UL55,1963,0.25,100,0.0,0.0
HCMV,UL55,1963,0.1,40,0.0,0.0
HCMV,UL55,1972,0.5,200,0.147533682077725,0.197027946771661
HCMV,UL55,1972,0.25,100,0.2103654823400348,0.26491099683863273
HCMV,UL55,1972,0.1,40,0.314559199437623,0.4430367079061296
HCMV,UL55,1981,0.5,200,0.09029613859191253,0.1091236831724438
HCMV,UL55,1981,0.25,100,0.11173593274512265,0.11173593274512265
HCMV,UL55,1981,0.1,40,0.0,0.0
HCMV,UL55,1990,0.5,200,0.07673188811796351,0.07673188811796351
HCMV,UL55,1990,0.25,99,0.0,0.0
HCMV,UL55,1990,0.1,40,0.0,0.0
HCMV,UL55,1999,0.5,200,0.07673188811796351,0.07673188811796351
HCMV,UL55,1999,0.25,99,0.0,0.0
HCMV,UL55,1999,0.1,40,0.0,0.0
HCMV,UL55,2008,0.5,200,0.12741254512878222,0.1871066416456537
HCMV,UL55,2008,0.25,99,0.1833420646923917,0.26572714498102123
HCMV,UL55,2008,0.1,41,0.30601936460313145,0.3975734023617993
HCMV,UL55,2017,0.5,200,0.0,0.0
HCMV,UL55,2017,0.25,100,0.0,0.0
HCMV,UL55,2017,0.1,40,0.0,0.0
HCMV,UL55,2035,0.5,200,0.13113170924640516,0.17553176880234517
HCMV,UL55,2035,0.25,100,0.194922692975878,0.3271123262148451
HCMV,UL55,2035,0.1,41,0.32131107908676904,0.4989269671182536
HCMV,UL55,2053,0.5,200,0.1291711060813924,0.18556947889433284
HCMV,UL55,2053,0.25,100,0.18819300069086384,0.2575357052692698
HCMV,UL55,2053,0.1,40,0.30266204245535333,0.45416141953140454
HCMV,UL55,2062,0.5,200,0.12259910956061539,0.1692907733572547
HCMV,UL55,2062,0.25,100,0.17507587002013347,0.24842946545314504
HCMV,UL55,2062,0.1,40,0.26413976075495305,0.3846458332303305
HCMV,UL55,2080,0.5,200,0.09029613859191253,0.1091236831724438
HCMV,UL55,2080,0.25,100,0.11173593274512265,0.11173593274512265
HCMV,UL55,2080,0.1,40,0.0,0.0
HCMV,UL55,2098,0.5,200,0.0,0.0
HCMV,UL55,2098,0.25,100,0.0,0.0
HCMV,UL55,2098,0.1,40,0.0,0.0
HCMV,UL55,2107,0.5,200,0.1299096151370184,0.1850172327307829
HCMV,UL55,2107,0.25,99,0.1886197554593361,0.23238430956587638
HCMV,UL55,2107,0.1,40,0.30473906810660284,0.40543258292722534
HCMV,UL55,2116,0.5,200,0.07673188811796351,0.07673188811796351
HCMV,UL55,2116,0.25,99,0.0,0.0
HCMV,UL55,2116,0.1,40,0.0,0.0
HCMV,UL55,2125,0.5,200,0.0,0.0
HCMV,UL55,2125,0.25,100,0.0,0.0
HCMV,UL55,2125,0.1,40,0.0,0.0
HCMV,UL55,2143,0.5,200,0.07673188811796351,0.07673188811796351
HCMV,UL55,2143,0.25,99,0.0,0.0
HCMV,UL55,2143,0.1,40,0.0,0.0
HCMV,UL55,2152,0.5,200,0.0,0.0
HCMV,UL55,2152,0.25,100,0.0,0.0
HCMV,UL55,2152,0.1,40,0.0,0.0
HCMV,UL55,2161,0.5,200,0.10639390075200313,0.16075613159419913
HCMV,UL55,2161,0.25,99,0.15328304202778703,0.19786256624464593
HCMV,UL55,2161,0.1,40,0.24476922947093163,0.3601036770234447
HCMV,UL55,2170,0.5,200,0.07673188811796351,0.07673188811796351
HCMV,UL55,2170,0.25,99,0.0,0.0
HCMV,UL55,2170,0.1,40,0.0,0.0
HCMV,UL55,2188,0.5,200,0.12799574981914674,0.18595953954436037
HCMV,UL55,2188,0.25,100,0.17838947930497656,0.2613698592946168
HCMV,UL55,2188,0.1,40,0.28488251008181864,0.32691301424995545
HCMV,UL55,2206,0.5,200,0.10124598427397435,0.17785778276395434
HCMV,UL55,2206,0.25,99,0.15019539518905292,0.23421981719643317
HCMV,UL55,2206,0.1,40,0.24268036277252975,0.40561913449409853
HCMV,UL55,2224,0.5,200,0.09029613859191253,0.1091236831724438
HCMV,UL55,2224,0.25,99,0.11070050568142482,0.11070050568142482
HCMV,UL55,2224,0.1,40,0.0,0.0
HCMV,UL55,2233,0.5,200,0.1276530347213615,0.17202094920326963
HCMV,UL55,2233,0.25,100,0.17976945050065554,0.2581992932713431
HCMV,UL55,2233,0.1,40,0.28241593800619263,0.40506624496211724
HCMV,UL55,2242,0.5,200,0.09029613859191253,0.1091236831724438
HCMV,UL55,2242,0.25,100,0.11173593274512265,0.11173593274512265
HCMV,UL55,2242,0.1,40,0.0,0.0
HCMV,UL55,2251,0.5,200,0.11651986246523612,0.14969458649688033
HCMV,UL55,2251,0.25,99,0.14101904149997466,0.23296204563442793
HCMV,UL55,2251,0.1,40,0.23467632862110144,0.2849137880082501
HCMV,UL55,2260,0.5,200,0.12040926862437082,0.15101570527877736
HCMV,UL55,2260,0.25,100,0.17096207145617853,0.23317428136221943
HCMV,UL55,2260,0.1,40,0.2446548255272691,0.3399584254117074
HCMV,UL55,2269,0.5,200,0.0,0.0
HCMV,UL55,2269,0.25,100,0.0,0.0
HCMV,UL55,2269,0.1,40,0.0,0.0
HCMV,UL55,2287,0.5,200,0.12765116765314988,0.1989627892856473
HCMV,UL55,2287,0.25,100,0.19529845744956956,0.2646169337738197
HCMV,UL55,2287,0.1,40,0.32834705300250033,0.4480231912306102
HCMV,UL55,2296,0.5,200,0.10134381033619834,0.14930713474024374
HCMV,UL55,2296,0.25,100,0.14641383705858663,0.21189858903427866
HCMV,UL55,2296,0.1,40,0.25088504934653144,0.35746907078762163
HCMV,UL55,2314,0.5,200,0.09029613859191253,0.1091236831724438
HCMV,UL55,2314,0.25,99,0.11070050568142482,0.11070050568142482
HCMV,UL55,2314,0.1,40,0.0,0.0
HCMV,UL55,2332,0.5,200,0.14811301097491356,0.19896553621755506
HCMV,UL55,2332,0.25,99,0.21380347110269468,0.27389283303473505
HCMV,UL55,2332,0.1,40,0.34905141614691787,0.45565955818100445
HCMV,UL55,2350,0.5,200,0.10303076967521016,0.14038803749778975
HCMV,UL55,2350,0.25,99,0.1476348301182702,0.23124314383232936
HCMV,UL55,2350,0.1,40,0.23860571985942813,0.38554191818679173
HCMV,UL55,2359,0.5,200,0.0,0.0
HCMV,UL55,2359,0.25,100,0.0,0.0
HCMV,UL55,2359,0.1,40,0.0,0.0
HCMV,UL55,2368,0.5,200,0.09029613859191253,0.1091236831724438
HCMV,UL55,2368,0.25,99,0.11070050568142482,0.11070050568142482
HCMV,UL55,2368,0.1,40,0.0,0.0
HCMV,UL55,2377,0.5,200,0.09102925867908122,0.12880256488103226
HCMV,UL55,2377,0.25,100,0.13291410896493028,0.15981579635819668
HCMV,UL55,2377,0.1,40,0.179725628241,0.179725628241
HCMV,UL55,2395,0.5,200,0.09029613859191253,0.1091236831724438
HCMV,UL55,2395,0.25,100,0.11173593274512265,0.11173593274512265
HCMV,UL55,2395,0.1,40,0.0,0.0
HCMV,UL55,2404,0.5,200,0.09833750268306689,0.14237681420881237
HCMV,UL55,2404,0.25,99,0.1468009453891023,0.21541678635716816
HCMV,UL55,2404,0.1,40,0.23470478225219632,0.39007520573351145
HCMV,UL55,2413,0.5,200,0.07673188811796351,0.07673188811796351
HCMV,UL55,2413,0.25,99,0.0,0.0
HCMV,UL55,2413,0.1,40,0.0,0.0
HCMV,UL55,2440,0.5,200,0.0,0.0
HCMV,UL55,2440,0.25,100,0.0,0.0
HCMV,UL55,2440,0.1,40,0.0,0.0
HCMV,UL55,2449,0.5,200,0.0,0.0
HCMV,UL55,2449,0.25,100,0.0,0.0
HCMV,UL55,2449,0.1,40,0.0,0.0
HCMV,UL55,2485,0.5,200,0.09029613859191253,0.1091236831724438
HCMV,UL55,2485,0.25,100,0.11173593274512265,0.11173593274512265
HCMV,UL55,2485,0.1,40,0.0,0.0
HCMV,UL55,2521,0.5,200,0.10533437858502614,0.1609202893166635
HCMV,UL55,2521,0.25,100,0.15637535963134244,0.22318757660421232
HCMV,UL55,2521,0.1,40,0.24838211004239066,0.40276636498862467
HCMV,UL55,2539,0.5,200,0.07673188811796351,0.07673188811796351
HCMV,UL55,2539,0.25,99,0.0,0.0
HCMV,UL55,2539,0.1,40,0.0,0.0
HCMV,UL55,2548,0.5,200,0.0,0.0
HCMV,UL55,2548,0.25,100,0.0,0.0
HCMV,UL55,2548,0.1,40,0.0,0.0
HCMV,UL55,2557,0.5,200,0.12270229663123608,0.15780420247276983
HCMV,UL55,2557,0.25,100,0.17483276295837427,0.22260359098036905
HCMV,UL55,2557,0.1,40,0.2419116329206598,0.36844690290324683
HCMV,UL55,2593,0.5,200,0.0,0.0
HCMV,UL55,2593,0.25,100,0.0,0.0
HCMV,UL55,2593,0.1,40,0.0,0.0
HCMV,UL55,2602,0.5,200,0.09029613859191253,0.1091236831724438
HCMV,UL55,2602,0.25,100,0.11173593274512265,0.11173593274512265
HCMV,UL55,2602,0.1,40,0.0,0.0
HCMV,UL55,2611,0.5,200,0.11697215568675792,0.16353840416295298
HCMV,UL55,2611,0.25,100,0.14998714238203437,0.2217641678252833
HCMV,UL55,2611,0.1,40,0.24694804783931631,0.44033863956941155
HCMV,UL55,2620,0.5,200,0.09924475503866577,0.14878427366417005
HCMV,UL55,2620,0.25,100,0.1437423646962314,0.19127448110798304
HCMV,UL55,2620,0.1,40,0.21576738559301195,0.26233350831728575
HCMV,UL55,2629,0.5,200,0.09739586240032103,0.13332600360807065
HCMV,UL55,2629,0.25,100,0.13427234573924998,0.19127448110798304
HCMV,UL55,2629,0.1,40,0.21576738559301195,0.26233350831728575
HCMV,UL55,2638,0.5,200,0.10285346457511634,0.1435294821099861
HCMV,UL55,2638,0.25,99,0.14654903660305943,0.2426745367926412
HCMV,UL55,2638,0.1,40,0.22126237450394964,0.37342936348967537
HCMV,UL55,2647,0.5,200,0.10140640807234648,0.15090582098605052
HCMV,UL55,2647,0.25,100,0.14391487655259805,0.20706273732944014
HCMV,UL55,2647,0.1,40,0.2342692956173271,0.43887753927092515
HCMV,UL55,2656,0.5,200,0.10538072422009395,0.1430743782387175
HCMV,UL55,2656,0.25,99,0.14654903660305943,0.2059227334649564
HCMV,UL55,2656,0.1,40,0.235396017808057,0.3035503592619192
HCMV,UL55,2665,0.5,200,0.10749742700629682,0.14437024999947287
HCMV,UL55,2665,0.25,99,0.1511684937222646,0.24097031686961365
HCMV,UL55,2665,0.1,40,0.235396017808057,0.3035503592619192
HCMV,UL55,2674,0.5,200,0.09029613859191253,0.1091236831724438
HCMV,UL55,2674,0.25,99,0.11070050568142482,0.11070050568142482
HCMV,UL55,2674,0.1,40,0.0,0.0
HCMV,UL55,2683,0.5,200,0.11999655130364005,0.14883299028242716
HCMV,UL55,2683,0.25,99,0.1432433863901022,0.21618274325602982
HCMV,UL55,2683,0.1,40,0.235396017808057,0.37342936348967537
HCMV,UL55,2692,0.5,200,0.09029613859191253,0.1091236831724438
HCMV,UL55,2692,0.25,99,0.11070050568142482,0.11070050568142482
HCMV,UL55,2692,0.1,40,0.0,0.0
HCMV,UL55,2701,0.5,200,0.12423097471129788,0.17649938531145096
HCMV,UL55,2701,0.25,100,0.17123649692235665,0.21673546433075544
HCMV,UL55,2701,0.1,40,0.23880945200508302,0.34965109686148726
HCMV,UL73,1,0.5,323,0.045577368122211234,0.06636892677159191
HCMV,UL73,1,0.25,162,0.06914281175149506,0.11283952731755574
HCMV,UL73,1,0.1,65,0.12096129779436646,0.16661200853601527
HCMV,UL73,10,0.5,323,0.08578391004324262,0.10699432772087514
HCMV,UL73,10,0.25,162,0.13523838396580928,0.18053681236272168
HCMV,UL73,10,0.1,64,0.2552070477015965,0.34387961450551735
HCMV,UL73,19,0.5,323,0.10776774841927682,0.12772246693293796
HCMV,UL73,19,0.25,162,0.17644233883559438,0.21646378905576705
HCMV,UL73,19,0.1,65,0.32087734519705013,0.433552161456397
HCMV,UL73,28,0.5,324,0.0981721111678998,0.1263696009664214
HCMV,UL73,28,0.25,162,0.15641350294491582,0.22731724895210353
HCMV,UL73,28,0.1,65,0.2940568546220984,0.33945637857745353
HCMV,UL73,37,0.5,323,0.06842622926757773,0.09051945573054776
HCMV,UL73,37,0.25,162,0.10601808986821071,0.1539359037977892
HCMV,UL73,37,0.1,64,0.18789153757566435,0.2637752676008299
HCMV,UL73,46,0.5,325,0.13071685556317336,0.1667401918540715
HCMV,UL73,46,0.25,162,0.2075029631436868,0.25224666979049487
HCMV,UL73,46,0.1,65,0.4041839504041456,0.5333053478862817
HCMV,UL73,55,0.5,323,0.08191680399844914,0.11429231838674928
HCMV,UL73,55,0.25,162,0.12257416816527207,0.16149574981654918
HCMV,UL73,55,0.1,65,0.2362979651985949,0.34256753921329774
HCMV,UL73,64,0.5,323,0.0973266480836636,0.13245039508202708
HCMV,UL73,64,0.25,162,0.1463738908156368,0.20742726851883803
HCMV,UL73,64,0.1,64,0.28026074470706613,0.3437792713775826
HCMV,UL73,73,0.5,323,0.0787892743371055,0.10682815847363226
HCMV,UL73,73,0.25,162,0.1247966618928062,0.179079465472549
HCMV,UL73,73,0.1,64,0.23470034261603592,0.31332728571850627
HCMV,UL73,82,0.5,323,0.08596396876488017,0.11253844410505127
HCMV,UL73,82,0.25,163,0.13824038119168508,0.17024472005483518
HCMV,UL73,82,0.1,66,0.2545754393566481,0.3342180617963203
HCMV,UL73,91,0.5,324,0.12133922537505933,0.14544765502226184
HCMV,UL73,91,0.25,162,0.19783472704857372,0.25419938795496466
HCMV,UL73,91,0.1,66,0.3851438735198713,0.4883287038486298
HCMV,UL73,100,0.5,324,0.10823795998641098,0.1329111245644346
HCMV,UL73,100,0.25,163,0.17602637080450118,0.2056847112474038
HCMV,UL73,100,0.1,65,0.33404179215637697,0.41686154062149655
HCMV,UL73,109,0.5,323,0.14055472204712605,0.18822561421711043
HCMV,UL73,109,0.25,162,0.2331653040054265,0.269036083813055
HCMV,UL73,109,0.1,65,0.44335359871654995,0.5069755829973327
HCMV,UL73,118,0.5,325,0.1074261753111839,0.14461058924013967
HCMV,UL73,118,0.25,162,0.17355643293320022,0.2133511955070041
HCMV,UL73,118,0.1,65,0.3287844916644077,0.41684482857874877
HCMV,UL73,127,0.5,324,0.13310399465436346,0.1569180346549259
HCMV,UL73,127,0.25,164,0.2177645498674762,0.26734767651008273
HCMV,UL73,127,0.1,64,0.42372692340326074,0.5033290083130599
HCMV,UL73,136,0.5,323,0.12125306548889699,0.15597279353109905
HCMV,UL73,136,0.25,162,0.2006079270774317,0.2678842987273331
HCMV,UL73,136,0.1,64,0.38514424985275325,0.47746539727700305
HCMV,UL73,145,0.5,324,0.08266463426584593,0.10280045924059715
HCMV,UL73,145,0.25,162,0.12325684151857541,0.152201886094845
HCMV,UL73,145,0.1,65,0.24050598372888496,0.3687437428824347
HCMV,UL73,154,0.5,323,0.10137355332874319,0.130197343954139
HCMV,UL73,154,0.25,162,0.16682376847935987,0.20749305970180273
HCMV,UL73,154,0.1,64,0.3360082508598926,0.4010549789151054
HCMV,UL73,163,0.5,325,0.12158931777307572,0.1454999347180325
HCMV,UL73,163,0.25,162,0.20009200737676142,0.24669963310325135
HCMV,UL73,163,0.1,65,0.38705924464305036,0.5167442689001918
HCMV,UL73,172,0.5,324,0.10996612735689316,0.13150147119241762
HCMV,UL73,172,0.25,162,0.1803547354068069,0.23698645369474683
HCMV,UL73,172,0.1,66,0.3489432860371021,0.4078873500267342
HCMV,UL73,181,0.5,324,0.09617503858947947,0.12427239232991917
HCMV,UL73,181,0.25,162,0.1507997276837463,0.18486390951913617
HCMV,UL73,181,0.1,65,0.2802016987456614,0.36836401865703283
HCMV,UL73,190,0.5,323,0.110128153800074,0.14256599425484273
HCMV,UL73,190,0.25,162,0.1759457175769512,0.22166504180812988
HCMV,UL73,190,0.1,64,0.3397522876721439,0.42625478419456775
HCMV,UL73,199,0.5,324,0.12002535861891657,0.14405533256136097
HCMV,UL73,199,0.25,162,0.19185318451103828,0.25284336389704476
HCMV,UL73,199,0.1,64,0.36716872618093777,0.4893012526195332
HCMV,UL73,208,0.5,323,0.07804563058406269,0.10569666828844279
HCMV,UL73,208,0.25,162,0.12323042088742298,0.161601824604419
HCMV,UL73,208,0.1,64,0.23960045348417022,0.3244171950849738
HCMV,UL73,217,0.5,324,0.09759440078597051,0.13010982690975662
HCMV,UL73,217,0.25,162,0.15245452684747016,0.20199196090995675
HCMV,UL73,217,0.1,65,0.2891742089593205,0.35731296781973837
HCMV,UL73,226,0.5,323,0.07349032995669688,0.09645164912539493
HCMV,UL73,226,0.25,162,0.1114481125067152,0.14042698558839217
HCMV,UL73,226,0.1,65,0.20013046635279405,0.2808465627626044
HCMV,UL73,235,0.5,323,0.10796047463642805,0.132661937793182
HCMV,UL73,235,0.25,162,0.17075759756315614,0.20432711641781967
HCMV,UL73,235,0.1,64,0.31776104458494364,0.4050563134740265
HCMV,UL73,244,0.5,324,0.07105225433640805,0.08605239985946676
HCMV,UL73,244,0.25,162,0.10434632925168245,0.13446260944656502
HCMV,UL73,244,0.1,65,0.1906767249026807,0.2532943397164666
HCMV,UL73,253,0.5,323,0.05476008986907566,0.07008021621730123
HCMV,UL73,253,0.25,162,0.07897968386868681,0.10331675129437512
HCMV,UL73,253,0.1,64,0.1300007438397398,0.24121971717916812
HCMV,UL73,262,0.5,323,0.073298550305291,0.0939207228106203
HCMV,UL73,262,0.25,162,0.11234284921253689,0.1466939821059193
HCMV,UL73,262,0.1,64,0.2097009400029268,0.34151421623637845
HCMV,UL73,271,0.5,323,0.04509293494055177,0.06491724251038627
HCMV,UL73,271,0.25,162,0.0697588363772595,0.10329696613585386
HCMV,UL73,271,0.1,64,0.124818040153419,0.18734894543594313
HCMV,UL73,280,0.5,323,0.05417869900115521,0.09035425347181368
HCMV,UL73,280,0.25,162,0.0776642110614671,0.12127088206925594
HCMV,UL73,280,0.1,64,0.12370468774765428,0.175206253928402
HCMV,UL73,289,0.5,323,0.08070089758558265,0.09846593746935715
HCMV,UL73,289,0.25,162,0.11687948067659348,0.14941460821237268
HCMV,UL73,289,0.1,64,0.21162819228208288,0.2681903301701566
HCMV,UL73,298,0.5,323,0.05189120680784305,0.06825198522690594
HCMV,UL73,298,0.25,162,0.07085141035345609,0.0989753710768573
HCMV,UL73,298,0.1,65,0.12761984454990966,0.18035420168134866
HCMV,UL73,307,0.5,323,0.06177013266902148,0.08746442851689631
HCMV,UL73,307,0.25,162,0.10010096828220247,0.14106304325096597
HCMV,UL73,307,0.1,65,0.18871934648867228,0.25916320071568993
HCMV,UL73,325,0.5,323,0.06916095353359983,0.09174424462660077
HCMV,UL73,325,0.25,162,0.09889762205064805,0.13891266546697342
HCMV,UL73,325,0.1,64,0.19128659293347752,0.2667947414121453
HCMV,UL73,334,0.5,323,0.07690697564517315,0.09794146727798975
HCMV,UL73,334,0.25,162,0.1252436661408145,0.1580826149080252
HCMV,UL73,334,0.1,64,0.23911040884120993,0.3080730161552483
HCMV,UL73,343,0.5,323,0.05418469933577737,0.07573944898445019
HCMV,UL73,343,0.25,162,0.07589142191552392,0.11313119938073599
HCMV,UL73,343,0.1,65,0.11593980654705091,0.1961048379421342
HCMV,UL73,352,0.5,323,0.04606483221269571,0.07144468015551857
HCMV,UL73,352,0.25,162,0.0689799420590264,0.0960365221938426
HCMV,UL73,352,0.1,65,0.13383500685952673,0.22130119906497578
HCMV,UL73,361,0.5,324,0.054829647300958885,0.06708007885266486
HCMV,UL73,361,0.25,162,0.07988439153089044,0.11247879274147347
HCMV,UL73,361,0.1,64,0.1318029345745699,0.18638135577018178
HCMV,UL73,370,0.5,323,0.053506608639067796,0.06887978565826443
HCMV,UL73,370,0.25,162,0.08161284867193197,0.10160778873731235
HCMV,UL73,370,0.1,64,0.1315909720260009,0.1794452726863353
HCMV,UL73,379,0.5,324,0.05335757594428567,0.07367992674213941
HCMV,UL73,379,0.25,162,0.07570412197749558,0.10642416223545961
HCMV,UL73,379,0.1,64,0.11379303221335377,0.16319088837911935
HCMV,UL73,388,0.5,323,0.04537539413601819,0.07088571495495313
HCMV,UL73,388,0.25,162,0.06959221124435132,0.10446563857953643
HCMV,UL73,388,0.1,65,0.12794148591137966,0.1748863940728751
HCMV,UL73,397,0.5,323,0.038341974951364245,0.0479956414762601
HCMV,UL73,397,0.25,162,0.04981246498688438,0.059515438055499206
HCMV,UL73,397,0.1,64,0.05432981754446733,0.05432981754446733
HCMV,UL73,406,0.5,324,0.072378078663746,0.09022907376325712
HCMV,UL73,406,0.25,162,0.11126158410758794,0.14705774963295426
HCMV,UL73,406,0.1,65,0.19844902947907428,0.27474907442296753
HCMV,US28,1,0.5,222,0.10811664731358184,0.14429660569862413
HCMV,US28,1,0.25,110,0.1379513257118823,0.23116424454596324
HCMV,US28,1,0.1,44,0.24547658018458657,0.41901137979216324
HCMV,US28,10,0.5,221,0.11623134433121092,0.15321335987133222
HCMV,US28,10,0.25,110,0.15264459886265955,0.19170234088196192
HCMV,US28,10,0.1,45,0.23222154460636157,0.27910454130816115
HCMV,US28,19,0.5,221,0.09652801807871965,0.13911375673163398
HCMV,US28,19,0.25,111,0.1377192288778411,0.21742079365299768
HCMV,US28,19,0.1,44,0.21152219994150545,0.33292466484336586
HCMV,US28,37,0.5,222,0.09536491323104453,0.11780473762073607
HCMV,US28,37,0.25,111,0.13950261178102996,0.22190264617454616
HCMV,US28,37,0.1,44,0.22831014346471654,0.3230278406938137
HCMV,US28,46,0.5,222,0.15239284702349493,0.1821475817950377
HCMV,US28,46,0.25,111,0.21716181192653472,0.281522836842354
HCMV,US28,46,0.1,44,0.36314998431078266,0.46236128289656564
HCMV,US28,55,0.5,222,0.1820634823364692,0.22136542504306525
HCMV,US28,55,0.25,110,0.26989236414724266,0.33465148870778044
HCMV,US28,55,0.1,44,0.43667559904498976,0.5385999353000548
HCMV,US28,64,0.5,222,0.15942447311182473,0.19105751288926395
HCMV,US28,64,0.25,110,0.21745798312952871,0.2804352533549311
HCMV,US28,64,0.1,44,0.3681107682094962,0.46594474809663183
HCMV,US28,73,0.5,222,0.1419211975895776,0.17629410219172717
HCMV,US28,73,0.25,111,0.20225489166672028,0.29326628122007087
HCMV,US28,73,0.1,44,0.33536443734001625,0.45353919944527804
HCMV,US28,82,0.5,221,0.0,0.0
HCMV,US28,82,0.25,110,0.0,0.0
HCMV,US28,82,0.1,44,0.0,0.0
HCMV,US28,91,0.5,222,0.0874705901168213,0.11272806046949209
HCMV,US28,91,0.25,111,0.11527197832278953,0.15922840300432736
HCMV,US28,91,0.1,45,0.17884876467335095,0.22198839392441105
HCMV,US28,100,0.5,221,0.15312702777586515,0.20743204579661562
HCMV,US28,100,0.25,110,0.2228013019214843,0.2807271957549048
HCMV,US28,100,0.1,44,0.38157668902282893,0.482201890309411
HCMV,US28,109,0.5,222,0.07587004665115701,0.09248786344211359
HCMV,US28,109,0.25,111,0.09248786344211359,0.09248786344211359
HCMV,US28,109,0.1,44,0.0,0.0
HCMV,US28,127,0.5,222,0.13756080903639134,0.1775291543193779
HCMV,US28,127,0.25,111,0.19281082644509945,0.2618854744810582
HCMV,US28,127,0.1,44,0.30246745630382676,0.47439384334406137
HCMV,US28,136,0.5,222,0.07587004665115701,0.09248786344211359
HCMV,US28,136,0.25,111,0.09248786344211359,0.09248786344211359
HCMV,US28,136,0.1,44,0.0,0.0
HCMV,US28,145,0.5,222,0.11242485821812395,0.13474540684472056
HCMV,US28,145,0.25,111,0.15374079000026755,0.22742750967050113
HCMV,US28,145,0.1,44,0.20981305476117493,0.3073768372827011
HCMV,US28,154,0.5,221,0.08392870514635031,0.10842432272989999
HCMV,US28,154,0.25,110,0.10868380935323219,0.1309607619004439
HCMV,US28,154,0.1,44,0.14518442237735027,0.14518442237735027
HCMV,US28,163,0.5,221,0.11552780198826494,0.1522684696185952
HCMV,US28,163,0.25,111,0.15645438201624817,0.21640645893042534
HCMV,US28,163,0.1,45,0.24211043576606212,0.2863365163539969
HCMV,US28,172,0.5,221,0.0644686707344485,0.0644686707344485
HCMV,US28,172,0.25,110,0.0,0.0
HCMV,US28,172,0.1,44,0.0,0.0
HCMV,US28,181,0.5,221,0.0644686707344485,0.0644686707344485
HCMV,US28,181,0.25,110,0.0,0.0
HCMV,US28,181,0.1,44,0.0,0.0
HCMV,US28,190,0.5,221,0.08938764565887618,0.11183472021064599
HCMV,US28,190,0.25,110,0.11728293330063605,0.1478524385682265
HCMV,US28,190,0.1,44,0.17262089925463792,0.2147763177671846
HCMV,US28,199,0.5,221,0.0644686707344485,0.0644686707344485
HCMV,US28,199,0.25,110,0.0,0.0
HCMV,US28,199,0.1,44,0.0,0.0
HCMV,US28,217,0.5,221,0.11675193321627642,0.14517635493650632
HCMV,US28,217,0.25,111,0.15763475010832703,0.2018686271405789
HCMV,US28,217,0.1,44,0.2342457986441266,0.29579558925692423
HCMV,US28,226,0.5,221,0.07530756196827511,0.09183923147769282
HCMV,US28,226,0.25,111,0.09248786344211359,0.09248786344211359
HCMV,US28,226,0.1,44,0.0,0.0
HCMV,US28,235,0.5,221,0.09162432790499957,0.11981209355654443
HCMV,US28,235,0.25,111,0.13093543954632125,0.18138389485709694
HCMV,US28,235,0.1,44,0.1794144784349814,0.24626458555467462
HCMV,US28,244,0.5,221,0.07530756196827511,0.09183923147769282
HCMV,US28,244,0.25,111,0.09248786344211359,0.09248786344211359
HCMV,US28,244,0.1,44,0.0,0.0
HCMV,US28,280,0.5,221,0.0644686707344485,0.0644686707344485
HCMV,US28,280,0.25,110,0.0,0.0
HCMV,US28,280,0.1,44,0.0,0.0
HCMV,US28,289,0.5,221,0.10874763489657119,0.14476345789678627
HCMV,US28,289,0.25,110,0.13378572632525118,0.19552366629933718
HCMV,US28,289,0.1,44,0.21073406539187575,0.3663424134907834
HCMV,US28,298,0.5,221,0.10646054327506342,0.14052575376779397
HCMV,US28,298,0.25,110,0.11538803960294412,0.1549550568936027
HCMV,US28,298,0.1,44,0.15671888566585662,0.15671888566585662
HCMV,US28,316,0.5,221,0.0644686707344485,0.0644686707344485
HCMV,US28,316,0.25,110,0.0,0.0
HCMV,US28,316,0.1,44,0.0,0.0
HCMV,US28,325,0.5,221,0.0,0.0
HCMV,US28,325,0.25,110,0.0,0.0
HCMV,US28,325,0.1,44,0.0,0.0
HCMV,US28,334,0.5,221,0.08077360108406989,0.1133307166808489
HCMV,US28,334,0.25,111,0.10832718771685054,0.13281151229637472
HCMV,US28,334,0.1,45,0.15022985024152183,0.15022985024152183
HCMV,US28,361,0.5,222,0.139127908440924,0.1730658284299135
HCMV,US28,361,0.25,111,0.19434858458870688,0.2635500274299963
HCMV,US28,361,0.1,44,0.2910587479745366,0.40899664374984296
HCMV,US28,370,0.5,221,0.08585541002006217,0.10204052173102529
HCMV,US28,370,0.25,110,0.10672682134934626,0.1309607619004439
HCMV,US28,370,0.1,44,0.14518442237735027,0.14518442237735027
HCMV,US28,379,0.5,221,0.0,0.0
HCMV,US28,379,0.25,110,0.0,0.0
HCMV,US28,379,0.1,44,0.0,0.0
HCMV,US28,406,0.5,221,0.08821713114383423,0.12452030268727021
HCMV,US28,406,0.25,111,0.11572274030067742,0.1565897086915745
HCMV,US28,406,0.1,44,0.14518442237735027,0.14518442237735027
HCMV,US28,415,0.5,221,0.0,0.0
HCMV,US28,415,0.25,110,0.0,0.0
HCMV,US28,415,0.1,44,0.0,0.0
HCMV,US28,424,0.5,222,0.07722943610801696,0.09248786344211359
HCMV,US28,424,0.25,111,0.09248786344211359,0.09248786344211359
HCMV,US28,424,0.1,44,0.0,0.0
HCMV,US28,460,0.5,221,0.07666014579588012,0.09183923147769282
HCMV,US28,460,0.25,111,0.09248786344211359,0.09248786344211359
HCMV,US28,460,0.1,44,0.0,0.0
HCMV,US28,469,0.5,221,0.0644686707344485,0.0644686707344485
HCMV,US28,469,0.25,110,0.0,0.0
HCMV,US28,469,0.1,44,0.0,0.0
HCMV,US28,478,0.5,222,0.12081126636669595,0.14544272477553546
HCMV,US28,478,0.25,110,0.16346613897367251,0.21420296443938988
HCMV,US28,478,0.1,44,0.2524788769500481,0.3333022439923107
HCMV,US28,487,0.5,221,0.0644686707344485,0.0644686707344485
HCMV,US28,487,0.25,110,0.0,0.0
HCMV,US28,487,0.1,44,0.0,0.0
HCMV,US28,496,0.5,221,0.0,0.0
HCMV,US28,496,0.25,110,0.0,0.0
HCMV,US28,496,0.1,44,0.0,0.0
HCMV,US28,505,0.5,222,0.08983929955817986,0.1292910675369738
HCMV,US28,505,0.25,111,0.12124641207469888,0.1718662103457595
HCMV,US28,505,0.1,44,0.17262089925463792,0.2147763177671846
HCMV,US28,523,0.5,222,0.10517424674109495,0.12529222738028326
HCMV,US28,523,0.25,111,0.12372378256948853,0.1801607896159851
HCMV,US28,523,0.1,44,0.15671888566585662,0.15671888566585662
HCMV,US28,532,0.5,222,0.09299865831804618,0.12855949248042808
HCMV,US28,532,0.25,111,0.1335384745407127,0.19257699991541388
HCMV,US28,532,0.1,44,0.1737408609543071,0.24626458555467462
HCMV,US28,541,0.5,221,0.13806977225429712,0.19361742344010321
HCMV,US28,541,0.25,110,0.19278224069392888,0.25211305607430906
HCMV,US28,541,0.1,45,0.31068158812612917,0.3832170960527264
HCMV,US28,559,0.5,221,0.0644686707344485,0.0644686707344485
HCMV,US28,559,0.25,110,0.0,0.0
HCMV,US28,559,0.1,44,0.0,0.0
HCMV,US28,568,0.5,221,0.08882443285253439,0.1123498589427182
HCMV,US28,568,0.25,111,0.12132878387884329,0.1491303750585816
HCMV,US28,568,0.1,44,0.17262089925463792,0.2147763177671846
HCMV,US28,577,0.5,222,0.09146507447339453,0.1303660839041956
HCMV,US28,577,0.25,111,0.12052451999282056,0.1767893655883305
HCMV,US28,577,0.1,44,0.18735986117769796,0.23800500257817425
HCMV,US28,586,0.5,222,0.07346569685922841,0.09248786344211359
HCMV,US28,586,0.25,111,0.09013162853602773,0.09248786344211359
HCMV,US28,586,0.1,44,0.0,0.0
HCMV,US28,595,0.5,222,0.081254666584232,0.11071789521514343
HCMV,US28,595,0.25,111,0.10489415265318633,0.13281151229637472
HCMV,US28,595,0.1,45,0.15022985024152183,0.15022985024152183
HCMV,US28,604,0.5,221,0.1156887265375493,0.16971263028216516
HCMV,US28,604,0.25,110,0.16681364808248542,0.24307993311638645
HCMV,US28,604,0.1,44,0.291590886411551,0.447126417351084
HCMV,US28,613,0.5,221,0.11625361344879472,0.15950499509930594
HCMV,US28,613,0.25,111,0.1676320167599622,0.27159172428079925
HCMV,US28,613,0.1,45,0.2755638165938054,0.4432945625981772
HCMV,US28,622,0.5,222,0.07587004665115701,0.09248786344211359
HCMV,US28,622,0.25,111,0.09248786344211359,0.09248786344211359
HCMV,US28,622,0.1,44,0.0,0.0
HCMV,US28,640,0.5,221,0.0892595328656159,0.11633121148000573
HCMV,US28,640,0.25,111,0.12359385302256103,0.18051872390053245
HCMV,US28,640,0.1,44,0.17647804980455764,0.28476757458550533
HCMV,US28,649,0.5,221,0.09714400279234461,0.13225644839554387
HCMV,US28,649,0.25,111,0.14153202990428457,0.22796135556614674
HCMV,US28,649,0.1,44,0.22751717648796868,0.39606267858196115
HCMV,US28,658,0.5,222,0.07587004665115701,0.09248786344211359
HCMV,US28,658,0.25,111,0.09248786344211359,0.09248786344211359
HCMV,US28,658,0.1,44,0.0,0.0
HCMV,US28,667,0.5,222,0.12020148977376527,0.15647523696414695
HCMV,US28,667,0.25,111,0.1657886146062685,0.21526048886558727
HCMV,US28,667,0.1,44,0.23764772693036232,0.3242638098713031
HCMV,US28,676,0.5,221,0.0,0.0
HCMV,US28,676,0.25,110,0.0,0.0
HCMV,US28,676,0.1,44,0.0,0.0
HCMV,US28,694,0.5,222,0.08907714087116216,0.13623427821145503
HCMV,US28,694,0.25,111,0.11796558916999349,0.1565897086915745
HCMV,US28,694,0.1,44,0.14518442237735027,0.14518442237735027
HCMV,US28,703,0.5,221,0.12065892054392292,0.16578007453270316
HCMV,US28,703,0.25,110,0.168318768004171,0.2267541313230651
HCMV,US28,703,0.1,44,0.25231049942086164,0.32692527525327136
HCMV,US28,712,0.5,222,0.07346569685922841,0.09248786344211359
HCMV,US28,712,0.25,111,0.09248786344211359,0.09248786344211359
HCMV,US28,712,0.1,44,0.0,0.0
HCMV,US28,721,0.5,222,0.07722943610801696,0.09013162853602773
HCMV,US28,721,0.25,111,0.09248786344211359,0.09248786344211359
HCMV,US28,721,0.1,44,0.0,0.0
HCMV,US28,730,0.5,221,0.0939224769157651,0.12290572243470262
HCMV,US28,730,0.25,111,0.14221930471427915,0.20808148375802296
HCMV,US28,730,0.1,45,0.23875182194323363,0.4043821616029718
HCMV,US28,739,0.5,222,0.07593801612399995,0.09248786344211359
HCMV,US28,739,0.25,111,0.09248786344211359,0.09248786344211359
HCMV,US28,739,0.1,44,0.0,0.0
HCMV,US28,748,0.5,221,0.11439395511014208,0.14548718665032426
HCMV,US28,748,0.25,110,0.14833544694004464,0.18943140050815396
HCMV,US28,748,0.1,44,0.2100852879606947,0.23113761181771142
HCMV,US28,757,0.5,221,0.1198596984834305,0.17762944408160852
HCMV,US28,757,0.25,110,0.16879112425513898,0.20120758095312544
HCMV,US28,757,0.1,44,0.2737434453380675,0.3514332540802138
HCMV,US28,784,0.5,221,0.0644686707344485,0.0644686707344485
HCMV,US28,784,0.25,110,0.0,0.0
HCMV,US28,784,0.1,44,0.0,0.0
HCMV,US28,793,0.5,223,0.14355954816771888,0.17852457171267386
HCMV,US28,793,0.25,112,0.21268431980660416,0.2635142209238362
HCMV,US28,793,0.1,44,0.3357946322280804,0.4971617026713093
HCMV,US28,802,0.5,222,0.13940575852675058,0.165588484161734
HCMV,US28,802,0.25,111,0.19951061428271227,0.24014741518956925
HCMV,US28,802,0.1,44,0.30704277729560575,0.40434821105160274
HCMV,US28,811,0.5,221,0.12413164124222484,0.17532408129723986
HCMV,US28,811,0.25,111,0.18235692868742123,0.26562697508608923
HCMV,US28,811,0.1,45,0.32408861052987775,0.4173431217983119
HCMV,US28,820,0.5,222,0.11757089011707662,0.17342066432360528
HCMV,US28,820,0.25,111,0.16114702160948322,0.20666732915039668
HCMV,US28,820,0.1,45,0.2577000961182639,0.3480826579989427
HCMV,US28,829,0.5,221,0.11639608602044761,0.15665933566730897
HCMV,US28,829,0.25,110,0.15671601239038807,0.25957741063971673
HCMV,US28,829,0.1,44,0.2320769649157526,0.31302791155807924
HCMV,US28,847,0.5,221,0.07912025694581068,0.11037135645143122
HCMV,US28,847,0.25,111,0.11030373874857524,0.13281151229637472
HCMV,US28,847,0.1,45,0.15022985024152183,0.15022985024152183
HCMV,US28,856,0.5,221,0.08303621158070165,0.11749994999584072
HCMV,US28,856,0.25,110,0.10672682134934626,0.1309607619004439
HCMV,US28,856,0.1,44,0.14518442237735027,0.14518442237735027
HCMV,US28,865,0.5,222,0.08974814482863677,0.11304928811314331
HCMV,US28,865,0.25,111,0.12256345688902448,0.1584895407282836
HCMV,US28,865,0.1,44,0.17262089925463792,0.2147763177671846
HCMV,US28,883,0.5,222,0.07587004665115701,0.09248786344211359
HCMV,US28,883,0.25,111,0.09248786344211359,0.09248786344211359
HCMV,US28,883,0.1,44,0.0,0.0
HCMV,US28,892,0.5,222,0.08866983045539968,0.12297173679159512
HCMV,US28,892,0.25,111,0.11572274030067742,0.1653819285653812
HCMV,US28,892,0.1,44,0.14518442237735027,0.14518442237735027
HCMV,US28,901,0.5,221,0.0890151719813019,0.12082671686577695
HCMV,US28,901,0.25,110,0.1229205763915419,0.19751924632961923
HCMV,US28,901,0.1,45,0.18328401180459286,0.23999953972271498
HCMV,US28,910,0.5,222,0.12385932716447241,0.15552385170761016
HCMV,US28,910,0.25,111,0.1765350912007186,0.2366484402473321
HCMV,US28,910,0.1,45,0.28545606126287526,0.37577367155609476
HCMV,US28,928,0.5,221,0.08825137975793347,0.12319419331264281
HCMV,US28,928,0.25,111,0.12256345688902448,0.16556699911332431
HCMV,US28,928,0.1,44,0.17262089925463792,0.2147763177671846
HCMV,US28,937,0.5,222,0.10775367485407471,0.14904154303451367
HCMV,US28,937,0.25,111,0.1417441506258447,0.209991997064808
HCMV,US28,937,0.1,44,0.23042231263417035,0.35163806202464626
HCMV,US28,946,0.5,222,0.08975489297894844,0.11760381606287393
HCMV,US28,946,0.25,111,0.12132878387884329,0.1712054394745213
HCMV,US28,946,0.1,44,0.17262089925463792,0.2147763177671846
HCMV,US28,955,0.5,221,0.0644686707344485,0.0644686707344485
HCMV,US28,955,0.25,110,0.0,0.0
HCMV,US28,955,0.1,44,0.0,0.0
HCMV,US28,982,0.5,221,0.14426049807777702,0.1829555111501406
HCMV,US28,982,0.25,110,0.20072041802640134,0.25527968372652216
HCMV,US28,982,0.1,45,0.31912355439606055,0.3974773931102598
HCMV,US28,991,0.5,221,0.11246810670648627,0.16365634145696617
HCMV,US28,991,0.25,110,0.15408665613083536,0.20962434645935543
HCMV,US28,991,0.1,44,0.23644534250759902,0.3819122475885633
HCMV,US28,1000,0.5,221,0.0629384917202238,0.0644686707344485
HCMV,US28,1000,0.25,110,0.0,0.0
HCMV,US28,1000,0.1,44,0.0,0.0
HCMV,US28,1009,0.5,222,0.11695740772046616,0.15752953487926286
HCMV,US28,1009,0.25,111,0.16615204061103542,0.20499697266277006
HCMV,US28,1009,0.1,44,0.26865459054716206,0.39032014589037534
HCMV,US28,1018,0.5,221,0.11665938604381347,0.151665527204038
HCMV,US28,1018,0.25,110,0.16329089121803,0.2099670661236998
HCMV,US28,1018,0.1,44,0.24471032926180505,0.33702836327388797
HCMV,US28,1027,0.5,221,0.13360668700337308,0.16261681591577878
HCMV,US28,1027,0.25,111,0.18404973917919132,0.261777895508031
HCMV,US28,1027,0.1,45,0.2809066528090421,0.33986512222459175
HCMV,US28,1036,0.5,222,0.0955265017086514,0.1565747824733724
HCMV,US28,1036,0.25,111,0.14184203558153738,0.19367069079740593
HCMV,US28,1036,0.1,44,0.2280542511663107,0.32699916479480245
HCMV,US28,1045,0.5,222,0.07722943610801696,0.09248786344211359
HCMV,US28,1045,0.25,111,0.09248786344211359,0.09248786344211359
HCMV,US28,1045,0.1,44,0.0,0.0
HCMV,US28,1054,0.5,221,0.0644686707344485,0.0644686707344485
HCMV,US28,1054,0.25,110,0.0,0.0
HCMV,US28,1054,0.1,44,0.0,0.0
