dataset,gene,position,n_classes,n_kmers,observed,null_mean,null_sd,null_p95,null_max,empirical_p,z_score
SARS-CoV-2,ORF1ab,1,19,1,0.010030995680175339,0.004339950536317814,0.0006884703045873058,0.005562681632605157,0.0068689852692216365,0.000999000999000999,8.266217302239266
SARS-CoV-2,ORF1ab,10,19,1,0.02497641504865726,0.004377879553542442,0.0007060760592628974,0.005515207487250855,0.006765016180996733,0.000999000999000999,29.17325297308409
SARS-CoV-2,ORF1ab,19,19,1,0.013225248339396556,0.004390127488334952,0.0006722571564157128,0.005525273921127913,0.00692078233777851,0.000999000999000999,13.14247199415176
SARS-CoV-2,ORF1ab,28,19,1,0.015745181317967573,0.004315214092233628,0.0006883237353077124,0.005461242250635412,0.0065736425200083465,0.000999000999000999,16.605510807533353
SARS-CoV-2,ORF1ab,37,19,1,0.016178747028224815,0.004338781651430116,0.000679319535499553,0.0054648224117742,0.006527867395994507,0.000999000999000999,17.42915484991597
SARS-CoV-2,ORF1ab,46,19,1,0.01909654013490252,0.004394499506435941,0.0007089294585194148,0.0055975343430577675,0.006590074046133957,0.000999000999000999,20.738368890991637
SARS-CoV-2,ORF1ab,55,19,1,0.037024565989047735,0.004377694370497296,0.0006988739195769776,0.005542951289081801,0.00679797102679084,0.000999000999000999,46.71353545187566
SARS-CoV-2,ORF1ab,64,19,1,0.02412427091175661,0.004351545197566159,0.0007041853264422932,0.005511946283075079,0.006352560060934984,0.000999000999000999,28.0788664172922
SARS-CoV-2,ORF1ab,73,19,1,0.024407065760740674,0.00440497692493369,0.0006981528279522125,0.005608811839819987,0.006628179827451136,0.000999000999000999,28.650014774667785
SARS-CoV-2,ORF1ab,82,19,1,0.013037336469898065,0.00432940760548183,0.0006421261854695429,0.005435477043359316,0.006399400253511186,0.000999000999000999,13.561086685864904
SARS-CoV-2,ORF1ab,91,19,1,0.010993768387317797,0.004301915512243796,0.0006679548112413133,0.0054068422105913285,0.006686672470055822,0.000999000999000999,10.018421549562614
SARS-CoV-2,ORF1ab,100,19,1,0.010508088564003489,0.004390019771514605,0.0006694893822218963,0.005491698965175659,0.0066676661256736235,0.000999000999000999,9.138410488579048
SARS-CoV-2,ORF1ab,109,19,1,0.008227650318320198,0.004303218618741212,0.000687995900182851,0.005481333043112813,0.007233655976604216,0.000999000999000999,5.7041498336486836
SARS-CoV-2,ORF1ab,118,19,1,0.02638661744004044,0.004407713599096866,0.0007146966188373643,0.0055734139330864034,0.006920254797836493,0.000999000999000999,30.752774340387738
SARS-CoV-2,ORF1ab,127,19,1,0.02080123631821625,0.004433119795425577,0.0006924361897831465,0.005593836542322416,0.006821880612528028,0.000999000999000999,23.638447505057115
SARS-CoV-2,ORF1ab,136,19,2,0.04530889685991871,0.006020898257682421,0.0006918504369210216,0.00725825959942482,0.008456746427288239,0.000999000999000999,56.7868378851963
SARS-CoV-2,ORF1ab,145,19,1,0.011432547241392699,0.004310175861095967,0.0006547812110748003,0.0054174839960100425,0.006513051423670672,0.000999000999000999,10.877482829120293
SARS-CoV-2,ORF1ab,154,19,1,0.023791044663614588,0.004347442970779334,0.0007010205051717272,0.005571079083018853,0.0068229927115984555,0.000999000999000999,27.73613831463062
SARS-CoV-2,ORF1ab,163,19,1,0.01736754493210128,0.004341786089013709,0.0007004832535426169,0.005535860656747457,0.006585301159964122,0.000999000999000999,18.59538936471533
SARS-CoV-2,ORF1ab,172,19,1,0.010834335427002942,0.004302586398989087,0.0006691524649028578,0.005464134160145396,0.007231272982731888,0.000999000999000999,9.761226881174355
SARS-CoV-2,ORF1ab,181,19,1,0.01790122336638127,0.004265493177495696,0.0006734765743043667,0.005394911571767614,0.006466174410532962,0.000999000999000999,20.246777258689225
SARS-CoV-2,ORF1ab,190,19,1,0.008816345609163017,0.004233102089543564,0.0006794873891114017,0.005360599859284272,0.006731934994883446,0.000999000999000999,6.745148759292177
SARS-CoV-2,ORF1ab,199,19,1,0.02253821486881816,0.004320081111195881,0.0006597113810653492,0.005443343593165864,0.0070113890452869095,0.000999000999000999,27.61530917990581
SARS-CoV-2,ORF1ab,208,19,1,0.018609616452009786,0.00429072881764913,0.0006657519590360352,0.0054195109137100544,0.006613976944292456,0.000999000999000999,21.50784153169216
SARS-CoV-2,ORF1ab,217,19,1,0.02247175394760095,0.004346137462532269,0.0006593369012411653,0.005416473364310754,0.0067121328817246,0.000999000999000999,27.490675026603558
SARS-CoV-2,ORF1ab,226,19,1,0.04865486303212977,0.004343164111263648,0.0006986137898662456,0.005513908766365761,0.0067468308146125915,0.000999000999000999,63.42803357682061
SARS-CoV-2,ORF1ab,235,19,1,0.027550852730906752,0.004356822747075382,0.0006721101930004245,0.005504981261067109,0.006320212545526531,0.000999000999000999,34.50926682169321
SARS-CoV-2,ORF1ab,244,19,1,0.07840711601527332,0.004321547800878948,0.0007488122227792645,0.005565076332797929,0.006687057910809253,0.000999000999000999,98.93744514401895
SARS-CoV-2,ORF1ab,253,19,1,0.08064626120137523,0.004317905315616546,0.0007244007970055303,0.005588892549781828,0.007106951144276294,0.000999000999000999,105.36757579682228
SARS-CoV-2,ORF1ab,262,19,1,0.034817506830860934,0.004355798675958817,0.0007255501323978433,0.005621811469023199,0.006493893469693681,0.000999000999000999,41.98429136003375
SARS-CoV-2,ORF1ab,271,19,1,0.02199566133545096,0.0043328389447430775,0.0006825680180211796,0.005490695058770412,0.0062679585113760965,0.000999000999000999,25.877014340510478
SARS-CoV-2,ORF1ab,280,19,1,0.020041038848981393,0.004325842180684816,0.0006651357603740344,0.005470489625413138,0.006580057254721105,0.000999000999000999,23.627051204492822
SARS-CoV-2,ORF1ab,289,19,1,0.018252082443025622,0.0043695306618340155,0.0006647158932362664,0.005490744501397528,0.006621614176994178,0.000999000999000999,20.88494035188835
SARS-CoV-2,ORF1ab,298,19,1,0.010608558656005285,0.004237798593527532,0.0006880660353549739,0.0054460751871171055,0.006640280707938435,0.000999000999000999,9.258936984429223
SARS-CoV-2,ORF1ab,307,19,1,0.0310924291827524,0.004345830666862732,0.0006699294510596933,0.0054482192254354,0.006769290382040134,0.000999000999000999,39.92450021951109
SARS-CoV-2,ORF1ab,316,19,1,0.032116496565759024,0.00438946259249518,0.000698174160952374,0.0055820253608509455,0.007309132771262452,0.000999000999000999,39.7136352560536
SARS-CoV-2,ORF1ab,325,19,1,0.03691718143164525,0.00437892306597842,0.0007049604980318471,0.005575598616493559,0.006616886891617617,0.000999000999000999,46.1561441478057
SARS-CoV-2,ORF1ab,334,19,1,0.010158441959786095,0.004327036061050739,0.0006823379167002686,0.005452026525098451,0.007276446651582101,0.000999000999000999,8.54621406199375
SARS-CoV-2,ORF1ab,343,19,1,0.010577419605403437,0.004264410410669338,0.0006797999149017554,0.005418297411401794,0.006940601113098315,0.000999000999000999,9.286569557229871
SARS-CoV-2,ORF1ab,352,19,1,0.010190439081707662,0.004270674769057356,0.0006771816932609114,0.005412552483220629,0.006547664180347474,0.000999000999000999,8.74176660645414
SARS-CoV-2,ORF1ab,361,19,1,0.008227515068267655,0.004251988735595326,0.0006808087254621636,0.00541049596044209,0.0069174626510632425,0.000999000999000999,5.83941742223348
SARS-CoV-2,ORF1ab,370,19,1,0.018900020560416453,0.004337281933999731,0.0006822469800454071,0.005533058583844373,0.006548926356995633,0.000999000999000999,21.345259198432064
SARS-CoV-2,ORF1ab,379,19,1,0.0320602478820729,0.004340391114820331,0.0006685361354806826,0.005459228808270403,0.006678040178413238,0.000999000999000999,41.463513034073735
SARS-CoV-2,ORF1ab,388,19,1,0.020372045889896148,0.004348573755084029,0.0007076869903146483,0.005575866779594394,0.00679769505344793,0.000999000999000999,22.642032924312826
SARS-CoV-2,ORF1ab,397,19,2,0.7531687661166973,0.0061534443701765276,0.0007022847707246656,0.0072915522276013195,0.008491421698170274,0.000999000999000999,1063.6928962245602
SARS-CoV-2,ORF1ab,406,19,1,0.015234211443630083,0.004389461011298503,0.000724164543719036,0.005574139852599066,0.007177378829714794,0.000999000999000999,14.97553356677342
SARS-CoV-2,ORF1ab,415,19,2,0.17346867195186233,0.0062265448585700905,0.0007472719127454084,0.007496123583885535,0.008470179282088316,0.000999000999000999,223.80357703912622
SARS-CoV-2,ORF1ab,424,19,2,0.17519120769211227,0.006213604206361674,0.0007367010961964233,0.007483106078528576,0.008597966313857106,0.000999000999000999,229.37064212090826
SARS-CoV-2,ORF1ab,433,19,1,0.017409148806792337,0.004401512836696739,0.0007138576637989827,0.005614025717015825,0.006806529144718559,0.000999000999000999,18.221610034796036
SARS-CoV-2,ORF1ab,442,19,1,0.010635053288321566,0.004317576421362573,0.0006642312380274855,0.005462808505971157,0.0064667971754002376,0.000999000999000999,9.510960197715935
SARS-CoV-2,ORF1ab,451,19,1,0.005896618590041795,0.0041503489184446015,0.0006826070496655116,0.005323728640650045,0.006526262936525124,0.004995004995004995,2.5582356239257913
SARS-CoV-2,ORF1ab,460,19,2,0.31247532848558374,0.005967244550558565,0.0007169477863243258,0.0071711373423704134,0.00827869635640742,0.000999000999000999,427.5180003085609
SARS-CoV-2,ORF1ab,469,19,1,0.02399130173344882,0.004218462440882305,0.0006606457991992368,0.005302535279366369,0.006456034376780475,0.000999000999000999,29.929561826523386
SARS-CoV-2,ORF1ab,478,19,1,0.0228746882249179,0.00438408888421929,0.0007061062620703622,0.005543369787139819,0.007266813472724323,0.000999000999000999,26.186709188051438
SARS-CoV-2,ORF1ab,487,19,1,0.017528286054896564,0.004293379571770633,0.0006881802948002977,0.0055908331849652115,0.0063376737443686,0.000999000999000999,19.23174287773897
SARS-CoV-2,ORF1ab,496,19,1,0.01707944096412685,0.00425109020240177,0.0006411514608005811,0.005355783432873321,0.006202856400151979,0.000999000999000999,20.00829998220204
SARS-CoV-2,ORF1ab,505,19,1,0.02520765915199259,0.004357545381722009,0.0006820025048437894,0.005518032953151031,0.007212300974198527,0.000999000999000999,30.571902041688592
SARS-CoV-2,ORF1ab,514,19,1,0.020916459021872398,0.004247949491119366,0.0006707162336264792,0.005353128842372575,0.006520326016753324,0.000999000999000999,24.851805719131736
SARS-CoV-2,ORF1ab,523,19,1,0.019658532084854546,0.004272799224337518,0.0006477265033186968,0.005364158601024291,0.00665841604780432,0.000999000999000999,23.753440351269496
SARS-CoV-2,ORF1ab,532,19,1,0.02095164715389055,0.004369254424902469,0.0006590056633647983,0.005473896260512599,0.006570364364009632,0.000999000999000999,25.162746924389864
SARS-CoV-2,ORF1ab,541,19,1,0.01977565084066526,0.004366101159342381,0.0007039162394503203,0.0055419693261699685,0.006639422877440712,0.000999000999000999,21.89116945697404
SARS-CoV-2,ORF1ab,550,19,1,0.06654849959317238,0.004343885194389582,0.0006924195236458985,0.005518137832332407,0.006579946837203721,0.000999000999000999,89.83659800816662
SARS-CoV-2,ORF1ab,559,19,1,0.025991452560669218,0.004347424659920454,0.0006778042118993382,0.0054242976664301895,0.00645936822612643,0.000999000999000999,31.932566249622468
SARS-CoV-2,ORF1ab,568,19,1,0.013617773865287022,0.004360251902243964,0.0007021618492138994,0.005562223591864087,0.006949316821701732,0.000999000999000999,13.184313521743249
SARS-CoV-2,ORF1ab,577,19,1,0.009075240991071423,0.004330155204712112,0.0006871168090986923,0.0055318521554708795,0.006960066583286421,0.000999000999000999,6.905792033502359
SARS-CoV-2,ORF1ab,586,19,1,0.022076534074528125,0.004355971365835731,0.0006829976501351093,0.005483944293773392,0.006546425863782778,0.000999000999000999,25.94527624683181
SARS-CoV-2,ORF1ab,595,19,1,0.0242550318579225,0.004275433318177575,0.000665399610063291,0.005405853963073349,0.006498713304657787,0.000999000999000999,30.02646565699748
SARS-CoV-2,ORF1ab,604,19,1,0.009006041583020218,0.004293697535207158,0.0006874962848389518,0.005448875821188105,0.007765635043447287,0.000999000999000999,6.854355655051927
SARS-CoV-2,ORF1ab,613,19,1,0.048790515429757896,0.004352100343323228,0.0007198974165036018,0.005616813037404614,0.006785704168561413,0.000999000999000999,61.72881589471898
SARS-CoV-2,ORF1ab,622,19,1,0.046486733142696614,0.004308135339570669,0.0006737123499366824,0.005444166869356758,0.006983833077443099,0.000999000999000999,62.60624108655574
SARS-CoV-2,ORF1ab,631,19,2,0.37973976017611644,0.006171117574783081,0.0007171128904896534,0.007345810308514004,0.008600806463973723,0.000999000999000999,520.9342176881748
SARS-CoV-2,ORF1ab,640,19,2,0.8081893323936377,0.0061888464252029375,0.0006962242573504761,0.0073454955285639075,0.008423521083173572,0.000999000999000999,1151.928387299369
SARS-CoV-2,ORF1ab,649,19,1,0.02416141860447055,0.004359431065610105,0.0006851003050349072,0.005535575431179593,0.006668234487056856,0.000999000999000999,28.903778604873775
SARS-CoV-2,ORF1ab,658,19,1,0.012001281933927284,0.004316789055261042,0.0006924113337948561,0.005477926736920295,0.0068591573448866005,0.000999000999000999,11.098161603667455
SARS-CoV-2,ORF1ab,667,19,1,0.016583836857266093,0.004432167665944987,0.0007104311227205209,0.005562606675217624,0.006435527410922241,0.000999000999000999,17.10464083384688
SARS-CoV-2,ORF1ab,676,19,1,0.01661415877308929,0.00433383580275286,0.0006572612134580262,0.005465873799809283,0.006553508659815056,0.000999000999000999,18.684082856078458
SARS-CoV-2,ORF1ab,685,19,1,0.016931241005022135,0.0043432557900924705,0.0006773477285237664,0.00548702141007043,0.006723014426431497,0.000999000999000999,18.58422887512198
SARS-CoV-2,ORF1ab,694,19,1,0.009745597254944435,0.004323660839001853,0.000676157110748199,0.005463841927355929,0.006749664862573776,0.000999000999000999,8.01875234284375
SARS-CoV-2,ORF1ab,703,19,1,0.007309945093880328,0.004259199287498502,0.0006737189515129876,0.005317764851449819,0.00658711483379351,0.000999000999000999,4.528217292285884
SARS-CoV-2,ORF1ab,712,19,1,0.01220742478822904,0.004250802741076368,0.0006850448767934811,0.0053968203428930136,0.0068172173719831235,0.000999000999000999,11.61474571475605
SARS-CoV-2,ORF1ab,721,19,1,0.006046988929089497,0.004210711443528854,0.0006787901396013786,0.005458549350554749,0.006913578955339272,0.005994005994005994,2.7052212140839313
SARS-CoV-2,ORF1ab,730,19,1,0.010075803084396685,0.004211677058222997,0.0006451074087917654,0.0053156082888091176,0.006381690207817774,0.000999000999000999,9.090154517302363
SARS-CoV-2,ORF1ab,739,19,1,0.014724863589937702,0.00423669600454241,0.0006635021653248039,0.00541962774987337,0.006775799886538189,0.000999000999000999,15.80728463826644
SARS-CoV-2,ORF1ab,748,19,1,0.016033144704030958,0.004185493404756388,0.0007025293443500926,0.00548096287990914,0.006610271110263784,0.000999000999000999,16.864279612739576
SARS-CoV-2,ORF1ab,757,19,1,0.009753494952596442,0.004050634327585658,0.0006362369498810989,0.005179311474702183,0.006482011134733941,0.000999000999000999,8.963422552048486
SARS-CoV-2,ORF1ab,766,19,1,0.012695798946217704,0.0042889648209165744,0.0006949234165695643,0.005498442834213255,0.00702929367600087,0.000999000999000999,12.09749725631756
SARS-CoV-2,ORF1ab,775,19,1,0.011471741374353746,0.004238976576112126,0.000682081629315255,0.005397588838332132,0.006224998081605397,0.000999000999000999,10.603957777755468
SARS-CoV-2,ORF1ab,784,19,1,0.006922548091424254,0.0041274448490499875,0.0006615190295782491,0.005199849556081483,0.006656336667295219,0.000999000999000999,4.225280176983393
SARS-CoV-2,ORF1ab,793,19,2,0.5201530673229885,0.00617598656644499,0.000699819878802349,0.007428708638797393,0.008299886145476039,0.000999000999000999,734.441956173278
SARS-CoV-2,ORF1ab,802,19,1,0.009846357159833617,0.004288387751225457,0.0006621443165699598,0.005364808943283266,0.006421449438317066,0.000999000999000999,8.393894306001982
SARS-CoV-2,ORF1ab,811,19,1,0.011938614978905967,0.0042714167723960144,0.0006908002820619156,0.005443486490016439,0.0065656573972697205,0.000999000999000999,11.099008505938553
SARS-CoV-2,ORF1ab,820,19,1,0.025490623193011906,0.004389028316944865,0.0006818679560201964,0.005552566394637906,0.007033902066828742,0.000999000999000999,30.946746638790614
SARS-CoV-2,ORF1ab,829,19,1,0.02639006658732861,0.004363002723874833,0.000712954850948334,0.005556848630449239,0.007210399489721017,0.000999000999000999,30.89545408682551
SARS-CoV-2,ORF1ab,838,19,1,0.020639893755332865,0.004368128816328424,0.0007197967263660391,0.005553239874415534,0.007127132336804738,0.000999000999000999,22.606055769597567
SARS-CoV-2,ORF1ab,847,19,1,0.009893206738444776,0.004183393345161761,0.000667594887392165,0.005313727961425777,0.006422122132116243,0.000999000999000999,8.552811744241087
SARS-CoV-2,ORF1ab,856,19,1,0.009393229040473787,0.004284985515434422,0.000707876056242374,0.005470099292135302,0.006783476005491778,0.000999000999000999,7.216296525348672
SARS-CoV-2,ORF1ab,865,19,1,0.03729381948790081,0.004337644237478693,0.0006919652984744588,0.005520023660097235,0.006867816057472372,0.000999000999000999,47.62691904215276
SARS-CoV-2,ORF1ab,874,19,1,0.011420184216406677,0.004317479393498655,0.0006638411598459598,0.0054526046690378735,0.006546753836870391,0.000999000999000999,10.699404093226399
SARS-CoV-2,ORF1ab,883,19,1,0.01352548045441174,0.00436004235136971,0.0006908138159614567,0.005546732726174218,0.006964726334871514,0.000999000999000999,13.26759524964887
SARS-CoV-2,ORF1ab,892,19,1,0.011607989900323173,0.004181147707631307,0.0006851839758161177,0.005307692225532271,0.006654493659706393,0.000999000999000999,10.83919422348692
SARS-CoV-2,ORF1ab,901,19,1,0.013955540091692382,0.004358925068102192,0.0006793089639515006,0.005533848325076828,0.007132359320864504,0.000999000999000999,14.127025452111274
SARS-CoV-2,ORF1ab,910,19,1,0.01459470534491709,0.0043776567021556415,0.0006867583484341102,0.005571887109793899,0.007033825613130138,0.000999000999000999,14.877210689986542
SARS-CoV-2,ORF1ab,919,19,2,0.2211971748007452,0.006189403170452178,0.0007048721048767355,0.007368923673112975,0.008598961102421874,0.000999000999000999,305.0308987158635
SARS-CoV-2,ORF1ab,928,19,1,0.011715040793121313,0.004266579131716677,0.00065619259351933,0.0053530060962320245,0.006241226775815535,0.000999000999000999,11.351029766210276
SARS-CoV-2,ORF1ab,937,19,1,0.006259340871072644,0.004228973353386936,0.0006520805637607068,0.005307548307533567,0.006353316328109621,0.001998001998001998,3.11367587154582
SARS-CoV-2,ORF1ab,946,19,1,0.021535884551792506,0.004366072890048327,0.0007006526796563667,0.0055574369497198885,0.006795029155806993,0.000999000999000999,24.505453501105666
SARS-CoV-2,ORF1ab,955,19,1,0.012284608435624985,0.004306204034526397,0.0006992876450610448,0.005587451941988687,0.006762095100062477,0.000999000999000999,11.409331277978046
SARS-CoV-2,ORF1ab,964,19,1,0.012245093348196815,0.004333829118115842,0.0006836932338105624,0.005548020916876416,0.006871610503460513,0.000999000999000999,11.57136540022133
SARS-CoV-2,ORF1ab,973,19,1,0.009467221221631884,0.004147452855162212,0.000680945860015969,0.005316492496536511,0.006877676269508822,0.000999000999000999,7.812322063820048
SARS-CoV-2,ORF1ab,982,19,1,0.01562602250658195,0.004205336724603928,0.0006751909303965738,0.0053519519217119695,0.006562732535452765,0.000999000999000999,16.914749988229367
SARS-CoV-2,ORF1ab,991,19,1,0.014431436428755669,0.004313605674143136,0.0006798528988667361,0.005394931640598002,0.0071110203575124745,0.000999000999000999,14.88238230869972
SARS-CoV-2,ORF1ab,1000,19,2,0.21819571842159616,0.006156794888005809,0.0007216548062198633,0.00735404545144297,0.008647073465880284,0.000999000999000999,293.82319871779447
SARS-CoV-2,ORF1ab,1009,19,1,0.009138041890720353,0.004248809388790423,0.0006819894286882786,0.005378997080830202,0.006931332423317852,0.000999000999000999,7.1690737367201685
SARS-CoV-2,ORF1ab,1018,19,1,0.014610594837930296,0.004359464286356061,0.000687551481472031,0.005525484337482716,0.006886599166271231,0.000999000999000999,14.909618883558819
SARS-CoV-2,ORF1ab,1027,19,1,0.012447069020395845,0.004281040512867174,0.0006839011710428943,0.005436489512203671,0.006922335212571471,0.000999000999000999,11.940363393553097
SARS-CoV-2,ORF1ab,1036,19,1,0.013955295960897543,0.004347122281839912,0.0006801965389228772,0.005490011781378466,0.006702854718573875,0.000999000999000999,14.12558448808431
SARS-CoV-2,ORF1ab,1045,19,1,0.01078016212523294,0.004280520756347931,0.0006788964151845656,0.005446066174019704,0.006499848400653561,0.000999000999000999,9.57383368583263
SARS-CoV-2,ORF1ab,1054,19,1,0.0107382597594434,0.004207216721257258,0.0006684918126562071,0.0053100013352593645,0.0063006515972760845,0.000999000999000999,9.769817542320352
SARS-CoV-2,ORF1ab,1063,19,1,0.007547508081975679,0.004084133966823604,0.0006553629522814937,0.005193937449044775,0.006298172242907795,0.000999000999000999,5.284665700273632
SARS-CoV-2,ORF1ab,1072,19,1,0.0268336491101879,0.004318576561696608,0.000711921687330245,0.0054815041852836035,0.006846553400334931,0.000999000999000999,31.625771414443566
SARS-CoV-2,ORF1ab,1081,19,1,0.02885472449552548,0.0043770946258115334,0.0006735282244180633,0.005482801088372131,0.006999891900474448,0.000999000999000999,36.34239662467437
SARS-CoV-2,ORF1ab,1090,19,1,0.012814477150790156,0.004175698230299073,0.0007187917022840655,0.005475727585844928,0.006957529147424782,0.000999000999000999,12.018473353323504
SARS-CoV-2,ORF1ab,1099,19,1,0.012679310025320132,0.004091837125127233,0.000652933340309485,0.005181739347668729,0.00618508455702356,0.000999000999000999,13.152143366001967
SARS-CoV-2,ORF1ab,1108,19,1,0.05335661275744771,0.004384720195216737,0.0007220629983503846,0.00560406647877556,0.006648548133068004,0.000999000999000999,67.82218819425937
SARS-CoV-2,ORF1ab,1117,19,1,0.018677482020477785,0.004321079541356503,0.0006993520495149816,0.005506973065847921,0.006838659256254076,0.000999000999000999,20.528148146670638
SARS-CoV-2,ORF1ab,1126,19,1,0.0480399560063337,0.004360272298968441,0.0006765682297632118,0.005512007891052153,0.006476750347386466,0.000999000999000999,64.560648558169
SARS-CoV-2,ORF1ab,1135,19,1,0.007618311541956661,0.004263626107710378,0.0006467176594896244,0.005390351339572017,0.0068072471283998045,0.000999000999000999,5.187248848119793
SARS-CoV-2,ORF1ab,1144,19,1,0.010042693110232263,0.004263803127245655,0.000654623525528818,0.005370994345222148,0.006639568412215487,0.000999000999000999,8.827806758576703
SARS-CoV-2,ORF1ab,1153,19,1,0.013906697557262081,0.00437483877170974,0.0006911689095846029,0.0055997999645756935,0.006832417470020291,0.000999000999000999,13.790925276544993
SARS-CoV-2,ORF1ab,1162,19,1,0.012806161590531915,0.004341936923033624,0.0006937009326847376,0.005538635718825581,0.007050010232285258,0.000999000999000999,12.20154719230424
SARS-CoV-2,ORF1ab,1171,19,1,0.011489514343935579,0.0044103995511313235,0.0006740099789960979,0.005597310222074581,0.006484768766144109,0.000999000999000999,10.502982171492803
SARS-CoV-2,ORF1ab,1180,19,1,0.056193475708054205,0.004394212339729414,0.0006845722535798252,0.005578921200165696,0.006897804525730904,0.000999000999000999,75.66661239547987
SARS-CoV-2,ORF1ab,1189,19,1,0.03447874823868391,0.0043729387995810436,0.0006903629191652069,0.005536352900821667,0.007224284632291027,0.000999000999000999,43.60867103857068
SARS-CoV-2,ORF1ab,1198,19,1,0.02113299814791343,0.004343742363536513,0.0006853279084898768,0.005442804132251013,0.007287394114002825,0.000999000999000999,24.49813523773185
SARS-CoV-2,ORF1ab,1207,19,1,0.008825237677375808,0.004363467163080315,0.0006639135953657377,0.005468333652840224,0.007264350420180185,0.000999000999000999,6.720408416757283
SARS-CoV-2,ORF1ab,1216,19,1,0.023929232950092874,0.004280486144082253,0.0006827890657899521,0.005475588231029325,0.006700182449248369,0.000999000999000999,28.777184331852215
SARS-CoV-2,ORF1ab,1225,19,2,0.10577075112348708,0.0061672164888465116,0.0006963817975368778,0.00737924562127228,0.008364439168113814,0.000999000999000999,143.0300662466209
SARS-CoV-2,ORF1ab,1234,19,1,0.011346815979975663,0.004137042525516279,0.0006823570640248345,0.005232399561600462,0.006742265754447228,0.000999000999000999,10.565983463163771
SARS-CoV-2,ORF1ab,1243,19,1,0.011854831709423285,0.004375553663840409,0.0006969438154969935,0.005530321812669999,0.006775287382425334,0.000999000999000999,10.731536573359751
SARS-CoV-2,ORF1ab,1252,19,1,0.010714782826950955,0.004258043916858781,0.0006734566842954843,0.005393001831215171,0.007098460855444912,0.000999000999000999,9.587459833213607
SARS-CoV-2,ORF1ab,1261,19,1,0.025164176692862462,0.004333131644064142,0.0006615624565629101,0.005458513829086301,0.0070725054655963035,0.000999000999000999,31.487646921538133
SARS-CoV-2,ORF1ab,1270,19,1,0.00982793527086877,0.0042126955876843845,0.0006735360071501697,0.005323440800866701,0.006313251574650429,0.000999000999000999,8.336955446440484
SARS-CoV-2,ORF1ab,1279,19,1,0.006324196137672365,0.00428363470259857,0.0006628395235684393,0.00541952973515027,0.006455218013408237,0.002997002997002997,3.078515028929326
SARS-CoV-2,ORF1ab,1288,19,1,0.021925431036190778,0.00433428536302364,0.0006835160151337156,0.005574132132089817,0.0064403066155254984,0.000999000999000999,25.736259697917685
SARS-CoV-2,ORF1ab,1297,19,1,0.00966398590333224,0.004251588447678411,0.0006649179996250271,0.00539089837214484,0.006191888074284612,0.000999000999000999,8.139947269747681
SARS-CoV-2,ORF1ab,1306,19,1,0.014666723326356844,0.004210832565708416,0.0006718855969391551,0.005351162104476223,0.006605877169805425,0.000999000999000999,15.562010568884538
SARS-CoV-2,ORF1ab,1315,19,1,0.014017211899748097,0.004277974335208416,0.0007010519202480433,0.005458903381520478,0.006729589113729249,0.000999000999000999,13.892319931302353
SARS-CoV-2,ORF1ab,1324,19,1,0.021369757638175946,0.004376747615570829,0.0006865935902254468,0.005556417891670849,0.006842384728694969,0.000999000999000999,24.749735891104613
SARS-CoV-2,ORF1ab,1333,19,1,0.012831563983914,0.004313128236622872,0.0006710713335664438,0.005404167989230979,0.006813895755379721,0.000999000999000999,12.69378577389002
SARS-CoV-2,ORF1ab,1342,19,1,0.015745111799575683,0.004336714777810096,0.0006788946978197398,0.005526405863450106,0.0067037939860113294,0.000999000999000999,16.804369010987248
SARS-CoV-2,ORF1ab,1351,19,1,0.016097541229998864,0.004317324416325368,0.0006816040689895195,0.005409464369543106,0.006537359483494515,0.000999000999000999,17.283078769083215
SARS-CoV-2,ORF1ab,1360,19,2,0.09185525953064266,0.00619656248094508,0.0007050112035102875,0.007336240078897021,0.008470772810214116,0.000999000999000999,121.49976712880374
SARS-CoV-2,ORF1ab,1369,19,1,0.009703444623792936,0.004176450252279304,0.0006704143849333458,0.005318516277796761,0.0068368102748380235,0.000999000999000999,8.244146449905216
SARS-CoV-2,ORF1ab,1378,19,1,0.009430003952267195,0.004311342432261519,0.0006889770680712493,0.005435793281663175,0.006506491953079906,0.000999000999000999,7.429364135928453
SARS-CoV-2,ORF1ab,1387,19,1,0.008530841149110806,0.004220659419670758,0.0006885551498061184,0.0054116949229238,0.006836805892465788,0.000999000999000999,6.259748010967165
SARS-CoV-2,ORF1ab,1396,19,1,0.012197614896712715,0.004246680057331314,0.0006791970359459223,0.00539562542916307,0.006759636595755462,0.000999000999000999,11.706374466590656
SARS-CoV-2,ORF1ab,1405,19,1,0.009544408306484944,0.004358369919197027,0.0006765381863711511,0.005560224583454895,0.00714986808308631,0.000999000999000999,7.665551615208959
SARS-CoV-2,ORF1ab,1414,19,1,0.013717434617042668,0.004359090530630727,0.0007102511364644981,0.005545003828940815,0.006869897223056575,0.000999000999000999,13.176105754643475
SARS-CoV-2,ORF1ab,1423,19,1,0.010095871919770323,0.004266239813890532,0.000689150052678149,0.005416088737487797,0.006616191513598873,0.000999000999000999,8.459162243730367
SARS-CoV-2,ORF1ab,1432,19,1,0.014372050863611251,0.0043607059162705086,0.0007013865812396843,0.005535286076995096,0.006878789551321083,0.000999000999000999,14.273647678924688
SARS-CoV-2,ORF1ab,1441,19,1,0.010896394243390955,0.004329662377845406,0.0006637909335207192,0.005452718601692563,0.006492790116928696,0.000999000999000999,9.89277125361728
SARS-CoV-2,ORF1ab,1450,19,1,0.014597072300492174,0.004308139663120036,0.0006754901584871825,0.0053826621500797905,0.00655153616934628,0.000999000999000999,15.231802429831214
SARS-CoV-2,ORF1ab,1459,19,1,0.009437441268257034,0.0042102007077114145,0.0007333482241173322,0.0054276343748202605,0.007008678830605717,0.000999000999000999,7.1279105732303325
SARS-CoV-2,ORF1ab,1468,19,1,0.04379840284007627,0.004415170563231598,0.0006882480348880634,0.005601051809963404,0.006903488422268789,0.000999000999000999,57.22244057442164
SARS-CoV-2,ORF1ab,1477,19,1,0.01107229117033054,0.004249954039168404,0.0006946617363792665,0.005391827479689594,0.006635532565998824,0.000999000999000999,9.821092445255001
SARS-CoV-2,ORF1ab,1486,19,1,0.014806301948894459,0.004339623840885664,0.0006576030037921265,0.005418873765723009,0.00645063524851994,0.000999000999000999,15.916408604662326
SARS-CoV-2,ORF1ab,1495,19,1,0.00812776236849501,0.004175751486184735,0.000659352180643272,0.005263452282408507,0.00636104535310984,0.000999000999000999,5.993778436365594
SARS-CoV-2,ORF1ab,1504,19,1,0.1207159202189657,0.004325493613918855,0.000708608701420307,0.005484242861531437,0.006757809710352379,0.000999000999000999,164.25204258959636
SARS-CoV-2,ORF1ab,1513,19,1,0.055868721009410746,0.0043461302059036875,0.0007032215484914049,0.005572608434379758,0.00715889906294311,0.000999000999000999,73.2665131124559
SARS-CoV-2,ORF1ab,1522,19,1,0.0051287883585557316,0.003949648034992944,0.0006809666796731041,0.005138666993744416,0.006301344343916857,0.053946053946053944,1.731568311284819
SARS-CoV-2,ORF1ab,1531,19,1,0.0074500721885255305,0.004213751068564058,0.0006919692438174367,0.005379811890066,0.006705675323687032,0.000999000999000999,4.676972493903668
SARS-CoV-2,ORF1ab,1540,19,2,0.10555027643330593,0.006187807577459857,0.0006833339343722392,0.0073471987592908196,0.008609619349605092,0.000999000999000999,145.4083631118477
SARS-CoV-2,ORF1ab,1549,19,1,0.032570944112943825,0.004331794543705748,0.0007191315935093076,0.005567784532769007,0.00663571537953039,0.000999000999000999,39.268403480138
SARS-CoV-2,ORF1ab,1558,19,1,0.014306704571539238,0.0042769972722758445,0.0006601430703831783,0.00543715453787,0.007093976769810385,0.000999000999000999,15.193232723690755
SARS-CoV-2,ORF1ab,1567,19,1,0.00881803902051599,0.004170726491328516,0.0006951572865063688,0.0054270153871613745,0.006770977336712985,0.000999000999000999,6.685267664449485
SARS-CoV-2,ORF1ab,1576,19,1,0.022915095737493535,0.004330173435381567,0.000679183588098316,0.0054639194588829935,0.006892431262775806,0.000999000999000999,27.363621011733997
SARS-CoV-2,ORF1ab,1585,19,1,0.04577346885453165,0.004368467125877542,0.0006827882204350856,0.005516695232307627,0.006494273333673093,0.000999000999000999,60.64106041880754
SARS-CoV-2,ORF1ab,1594,19,1,0.0326001021600055,0.0043416117459171245,0.0006524361049532456,0.005457726614907197,0.006732985847933477,0.000999000999000999,43.31227257282675
SARS-CoV-2,ORF1ab,1603,19,1,0.017596275627311732,0.004331296182831322,0.0006685154003870169,0.005477921960256444,0.0065278144155071355,0.000999000999000999,19.842444073541238
SARS-CoV-2,ORF1ab,1612,19,1,0.028428648415675415,0.004383567204663908,0.0007313979096279452,0.005652158642699796,0.007021348281974927,0.000999000999000999,32.875512623823326
SARS-CoV-2,ORF1ab,1621,19,1,0.04856866031219099,0.0043893641919716475,0.0006911871134835265,0.0055893937400389206,0.0074183292390146,0.000999000999000999,63.917997396622894
SARS-CoV-2,ORF1ab,1630,19,1,0.03327951049001584,0.0043421348780987214,0.0006759837122514912,0.0055329197928228446,0.007256516264947208,0.000999000999000999,42.80780008076782
SARS-CoV-2,ORF1ab,1639,19,1,0.06359809835598224,0.004366806946437491,0.0007072750273465191,0.005550607181126088,0.006464743155234956,0.000999000999000999,83.74576949473608
SARS-CoV-2,ORF1ab,1648,19,1,0.01765999773318102,0.004379905131585676,0.0007178803821180877,0.005605622065852618,0.007290719485435502,0.000999000999000999,18.49903261377999
SARS-CoV-2,ORF1ab,1657,19,1,0.027053368990228515,0.004381582264141867,0.0006692295106969375,0.0055557186254981475,0.006623656920517799,0.000999000999000999,33.877446173101646
SARS-CoV-2,ORF1ab,1666,19,2,0.3470184444246154,0.006182766500634756,0.0007285568155495491,0.007426988694589191,0.008965565836582479,0.000999000999000999,467.82305875059154
SARS-CoV-2,ORF1ab,1675,19,1,0.008606907684854037,0.004342070079581869,0.0006877122167311926,0.005473731442132986,0.006656543627069168,0.000999000999000999,6.201485885394956
SARS-CoV-2,ORF1ab,1684,19,1,0.05073191813876626,0.004341540559687188,0.0007140387639143368,0.005534583620027045,0.0066218297101171995,0.000999000999000999,64.96899037353177
SARS-CoV-2,ORF1ab,1693,19,1,0.03166302140597187,0.004373062009348454,0.0006665425798325961,0.005543630710526012,0.006481436135339062,0.000999000999000999,40.94255974386116
SARS-CoV-2,ORF1ab,1702,19,1,0.02042572115038629,0.004336305002576165,0.0006925444345629864,0.005502456128733663,0.007268025705615525,0.000999000999000999,23.23232321975552
SARS-CoV-2,ORF1ab,1711,19,1,0.011878463941700895,0.004232578208650377,0.0006719220967921025,0.005385844358429398,0.006570634196770204,0.000999000999000999,11.379125302700396
SARS-CoV-2,ORF1ab,1720,19,1,0.009797925866462928,0.004149296289615619,0.0006898229456786197,0.005283802264534857,0.006406967926213422,0.000999000999000999,8.188520854855614
SARS-CoV-2,ORF1ab,1729,19,1,0.00664854890243363,0.004169925521869608,0.0006508126859167554,0.005247290010350399,0.006812076150207819,0.001998001998001998,3.808505018725249
SARS-CoV-2,ORF1ab,1738,19,1,0.012415382843494282,0.004343999931495054,0.0006880954375743652,0.0055421744459844685,0.007234354025752699,0.000999000999000999,11.730034049421992
SARS-CoV-2,ORF1ab,1747,19,1,0.007224258449551829,0.004265443091327707,0.0006919080027093749,0.005381476585134305,0.007266452145142831,0.001998001998001998,4.276313247769914
SARS-CoV-2,ORF1ab,1756,19,1,0.008139452978041114,0.004170926784470552,0.0007024278102780076,0.005397357148779783,0.007132542959005045,0.000999000999000999,5.649728179184554
SARS-CoV-2,ORF1ab,1765,19,1,0.03242131362353342,0.004395751288736962,0.0006873001139018635,0.005590241656419142,0.0065625355732835565,0.000999000999000999,40.77630974872515
SARS-CoV-2,ORF1ab,1774,19,1,0.0146393074169406,0.004373009192192143,0.0007141327765959211,0.005581347621040824,0.006724105977974097,0.000999000999000999,14.375895577409485
SARS-CoV-2,ORF1ab,1783,19,1,0.008910674152088039,0.004242771585252071,0.0006906450287186007,0.005428409145323304,0.00679845522085247,0.000999000999000999,6.758757933140611
SARS-CoV-2,ORF1ab,1792,19,2,0.18141558941403066,0.006186508150206298,0.0007283390575676531,0.007337664796882328,0.008481474225640094,0.000999000999000999,240.587236731497
SARS-CoV-2,ORF1ab,1801,19,1,0.010503700286798335,0.00421276256916124,0.0006662522698999655,0.005372998249837791,0.006616690656538522,0.000999000999000999,9.442275849329036
SARS-CoV-2,ORF1ab,1810,19,1,0.010172656140795256,0.004224673065866566,0.0006699847240197477,0.005293641065077573,0.006554977860785507,0.000999000999000999,8.877789092327685
SARS-CoV-2,ORF1ab,1819,19,1,0.014834076285168363,0.0043435554756578515,0.0006745337126945127,0.005505145183328691,0.007333607204756794,0.000999000999000999,15.55225574657308
SARS-CoV-2,ORF1ab,1828,19,1,0.012265828173268305,0.004331828933181963,0.0006934761725465721,0.005490845904403438,0.006540909282109389,0.000999000999000999,11.440911100018385
SARS-CoV-2,ORF1ab,1837,19,2,0.3861690468362264,0.006163958459379764,0.000693945227711702,0.007269959065606728,0.008437056203450205,0.000999000999000999,547.6009823281311
SARS-CoV-2,ORF1ab,1846,19,1,0.014217364213589923,0.004323877438068986,0.0006782212335886477,0.0054844861669516515,0.006890084363906867,0.000999000999000999,14.587403468882691
SARS-CoV-2,ORF1ab,1855,19,1,0.02262390591885785,0.0042683592333737225,0.0006461988862829259,0.0053609233272203915,0.00645648859274018,0.000999000999000999,28.40541368164398
SARS-CoV-2,ORF1ab,1864,19,1,0.011239374304430711,0.004260545588170847,0.0006675021690957802,0.005439884968421151,0.00672372491712069,0.000999000999000999,10.455140131924379
SARS-CoV-2,ORF1ab,1873,19,1,0.02554559792680735,0.00436797067734871,0.0007235437253593099,0.005567863716837766,0.007095872878224808,0.000999000999000999,29.269312285089452
SARS-CoV-2,ORF1ab,1882,19,1,0.013167443970012698,0.004318312610126659,0.0006758904843856388,0.005487729260069775,0.006558319346859127,0.000999000999000999,13.092552069185581
SARS-CoV-2,ORF1ab,1891,19,1,0.012243046012668455,0.004333778974845997,0.000696640496804932,0.005558299312054008,0.00697823277738925,0.000999000999000999,11.35344137198092
SARS-CoV-2,ORF1ab,1900,19,1,0.006117876822366999,0.004245336441186337,0.0006481611173320217,0.005367163763994312,0.006246166720152112,0.001998001998001998,2.8890044945745323
SARS-CoV-2,ORF1ab,1909,19,1,0.006171339238420687,0.004171570977029821,0.0006837851699853099,0.005310328325409803,0.006809044096098056,0.004995004995004995,2.9245563506939294
SARS-CoV-2,ORF1ab,1918,19,1,0.010189347484121744,0.004358130465572208,0.0006600965909784601,0.005486938731536148,0.0065024479983782305,0.000999000999000999,8.833884462129902
SARS-CoV-2,ORF1ab,1927,19,1,0.012977364151448114,0.004310560844080689,0.0006744469035690369,0.00544827691622897,0.00661448535169647,0.000999000999000999,12.850238115861238
SARS-CoV-2,ORF1ab,1936,19,1,0.06913147853608258,0.004363164981546436,0.000728778413963173,0.005580184455538587,0.00666601932800081,0.000999000999000999,88.87243682523376
SARS-CoV-2,ORF1ab,1945,19,1,0.006905206900937576,0.004032113884631567,0.0006549109407757205,0.005145355598965288,0.00650374107032843,0.000999000999000999,4.386998044196551
SARS-CoV-2,ORF1ab,1954,19,1,0.010137095435957878,0.004300874832879681,0.0006538393857149462,0.005418645865408912,0.006491838161434975,0.000999000999000999,8.92607684790437
SARS-CoV-2,ORF1ab,1963,19,1,0.027867670530834287,0.004363471904808657,0.0007060512987838958,0.005528343250292682,0.006874389886565507,0.000999000999000999,33.28964717791655
SARS-CoV-2,ORF1ab,1972,19,1,0.013718308869348746,0.00430278599896939,0.0006531555415916104,0.005411829953076,0.006363086503979981,0.000999000999000999,14.415437473646163
SARS-CoV-2,ORF1ab,1981,19,1,0.017294141284129053,0.004323285796195498,0.0006762242162097858,0.005397400696920098,0.006818621304394971,0.000999000999000999,19.181293980618985
SARS-CoV-2,ORF1ab,1990,19,1,0.016142713665506816,0.0043673326333947115,0.0006482471271012693,0.005499816311656123,0.006511006463218077,0.000999000999000999,18.164956757722045
SARS-CoV-2,ORF1ab,1999,19,1,0.018141885978090345,0.004341825692743469,0.0006770190840974338,0.005467990498339536,0.006639063581417751,0.000999000999000999,20.383561718565716
SARS-CoV-2,ORF1ab,2008,19,1,0.05566550003541357,0.004356790125771593,0.0007106510197766512,0.005599750038261496,0.006762370971064981,0.000999000999000999,72.19958669132377
SARS-CoV-2,ORF1ab,2017,19,1,0.016966350500824876,0.0043542345531628526,0.0006680582211830126,0.005464010600149489,0.006470891817696804,0.000999000999000999,18.87876766987195
SARS-CoV-2,ORF1ab,2026,19,1,0.03146952030810653,0.0043595893482651265,0.0007218041477475086,0.005621525115705175,0.006590073390779477,0.000999000999000999,37.558569099999985
SARS-CoV-2,ORF1ab,2035,19,1,0.011253532650812775,0.00437254733643708,0.0006978413015728996,0.005573186284864057,0.006619587110526633,0.000999000999000999,9.860387023333667
SARS-CoV-2,ORF1ab,2044,19,1,0.019079563280029348,0.004348649038855722,0.0006574613002588666,0.005504145883596282,0.00628868864638538,0.000999000999000999,22.405751084320134
SARS-CoV-2,ORF1ab,2053,19,1,0.04927240911372795,0.004381038898340631,0.0006787534727535501,0.00552990808118825,0.006473525070320986,0.000999000999000999,66.13796027189832
SARS-CoV-2,ORF1ab,2062,19,1,0.03917390266417875,0.004388408644993268,0.000704775921066485,0.005610134854022207,0.006748742476417451,0.000999000999000999,49.35681395945988
SARS-CoV-2,ORF1ab,2071,19,1,0.006740336810866663,0.004256272205863617,0.0006775116591211166,0.00539951870736182,0.0064554256095607975,0.000999000999000999,3.6664529260285064
SARS-CoV-2,ORF1ab,2080,19,1,0.006142645436239061,0.0041542340251713725,0.0006764494040542362,0.0052958090620288814,0.006230484705987643,0.003996003996003996,2.939482833675853
SARS-CoV-2,ORF1ab,2089,19,1,0.005216598570430122,0.004244333336354679,0.0006955646577817181,0.005456875322016467,0.006947453045036601,0.08291708291708291,1.397807124324248
SARS-CoV-2,ORF1ab,2098,19,1,0.01870430923460708,0.004326599546640988,0.0007001175603347362,0.005535550570467311,0.006982369417626889,0.000999000999000999,20.53613636128753
SARS-CoV-2,ORF1ab,2107,19,1,0.0055428963186127,0.004155731757405823,0.0006665462184819182,0.005266850451018976,0.006759183176094856,0.025974025974025976,2.0811228430133344
SARS-CoV-2,ORF1ab,2116,19,1,0.015119633365223765,0.004394792770174264,0.0006954957616235152,0.005649137252278472,0.006670955447384508,0.000999000999000999,15.420425524972584
SARS-CoV-2,ORF1ab,2125,19,2,0.314424967651807,0.006209049619436215,0.0007285348019740095,0.007410754926677107,0.008677473237367441,0.000999000999000999,423.0627242476831
SARS-CoV-2,ORF1ab,2134,19,1,0.03695584434827958,0.0043649859924186135,0.0006811545728498363,0.005467054553432618,0.006851233742852875,0.000999000999000999,47.846494253875875
SARS-CoV-2,ORF1ab,2143,19,1,0.006044029731504512,0.00423170261017287,0.0006200400938722397,0.005310944736380893,0.006289384230222508,0.001998001998001998,2.922919242227382
SARS-CoV-2,ORF1ab,2152,19,1,0.01193968718599823,0.004230159517068777,0.0006549083155645033,0.005352645965300107,0.0066662480619992855,0.000999000999000999,11.771919039208054
SARS-CoV-2,ORF1ab,2161,19,1,0.014461394406005076,0.004348321698890746,0.0006930397650874164,0.0055774644547336915,0.006452817531875812,0.000999000999000999,14.592341185269103
SARS-CoV-2,ORF1ab,2170,19,1,0.005597655925202483,0.004252072496464835,0.0006889333422642833,0.005418875168330583,0.006300050002988922,0.03196803196803197,1.9531402331540306
SARS-CoV-2,ORF1ab,2179,19,1,0.025874755359416687,0.004376475927490836,0.0007302949430077553,0.005540281992616207,0.007112050711381007,0.000999000999000999,29.4378040513113
SARS-CoV-2,ORF1ab,2188,19,1,0.06309963936849186,0.004320972211069386,0.0006978508923589979,0.005504462427980295,0.00663448055953474,0.000999000999000999,84.22811778419961
SARS-CoV-2,ORF1ab,2197,19,1,0.04315115919560161,0.004396500462740102,0.0007073532513657753,0.005533774643510618,0.007042701615457578,0.000999000999000999,54.788266906291945
SARS-CoV-2,ORF1ab,2206,19,1,0.017772449110413518,0.004247158354013534,0.000678366786009039,0.0054216647366433475,0.00651244823924125,0.000999000999000999,19.93802030900104
SARS-CoV-2,ORF1ab,2215,19,1,0.01641665786305175,0.004362104361897683,0.0007395922072854199,0.005660695343108876,0.0068469534552999586,0.000999000999000999,16.298919029175263
SARS-CoV-2,ORF1ab,2224,19,1,0.025501008973037212,0.0043895023132918985,0.0006798360952505929,0.005586386684082385,0.006569173374430102,0.000999000999000999,31.053818423635548
SARS-CoV-2,ORF1ab,2233,19,1,0.011232780203922356,0.004300996844833184,0.0006970875803847349,0.005479079446118037,0.006399148959769658,0.000999000999000999,9.94392032528165
SARS-CoV-2,ORF1ab,2242,19,1,0.01476839888759197,0.004313644939400389,0.0006997434023700328,0.00553304102505427,0.0065291615000330865,0.000999000999000999,14.940839617467349
SARS-CoV-2,ORF1ab,2251,19,1,0.010517447839531567,0.004319411751414783,0.0006724399082352116,0.0054545766509107654,0.006360573276723496,0.000999000999000999,9.217234153135337
SARS-CoV-2,ORF1ab,2260,19,1,0.01293798537959707,0.004351555659163554,0.000704048360521707,0.005496072800357598,0.006712920427016596,0.000999000999000999,12.195795348590662
SARS-CoV-2,ORF1ab,2269,19,1,0.01278514665291314,0.004318908936872811,0.0006638127696127798,0.005430877210027016,0.006450659300553975,0.000999000999000999,12.753954282890517
SARS-CoV-2,ORF1ab,2278,19,1,0.010705677416064326,0.004316049005039607,0.0006585270881124503,0.005417751299783159,0.006798468369651702,0.000999000999000999,9.702909001571129
SARS-CoV-2,ORF1ab,2287,19,1,0.005684523663561357,0.004083837491298061,0.0006702064082357939,0.005181617467398676,0.007068184600115505,0.012987012987012988,2.388348056051619
SARS-CoV-2,ORF1ab,2296,19,1,0.012204166550625978,0.0043224078639158585,0.0006740113621640358,0.005408895508543101,0.006632928092003759,0.000999000999000999,11.693806854241005
SARS-CoV-2,ORF1ab,2305,19,1,0.01836064288269681,0.004360503394263109,0.0006941442848952766,0.005560989770047057,0.006784865602812011,0.000999000999000999,20.168918469948736
SARS-CoV-2,ORF1ab,2314,19,1,0.011125752875102674,0.0042761214832557,0.0006722029333397195,0.005422297927059385,0.0066542319047176,0.000999000999000999,10.189826690900931
SARS-CoV-2,ORF1ab,2323,19,1,0.014748080555606223,0.004353236119514083,0.0006936199778926269,0.00547677834927167,0.006707038175275906,0.000999000999000999,14.986368281481754
SARS-CoV-2,ORF1ab,2332,19,2,0.31690985355317963,0.006068297281112194,0.0007072680873664286,0.007258283745058148,0.00811618608197508,0.000999000999000999,439.4960861722346
SARS-CoV-2,ORF1ab,2341,19,1,0.012806631306290433,0.00433296840299476,0.0006918869027124149,0.005487934841045916,0.006748706288568003,0.000999000999000999,12.247179228391579
SARS-CoV-2,ORF1ab,2350,19,1,0.01132653388373825,0.004254008300013762,0.0006591289209103533,0.005412803833161626,0.006374813129222616,0.000999000999000999,10.73010963311441
SARS-CoV-2,ORF1ab,2359,19,1,0.01764901255899569,0.0043323632647594935,0.0006927583395250666,0.005492556319479981,0.007275989100610076,0.000999000999000999,19.22264740019683
SARS-CoV-2,ORF1ab,2368,19,1,0.006181553339144119,0.004151510578994121,0.0006414075304815974,0.005212538294017627,0.006274357514709795,0.001998001998001998,3.1649811760484816
SARS-CoV-2,ORF1ab,2377,19,1,0.013990291802824307,0.00436777272870946,0.000677512300721136,0.005475009466584486,0.007083558207636007,0.000999000999000999,14.202722317916225
SARS-CoV-2,ORF1ab,2386,19,2,0.11906797310200927,0.006219233118615157,0.0007194366199302128,0.007426644602340577,0.008857321893118702,0.000999000999000999,156.85709742484437
SARS-CoV-2,ORF1ab,2395,19,1,0.00858325818163838,0.004237988603014651,0.0006558501632626733,0.005376790684780797,0.006788332882139041,0.000999000999000999,6.625399858112734
SARS-CoV-2,ORF1ab,2404,19,1,0.013612334221671098,0.004288160478449859,0.0006688160839414077,0.0054342488847791345,0.006865625264788118,0.000999000999000999,13.941312069340267
SARS-CoV-2,ORF1ab,2413,19,1,0.008449910051170975,0.004093607189071589,0.0006662319736797002,0.005272592528165134,0.006862131571595725,0.000999000999000999,6.5387177953031355
SARS-CoV-2,ORF1ab,2422,19,2,0.08596430599353956,0.006204783781770505,0.0006617014484767371,0.007303750518723478,0.008814872721774144,0.000999000999000999,120.53702224073808
SARS-CoV-2,ORF1ab,2431,19,1,0.010826161933191187,0.004327776507054993,0.0006459019683957045,0.005413293711399911,0.00636646706501161,0.000999000999000999,10.060946930192713
SARS-CoV-2,ORF1ab,2440,19,1,0.020905149236137757,0.004412280406840625,0.0007122840544282591,0.0056654587890636295,0.006484825185619163,0.000999000999000999,23.154903899309858
SARS-CoV-2,ORF1ab,2449,19,1,0.010026285875590735,0.004238876662511183,0.0006779601579586351,0.0053453101464914,0.006903779622770405,0.000999000999000999,8.536503428911914
SARS-CoV-2,ORF1ab,2458,19,1,0.012581510498704356,0.004346550024756995,0.0006905585987708353,0.0055840423240385425,0.006915023209571531,0.000999000999000999,11.925071222927695
SARS-CoV-2,ORF1ab,2467,19,1,0.0064931289201391774,0.0041426206638394214,0.0006658597278021443,0.005279693625634702,0.006450921726184836,0.000999000999000999,3.5300351683052886
SARS-CoV-2,ORF1ab,2476,19,2,0.3021084446630465,0.006143650209669424,0.0006906894688667121,0.007320696538540653,0.008422996731420005,0.000999000999000999,428.50630825311123
SARS-CoV-2,ORF1ab,2485,19,1,0.010821607911782513,0.004204307210534166,0.0006878221514700748,0.005432899981757943,0.00652643853852986,0.000999000999000999,9.62065657104131
SARS-CoV-2,ORF1ab,2494,19,1,0.007271997219198891,0.004156090583545014,0.0006932096771464242,0.005357576129724901,0.006775776407857592,0.000999000999000999,4.494897775346139
SARS-CoV-2,ORF1ab,2503,19,1,0.009037833948776816,0.004258223961173115,0.0006945396394286846,0.0054927819047828124,0.0064370855050471095,0.000999000999000999,6.881695034044881
SARS-CoV-2,ORF1ab,2512,19,1,0.04218449553825089,0.00440416174577243,0.000746630865361899,0.0056495507674028346,0.00758092082793339,0.000999000999000999,50.60108755906572
SARS-CoV-2,ORF1ab,2521,19,2,0.7530778246240905,0.006200278532171783,0.0007156788689276475,0.0074170701675360775,0.0084306450119075,0.000999000999000999,1043.5931232830983
SARS-CoV-2,ORF1ab,2530,19,1,0.00573817641174157,0.004113905557960607,0.0006674889810581533,0.005221975112977806,0.006637645652224357,0.00999000999000999,2.4334047450581853
SARS-CoV-2,ORF1ab,2539,19,1,0.01028169617778528,0.004216234852203958,0.000687067434537896,0.005375461528103445,0.006217631741572761,0.000999000999000999,8.828043683457063
SARS-CoV-2,ORF1ab,2548,19,1,0.01963750405671987,0.0043569004155618665,0.0006879910396302552,0.005521303975589061,0.006967263946875732,0.000999000999000999,22.21046897554103
SARS-CoV-2,ORF1ab,2557,19,1,0.026424380371821512,0.0042917938814888215,0.0006726092697976238,0.005447422292859628,0.006496273418670843,0.000999000999000999,32.905562685735795
SARS-CoV-2,ORF1ab,2566,19,2,0.48532890123002864,0.006232632508938855,0.0006834155304927711,0.007379560857780292,0.008387048432722706,0.000999000999000999,701.0321646855778
SARS-CoV-2,ORF1ab,2575,19,1,0.015050247396181,0.0043481308608258615,0.000668390308888275,0.005486828753850584,0.0071232724102289376,0.000999000999000999,16.011776940865335
SARS-CoV-2,ORF1ab,2584,19,1,0.01114612118420311,0.004279912275187698,0.0006744211382641287,0.005434938332038717,0.00736648025229342,0.000999000999000999,10.180892204369707
SARS-CoV-2,ORF1ab,2593,19,1,0.015139056367058633,0.004323101797721747,0.0006489531002618574,0.005401487649839071,0.006412010544164956,0.000999000999000999,16.666773862352407
SARS-CoV-2,ORF1ab,2602,19,1,0.045292029906716366,0.004347460221085592,0.0006924417368077014,0.005550941536977791,0.006938425445837425,0.000999000999000999,59.130707334877954
SARS-CoV-2,ORF1ab,2611,19,1,0.02431309065488142,0.004363508032324885,0.0006465075880728129,0.0054274549654943155,0.006518229238181304,0.000999000999000999,30.857460903165318
SARS-CoV-2,ORF1ab,2620,19,1,0.017472734924220246,0.004325589217972735,0.0006968592700757469,0.0054850998133041595,0.006866378238345119,0.000999000999000999,18.866285160873943
SARS-CoV-2,ORF1ab,2629,19,1,0.051137651263928316,0.004379139852031168,0.0007022401106617686,0.005534479921881484,0.006616853841414923,0.000999000999000999,66.58479158621888
SARS-CoV-2,ORF1ab,2638,19,1,0.020605830522369563,0.0043277061445313155,0.0006815145480822708,0.005467032874100608,0.006581389538209187,0.000999000999000999,23.885219213065415
SARS-CoV-2,ORF1ab,2647,19,1,0.01816425061588949,0.00435296022285781,0.0006848831520456614,0.005532422970419749,0.006717691571532401,0.000999000999000999,20.165907646843202
SARS-CoV-2,ORF1ab,2656,19,1,0.013427537384092445,0.004333145769359904,0.0006826558029361977,0.005524870341276303,0.0069601932415710175,0.000999000999000999,13.322074719963261
SARS-CoV-2,ORF1ab,2665,19,1,0.027507159837426666,0.004339625376231889,0.0006863685795747845,0.005496476464478609,0.006343062800381943,0.000999000999000999,33.75378062257367
SARS-CoV-2,ORF1ab,2674,19,1,0.019551715380060015,0.004418234831622317,0.0007033505629797763,0.005611881937517686,0.006921691116408747,0.000999000999000999,21.516269901489846
SARS-CoV-2,ORF1ab,2683,19,2,0.34767385006882895,0.0061645977259450506,0.0007325941213284905,0.007375770451355858,0.008936767956580218,0.000999000999000999,466.16433629523124
SARS-CoV-2,ORF1ab,2692,19,1,0.01008412559261037,0.00409910074256648,0.0006615755206499024,0.005229615987342958,0.006719887295137349,0.000999000999000999,9.046623799146117
SARS-CoV-2,ORF1ab,2701,19,1,0.039392584220404744,0.004373517503457394,0.0006979549574681604,0.0055227624139538994,0.006792580650852067,0.000999000999000999,50.17382044821261
SARS-CoV-2,ORF1ab,2710,19,1,0.03148721671508745,0.00430357762634212,0.0007157029704308364,0.005552032383830878,0.006565357249360542,0.000999000999000999,37.98173294206313
SARS-CoV-2,ORF1ab,2719,19,1,0.008476166922195128,0.004134481644615816,0.0006750348466406891,0.005302528161403504,0.006642080584342649,0.000999000999000999,6.431794298006552
SARS-CoV-2,ORF1ab,2728,19,1,0.01579661887605869,0.0042786098582802586,0.0006721092749707917,0.005409774372891959,0.00643391151913854,0.000999000999000999,17.13710767981736
SARS-CoV-2,ORF1ab,2737,19,1,0.09267365530052102,0.004291973638007875,0.0007296365510757707,0.005492896400638189,0.00767808167326263,0.000999000999000999,121.1311049757634
SARS-CoV-2,ORF1ab,2746,19,1,0.005729737360841617,0.004151432386779074,0.0006676635370405323,0.005270448858209296,0.0068746704449244396,0.011988011988011988,2.363922674373527
SARS-CoV-2,ORF1ab,2755,19,1,0.008058246527715427,0.004125935714164363,0.0006751136517221548,0.005273186654108138,0.006818955745208,0.000999000999000999,5.82466493385238
SARS-CoV-2,ORF1ab,2764,19,1,0.029484432717071556,0.004328906421488749,0.0006743646148299121,0.0054204961167504135,0.006881728737057757,0.000999000999000999,37.30255968713234
SARS-CoV-2,ORF1ab,2773,19,1,0.009107756432819867,0.004364976023068207,0.0006746468636895864,0.0054960671284159605,0.007105072715402615,0.000999000999000999,7.030019207106065
SARS-CoV-2,ORF1ab,2782,19,1,0.027051638464367846,0.004374271899059253,0.0007248239126453279,0.005543779207970233,0.007097178361678019,0.000999000999000999,31.28672518894271
SARS-CoV-2,ORF1ab,2791,19,1,0.009683420405583239,0.004274029056658041,0.0006458970127286048,0.0053693371072264,0.0063526878096368915,0.000999000999000999,8.375005987522865
SARS-CoV-2,ORF1ab,2800,19,1,0.014968562333201955,0.0043059229312502395,0.0006708573248834481,0.005436745880660291,0.006756941943261311,0.000999000999000999,15.894049310416634
SARS-CoV-2,ORF1ab,2809,19,1,0.014836361063166855,0.004253285736459102,0.0006945746325015531,0.005501692403550331,0.006407528410126822,0.000999000999000999,15.23677202058497
SARS-CoV-2,ORF1ab,2818,19,1,0.012612074367103905,0.004260786321291154,0.0006933207109891422,0.00544167146603981,0.006780970411077135,0.000999000999000999,12.045346278345257
SARS-CoV-2,ORF1ab,2827,19,1,0.021771341056449893,0.004385767157770788,0.0006794950432405866,0.005558606713323801,0.006408978838994723,0.000999000999000999,25.586020194886768
SARS-CoV-2,ORF1ab,2836,19,1,0.017395826300916597,0.004291542566507214,0.0006957584495611857,0.005504284729125364,0.00648609996070536,0.000999000999000999,18.83453049355598
SARS-CoV-2,ORF1ab,2845,19,1,0.022561150559148924,0.004337159276891079,0.0006619696276661802,0.005470994884506997,0.007179998151816653,0.000999000999000999,27.529950802286486
SARS-CoV-2,ORF1ab,2854,19,1,0.011240968419025502,0.0043407040507528975,0.0006999094957153558,0.005538694128409972,0.00682731142503622,0.000999000999000999,9.858795187826475
SARS-CoV-2,ORF1ab,2863,19,1,0.007935830782723668,0.004162216882492021,0.000668259942545445,0.005335515951073136,0.0061052879769708905,0.000999000999000999,5.646925185815731
SARS-CoV-2,ORF1ab,2872,19,1,0.02127999675915726,0.004334048128887117,0.0006812044991573498,0.005518039082301218,0.006789601707075465,0.000999000999000999,24.87644848387274
SARS-CoV-2,ORF1ab,2881,19,1,0.01325998622858425,0.004251563725030663,0.0006945796221374366,0.005472178062262762,0.0069186209014152015,0.000999000999000999,12.969603795504222
SARS-CoV-2,ORF1ab,2890,19,1,0.011445490460337033,0.004284371613475795,0.0006946205934751221,0.005501897428534461,0.00657294252760651,0.000999000999000999,10.309396113689674
SARS-CoV-2,ORF1ab,2899,19,1,0.027855257587427462,0.004345797607804722,0.0006924112957454366,0.005528028069775413,0.006484106070172417,0.000999000999000999,33.95302780887321
SARS-CoV-2,ORF1ab,2908,19,1,0.013857132774941803,0.004372377049511158,0.0006795975516955025,0.005529573234551939,0.007107726646750213,0.000999000999000999,13.956430098618632
SARS-CoV-2,ORF1ab,2917,19,1,0.01944622326555613,0.004298600055091118,0.0006619085524498553,0.005471705507723695,0.006512693748786915,0.000999000999000999,22.884767320803824
SARS-CoV-2,ORF1ab,2926,19,1,0.006097495666268874,0.004150820141168588,0.0006691541285078489,0.005316142599925315,0.006405738873234625,0.007992007992007992,2.909158655930571
SARS-CoV-2,ORF1ab,2935,19,1,0.008652258332537337,0.004186437255224965,0.0006570787264561737,0.0053129047157643204,0.006216489776379633,0.000999000999000999,6.796477952342043
SARS-CoV-2,ORF1ab,2944,19,1,0.0071102645203911415,0.004240589215137654,0.0006740792527973359,0.005322406035551901,0.006425364120112819,0.000999000999000999,4.257177910972236
SARS-CoV-2,ORF1ab,2953,19,1,0.00704416704879461,0.004216828505023029,0.0006552668049512323,0.005298042508043163,0.006613147946469209,0.000999000999000999,4.314789826690524
SARS-CoV-2,ORF1ab,2962,19,1,0.01393208519295922,0.0042942358786415445,0.0006804527406034817,0.0054740605536382015,0.006826524082742251,0.000999000999000999,14.163877576229668
SARS-CoV-2,ORF1ab,2971,19,1,0.019879474909974396,0.004356885395785624,0.0006838588879855338,0.005499926690203106,0.006596703972627033,0.000999000999000999,22.69852711853199
SARS-CoV-2,ORF1ab,2980,19,1,0.011075693333640195,0.004366185697450962,0.0006771358469438724,0.00552187638923399,0.0068664751200236815,0.000999000999000999,9.908658161388672
SARS-CoV-2,ORF1ab,2989,19,1,0.016182132957119774,0.004411695384231512,0.0007018065248699568,0.005611167167681727,0.007053772908609381,0.000999000999000999,16.771627444001464
SARS-CoV-2,ORF1ab,2998,19,2,0.8094334540856749,0.006192442004640982,0.0007378061039214456,0.007462634219789504,0.00872465577039985,0.000999000999000999,1088.6884884955564
SARS-CoV-2,ORF1ab,3007,19,1,0.009557354431076722,0.004250103745149808,0.0006830434772539997,0.005507147628908048,0.006724742416805109,0.000999000999000999,7.770004198361351
SARS-CoV-2,ORF1ab,3016,19,1,0.02090081991607121,0.004327355569956761,0.0006815360199193982,0.00548469253626848,0.006691229521364908,0.000999000999000999,24.317811328702053
SARS-CoV-2,ORF1ab,3025,19,1,0.011227463278897377,0.004242744769501428,0.0006815382533731155,0.00542218461492237,0.006565058376888325,0.000999000999000999,10.248461439730939
SARS-CoV-2,ORF1ab,3034,19,1,0.01606906444058601,0.004290253145538163,0.0006833430287630693,0.005490601369746585,0.006465619466460077,0.000999000999000999,17.23704025541736
SARS-CoV-2,ORF1ab,3043,19,1,0.008671618104643489,0.004257232595844842,0.0006982116323647589,0.005479051026560266,0.0070166871896927,0.000999000999000999,6.3224175940003375
SARS-CoV-2,ORF1ab,3052,19,1,0.009014743648149725,0.004273426943125037,0.0006807693656528515,0.0054230442947855485,0.006800628261624752,0.000999000999000999,6.964644627447079
SARS-CoV-2,ORF1ab,3061,19,1,0.0410176357857109,0.004362693732317364,0.0006881768009822392,0.00557776546129634,0.006949908351654481,0.000999000999000999,53.26384440898865
SARS-CoV-2,ORF1ab,3070,19,1,0.012938074238520616,0.004335918488799807,0.0006929403896087161,0.0055193232484369486,0.00634349828739956,0.000999000999000999,12.413990984965103
SARS-CoV-2,ORF1ab,3079,19,1,0.008140879347358024,0.004233932340312911,0.0006882230500876288,0.005402782342148012,0.006569676801471577,0.000999000999000999,5.676861602568611
SARS-CoV-2,ORF1ab,3088,19,1,0.009579071086904825,0.004105900803557257,0.0006727811257078853,0.00524361386385215,0.006041743181868378,0.000999000999000999,8.135142432226855
SARS-CoV-2,ORF1ab,3097,19,1,0.008150705265469056,0.00427561314788452,0.0007052048249701786,0.005522602887145731,0.006597840540146524,0.000999000999000999,5.494988094768643
SARS-CoV-2,ORF1ab,3106,19,1,0.007714817927783211,0.0041679019681991085,0.000674970944352067,0.005274365741768535,0.0064926261411125275,0.000999000999000999,5.254916510500961
SARS-CoV-2,ORF1ab,3115,19,1,0.01435421139270398,0.004228659122382577,0.0006749378538083784,0.005348545296447061,0.006770947146527608,0.000999000999000999,15.002199407230385
SARS-CoV-2,ORF1ab,3124,19,1,0.01361027163179395,0.004305278849714374,0.0006511080288162639,0.005363292362659448,0.006371475121743348,0.000999000999000999,14.291012198077734
SARS-CoV-2,ORF1ab,3133,19,1,0.01084461730819534,0.0043008895130939315,0.0006553995465902652,0.005405608862278277,0.006856118815456816,0.000999000999000999,9.984333723063036
SARS-CoV-2,ORF1ab,3142,19,1,0.012114540823345777,0.0043683332468149585,0.000678888227581795,0.005521328512043551,0.006511536070507876,0.000999000999000999,11.410136841115758
SARS-CoV-2,ORF1ab,3151,19,1,0.01242935877841789,0.004264980160284805,0.0006766464553886075,0.005350688128918619,0.007121619582088601,0.000999000999000999,12.065944561025107
SARS-CoV-2,ORF1ab,3160,19,2,0.38074560805567054,0.006186234611879405,0.0007171670405224263,0.007422420648248722,0.008481491951152047,0.000999000999000999,522.2763349120733
SARS-CoV-2,ORF1ab,3169,19,1,0.012498777470088736,0.004179918152012345,0.0006866207671713852,0.0053691682027572464,0.006344848485658009,0.000999000999000999,12.115653524939113
SARS-CoV-2,ORF1ab,3178,19,1,0.013857690447149677,0.004347699596767619,0.0006842219927680399,0.005477228841750666,0.007133927103273073,0.000999000999000999,13.89898446834355
SARS-CoV-2,ORF1ab,3187,19,2,0.04989283948603488,0.005985768776406436,0.0006757313061948036,0.007151144429382283,0.008064155332445784,0.000999000999000999,64.97711487851456
SARS-CoV-2,ORF1ab,3196,19,1,0.01723195905543766,0.004337193594498985,0.0006975344972305894,0.005555309691063563,0.007436571741856782,0.000999000999000999,18.48620464240058
SARS-CoV-2,ORF1ab,3205,19,1,0.0190571294334194,0.004320524257230336,0.0006877728059330449,0.005482733900385069,0.006459441944892734,0.000999000999000999,21.426559830607317
SARS-CoV-2,ORF1ab,3214,19,1,0.02931069793556335,0.004390138828393084,0.0007026618891568174,0.005583991323164417,0.006566172374038554,0.000999000999000999,35.465932465861385
SARS-CoV-2,ORF1ab,3223,19,1,0.01057998388583181,0.004201498829700297,0.000668694759244996,0.005341021499998571,0.00698743790737366,0.000999000999000999,9.538709505265567
SARS-CoV-2,ORF1ab,3232,19,1,0.011124600087863337,0.004253280737785451,0.0006585466386620018,0.005394336798358131,0.006916944049959005,0.000999000999000999,10.434066392076113
SARS-CoV-2,ORF1ab,3241,19,1,0.013103894623938328,0.004301978123180157,0.0006642735910733689,0.005489500444571679,0.006364627879695963,0.000999000999000999,13.250438703329396
SARS-CoV-2,ORF1ab,3250,19,1,0.010816661244936866,0.00418740061220217,0.0006746582301672559,0.005301957118947771,0.006856790953653776,0.000999000999000999,9.82610207110528
SARS-CoV-2,ORF1ab,3259,19,1,0.033631438755060576,0.004349242172465109,0.0006927253262794481,0.005587835445569987,0.006783405275169059,0.000999000999000999,42.27100622965085
SARS-CoV-2,ORF1ab,3268,19,1,0.03733797401126222,0.00438283062222175,0.0006817984446605085,0.005507139790163936,0.006825834704706618,0.000999000999000999,48.33560951499384
SARS-CoV-2,ORF1ab,3277,19,1,0.034705194451345886,0.0043673080691291125,0.0006881404977595034,0.005494831346096087,0.006932152611443765,0.000999000999000999,44.086762050762914
SARS-CoV-2,ORF1ab,3286,19,1,0.03318362857241742,0.004398761163625501,0.0006974622800579804,0.005608374990510145,0.00671955566875119,0.000999000999000999,41.27085898666665
SARS-CoV-2,ORF1ab,3295,19,2,0.3815617233844138,0.006215248409508678,0.0007279502433648757,0.0074995420040792245,0.008479036008479173,0.000999000999000999,515.6210584392477
SARS-CoV-2,ORF1ab,3304,19,1,0.04062077436556747,0.0043501606720988805,0.0006841986636878428,0.005519582964686586,0.006679398395899501,0.000999000999000999,53.01181603888167
SARS-CoV-2,ORF1ab,3313,19,1,0.03856983132140838,0.004339628843770714,0.0007050075280086287,0.005541709276809713,0.007022109297173372,0.000999000999000999,48.55296024189222
SARS-CoV-2,ORF1ab,3322,19,1,0.03240463279269964,0.004386439714429319,0.0006898156205313054,0.005479384513171415,0.0066929032085707935,0.000999000999000999,40.61693044395012
SARS-CoV-2,ORF1ab,3331,19,1,0.03716721488053415,0.0043929187485757136,0.0007063713755124218,0.005581511771984275,0.007239255473875447,0.000999000999000999,46.39810907991994
SARS-CoV-2,ORF1ab,3340,19,1,0.032783844682612945,0.0043207138560332654,0.0007006005520018439,0.005546440094421341,0.00637259853819267,0.000999000999000999,40.62676049176845
SARS-CoV-2,ORF1ab,3349,19,1,0.04167254119279665,0.00436649973509852,0.0007085273325121883,0.005561752534601503,0.006862541909558342,0.000999000999000999,52.65293199829575
SARS-CoV-2,ORF1ab,3358,19,1,0.03891505810126681,0.00433555358409523,0.0006743804122873993,0.005516091078758509,0.006444240341771602,0.000999000999000999,51.27596218265441
SARS-CoV-2,ORF1ab,3367,19,1,0.035591527849047094,0.004372218953381743,0.0006684384830609195,0.005565224198579656,0.006873204660959661,0.000999000999000999,46.70483475563168
SARS-CoV-2,ORF1ab,3376,19,1,0.03543576812076869,0.004383702093795907,0.0006827864147501428,0.00558875416755175,0.006508182396840243,0.000999000999000999,45.47844736825337
SARS-CoV-2,ORF1ab,3385,19,1,0.03088157700888303,0.004347807677794962,0.0007067057221707792,0.0055262520928383175,0.00676107270315628,0.000999000999000999,37.54571174205951
SARS-CoV-2,ORF1ab,3394,19,1,0.04188397570041796,0.004293967103394763,0.0006563040304035076,0.0054402014627830605,0.006598830803270225,0.000999000999000999,57.27529750794335
SARS-CoV-2,ORF1ab,3403,19,1,0.0329679823837071,0.004353699327909664,0.0006976038817952361,0.005543100955875801,0.006925345698677084,0.000999000999000999,41.01795274154801
SARS-CoV-2,ORF1ab,3412,19,1,0.04132125104620216,0.004319436434024347,0.0006594988077623684,0.0054710119945200275,0.006655530785253775,0.000999000999000999,56.10596134013083
SARS-CoV-2,ORF1ab,3421,19,1,0.04146918920466412,0.004431882486926373,0.0007000922833319469,0.005640148679214444,0.006703444664932029,0.000999000999000999,52.90346372833338
SARS-CoV-2,ORF1ab,3430,19,1,0.03980038436343979,0.004361316164289731,0.0007034328779454766,0.005489502029665059,0.006887662107452875,0.000999000999000999,50.380170319387545
SARS-CoV-2,ORF1ab,3439,19,1,0.040929837904201495,0.004304810625635523,0.0006668682773169882,0.005476698389853394,0.006388191349033484,0.000999000999000999,54.92093195063871
SARS-CoV-2,ORF1ab,3448,19,1,0.04796437253738195,0.004345675525995237,0.0006846300504027627,0.005540034411705351,0.006825217445280864,0.000999000999000999,63.711338679519194
SARS-CoV-2,ORF1ab,3457,19,1,0.04314204729984411,0.004337745062958523,0.0006829370159176118,0.005451431188893576,0.006893644360758655,0.000999000999000999,56.81973788570696
SARS-CoV-2,ORF1ab,3466,19,1,0.05180221075698166,0.004369323622551561,0.0006899585017155345,0.0055380252293975585,0.0065923837689708656,0.000999000999000999,68.74744932701239
SARS-CoV-2,ORF1ab,3475,19,1,0.04667419547273171,0.0043813840541201575,0.000724111065018544,0.005550500842921164,0.0070196223687645455,0.000999000999000999,58.406525548022756
SARS-CoV-2,ORF1ab,3484,19,1,0.057716572319718815,0.004366785317341927,0.0006982249675335775,0.00557229104565431,0.006707636891332911,0.000999000999000999,76.40773315630726
SARS-CoV-2,ORF1ab,3493,19,1,0.051084756470603745,0.004322213966783681,0.0006737739460875846,0.005424275426425475,0.006724107004361923,0.000999000999000999,69.40390434411566
SARS-CoV-2,ORF1ab,3502,19,1,0.055661808628199555,0.00436488010821167,0.000714936019477967,0.005553184664670474,0.007545802245519258,0.000999000999000999,71.7503764287103
SARS-CoV-2,ORF1ab,3511,19,1,0.04573576426675738,0.004360968578808304,0.0007002989446563168,0.005587213895335719,0.006696592061037476,0.000999000999000999,59.08161936222027
SARS-CoV-2,ORF1ab,3520,19,1,0.019016617760556666,0.004346296653886885,0.0006853270154243658,0.00551323650877351,0.007171814588833922,0.000999000999000999,21.40630790336738
SARS-CoV-2,ORF1ab,3529,19,2,0.10692926284381139,0.0061874052764551825,0.0006890969761574401,0.00739291297930818,0.008300453536263418,0.000999000999000999,146.19402065746317
SARS-CoV-2,ORF1ab,3538,19,1,0.01536739652015114,0.004319419908163862,0.0007076303095956964,0.005551170999685406,0.007371906799462253,0.000999000999000999,15.612639060499717
SARS-CoV-2,ORF1ab,3547,19,1,0.09341366934780872,0.004362757932990717,0.0007215009764855418,0.005548415072713828,0.006524407218598279,0.000999000999000999,123.42451960160652
SARS-CoV-2,ORF1ab,3556,19,2,0.30950009348072294,0.0059999364853213,0.0006989290177494253,0.007197805496438875,0.008611597092540571,0.000999000999000999,434.2360229550666
SARS-CoV-2,ORF1ab,3565,19,1,0.008026228631931696,0.004199491537765876,0.0006570971909972591,0.005289212470476013,0.007131850929096901,0.000999000999000999,5.823700278429257
SARS-CoV-2,ORF1ab,3574,19,1,0.009037803691088859,0.0042488027769891565,0.0006828015311334925,0.005361722096593222,0.0065384084184805895,0.000999000999000999,7.0137524532929305
SARS-CoV-2,ORF1ab,3583,19,1,0.012712318358073004,0.004232043721463096,0.0006706878417491318,0.005393493018468827,0.006544922592350718,0.000999000999000999,12.64414547085516
SARS-CoV-2,ORF1ab,3592,19,2,0.1073253514373132,0.006131068136303268,0.0006949300006710673,0.007331342345691761,0.008682553529100284,0.000999000999000999,145.61795174088107
SARS-CoV-2,ORF1ab,3601,19,1,0.017697512688629843,0.004366930467565396,0.0006898650232372012,0.005547780004170977,0.006763540749698155,0.000999000999000999,19.323464405414416
SARS-CoV-2,ORF1ab,3610,19,1,0.00885309102454417,0.004363331719740757,0.0006846312987208859,0.005561449792895005,0.007009586101037304,0.000999000999000999,6.557922948003902
SARS-CoV-2,ORF1ab,3619,19,1,0.024313852458831678,0.00440860922539484,0.0007114924782733073,0.005636374895538219,0.006735673664554556,0.000999000999000999,27.976744436911094
SARS-CoV-2,ORF1ab,3628,19,1,0.02125725825979519,0.00439881497381616,0.0006747267249281534,0.0054952642617557435,0.006937739717268219,0.000999000999000999,24.985586998609193
SARS-CoV-2,ORF1ab,3637,19,1,0.019247063068422995,0.004367191785486726,0.000717192237856269,0.005540075666738016,0.0070995836854628,0.000999000999000999,20.747395882885044
SARS-CoV-2,ORF1ab,3646,19,1,0.020834993404109915,0.0043768773109101565,0.0006776439967530137,0.005547602843292052,0.006785719692883739,0.000999000999000999,24.287260231124545
SARS-CoV-2,ORF1ab,3655,19,2,0.10818611372846225,0.006223239065087043,0.0006959467428028026,0.007342430354891556,0.008502330337276914,0.000999000999000999,146.50959389900692
SARS-CoV-2,ORF1ab,3664,19,1,0.05162278097083877,0.00439186015086335,0.0007198268490591456,0.005595358845634921,0.007090176048717899,0.000999000999000999,65.61428054775799
SARS-CoV-2,ORF1ab,3673,19,1,0.009720670295084582,0.004225401130266609,0.000652713937047911,0.005353781410624824,0.006212251014604376,0.000999000999000999,8.41910805470453
SARS-CoV-2,ORF1ab,3682,19,1,0.011438315527901277,0.004307420961355895,0.0006894926927396977,0.005451889407543532,0.006715423509603647,0.000999000999000999,10.342233705495541
SARS-CoV-2,ORF1ab,3691,19,1,0.010547227690798158,0.004269204471650785,0.0006814934132385725,0.005436955493032474,0.007064221443264376,0.000999000999000999,9.212155388726561
SARS-CoV-2,ORF1ab,3700,19,1,0.027420073647003662,0.0043364919594126704,0.00067881066239061,0.005485453466051141,0.006337903854549391,0.000999000999000999,34.005920894489336
SARS-CoV-2,ORF1ab,3709,19,1,0.00905774726521041,0.004174287713774737,0.0006686311988385779,0.005297663436165088,0.006141912600954979,0.000999000999000999,7.303666894273426
SARS-CoV-2,ORF1ab,3718,19,1,0.014161914040615023,0.004357470857240314,0.0006859583105785699,0.005502631928645445,0.006798796022347194,0.000999000999000999,14.293059843688132
SARS-CoV-2,ORF1ab,3727,19,1,0.017309450691230247,0.004272763669942682,0.0006825407519955195,0.005380379160454393,0.00685841944440186,0.000999000999000999,19.100232452308056
SARS-CoV-2,ORF1ab,3736,19,2,0.07940951114778945,0.006240032931544365,0.0007046870326178419,0.007427387679988282,0.008273435923753625,0.000999000999000999,103.8325878431845
SARS-CoV-2,ORF1ab,3745,19,1,0.02635402395309584,0.00435531019846451,0.000684969439000992,0.005515642871458488,0.006852711290288762,0.000999000999000999,32.11634344842569
SARS-CoV-2,ORF1ab,3754,19,1,0.016399479356092247,0.004345944926400452,0.0006725881182130452,0.005494342865019448,0.006781703817300388,0.000999000999000999,17.921123051825585
SARS-CoV-2,ORF1ab,3763,19,1,0.022452921130556264,0.004299466065172061,0.0006589500937768888,0.005451477615168208,0.006310825703632982,0.000999000999000999,27.549059081749988
SARS-CoV-2,ORF1ab,3772,19,1,0.018927979840431954,0.0042944285456966436,0.0006706232100716288,0.005389011326952169,0.006856854811937867,0.000999000999000999,21.820824383892575
SARS-CoV-2,ORF1ab,3781,19,1,0.015483368314193273,0.004276355643301926,0.0006662824785220727,0.005410145733908579,0.0063631144215078326,0.000999000999000999,16.820212195509626
SARS-CoV-2,ORF1ab,3790,19,1,0.009102356579427203,0.004249340402055641,0.0006775933934657268,0.00546343221277358,0.006883175373742018,0.000999000999000999,7.162136207600187
SARS-CoV-2,ORF1ab,3799,19,1,0.009817457833154882,0.004256457931349381,0.0006867448366165315,0.005461054180892303,0.00653000592421887,0.000999000999000999,8.097621715226209
SARS-CoV-2,ORF1ab,3808,19,1,0.010523068229144434,0.0042078769887226135,0.0006697820395755415,0.005332795839434376,0.006442846621268593,0.000999000999000999,9.428725864945443
SARS-CoV-2,ORF1ab,3817,19,1,0.04498621493018859,0.0043527368947685885,0.0007091816048923898,0.005507140655520376,0.0071893644564294725,0.000999000999000999,57.296294426003435
SARS-CoV-2,ORF1ab,3826,19,1,0.019080148508064523,0.0043687113264275195,0.0006805677580591022,0.005542520407705897,0.006866146631259322,0.000999000999000999,21.616418067750168
SARS-CoV-2,ORF1ab,3835,19,1,0.05262286225286132,0.004337520793093763,0.0007024361901835069,0.005486406121663197,0.006748757302769378,0.000999000999000999,68.73982595793267
SARS-CoV-2,ORF1ab,3844,19,1,0.029124849590897502,0.004354108933901134,0.0006816448109856702,0.0054635158592575,0.0068198661352511965,0.000999000999000999,36.33965997801325
SARS-CoV-2,ORF1ab,3853,19,1,0.015029414095744554,0.004240311360043902,0.0006598883376625063,0.0053254360595759425,0.0068736742462861,0.000999000999000999,16.349891519402238
SARS-CoV-2,ORF1ab,3862,19,1,0.015754198689164712,0.00416597232071042,0.0006833971507884983,0.005329451316694225,0.00694223428628018,0.000999000999000999,16.956796432475443
SARS-CoV-2,ORF1ab,3871,19,1,0.05453848794804717,0.0043588159409102,0.0007014115366708975,0.005594265314631138,0.006435111251114817,0.000999000999000999,71.54098469110481
SARS-CoV-2,ORF1ab,3880,19,1,0.026491567679670015,0.004365296442346386,0.000683926027016607,0.00555227357109561,0.006556371102329608,0.000999000999000999,32.35184853812613
SARS-CoV-2,ORF1ab,3889,19,1,0.021929109352833587,0.004371495134347406,0.000676120482526884,0.005487004873407681,0.006451903459176903,0.000999000999000999,25.968173827344526
SARS-CoV-2,ORF1ab,3898,19,1,0.007594660792520815,0.004121507007862755,0.0006819404878220661,0.00533760412400777,0.006049906846582988,0.000999000999000999,5.093045282808148
SARS-CoV-2,ORF1ab,3907,19,1,0.008708634671641147,0.00417520623108674,0.0006995859181689867,0.005434296151674577,0.006364207824105288,0.000999000999000999,6.480159652755256
SARS-CoV-2,ORF1ab,3916,19,3,0.7761260776980592,0.007577528117407558,0.000707783167061122,0.008686476112990121,0.009484970394166395,0.000999000999000999,1085.8531049443313
SARS-CoV-2,ORF1ab,3925,19,1,0.012615522406728367,0.0041567816085947675,0.000680578068457199,0.005330391513610914,0.006267311293468183,0.000999000999000999,12.428759006749514
SARS-CoV-2,ORF1ab,3934,19,1,0.02590897647263077,0.0043585111650822975,0.0007073978721505328,0.005567564441880908,0.006659236216436072,0.000999000999000999,30.464419184685617
SARS-CoV-2,ORF1ab,3943,19,1,0.020403202222182868,0.004305315062239826,0.0007016968031519214,0.005530024590811577,0.0067928263514554525,0.000999000999000999,22.941371668837085
SARS-CoV-2,ORF1ab,3952,19,1,0.009167928235817517,0.004182003344600162,0.0006696130102381348,0.00531939954108819,0.007236561473585485,0.000999000999000999,7.4459797151256195
SARS-CoV-2,ORF1ab,3961,19,1,0.012539493037449034,0.00435338756697606,0.0006604581127768385,0.005450587826291466,0.006772056797887327,0.000999000999000999,12.394586896745363
SARS-CoV-2,ORF1ab,3970,19,1,0.005829841497851043,0.004211484381414811,0.000668737197634054,0.0053626065407878076,0.006767752785250199,0.007992007992007992,2.4200195864113256
SARS-CoV-2,ORF1ab,3979,19,1,0.011356509062869693,0.004225948077330068,0.0006632083159431268,0.0053626738391465536,0.006285971907796575,0.000999000999000999,10.751615765552469
SARS-CoV-2,ORF1ab,3988,19,1,0.043210354658723395,0.0043820387670569115,0.0007082765238806989,0.00553067915935721,0.006452696998797148,0.000999000999000999,54.82084268291614
SARS-CoV-2,ORF1ab,3997,19,1,0.0038930393202890293,0.004089706046598544,0.0006716642130787691,0.005192736517362007,0.0062923799824961355,0.5954045954045954,-0.2928051286341953
SARS-CoV-2,ORF1ab,4006,19,1,0.009635343206599204,0.004369670306652226,0.0006918351910023069,0.005533485568676381,0.007118367191886516,0.000999000999000999,7.611166602147331
SARS-CoV-2,ORF1ab,4015,19,1,0.016033780541620853,0.004383849690423395,0.0006987121734020688,0.005563561649251083,0.0069143949349792415,0.000999000999000999,16.673433345913082
SARS-CoV-2,ORF1ab,4024,19,1,0.02310445873230978,0.004364416656351436,0.0006918771910313118,0.005556289633451927,0.006715283855424134,0.000999000999000999,27.08579256388615
SARS-CoV-2,ORF1ab,4033,19,1,0.009826570385105971,0.00434440516399853,0.0006926834213695555,0.005560538057733143,0.006605478517378589,0.000999000999000999,7.914387802537916
SARS-CoV-2,ORF1ab,4042,19,1,0.006487932499762842,0.004067549797052406,0.0006413543419146803,0.005136177211298102,0.006073257988773159,0.000999000999000999,3.7738618802902266
SARS-CoV-2,ORF1ab,4051,19,2,0.7528588816984,0.006106985891148047,0.000678684355554664,0.007238568529978627,0.008705284088380052,0.000999000999000999,1100.2933686263607
SARS-CoV-2,ORF1ab,4060,19,1,0.016285761068889903,0.004376401409339539,0.000667971564690851,0.005522672734946156,0.0064379724791165036,0.000999000999000999,17.82914167171506
SARS-CoV-2,ORF1ab,4069,19,1,0.014198381474767647,0.00417563962546259,0.0006848978747504091,0.005329382669760701,0.006225169141728079,0.000999000999000999,14.6339216674567
SARS-CoV-2,ORF1ab,4078,19,1,0.01269666398143724,0.004318336804046167,0.0006742344891574666,0.005403889369657861,0.006328865630996776,0.000999000999000999,12.426429249949456
SARS-CoV-2,ORF1ab,4087,19,1,0.009807707152051813,0.004114192645416217,0.0006938399599734966,0.005301722154429981,0.006458130820005244,0.000999000999000999,8.205803694058034
SARS-CoV-2,ORF1ab,4096,19,1,0.008594901884553008,0.004066150602899016,0.0006825847531964962,0.005292649358359949,0.006061200654223912,0.000999000999000999,6.634709111866576
SARS-CoV-2,ORF1ab,4105,19,1,0.006833494842593329,0.003968136173212584,0.000663347613779099,0.005104442990912665,0.006371684475207536,0.000999000999000999,4.31954319253033
SARS-CoV-2,ORF1ab,4114,19,1,0.006949292967116897,0.004067645429529394,0.0006797803479076752,0.005183162348401296,0.006519702411116428,0.000999000999000999,4.239086267287734
SARS-CoV-2,ORF1ab,4123,19,1,0.04419145008284638,0.004325819526689917,0.0006750861897503219,0.005456493039085859,0.006365981210468979,0.000999000999000999,59.052653070714754
SARS-CoV-2,ORF1ab,4132,19,1,0.0190790792372835,0.004355785302796647,0.0006822567006148911,0.005533427422955712,0.006753629704963213,0.000999000999000999,21.580284841786572
SARS-CoV-2,ORF1ab,4141,19,1,0.020849317303366803,0.004329105044148969,0.0006692874449155554,0.005420235793005752,0.006472946356645907,0.000999000999000999,24.68328426704942
SARS-CoV-2,ORF1ab,4150,19,1,0.010331364596982907,0.00433507731495623,0.0006839578984247417,0.005503429032858132,0.006551859134387122,0.000999000999000999,8.767041503339652
SARS-CoV-2,ORF1ab,4159,19,1,0.0324958328897483,0.004345516547225865,0.0006787840069606152,0.0054910702660081875,0.006302943265495308,0.000999000999000999,41.47168473896555
SARS-CoV-2,ORF1ab,4168,19,1,0.028657413452676868,0.004348512263397602,0.0007217989823809376,0.005557063612927816,0.0073088943819835765,0.000999000999000999,33.67821482525999
SARS-CoV-2,ORF1ab,4177,19,1,0.028962429537177405,0.004338874174022406,0.000686461174535712,0.005505404380493814,0.006468151567568245,0.000999000999000999,35.870281199529074
SARS-CoV-2,ORF1ab,4186,19,1,0.07555180491009296,0.004345048393208961,0.000699206861943926,0.005575377192221417,0.006526390496766804,0.000999000999000999,101.83932737575813
SARS-CoV-2,ORF1ab,4195,19,1,0.019064533008147422,0.0043644576419508,0.0006634130485967813,0.005481353161405878,0.00649419319168734,0.000999000999000999,22.158254796599945
SARS-CoV-2,ORF1ab,4204,19,1,0.01702841380882316,0.004285144411853194,0.0006474115916743201,0.005406081908467184,0.006263125248177086,0.000999000999000999,19.683412470285916
SARS-CoV-2,ORF1ab,4213,19,1,0.01578492010679333,0.004319215742911394,0.0007002077164502929,0.0054820829012985585,0.006807210565069773,0.000999000999000999,16.374718664923304
SARS-CoV-2,ORF1ab,4222,19,1,0.018786057505436177,0.004283689720869574,0.0006718506013978555,0.005402244605649,0.006794993913901416,0.000999000999000999,21.585703360825917
SARS-CoV-2,ORF1ab,4231,19,1,0.026182330094029243,0.004346282389133018,0.0006812716815348229,0.00546321218616379,0.0066061776610961635,0.000999000999000999,32.05189397525264
SARS-CoV-2,ORF1ab,4240,19,1,0.02457576817801192,0.004370815657305185,0.0006942862145282849,0.005561033852763917,0.007235076555406277,0.000999000999000999,29.101762497811475
SARS-CoV-2,ORF1ab,4249,19,1,0.02849755173897902,0.004346109562869154,0.0006775621979398442,0.0054640903658707855,0.006944896083309093,0.000999000999000999,35.644612774359786
SARS-CoV-2,ORF1ab,4258,19,1,0.026615392592808436,0.004357284506870883,0.0006983513831324428,0.005584436583369905,0.007054820330073834,0.000999000999000999,31.872361999340793
SARS-CoV-2,ORF1ab,4267,19,1,0.03069888144228629,0.004378494406535894,0.0006999658000712012,0.005605223331078959,0.006621932105802449,0.000999000999000999,37.60239004973251
SARS-CoV-2,ORF1ab,4276,19,1,0.024833909488072264,0.0044072713276855245,0.0007073645859425097,0.005644437595535047,0.00708894151655416,0.000999000999000999,28.877100389708925
SARS-CoV-2,ORF1ab,4285,19,1,0.029748755523878182,0.004377264701414254,0.0006673388553532418,0.00552908634213178,0.006739523369944315,0.000999000999000999,38.018902419572235
SARS-CoV-2,ORF1ab,4294,19,1,0.02993706983714915,0.004371532642075893,0.0006795094821057403,0.005543161616796056,0.006922207323283839,0.000999000999000999,37.623517946869406
SARS-CoV-2,ORF1ab,4303,19,1,0.03170350616369089,0.004394054901915448,0.0006753324525112538,0.005548616426578164,0.006739295571778048,0.000999000999000999,40.438529438684654
SARS-CoV-2,ORF1ab,4312,19,1,0.022276076038238498,0.004372039548338139,0.0007067176529433537,0.005522199366259658,0.006823964987518944,0.000999000999000999,25.33407282998128
SARS-CoV-2,ORF1ab,4321,19,2,0.10301104542088005,0.0061970065399391695,0.0007082246645285533,0.007351241299395103,0.008660197036104217,0.000999000999000999,136.69961486781523
SARS-CoV-2,ORF1ab,4330,19,1,0.026209075415303432,0.00433522275758509,0.0007376598163142544,0.005632562554350693,0.006664877523313872,0.000999000999000999,29.6530354154465
SARS-CoV-2,ORF1ab,4339,19,1,0.03135166459015937,0.0043373096185498955,0.0006502171299234721,0.005437667486357866,0.006682771336871965,0.000999000999000999,41.5466676105395
SARS-CoV-2,ORF1ab,4348,19,1,0.030663346717079716,0.004388301332715721,0.0006978035761392207,0.005604318113105252,0.006915713947444904,0.000999000999000999,37.65392767078882
SARS-CoV-2,ORF1ab,4357,19,1,0.027630794331253324,0.0043034884162209885,0.0006487730984749555,0.005448998055423015,0.0068574897339832895,0.000999000999000999,35.956031422799256
SARS-CoV-2,ORF1ab,4366,19,1,0.025396020081415317,0.004330730743605084,0.0007007808260957646,0.00551310289759577,0.006692156572157766,0.000999000999000999,30.05973986926916
SARS-CoV-2,ORF1ab,4375,19,1,0.015932004043529166,0.004400693298268352,0.0006998686939071291,0.005575550263608831,0.006438964477493369,0.000999000999000999,16.476391708400936
SARS-CoV-2,ORF1ab,4384,19,1,0.017095741757545566,0.0043900847775979876,0.0007174812979364254,0.00556800773446394,0.007086470231676269,0.000999000999000999,17.708694312298856
SARS-CoV-2,ORF1ab,4393,19,1,0.022808130669042734,0.004316012987835297,0.0006570395408714694,0.005431327480287203,0.007146330682794732,0.000999000999000999,28.144603986360206
SARS-CoV-2,ORF1ab,4402,19,1,0.01339962071690756,0.004269981592480168,0.0006804431354247182,0.005484917317189264,0.0064634370091232055,0.000999000999000999,13.417196308004291
SARS-CoV-2,ORF1ab,4411,19,1,0.0570293843530678,0.004370005169217124,0.0007235070228743035,0.005628421555926744,0.007459377057073878,0.000999000999000999,72.7835079950555
SARS-CoV-2,ORF1ab,4420,19,1,0.014362207510307869,0.004295683019900366,0.0006557140532967329,0.00536847286384246,0.00686185984451623,0.000999000999000999,15.352003575027938
SARS-CoV-2,ORF1ab,4429,19,1,0.009761514803173362,0.00424958812972708,0.000660668388599014,0.005384791118750991,0.006613015413695944,0.000999000999000999,8.342955056673205
SARS-CoV-2,ORF1ab,4438,19,1,0.0179540726498501,0.004337769889247797,0.0006744445373396659,0.005514186684712168,0.006106565367520439,0.000999000999000999,20.188913997749257
SARS-CoV-2,ORF1ab,4447,19,1,0.009627592256382728,0.004268669413217092,0.0006735129704294508,0.005413251473142555,0.006639930060250421,0.000999000999000999,7.956673558563597
SARS-CoV-2,ORF1ab,4456,19,1,0.0058523153380233795,0.003978696125775956,0.000649155294456078,0.005051729631461778,0.005925845728481774,0.002997002997002997,2.886241902744264
SARS-CoV-2,ORF1ab,4465,19,1,0.010555663313273551,0.004160464869078096,0.0006593408244160771,0.005244494211443278,0.006648210066256661,0.000999000999000999,9.699381878650009
SARS-CoV-2,ORF1ab,4474,19,1,0.012218415569516207,0.004192995763260287,0.0006763569943129516,0.005387009109336182,0.007014292195967822,0.000999000999000999,11.865656559681474
SARS-CoV-2,ORF1ab,4483,19,1,0.016617017051958796,0.0043818044328584925,0.0007336839336639253,0.00563893440109984,0.006770524564013544,0.000999000999000999,16.676407997649875
SARS-CoV-2,ORF1ab,4492,19,1,0.01132477989613017,0.004261850035865655,0.0006826150430107797,0.0054207353562895355,0.006375750447881107,0.000999000999000999,10.346871098990677
SARS-CoV-2,ORF1ab,4501,19,1,0.0058096202664612686,0.004026841263070999,0.0006625677378431178,0.005116678297037391,0.005874653560720894,0.002997002997002997,2.6907120609189614
SARS-CoV-2,ORF1ab,4510,19,1,0.007924329906405984,0.004411676508059824,0.0006801731032694897,0.005540158993962907,0.006742840068160847,0.000999000999000999,5.164352106046776
SARS-CoV-2,ORF1ab,4519,19,1,0.0169276217706709,0.004398247680970232,0.0007111792871728666,0.005606896129721778,0.006825272978667004,0.000999000999000999,17.617743255021356
SARS-CoV-2,ORF1ab,4528,19,1,0.010316246659417655,0.0043567252168913665,0.0006737573329982682,0.005474560756696001,0.006909781827357945,0.000999000999000999,8.845204572402936
SARS-CoV-2,ORF1ab,4537,19,1,0.012606107704683695,0.004276861341851095,0.0006772722572012173,0.005422120528670472,0.0067396228189150805,0.000999000999000999,12.298224641966966
SARS-CoV-2,ORF1ab,4546,19,1,0.007815638188800642,0.00420739961099827,0.0006624833818314258,0.0053123406750891465,0.006343075185941158,0.000999000999000999,5.446534474310054
SARS-CoV-2,ORF1ab,4555,19,1,0.00872119141493495,0.004243654160992954,0.0006999639081593931,0.005405243603086859,0.006797368378779987,0.000999000999000999,6.396811609495713
SARS-CoV-2,ORF1ab,4564,19,1,0.01405483632948474,0.004370812521957975,0.0006858490667512367,0.005518707790445054,0.006714592059934113,0.000999000999000999,14.119759400415196
SARS-CoV-2,ORF1ab,4573,19,1,0.008048502053434914,0.004137319613579927,0.0006797023312560065,0.005252941081792888,0.00658227191235246,0.000999000999000999,5.754257797862193
SARS-CoV-2,ORF1ab,4582,19,1,0.023809885083299582,0.004265016573574355,0.0007060827897762526,0.005456231499202427,0.00707184124285678,0.000999000999000999,27.680703725860127
SARS-CoV-2,ORF1ab,4591,19,1,0.00877623916899518,0.0042137334561194745,0.0006874841684611523,0.005390153312648022,0.0068786617519117615,0.000999000999000999,6.636524769855147
SARS-CoV-2,ORF1ab,4600,19,1,0.011886396163531392,0.00427021433330796,0.000669286516499312,0.005382598351314011,0.006358497282196749,0.000999000999000999,11.379553662696955
SARS-CoV-2,ORF1ab,4609,19,1,0.01478349864900661,0.004292383595873031,0.0006702819473152035,0.005400974238607075,0.006708691084347235,0.000999000999000999,15.651794137012732
SARS-CoV-2,ORF1ab,4618,19,1,0.024112766676733746,0.004381577897342838,0.0007058050521148652,0.005551381609836397,0.0070331960480226755,0.000999000999000999,27.955578839041504
SARS-CoV-2,ORF1ab,4627,19,1,0.09703690816218039,0.004252888853093868,0.0007209879570797398,0.005469997019953598,0.006619663153359991,0.000999000999000999,128.69010972790048
SARS-CoV-2,ORF1ab,4636,19,1,0.0269591427967417,0.0043591323827461125,0.0006668653463880991,0.005508974396722463,0.006329176932837631,0.000999000999000999,33.8899157624588
SARS-CoV-2,ORF1ab,4645,19,1,0.030590995902690817,0.004348956412550502,0.000712251989638429,0.0055715503675476934,0.006482159280423294,0.000999000999000999,36.84375736663361
SARS-CoV-2,ORF1ab,4654,19,1,0.01233311891296266,0.004364466637353962,0.0006903760519190175,0.005517931387480735,0.006529847129376087,0.000999000999000999,11.54248072982612
SARS-CoV-2,ORF1ab,4663,19,1,0.019000933584458733,0.004348103501191995,0.0006929554180438716,0.005539507455584991,0.006446034686018114,0.000999000999000999,21.145415277406855
SARS-CoV-2,ORF1ab,4672,19,1,0.011258055604319769,0.004225061837055348,0.0006845412690731458,0.0054144269195376404,0.0066263576833688635,0.000999000999000999,10.274024496414867
SARS-CoV-2,ORF1ab,4681,19,1,0.007231526212892819,0.004156299852189925,0.000673120673695938,0.00524930880042451,0.0065094194756873825,0.000999000999000999,4.568610771999605
SARS-CoV-2,ORF1ab,4690,19,1,0.010473108123256039,0.004263138175843342,0.0006772055894796673,0.0054495754737993495,0.006598031615109519,0.000999000999000999,9.169992161736502
SARS-CoV-2,ORF1ab,4699,19,2,0.043613849700441,0.005988946289238152,0.0006722865489646512,0.00706723372658721,0.008277455489562947,0.000999000999000999,55.96557519877014
SARS-CoV-2,ORF1ab,4708,19,1,0.026931561583394947,0.0043717339745494264,0.0007040657746004729,0.005573821578304394,0.006968024562143666,0.000999000999000999,32.04221597285744
SARS-CoV-2,ORF1ab,4717,19,1,0.008976315576086184,0.0042294597164057495,0.0006800161322836755,0.005420030900082929,0.006617147640203464,0.000999000999000999,6.980504776760555
SARS-CoV-2,ORF1ab,4726,19,1,0.010397258190193574,0.004377672001871957,0.0006829525205956905,0.005542642526106798,0.006746752061948026,0.000999000999000999,8.814062481343745
SARS-CoV-2,ORF1ab,4735,19,1,0.010128430476458321,0.004339420492905754,0.0006940007656533308,0.005527389380454395,0.006434070783772146,0.000999000999000999,8.341503741862311
SARS-CoV-2,ORF1ab,4744,19,1,0.02085728944215893,0.004378103622380022,0.0006894492087731789,0.00558677320064829,0.0068052840675341545,0.000999000999000999,23.901957693304674
SARS-CoV-2,ORF1ab,4753,19,1,0.03107426549300544,0.004356811557571753,0.0006939424669308083,0.005538338004500226,0.006746859013695206,0.000999000999000999,38.50096399720358
SARS-CoV-2,ORF1ab,4762,19,1,0.009060015423339219,0.004299997202280047,0.0006794748607147463,0.005505795555635588,0.006964437914143386,0.000999000999000999,7.0054368399326234
SARS-CoV-2,ORF1ab,4771,19,1,0.008396611341160808,0.004313633143571653,0.0006705224207626799,0.005450201756943096,0.0068486643932802,0.000999000999000999,6.089249324347733
SARS-CoV-2,ORF1ab,4780,19,1,0.010732998850146523,0.00427193390404608,0.0006871373057412486,0.005448401612577675,0.006641916346383304,0.000999000999000999,9.402873184320239
SARS-CoV-2,ORF1ab,4789,19,1,0.010483812817072875,0.00432603090521637,0.0006867889278023927,0.00548879180614649,0.006705713639197224,0.000999000999000999,8.966047154487995
SARS-CoV-2,ORF1ab,4798,19,1,0.023321607655634135,0.004344154186965305,0.0006982029692898705,0.005569055373618976,0.006694370949700193,0.000999000999000999,27.18042503882568
SARS-CoV-2,ORF1ab,4807,19,1,0.01648156327086287,0.004325195956716465,0.0006792032404500995,0.005476034139394972,0.006963213350953335,0.000999000999000999,17.897981914942772
SARS-CoV-2,ORF1ab,4816,19,1,0.006463276138801334,0.004017990099581343,0.0006464669412836285,0.00509472199162479,0.00635213133827149,0.000999000999000999,3.782538414670697
SARS-CoV-2,ORF1ab,4825,19,1,0.02308974663010511,0.004348038910522558,0.0006868196045936254,0.005532934469676889,0.006649904507433742,0.000999000999000999,27.287671455842574
SARS-CoV-2,ORF1ab,4834,19,1,0.03438168093713519,0.004285524763289349,0.0006757247733801264,0.00537878020075691,0.006628588264948125,0.000999000999000999,44.53907472312749
SARS-CoV-2,ORF1ab,4843,19,1,0.009651067413844671,0.004085027645515369,0.0006772038950440751,0.005281083132146131,0.006363227569829026,0.000999000999000999,8.219149076168621
SARS-CoV-2,ORF1ab,4852,19,1,0.006074206929904874,0.00397048610156876,0.0006380474977131351,0.005010754583167698,0.005910892538700642,0.000999000999000999,3.297122605881518
SARS-CoV-2,ORF1ab,4861,19,1,0.006605749386967407,0.0041351011909066425,0.0006782289310358946,0.0052845299048356,0.006701109900683913,0.001998001998001998,3.642793875347096
SARS-CoV-2,ORF1ab,4870,19,1,0.00984340983523585,0.004214925855342188,0.0006780933233875371,0.005354769761590375,0.006595571480772436,0.000999000999000999,8.300456273150662
SARS-CoV-2,ORF1ab,4879,19,1,0.009862897130428112,0.00436497677960901,0.000690733981246511,0.005509207867052472,0.006642964338638166,0.000999000999000999,7.959533626675577
SARS-CoV-2,ORF1ab,4888,19,1,0.0066831639546569566,0.004218481804482598,0.0006787668791228746,0.005360788773042996,0.006363386154285024,0.000999000999000999,3.631117289280973
SARS-CoV-2,ORF1ab,4897,19,1,0.012883164356255247,0.004253638281502917,0.0006796203100469642,0.0054494343909445575,0.006452020287099252,0.000999000999000999,12.697569432785196
SARS-CoV-2,ORF1ab,4906,19,1,0.01340271819022983,0.004318780822731339,0.0006958037047491526,0.005512062958168363,0.006781360188322597,0.000999000999000999,13.055316183999597
SARS-CoV-2,ORF1ab,4915,19,3,0.2504025161856536,0.007562364025634816,0.0007224617956059231,0.0087482311031151,0.009688220861142207,0.000999000999000999,336.12871107786486
SARS-CoV-2,ORF1ab,4924,19,1,0.0116416437910692,0.004339092536035139,0.0007093134040547505,0.005491517258077111,0.0067818268771428596,0.000999000999000999,10.295239330441852
SARS-CoV-2,ORF1ab,4933,19,1,0.025222324507125013,0.004347875080523466,0.0006766978729956916,0.005423156361854686,0.00679894790450608,0.000999000999000999,30.847517421906325
SARS-CoV-2,ORF1ab,4942,19,1,0.010676888138945852,0.0041485681024848306,0.000675885348964193,0.005243955729151805,0.0062686685762248515,0.000999000999000999,9.6589163331707
SARS-CoV-2,ORF1ab,4951,19,1,0.017247874790050032,0.004359413718509687,0.0006809036301156601,0.005520256784877639,0.006733197433547731,0.000999000999000999,18.928465793832054
SARS-CoV-2,ORF1ab,4960,19,2,0.09670699186523922,0.006052277654865473,0.0006881183402016137,0.007245574278575889,0.008447111190233034,0.000999000999000999,131.74291239470898
SARS-CoV-2,ORF1ab,4969,19,1,0.03158843640841623,0.004361777005545953,0.0007059753761427029,0.0055576194220503285,0.0069783042050705355,0.000999000999000999,38.56601848017826
SARS-CoV-2,ORF1ab,4978,19,1,0.030392440534513843,0.004360133883883723,0.0006839061597793329,0.005494854592259185,0.006417786190769852,0.000999000999000999,38.064149998341335
SARS-CoV-2,ORF1ab,4987,19,1,0.08521095283784927,0.004371803577042498,0.0007282632264895717,0.005615910699340528,0.0066556726205710195,0.000999000999000999,111.00265167921991
SARS-CoV-2,ORF1ab,4996,19,1,0.023491776561933637,0.004217478464104904,0.0006757457932955347,0.005337553666393155,0.006854084225440278,0.000999000999000999,28.52300123664876
SARS-CoV-2,ORF1ab,5005,19,1,0.028788747570823565,0.004343801806311605,0.0007267385339312245,0.0056477288250475115,0.0068365665545843,0.000999000999000999,33.636506973531866
SARS-CoV-2,ORF1ab,5014,19,1,0.03304199975254788,0.004370397048062458,0.0006999069972906849,0.0055459797610732196,0.00671397778400495,0.000999000999000999,40.964875069790956
SARS-CoV-2,ORF1ab,5023,19,1,0.006427451461096712,0.004080632132796873,0.0006749684604453257,0.005187088471158557,0.006388753473235273,0.000999000999000999,3.476931835824553
SARS-CoV-2,ORF1ab,5032,19,1,0.01321640974917148,0.0043112565623016205,0.0006866931691833993,0.005491848498707723,0.006667657662268034,0.000999000999000999,12.968169171479708
SARS-CoV-2,ORF1ab,5041,19,1,0.015283127818042105,0.0043681760594594735,0.0006857027255030145,0.005611604551092975,0.0071364116884183116,0.000999000999000999,15.91790633554168
SARS-CoV-2,ORF1ab,5050,19,1,0.006946914787450553,0.004103835213202068,0.0006790865753475869,0.0052663068311967045,0.00654995158097846,0.000999000999000999,4.18662314564718
SARS-CoV-2,ORF1ab,5059,19,1,0.023923376500377777,0.004264565496025452,0.0006491609506781179,0.005386473276952029,0.006215754754911044,0.000999000999000999,30.283415821325356
SARS-CoV-2,ORF1ab,5068,19,1,0.011383327878480686,0.004266523661473234,0.0006742150727485166,0.005403603473874199,0.00654337338280864,0.000999000999000999,10.55568839182869
SARS-CoV-2,ORF1ab,5077,19,1,0.014309271462438067,0.004271951573261432,0.0006748858139505671,0.0054104339765887145,0.0066809932199831615,0.000999000999000999,14.87261945901834
SARS-CoV-2,ORF1ab,5086,19,1,0.006946515119650893,0.004141255744173568,0.0006880937897504107,0.005296069123048137,0.007050847210494304,0.002997002997002997,4.076856116511188
SARS-CoV-2,ORF1ab,5095,19,1,0.014559074465525939,0.004361265875983828,0.0007069571298598349,0.005643065764691381,0.006737943128121234,0.000999000999000999,14.424932091092968
SARS-CoV-2,ORF1ab,5104,19,1,0.008989609412084801,0.004206658619884066,0.0006826780400640166,0.005408620534209174,0.006553079218031021,0.000999000999000999,7.006158850154642
SARS-CoV-2,ORF1ab,5113,19,2,0.4863314926453905,0.006104749507734287,0.0007204716575333972,0.007323433448981427,0.008397288506795053,0.000999000999000999,666.5449474886464
SARS-CoV-2,ORF1ab,5122,19,2,0.8108087990128849,0.006157510701326937,0.000692122694847506,0.007324233482969005,0.008338316548669948,0.000999000999000999,1162.584747331317
SARS-CoV-2,ORF1ab,5131,19,1,0.004589484347908505,0.003951406770918866,0.0006729013482661647,0.005047089361101569,0.006212012206278173,0.1798201798201798,0.9482483259005879
SARS-CoV-2,ORF1ab,5140,19,1,0.006285726108851611,0.004234788754440449,0.0006564152554935994,0.005374932829447563,0.006897670712255273,0.001998001998001998,3.1244510806942394
SARS-CoV-2,ORF1ab,5149,19,1,0.0056351295334230115,0.004189710435351957,0.0006797466667959426,0.005332922692999641,0.006504461900623862,0.024975024975024976,2.1264085116947897
SARS-CoV-2,ORF1ab,5158,19,1,0.01536752221138499,0.0043031296210499104,0.000671665785782262,0.005376525665041232,0.0073536138468123504,0.000999000999000999,16.473062681685995
SARS-CoV-2,ORF1ab,5167,19,1,0.0077155587386609605,0.004111398697564286,0.0006778850961412426,0.005253500467613235,0.006121509862123578,0.000999000999000999,5.316771325424921
SARS-CoV-2,ORF1ab,5176,19,1,0.0076045354411068645,0.0041546558882432,0.0006786928211832032,0.005279358042248464,0.006174622922427066,0.000999000999000999,5.08312368303719
SARS-CoV-2,ORF1ab,5185,19,1,0.014531158748316729,0.00419145035584155,0.00068173947012034,0.005346177312540741,0.006725471108709759,0.000999000999000999,15.166656539117536
SARS-CoV-2,ORF1ab,5194,19,1,0.007986210291832878,0.004307938358995538,0.0006717409117415211,0.005482486059180958,0.006563819589888594,0.000999000999000999,5.475730104485136
SARS-CoV-2,ORF1ab,5203,19,1,0.019089344598060935,0.00431509353426426,0.0006933952606948051,0.005513916122706027,0.006740219399225372,0.000999000999000999,21.307112842092955
SARS-CoV-2,ORF1ab,5212,19,1,0.007330314320813822,0.004173489407575681,0.0007079706445504356,0.005372782696502162,0.006352620480711879,0.000999000999000999,4.458977130672894
SARS-CoV-2,ORF1ab,5221,19,1,0.008214702581205326,0.004250543353722737,0.0006870828719326834,0.005377255519256371,0.006560647982987064,0.000999000999000999,5.769550354721949
SARS-CoV-2,ORF1ab,5230,19,1,0.03253986037068453,0.004368117344140753,0.0006801594305645066,0.005498005715067694,0.0070883661855335,0.000999000999000999,41.419322824300615
SARS-CoV-2,ORF1ab,5239,19,1,0.011818614299123162,0.004357724637026006,0.0006844256527513801,0.005497112588618635,0.006331124402227957,0.000999000999000999,10.90094977022632
SARS-CoV-2,ORF1ab,5248,19,2,0.31489065375898134,0.006148829882961344,0.0007024939701973044,0.0072690052003993155,0.008673402085810106,0.000999000999000999,439.49391307843666
SARS-CoV-2,ORF1ab,5257,19,1,0.009050048506576584,0.004298613096433055,0.0006827607390914256,0.005457400113321413,0.0073514115734325996,0.000999000999000999,6.9591514832361865
SARS-CoV-2,ORF1ab,5266,19,1,0.016919781061424156,0.004359553978113654,0.0006828313354956429,0.005507207487181329,0.0064460588019103,0.000999000999000999,18.394333168956695
SARS-CoV-2,ORF1ab,5275,19,1,0.010254191819992889,0.00433029104384406,0.0006875589541015221,0.005485806466776718,0.006992192739418568,0.000999000999000999,8.615844126253835
SARS-CoV-2,ORF1ab,5284,19,1,0.034781801854811376,0.004352714180202044,0.0006887908369230382,0.0054966344379092525,0.006785236990556399,0.000999000999000999,44.177544246293905
SARS-CoV-2,ORF1ab,5293,19,1,0.0154503919766711,0.0043008674498311,0.0006457692786357427,0.0053873181979039175,0.006473822125133531,0.000999000999000999,17.265492329388252
SARS-CoV-2,ORF1ab,5302,19,1,0.020716829519398176,0.0043106086539199655,0.0006956651986876422,0.00545236669427108,0.006602148727385701,0.000999000999000999,23.58350093756048
SARS-CoV-2,ORF1ab,5311,19,1,0.056845611441477255,0.004391361068625022,0.0006856277043690873,0.005499183580044898,0.006606823437086925,0.000999000999000999,76.50544171216139
SARS-CoV-2,ORF1ab,5320,19,1,0.008606050044453365,0.004074335732106719,0.0006661227917932839,0.005213990521037551,0.0063692555896124325,0.000999000999000999,6.803121538818267
SARS-CoV-2,ORF1ab,5329,19,1,0.009908457815036253,0.004038916906738885,0.0006794826220699928,0.005189988576176994,0.006309845407022387,0.000999000999000999,8.638250218108967
SARS-CoV-2,ORF1ab,5338,19,1,0.012310797683255329,0.004318785024582148,0.0006834457423179352,0.005507636575795011,0.0071468538916398235,0.000999000999000999,11.69370465542434
SARS-CoV-2,ORF1ab,5347,19,1,0.007223934456622329,0.004202046540555015,0.000686191348208554,0.005361996628460409,0.0065696701109721626,0.000999000999000999,4.403856043881324
SARS-CoV-2,ORF1ab,5356,19,1,0.02782839510108273,0.004374114083516491,0.000687653982825319,0.005542377917207671,0.006756739186325176,0.000999000999000999,34.10767857578773
SARS-CoV-2,ORF1ab,5365,19,1,0.007309787100559484,0.0040026476156235415,0.000657412157326716,0.0051235631048998885,0.0061933998049008504,0.000999000999000999,5.030542024631869
SARS-CoV-2,ORF1ab,5374,19,1,0.007889073496473727,0.004215099559929578,0.0006974919176980362,0.005397614699840699,0.0075568129612004495,0.000999000999000999,5.267407181820155
SARS-CoV-2,ORF1ab,5383,19,2,0.3145278414023188,0.00615029367987594,0.0007050346837958121,0.007365746509968886,0.00843317467492653,0.000999000999000999,437.39344291855195
SARS-CoV-2,ORF1ab,5392,19,1,0.012442516897037745,0.004225292382774632,0.0006778777520459044,0.005365385368754859,0.006477349028912158,0.000999000999000999,12.121985844000175
SARS-CoV-2,ORF1ab,5401,19,1,0.005879411394858815,0.0042961953440537465,0.0006995183773890038,0.005438326735305445,0.006652402435261052,0.01998001998001998,2.2632944351148025
SARS-CoV-2,ORF1ab,5410,19,1,0.005610836891640799,0.003955339850053626,0.000662563446341174,0.005048146755006313,0.005867081055391555,0.014985014985014986,2.4986241706046473
SARS-CoV-2,ORF1ab,5419,19,1,0.015024298050329395,0.004347992164074665,0.0006581690277182661,0.0054777353629902525,0.006936355323163946,0.000999000999000999,16.221221960667524
SARS-CoV-2,ORF1ab,5428,19,1,0.00719731237620484,0.004274335168852495,0.0006702775150849705,0.005416227126094525,0.006752327750974597,0.000999000999000999,4.36084627869667
SARS-CoV-2,ORF1ab,5437,19,1,0.018036529246862776,0.004241548109119186,0.0006682301440842019,0.005391046045688201,0.006706481004978802,0.000999000999000999,20.644056931387578
SARS-CoV-2,ORF1ab,5446,19,1,0.007609501487890209,0.004128650650803857,0.0006880552636729035,0.005305378411411537,0.006603187136193067,0.000999000999000999,5.058969854405653
SARS-CoV-2,ORF1ab,5455,19,1,0.024633432509258438,0.0043031700576966255,0.0006826141675278862,0.0054692336123943735,0.006284613795666611,0.000999000999000999,29.782948287154145
SARS-CoV-2,ORF1ab,5464,19,1,0.021294586155775477,0.0043803005058684515,0.0007119891122490314,0.005532394065378192,0.007195904544398086,0.000999000999000999,23.756382448712138
SARS-CoV-2,ORF1ab,5473,19,1,0.010739947899771729,0.004166037521143753,0.0006998098046256287,0.005297956816817197,0.006578566027335879,0.000999000999000999,9.393852922859182
SARS-CoV-2,ORF1ab,5482,19,1,0.01385974630970394,0.004210301258647217,0.0006800567032589277,0.005416643135925399,0.006742406829486421,0.000999000999000999,14.18917717421977
SARS-CoV-2,ORF1ab,5491,19,1,0.007950682252238741,0.004160500347581786,0.0007093044110469912,0.005393032143682435,0.006772311984674132,0.000999000999000999,5.343519433443727
SARS-CoV-2,ORF1ab,5500,19,1,0.013108830963743753,0.004095735020440335,0.0006840578234653409,0.005325398195046384,0.006676380319766288,0.000999000999000999,13.175926996411414
SARS-CoV-2,ORF1ab,5509,19,1,0.0403762386383217,0.004328776527304767,0.000677357773987496,0.005391601245813487,0.006684608731226629,0.000999000999000999,53.2177580229298
SARS-CoV-2,ORF1ab,5518,19,1,0.026660869973445085,0.00434824803759033,0.0006868453262569946,0.005527250166211455,0.006958803596143045,0.000999000999000999,32.48565737128729
SARS-CoV-2,ORF1ab,5527,19,1,0.011129703174295682,0.0042534817042554785,0.0006885480792126026,0.0054140982229730385,0.006938503193590405,0.000999000999000999,9.98655239573624
SARS-CoV-2,ORF1ab,5536,19,1,0.009841327384877167,0.004332243458881051,0.0007023603447280103,0.005488417817961132,0.006642849255802795,0.000999000999000999,7.8436716528031125
SARS-CoV-2,ORF1ab,5545,19,1,0.01216228667884363,0.004384599025746945,0.0007068945902840089,0.005595419011583767,0.007008743469354016,0.000999000999000999,11.002613062821496
SARS-CoV-2,ORF1ab,5554,19,1,0.03880708948993295,0.004393016622259421,0.0007119524113772581,0.005644689432559423,0.006704644018756585,0.000999000999000999,48.33760279159696
SARS-CoV-2,ORF1ab,5563,19,1,0.022550769089934593,0.0043625894791078255,0.0006721094880265554,0.005558156410236988,0.0063239228779428305,0.000999000999000999,27.06133440286762
SARS-CoV-2,ORF1ab,5572,19,1,0.010504564143658423,0.004286960037018046,0.0006650733015168389,0.005498963483737869,0.007261027607914055,0.000999000999000999,9.348750118911449
SARS-CoV-2,ORF1ab,5581,19,1,0.022634498616315397,0.004307020136674609,0.0007001120970664724,0.005529214379999435,0.007210426757107189,0.000999000999000999,26.17792001657226
SARS-CoV-2,ORF1ab,5590,19,1,0.02257905052596847,0.004214554815581064,0.0006810722217059993,0.005389817804646783,0.006499824899589274,0.000999000999000999,26.96409444564731
SARS-CoV-2,ORF1ab,5599,19,2,0.049104525932163155,0.006089669458191477,0.0007109337619547341,0.007294470562808164,0.008567393232339824,0.000999000999000999,60.50473163027315
SARS-CoV-2,ORF1ab,5608,19,1,0.012348223416196333,0.004206142663680691,0.0006815663786388627,0.005353991333461123,0.006591075755245318,0.000999000999000999,11.946130278280403
SARS-CoV-2,ORF1ab,5617,19,1,0.028858025498453153,0.004353319126246548,0.0006879478715682792,0.005483516188271736,0.00680193336746392,0.000999000999000999,35.62000463253777
SARS-CoV-2,ORF1ab,5626,19,1,0.014820556892756638,0.004217098171317185,0.0006574748457492324,0.00529192392954079,0.006628105397409242,0.000999000999000999,16.12755041503705
SARS-CoV-2,ORF1ab,5635,19,1,0.020483112097692494,0.004357698967948087,0.0007095744557508916,0.005552574706848118,0.006667959456388394,0.000999000999000999,22.725470173077248
SARS-CoV-2,ORF1ab,5644,19,1,0.01155129211559091,0.004134603809286403,0.0007043027334616498,0.005384809564709384,0.006296331255398289,0.000999000999000999,10.530540283226594
SARS-CoV-2,ORF1ab,5653,19,1,0.011932923465658931,0.004258624512318765,0.0006552391804251076,0.005373151828398427,0.006425857900064242,0.000999000999000999,11.71221010984297
SARS-CoV-2,ORF1ab,5662,19,1,0.024407345956896045,0.0043499954263851335,0.000688056068681849,0.005505257740862965,0.00649566938726271,0.000999000999000999,29.150750125547184
SARS-CoV-2,ORF1ab,5671,19,1,0.016218055475428834,0.004364371748362693,0.0006747461500767108,0.005548843300373133,0.006505382319287708,0.000999000999000999,17.56761965328519
SARS-CoV-2,ORF1ab,5680,19,1,0.01125421888719385,0.004308763477874508,0.000672989284836117,0.005469311566700547,0.007015434143869745,0.000999000999000999,10.320306081857847
SARS-CoV-2,ORF1ab,5689,19,1,0.016157780504657025,0.004290268057607188,0.0006913961451780503,0.005480435222036954,0.006619537163812627,0.000999000999000999,17.164562645910735
SARS-CoV-2,ORF1ab,5698,19,1,0.006757438573313229,0.004069274151249574,0.0006629880950449559,0.005186159695097422,0.00650879310306872,0.000999000999000999,4.0546194451370585
SARS-CoV-2,ORF1ab,5707,19,1,0.02729433538239989,0.004343133871677819,0.0006871670548551653,0.005519611423697362,0.007268655467506717,0.000999000999000999,33.39974078873661
SARS-CoV-2,ORF1ab,5716,19,2,0.8064208346129936,0.006094464944233404,0.0007161516589073511,0.0073280119987259255,0.008730117866465548,0.000999000999000999,1117.537549085394
SARS-CoV-2,ORF1ab,5725,19,1,0.008272161901599826,0.00427917754764115,0.0006962688143291426,0.005484404747712143,0.006703653730972065,0.000999000999000999,5.7348315360151965
SARS-CoV-2,ORF1ab,5734,19,1,0.013266502342084412,0.004275289229154715,0.0006838957895146695,0.005407742638754985,0.0063036248769365285,0.000999000999000999,13.147051423302903
SARS-CoV-2,ORF1ab,5743,19,1,0.013821647014517633,0.0043474717539966415,0.0006677510134560124,0.00555831957554838,0.00705353265857798,0.000999000999000999,14.188185520657537
SARS-CoV-2,ORF1ab,5752,19,1,0.00798647725159109,0.004264985298621637,0.0006794735097453854,0.005472239722388333,0.0061736702173462565,0.000999000999000999,5.477022870787095
SARS-CoV-2,ORF1ab,5761,19,2,0.19826743847588968,0.006195573458397071,0.000745132577818686,0.007417057076191147,0.008486296314754942,0.000999000999000999,257.7687122200013
SARS-CoV-2,ORF1ab,5770,19,1,0.01859887530554544,0.0043859013130264695,0.0007327857033907097,0.005639580172009814,0.006945104141256794,0.000999000999000999,19.395812345619465
SARS-CoV-2,ORF1ab,5779,19,1,0.009252231583797198,0.0041642411087400326,0.0006936109665067585,0.005366888377429152,0.006508110306946018,0.000999000999000999,7.335510424066497
SARS-CoV-2,ORF1ab,5788,19,1,0.007089306801715699,0.004162824814228513,0.0006661449689973107,0.005261964001980742,0.0061153163825565515,0.000999000999000999,4.393160833882994
SARS-CoV-2,ORF1ab,5797,19,1,0.03372803527115645,0.0043505187373296585,0.0007046932702154319,0.005553529461836421,0.006707240237401098,0.000999000999000999,41.68837390038617
SARS-CoV-2,ORF1ab,5806,19,1,0.015963266122310527,0.004301725110639378,0.0006878540872848636,0.005382576961622861,0.007350542417542405,0.000999000999000999,16.953509802787156
SARS-CoV-2,ORF1ab,5815,19,1,0.019242982495870666,0.0042780925308290255,0.0006726376880373087,0.0054555053399486545,0.006672567078615088,0.000999000999000999,22.248069400790985
SARS-CoV-2,ORF1ab,5824,19,1,0.024618595478562696,0.00429072658070331,0.0006908496642365967,0.005441358105620282,0.006468385680977749,0.000999000999000999,29.42444637404884
SARS-CoV-2,ORF1ab,5833,19,2,0.20960226952780034,0.00613936328202482,0.0007062981993969349,0.007351769911274812,0.008507085050528683,0.000999000999000999,288.0694109364856
SARS-CoV-2,ORF1ab,5842,19,1,0.019384201149004836,0.004401163742473156,0.0006876315199957429,0.005517696372891595,0.0072644959411666534,0.000999000999000999,21.789340614613536
SARS-CoV-2,ORF1ab,5851,19,1,0.02066989822126676,0.0043216413593541204,0.0006521983888683084,0.005448194470968746,0.006778266945914593,0.000999000999000999,25.06638645685718
SARS-CoV-2,ORF1ab,5860,19,1,0.00846922370577214,0.004162626180882058,0.0007002998676024339,0.005359178988977741,0.006904170754553199,0.000999000999000999,6.149647778221449
SARS-CoV-2,ORF1ab,5869,19,1,0.008667774609110175,0.004226057950685435,0.0006654403257079832,0.005360944010529808,0.0066384710230248875,0.000999000999000999,6.674853456918254
SARS-CoV-2,ORF1ab,5878,19,1,0.008446105055240292,0.004344043130513401,0.0006646486036555531,0.005434224477572937,0.0063555309526823495,0.000999000999000999,6.1717754346667375
SARS-CoV-2,ORF1ab,5887,19,1,0.007066952606457204,0.0041378751888222105,0.0006702817933081398,0.005250421405431025,0.00669247883992473,0.000999000999000999,4.369919408341214
SARS-CoV-2,ORF1ab,5896,19,1,0.05107862774242011,0.00436117820113081,0.0007111060628426727,0.005576385000040181,0.006916867301039563,0.000999000999000999,65.69687980796363
SARS-CoV-2,ORF1ab,5905,19,1,0.006154357938553853,0.004115856860075688,0.0006503515356274827,0.005234794296932863,0.006045377461655131,0.000999000999000999,3.134460313853715
SARS-CoV-2,ORF1ab,5914,19,2,0.37847968919582115,0.006076065631384369,0.0006766809099674398,0.0072353275334799865,0.00841631703392241,0.000999000999000999,550.3385984131811
SARS-CoV-2,ORF1ab,5923,19,1,0.05139423518954962,0.004345944081243876,0.0007130934057675239,0.005525836114060686,0.006582156085924779,0.000999000999000999,65.97773970110725
SARS-CoV-2,ORF1ab,5932,19,1,0.007339986261475254,0.004172704180126796,0.0006655113559184124,0.005345972423617855,0.006335676511423508,0.000999000999000999,4.759170603449099
SARS-CoV-2,ORF1ab,5941,19,1,0.006254078451869863,0.004167237013269617,0.0006729999334114526,0.005255216376139825,0.006596696016699321,0.002997002997002997,3.100804821810305
SARS-CoV-2,ORF1ab,5950,19,1,0.007670753557565473,0.004031544152772768,0.0006732272718840809,0.005181177863313866,0.0060512508371964565,0.000999000999000999,5.405617919500028
SARS-CoV-2,ORF1ab,5959,19,1,0.011260682755774572,0.0041466563953073,0.0006466347040918648,0.005212729081392604,0.006110286036433086,0.000999000999000999,11.00161546457397
SARS-CoV-2,ORF1ab,5968,19,1,0.011703177515961038,0.004080998552396581,0.0006643991910882353,0.005221316401380909,0.0059320034860704035,0.000999000999000999,11.472288145143446
SARS-CoV-2,ORF1ab,5977,19,1,0.005835987532873908,0.004272118521100619,0.0006888217938863966,0.0053955446784253085,0.006394039261599525,0.017982017982017984,2.2703535597353772
SARS-CoV-2,ORF1ab,5986,19,1,0.012138337391425795,0.004340762531132027,0.000687944561036854,0.0055024480213784225,0.0064022632094560715,0.000999000999000999,11.334597730580855
SARS-CoV-2,ORF1ab,5995,19,1,0.04745003871304104,0.004383614582171067,0.0007085585525672895,0.005585146467631419,0.006891755236842983,0.000999000999000999,60.78033209087557
SARS-CoV-2,ORF1ab,6004,19,1,0.01933255328040711,0.004314073644952817,0.0006629972598301165,0.005376120080996808,0.006609519665120531,0.000999000999000999,22.652400764525876
SARS-CoV-2,ORF1ab,6013,19,2,0.10292423503334258,0.0062125866214487015,0.0007126936793495452,0.007398513800105479,0.008439588170283292,0.000999000999000999,135.6987598096279
SARS-CoV-2,ORF1ab,6022,19,1,0.004957383616839467,0.004223191337065132,0.0006748162412839552,0.005309849329102396,0.00708244140550823,0.14585414585414586,1.087988455016148
SARS-CoV-2,ORF1ab,6031,19,1,0.007091679703125761,0.004148761320043899,0.0006664402196837415,0.005253276556447777,0.006343148230523819,0.000999000999000999,4.415877517834113
SARS-CoV-2,ORF1ab,6040,19,1,0.01473301248846048,0.004369311176452344,0.0006978765125683598,0.00555693056137911,0.006903450482119419,0.000999000999000999,14.850336879610879
SARS-CoV-2,ORF1ab,6049,19,2,0.3148082484418168,0.006183510919082005,0.0006720501901467224,0.007259221884600219,0.008652049157408007,0.000999000999000999,459.22870352191364
SARS-CoV-2,ORF1ab,6058,19,1,0.013366335409553707,0.004256506738122815,0.0006785992261081276,0.005437507286370406,0.006450848437097005,0.000999000999000999,13.424460743459996
SARS-CoV-2,ORF1ab,6067,19,1,0.02571584849314907,0.00436959424759482,0.00069063550758313,0.0054953320164876154,0.006553784999189284,0.000999000999000999,30.90813317759347
SARS-CoV-2,ORF1ab,6076,19,1,0.028396001886237275,0.004398007819246108,0.000687774919765161,0.00553277086109812,0.006527884545672013,0.000999000999000999,34.892220372306134
SARS-CoV-2,ORF1ab,6085,19,1,0.023521905278710224,0.004372469057638085,0.000682016856431473,0.0055255399648990915,0.0068207354602820135,0.000999000999000999,28.077658257990898
SARS-CoV-2,ORF1ab,6094,19,1,0.02809201994142881,0.004382043516612978,0.0007062009792753803,0.005597115535692243,0.006945969016612104,0.000999000999000999,33.57397840080057
SARS-CoV-2,ORF1ab,6103,19,1,0.03357027291565014,0.00436598563375605,0.0006656003454011428,0.005546982224172125,0.006648913916975901,0.000999000999000999,43.87661076752191
SARS-CoV-2,ORF1ab,6112,19,1,0.04314362019598182,0.0043748388044929,0.0007123231075833315,0.005601920929328146,0.00707224669347483,0.000999000999000999,54.42583706573569
SARS-CoV-2,ORF1ab,6121,19,1,0.014716581696129275,0.004338681688926592,0.0006908316216434454,0.005467652169935359,0.006494087583726683,0.000999000999000999,15.022329149488417
SARS-CoV-2,ORF1ab,6130,19,2,0.15404915725292337,0.0061992806112529915,0.0007059469507070212,0.007409085998047993,0.00893752256865431,0.000999000999000999,209.43482579476478
SARS-CoV-2,ORF1ab,6139,19,1,0.021410357891898095,0.004339100396183519,0.0006736431957189979,0.005419777341391013,0.006969855286346956,0.000999000999000999,25.341690681658196
SARS-CoV-2,ORF1ab,6148,19,1,0.00994928318143895,0.004263733779681396,0.0006665965067795404,0.005392558269772488,0.006801642440978961,0.000999000999000999,8.529221716485686
SARS-CoV-2,ORF1ab,6157,19,1,0.026224650257050255,0.004348843952991396,0.0006860404995592188,0.005525344943454666,0.007308719226529398,0.000999000999000999,31.887047948501685
SARS-CoV-2,ORF1ab,6166,19,1,0.010221152268051205,0.004289907081968337,0.0006797465440938409,0.005442797194589424,0.00651103041155335,0.000999000999000999,8.725671704575879
SARS-CoV-2,ORF1ab,6175,19,1,0.014773482098845075,0.004361522396441735,0.0007028146190245768,0.0055346836801219825,0.006643348162153197,0.000999000999000999,14.8146601117289
SARS-CoV-2,ORF1ab,6184,19,1,0.0136248825666119,0.004320125352292917,0.000669298039426256,0.005461895816788378,0.00670813799765192,0.000999000999000999,13.902262768161286
SARS-CoV-2,ORF1ab,6193,19,1,0.007497032025209472,0.0042433116512852215,0.0006800181003786779,0.005366431240932173,0.006720959762449521,0.000999000999000999,4.78475554123099
SARS-CoV-2,ORF1ab,6202,19,1,0.016699492664085283,0.004337994626891458,0.0006877964460488798,0.005540773076876322,0.006840197687483194,0.000999000999000999,17.972611094758882
SARS-CoV-2,ORF1ab,6211,19,1,0.035094045882703394,0.004372649836747324,0.0006729877024246631,0.005538190967789703,0.0070190025263997344,0.000999000999000999,45.64926808509572
SARS-CoV-2,ORF1ab,6220,19,1,0.012359944014774216,0.004323343185333407,0.0006756939015533073,0.005497909222021914,0.006641147862704757,0.000999000999000999,11.893848399350665
SARS-CoV-2,ORF1ab,6229,19,1,0.012954217086182484,0.004335115933479074,0.0006706083289230357,0.00545384295740489,0.0066430420455313565,0.000999000999000999,12.852660459116674
SARS-CoV-2,ORF1ab,6238,19,1,0.007126985675783029,0.0043189959313639555,0.0006592711908761835,0.0054431188216242975,0.006486017263496992,0.000999000999000999,4.259233200660875
SARS-CoV-2,ORF1ab,6247,19,2,0.4826047026549681,0.00616075622218132,0.0007279643618656811,0.007369261244399676,0.008274036263774836,0.000999000999000999,654.4880098411973
SARS-CoV-2,ORF1ab,6256,19,1,0.010512996134324366,0.004358040978389643,0.0006534344659531712,0.005491172454627004,0.006859835072783132,0.000999000999000999,9.419391655376534
SARS-CoV-2,ORF1ab,6265,19,1,0.04906196855099784,0.00434913559443676,0.0007204528841811139,0.005576393157073998,0.006897578986103202,0.000999000999000999,62.06211945057711
SARS-CoV-2,ORF1ab,6274,19,1,0.06904067287886885,0.004363975012379422,0.000702649179298842,0.005579467031543786,0.0069816129043557655,0.000999000999000999,92.04692721768902
SARS-CoV-2,ORF1ab,6283,19,1,0.04596386555444443,0.004364440427028512,0.0007282908074667423,0.005556209900264165,0.006864304676974996,0.000999000999000999,57.11925058084105
SARS-CoV-2,ORF1ab,6292,19,1,0.015288370215680627,0.004377443528646065,0.0007315758213137522,0.005656472581700785,0.0071880739498501964,0.000999000999000999,14.914280063877582
SARS-CoV-2,ORF1ab,6301,19,1,0.01698703030051938,0.004370495631689248,0.0007068938268489339,0.005583168545678275,0.006663805270835049,0.000999000999000999,17.847849549160564
SARS-CoV-2,ORF1ab,6310,19,1,0.018281699827733155,0.004390944337431934,0.0006950697054323666,0.005576841408899464,0.006782927002025804,0.000999000999000999,19.984694170580354
SARS-CoV-2,ORF1ab,6319,19,1,0.024148808861520817,0.004359608870030125,0.0007129681438400526,0.005556642408482414,0.006827095762735029,0.000999000999000999,27.75607881287078
SARS-CoV-2,ORF1ab,6328,19,1,0.01824892735558817,0.0043574000056932115,0.0006792943771822875,0.005508015214587869,0.006738180799652907,0.000999000999000999,20.44993719441195
SARS-CoV-2,ORF1ab,6337,19,1,0.015948802486348473,0.004356993946584403,0.0007049135763793125,0.005582863684718856,0.007103096247480809,0.000999000999000999,16.44429746878154
SARS-CoV-2,ORF1ab,6346,19,2,0.3121113298673422,0.006225537666847945,0.0007198208165978322,0.0074415848909305795,0.009016554783722661,0.000999000999000999,424.94713287986815
SARS-CoV-2,ORF1ab,6355,19,1,0.06189689694255767,0.00436464520486601,0.0007249914670926567,0.005672560024810838,0.006536277014009044,0.000999000999000999,79.35576396285892
SARS-CoV-2,ORF1ab,6364,19,1,0.013891753529741717,0.0043512682290630595,0.0007154476899856531,0.005506410879293183,0.006408921816012392,0.000999000999000999,13.334986518539145
SARS-CoV-2,ORF1ab,6373,19,1,0.013230438844038852,0.004353918123858476,0.0007113142763570713,0.005577977109659507,0.006948489930842818,0.000999000999000999,12.47904198639262
SARS-CoV-2,ORF1ab,6382,19,1,0.016726070578011308,0.0043710800201936665,0.0007102303828518031,0.005584607747532272,0.00695934216156281,0.000999000999000999,17.395750528453018
SARS-CoV-2,ORF1ab,6391,19,1,0.014142338030837422,0.004346275738083053,0.0006775052126564784,0.005462519208171124,0.006631373207826916,0.000999000999000999,14.45902128832971
SARS-CoV-2,ORF1ab,6400,19,1,0.011781819179736829,0.004288746222128534,0.0006704385309424199,0.005408652196080678,0.0065819159596535925,0.000999000999000999,11.176375777620441
SARS-CoV-2,ORF1ab,6409,19,1,0.011579838945621413,0.004288917985248586,0.0006712016630588768,0.00538677572381656,0.006937436463095979,0.000999000999000999,10.86248941509741
SARS-CoV-2,ORF1ab,6418,19,1,0.011392174052044755,0.004237025336220026,0.0006580035130447046,0.005378525847505698,0.006643090617951175,0.000999000999000999,10.874028138112099
SARS-CoV-2,ORF1ab,6427,19,1,0.012782531741145676,0.004342455448648955,0.0006691821818545006,0.005526443965507887,0.006595057044303307,0.000999000999000999,12.6125239454326
SARS-CoV-2,ORF1ab,6436,19,1,0.016432551581723437,0.004378252122526872,0.0007074994448638342,0.005592178028326674,0.006887168095542092,0.000999000999000999,17.037892462963757
SARS-CoV-2,ORF1ab,6445,19,1,0.009809016618372938,0.00429973752542792,0.000680169909162981,0.005424071357906444,0.006716280686856437,0.000999000999000999,8.099857136762713
SARS-CoV-2,ORF1ab,6454,19,1,0.009196233575177902,0.00434915181419617,0.0006711147104156341,0.005435761963600639,0.007596952405192687,0.000999000999000999,7.222434087281208
SARS-CoV-2,ORF1ab,6463,19,1,0.1129348977852257,0.004362958307623403,0.0007202642784658946,0.005591776720841162,0.006639362363829105,0.000999000999000999,150.73903110793145
SARS-CoV-2,ORF1ab,6472,19,1,0.019497701816856727,0.00433946331348994,0.0006733694341466951,0.005411614663145871,0.006644423035818637,0.000999000999000999,22.511028470687204
SARS-CoV-2,ORF1ab,6481,19,1,0.02489323859098743,0.004358263766768646,0.0006931349789383671,0.005559704175607786,0.006655255560857203,0.000999000999000999,29.6262278606556
SARS-CoV-2,ORF1ab,6490,19,1,0.06255868407248208,0.004343083571740633,0.0007190724254569484,0.005680204095649799,0.006733831583720497,0.000999000999000999,80.9593003983531
SARS-CoV-2,ORF1ab,6499,19,1,0.02051169883479334,0.004336488042918098,0.0006721026082714839,0.005513718439983468,0.006851525666592258,0.000999000999000999,24.06657940738351
SARS-CoV-2,ORF1ab,6508,19,1,0.02232326487437643,0.004364988826670547,0.0006705112805015745,0.005462714645645744,0.006344768860539737,0.000999000999000999,26.782958870240385
SARS-CoV-2,ORF1ab,6517,19,1,0.02101274394634266,0.004281777242400979,0.0006565527650389142,0.005453518422595997,0.006742209447821919,0.000999000999000999,25.48304964179083
SARS-CoV-2,ORF1ab,6526,19,1,0.014459178499181453,0.004311662928271909,0.0006745664367494191,0.005437137703189973,0.007026492419093873,0.000999000999000999,15.043018771891608
SARS-CoV-2,ORF1ab,6535,19,1,0.012403409281856952,0.004230740682098956,0.0006472730068802639,0.005285331250807877,0.0066980516702416035,0.000999000999000999,12.626308393654087
SARS-CoV-2,ORF1ab,6544,19,1,0.022321704253308504,0.004336711995985282,0.0006785904136516367,0.005486026112140622,0.006353056224020278,0.000999000999000999,26.50345760197558
SARS-CoV-2,ORF1ab,6553,19,1,0.013384310198872013,0.004319434171555747,0.0006852624215623047,0.005421495564248402,0.0068290797232550444,0.000999000999000999,13.228327925307196
SARS-CoV-2,ORF1ab,6562,19,1,0.015549598902698726,0.004332359452247877,0.0006664565272486023,0.005450412003453191,0.006644658728281535,0.000999000999000999,16.83116451235023
SARS-CoV-2,ORF1ab,6571,19,1,0.01324200947692269,0.004336444403462847,0.0006962872113743517,0.005523607643430233,0.006799308663472176,0.000999000999000999,12.790074164771434
SARS-CoV-2,ORF1ab,6580,19,1,0.024457089811446432,0.004375110223099319,0.0007072923670536703,0.005577713954515441,0.0066587813402889185,0.000999000999000999,28.392755985762342
SARS-CoV-2,ORF1ab,6589,19,1,0.019433402148341373,0.004405688693311766,0.0007011154493515024,0.0055902120355167595,0.006583781957849815,0.000999000999000999,21.434007008302995
SARS-CoV-2,ORF1ab,6598,19,1,0.019534953606036007,0.004358716194322915,0.0007112113774741252,0.005556016339518399,0.007138175853653216,0.000999000999000999,21.338575130239988
SARS-CoV-2,ORF1ab,6607,19,1,0.025581418527334854,0.004351080908003652,0.0007112356920737981,0.0054961564168861535,0.006933195021785074,0.000999000999000999,29.849932808389397
SARS-CoV-2,ORF1ab,6616,19,1,0.022825135911505774,0.004364636940716196,0.000692665542894814,0.005559692440705654,0.00662745064902754,0.000999000999000999,26.651389202411835
SARS-CoV-2,ORF1ab,6625,19,1,0.027065361624565586,0.00440517851743802,0.0007176576102768899,0.005641292780163804,0.0071411848689094705,0.000999000999000999,31.575200740064208
SARS-CoV-2,ORF1ab,6634,19,1,0.013930160228264682,0.004321056184398435,0.0006940614397469259,0.005441293382745956,0.006666039556287564,0.000999000999000999,13.844745570896425
SARS-CoV-2,ORF1ab,6643,19,1,0.019401932423227398,0.004335015593293836,0.0006671687934656429,0.005448756241678209,0.006620459516530482,0.000999000999000999,22.583365675225426
SARS-CoV-2,ORF1ab,6652,19,1,0.020949752898718494,0.004347990687747984,0.00070690453383114,0.005557378444862405,0.007117238697617672,0.000999000999000999,23.485154524325363
SARS-CoV-2,ORF1ab,6661,19,1,0.01696322850229252,0.004317822030193353,0.0006781644030257276,0.005517252785961777,0.00645545416520953,0.000999000999000999,18.64652054233439
SARS-CoV-2,ORF1ab,6670,19,1,0.01534543331398656,0.004328369269087635,0.0006725431237878791,0.005454349880152781,0.006313614282316206,0.000999000999000999,16.3812009300592
SARS-CoV-2,ORF1ab,6679,19,1,0.018342282589820024,0.00433123072992434,0.0006469633175826153,0.005429945779085513,0.006334181223359471,0.000999000999000999,21.656640305741156
SARS-CoV-2,ORF1ab,6688,19,2,0.8087463220517905,0.0061544935533697645,0.0007052383658206423,0.0073464447768193854,0.00879202542252408,0.000999000999000999,1138.0433444860794
SARS-CoV-2,ORF1ab,6697,19,1,0.01365631537950222,0.0043432342815894155,0.0006816992492908158,0.005560726216806558,0.0066558741024006895,0.000999000999000999,13.661568657441492
SARS-CoV-2,ORF1ab,6706,19,1,0.023688752850332836,0.00434737359119693,0.000661055934326556,0.005436823097444335,0.006441940226101695,0.000999000999000999,29.258309705425667
SARS-CoV-2,ORF1ab,6715,19,1,0.009247639503409052,0.0043513602432154585,0.000693221851210595,0.005525311268512824,0.007126937440972546,0.000999000999000999,7.0630769235607165
SARS-CoV-2,ORF1ab,6724,19,1,0.02848221287756959,0.004348667094233759,0.000702078535499363,0.005525808884760106,0.006592786031954903,0.000999000999000999,34.37442474461994
SARS-CoV-2,ORF1ab,6733,19,1,0.02074270716836986,0.00438504588144164,0.0007135761327624882,0.005558602186786654,0.007184338479738775,0.000999000999000999,22.92349832890616
SARS-CoV-2,ORF1ab,6742,19,1,0.011505377000699517,0.004368101446750096,0.0006834278511854891,0.005560449432053162,0.006474863848730277,0.000999000999000999,10.443348982001458
SARS-CoV-2,ORF1ab,6751,19,1,0.012644842199907394,0.00427440224217378,0.0006995533005444188,0.005470221768241948,0.006305842493810142,0.000999000999000999,11.965406997893403
SARS-CoV-2,ORF1ab,6760,19,1,0.01071065016880212,0.004340360409762909,0.0006735056507461875,0.005486994089513671,0.006377451065932766,0.000999000999000999,9.458405808446397
SARS-CoV-2,ORF1ab,6769,19,1,0.17952456113469636,0.00416214599035195,0.0006969380977482747,0.005313815447115802,0.006366957901140562,0.000999000999000999,251.61835134414352
SARS-CoV-2,ORF1ab,6778,19,1,0.01584000272638612,0.004345548937641341,0.0006946745269865572,0.005498928278586474,0.006677372199611248,0.000999000999000999,16.546531277901906
SARS-CoV-2,ORF1ab,6787,19,1,0.011685872139350097,0.0043333704467682765,0.0006680761564412326,0.005455003310466213,0.006689945186314146,0.000999000999000999,11.005484362363386
SARS-CoV-2,ORF1ab,6796,19,1,0.021928565537681022,0.0043639507641543155,0.0006993892504588031,0.005531672264986619,0.006812033799771106,0.000999000999000999,25.11421895890482
SARS-CoV-2,ORF1ab,6805,19,1,0.007495347741380682,0.004231209223339008,0.000669659280966287,0.0053955864166613,0.006535766402421871,0.000999000999000999,4.874327304673019
SARS-CoV-2,ORF1ab,6814,19,1,0.022796222501435388,0.004365786642766401,0.000688248209450076,0.005533575287804332,0.0064186861323986735,0.000999000999000999,26.778763250826717
SARS-CoV-2,ORF1ab,6823,19,1,0.009053876512022743,0.004385635294657572,0.0006841142320973738,0.005542456765246654,0.006809546409634986,0.000999000999000999,6.8237744492658265
SARS-CoV-2,ORF1ab,6832,19,1,0.020556198234911525,0.004382131576955503,0.0007145826492991265,0.005604930011547167,0.007345894131052271,0.000999000999000999,22.634284045127313
SARS-CoV-2,ORF1ab,6841,19,2,0.2543035054611603,0.006220633374829394,0.0007093990417461306,0.007371468896976587,0.008724710561664916,0.000999000999000999,349.70849618811746
SARS-CoV-2,ORF1ab,6850,19,1,0.014156163649082619,0.004383784055921523,0.000727392133415985,0.005637734615297649,0.007141496285264201,0.000999000999000999,13.43481616616881
SARS-CoV-2,ORF1ab,6859,19,2,0.17427486421120086,0.006227304324069923,0.0006914909690935075,0.007378749439706063,0.008796388065538749,0.000999000999000999,243.02206015420361
SARS-CoV-2,ORF1ab,6868,19,1,0.0177967122453192,0.004315491389244256,0.0007123455028298779,0.005545267110178517,0.006788843560176063,0.000999000999000999,18.925115414527333
SARS-CoV-2,ORF1ab,6877,19,1,0.026610320194434847,0.004372870879481044,0.0006780278339419478,0.005527110907618073,0.006483034476238556,0.000999000999000999,32.797251383720855
SARS-CoV-2,ORF1ab,6886,19,1,0.016505917696948404,0.0043360907795000425,0.0006805076503980994,0.005444581169043755,0.00654268540018787,0.000999000999000999,17.883453492887213
SARS-CoV-2,ORF1ab,6895,19,1,0.02389284129083811,0.004387475096048729,0.0007130746773334728,0.00563072325994931,0.0072972518353237575,0.000999000999000999,27.353889872697863
SARS-CoV-2,ORF1ab,6904,19,1,0.016404507292226228,0.004402278506782885,0.0006966425792465674,0.005549244621274492,0.006540419354458124,0.000999000999000999,17.228675281984614
SARS-CoV-2,ORF1ab,6913,19,1,0.015543231512360747,0.004312342808373644,0.0006672114169533095,0.005429314216683553,0.007140538109187298,0.000999000999000999,16.832578727850255
SARS-CoV-2,ORF1ab,6922,19,1,0.01839654676673813,0.004354591453024274,0.0006700730248778608,0.005501047581545018,0.006505244180045245,0.000999000999000999,20.95585823093444
SARS-CoV-2,ORF1ab,6931,19,2,0.20742307560030926,0.006130645397282842,0.0007290417492907401,0.007366176110020867,0.00852661287217827,0.000999000999000999,276.1054910762751
SARS-CoV-2,ORF1ab,6940,19,1,0.015276267010598565,0.004316315795395516,0.0006642846617319768,0.005385236027805463,0.006663274926812061,0.000999000999000999,16.498877434001525
SARS-CoV-2,ORF1ab,6949,19,1,0.019630654771286064,0.004381161617336264,0.0006821548189676134,0.0055291145235130115,0.006598268400114258,0.000999000999000999,22.354885914356927
SARS-CoV-2,ORF1ab,6958,19,1,0.013815706458468972,0.004380344042504936,0.0007136486568922101,0.00559248568162416,0.006862914530993486,0.000999000999000999,13.22129919931897
SARS-CoV-2,ORF1ab,6967,19,1,0.014592419671998192,0.004351277542200932,0.0006923860533574337,0.005524135924397501,0.006584024977643493,0.000999000999000999,14.791086677926522
SARS-CoV-2,ORF1ab,6976,19,1,0.017926472907654128,0.004297291801315372,0.0007010321339808273,0.0054759012248500345,0.007306858964511786,0.000999000999000999,19.44159254005253
SARS-CoV-2,ORF1ab,6985,19,1,0.015544506364561431,0.004361065644231449,0.0006674494901034709,0.005473566196170013,0.007463411785912656,0.000999000999000999,16.75548619955688
SARS-CoV-2,ORF1ab,6994,19,1,0.017584649902034007,0.004360099626069568,0.0006861144332726436,0.005579143788499848,0.006865947836223918,0.000999000999000999,19.27455484777618
SARS-CoV-2,ORF1ab,7003,19,1,0.03995609720649397,0.004396141557828887,0.0006997172113166041,0.005621456704789525,0.006675030391138059,0.000999000999000999,50.82046728814152
SARS-CoV-2,ORF1ab,7012,19,1,0.036613606312077156,0.004378687414977793,0.0006808089151045171,0.005491874392767921,0.006505810347619291,0.000999000999000999,47.34796825060772
SARS-CoV-2,ORF1ab,7021,19,1,0.019258402108568357,0.004369615386529334,0.0006858579230556706,0.0055198935062686,0.006486852261812426,0.000999000999000999,21.708266714636334
SARS-CoV-2,ORF1ab,7030,19,1,0.11174247887074094,0.0042727754264367404,0.000702528758077593,0.005483392438167239,0.00699707199089433,0.000999000999000999,152.97552193932304
SARS-CoV-2,ORF1ab,7039,19,1,0.0170317315644728,0.004349711047948169,0.000682552420391336,0.005464717701194689,0.007207284747740104,0.000999000999000999,18.580287956862705
SARS-CoV-2,ORF1ab,7048,19,1,0.009211273294689955,0.004381281542323164,0.0006826311918306042,0.005555124745483102,0.0066918874737112955,0.000999000999000999,7.07555091265938
SARS-CoV-2,ORF1ab,7057,19,1,0.011430764230347498,0.004295525786458713,0.0006570465480058933,0.0054091667461681325,0.00653681648046963,0.000999000999000999,10.859563094188552
SARS-CoV-2,ORF1ab,7066,19,1,0.010658446396511385,0.004336186663737794,0.0006683990933057427,0.005470278946035766,0.0065028073313815144,0.000999000999000999,9.45880955868028
SARS-CoV-2,ORF1ab,7075,19,1,0.01062106341912241,0.0042691906317335986,0.0006952119200391106,0.005460675637468907,0.006570454121919812,0.000999000999000999,9.136599365315075
SARS-CoV-2,ORF1ab,7084,19,1,0.0061452120017337335,0.004028624743621176,0.0006790892710565893,0.005207170770925606,0.006179470576628325,0.001998001998001998,3.116802677237674
SARS-CoV-2,ORF1ab,7093,19,1,0.017648340284871215,0.004339836593312638,0.0006875772010149784,0.005494993513166599,0.006359682305448996,0.000999000999000999,19.355650059241363
SARS-CoV-2,ORF1ab,7102,19,1,0.011454959717062112,0.004116260905801383,0.0006798997530223469,0.005250840574447658,0.006718731040661191,0.000999000999000999,10.79379537738929
SARS-CoV-2,ORF1ab,7111,19,1,0.013193263002434955,0.004107362628452006,0.0006776884934576221,0.005275825564683919,0.006520740415071539,0.000999000999000999,13.407192923736899
SARS-CoV-2,ORF1ab,7120,19,1,0.016734478242884477,0.0043281727451030955,0.0006777167619270538,0.005459346848055323,0.006526787950936445,0.000999000999000999,18.306033131753555
SARS-CoV-2,ORF1ab,7129,19,1,0.01565033637231855,0.0042683309083506385,0.0006697773630269648,0.005459011752502473,0.006940238293595127,0.000999000999000999,16.993714765946304
SARS-CoV-2,ORF1ab,7138,19,1,0.015257263636580724,0.004198555690290645,0.0006920550539775216,0.005344941588489686,0.00649123459737743,0.000999000999000999,15.979520534863795
SARS-CoV-2,ORF1ab,7147,19,1,0.009896270030482764,0.004349136027698709,0.00068067532456308,0.005489985772669892,0.0068006473763083585,0.000999000999000999,8.14945658026419
SARS-CoV-2,ORF1ab,7156,19,2,0.08445949078030629,0.006100036273481601,0.0006778804375410162,0.007228008233875482,0.008489368044095967,0.000999000999000999,115.59480133557244
SARS-CoV-2,ORF1ab,7165,19,1,0.009884160863239407,0.004198479774742484,0.0006605262879370521,0.005357178778203993,0.006545702710651852,0.000999000999000999,8.607804401327273
SARS-CoV-2,ORF1ab,7174,19,1,0.008441953227340721,0.004026171392533332,0.0006986060979862271,0.005252084267351359,0.006177905227181723,0.000999000999000999,6.3208463933196954
SARS-CoV-2,ORF1ab,7183,19,1,0.007156536444978326,0.004034312011727321,0.000676802440675705,0.005221062446736733,0.006264562573397842,0.000999000999000999,4.613199134054308
SARS-CoV-2,ORF1ab,7192,19,1,0.010507288410278808,0.004204290363621449,0.0006791779513545211,0.00531316061544474,0.0065647668897390555,0.000999000999000999,9.280333724154252
SARS-CoV-2,ORF1ab,7201,19,1,0.010814986054860358,0.00421088457058512,0.0006633725930297694,0.005348391935202438,0.006612131201533541,0.000999000999000999,9.955342674186834
SARS-CoV-2,ORF1ab,7210,19,1,0.007464697286062119,0.004243363998525563,0.0006759146667407406,0.005431193696739562,0.006401830031076683,0.000999000999000999,4.765887538836551
SARS-CoV-2,ORF1ab,7219,19,1,0.007780596599419147,0.004244493012012815,0.0006969172392078453,0.005457481451886263,0.00683778163489161,0.000999000999000999,5.073921820940551
SARS-CoV-2,ORF1ab,7228,19,1,0.011879506889256914,0.003900325247138187,0.0006427030854703203,0.0050367158339668025,0.005737894970521182,0.000999000999000999,12.415035531188845
SARS-CoV-2,ORF1ab,7237,19,1,0.008667694274431537,0.004038771539189653,0.000669058717331446,0.005193523393112209,0.006477516412175233,0.000999000999000999,6.91855978456485
SARS-CoV-2,ORF1ab,7246,19,1,0.016053307566431876,0.004174817435048062,0.0006773150830497079,0.005397822959317294,0.0061652817423206085,0.000999000999000999,17.537613481009778
SARS-CoV-2,ORF1ab,7255,19,1,0.03109592559367278,0.00439897488888038,0.0007141338748559981,0.00562016843321685,0.0068280629885940775,0.000999000999000999,37.38367782956063
SARS-CoV-2,ORF1ab,7264,19,1,0.016619472860913503,0.0041438390871100005,0.0006832132912197573,0.005289772847884537,0.0066628986519039445,0.000999000999000999,18.26023283524015
SARS-CoV-2,ORF1ab,7273,19,1,0.014603745779263362,0.004101527887486195,0.0006991999601763466,0.005318555785673954,0.006346318655409772,0.000999000999000999,15.020335368909892
SARS-CoV-2,ORF1ab,7282,19,1,0.017464944939545955,0.0042562388375418534,0.0006713400048666497,0.0053332228097882515,0.006633026855000793,0.000999000999000999,19.675136303887903
SARS-CoV-2,ORF1ab,7291,19,1,0.010933559359911102,0.004268902639748961,0.0006863901075752827,0.005387352955931947,0.007307650747018303,0.000999000999000999,9.7097214056675
SARS-CoV-2,ORF1ab,7300,19,1,0.01121984159110307,0.004151973886947925,0.0006692967399332464,0.005339500166848341,0.00711164438489224,0.000999000999000999,10.5601406408465
SARS-CoV-2,ORF1ab,7309,19,1,0.011956080414554647,0.0040743533788565834,0.0006733192625713399,0.005261467960792847,0.005964377158638371,0.000999000999000999,11.705779819217595
SARS-CoV-2,ORF1ab,7318,19,1,0.022524182033563385,0.004268216499606188,0.0006698397200350282,0.005400352533022543,0.006263828587340011,0.000999000999000999,27.254229613320824
SARS-CoV-2,ORF1ab,7327,19,1,0.017466953324484117,0.004364326819908641,0.0007208653391277386,0.005646686545989941,0.006865574963898904,0.000999000999000999,18.17624706499263
SARS-CoV-2,ORF1ab,7336,19,1,0.010771344550203952,0.0042726031168281884,0.0006451783182015981,0.005376809536017727,0.006661739390079943,0.000999000999000999,10.07278336862075
SARS-CoV-2,ORF1ab,7345,19,1,0.011041611177138578,0.0041675144531628855,0.0006989872840672247,0.005338497566162497,0.007013092889008442,0.000999000999000999,9.834365918614594
SARS-CoV-2,ORF1ab,7354,19,1,0.010956290043140067,0.0041898372125383,0.0006844325265411025,0.00539227162696291,0.006104835202854874,0.000999000999000999,9.886223357614519
SARS-CoV-2,ORF1ab,7363,19,1,0.011244523469479633,0.004266330954476529,0.0006783614134430629,0.005390297319502347,0.006992220104865287,0.000999000999000999,10.286835861705166
SARS-CoV-2,ORF1ab,7372,19,1,0.010602915294901975,0.004260776457643869,0.0006786329204178653,0.0054078545016832055,0.006884074569202636,0.000999000999000999,9.3454629836598
SARS-CoV-2,ORF1ab,7381,19,1,0.009882530114151501,0.004101457824913247,0.0006983662450868786,0.005368120988849345,0.006511010562922157,0.000999000999000999,8.27799500607174
SARS-CoV-2,ORF1ab,7390,19,1,0.009552140763199917,0.0040544592517195496,0.0006734332805885648,0.0051607542992784415,0.0061451693166867235,0.000999000999000999,8.163661746380463
SARS-CoV-2,ORF1ab,7399,19,1,0.009653213439425762,0.004084089178708972,0.0006555659772054923,0.005191361953004296,0.006154768180980945,0.000999000999000999,8.495139245109275
SARS-CoV-2,ORF1ab,7408,19,1,0.012127246872187379,0.0043334349434201065,0.0006756394586654353,0.005478502623859052,0.00650158065009361,0.000999000999000999,11.535459968785853
SARS-CoV-2,ORF1ab,7417,19,1,0.009958413187571005,0.004169281656095529,0.000698146119029432,0.005327062816957183,0.006559444137636558,0.000999000999000999,8.29214884059453
SARS-CoV-2,ORF1ab,7426,19,1,0.012912344144478402,0.00420425700149509,0.0006927419643437735,0.005331236942315927,0.006514618306690629,0.000999000999000999,12.57046287246707
SARS-CoV-2,ORF1ab,7435,19,1,0.006848318319043783,0.004145518445434818,0.0006690889172851688,0.005291687729051164,0.0063514628006413505,0.000999000999000999,4.039522705854383
SARS-CoV-2,ORF1ab,7444,19,1,0.020505034433437885,0.004313308057027744,0.0006770190431965116,0.005456662642582104,0.006394487436173395,0.000999000999000999,23.916205222177673
SARS-CoV-2,ORF1ab,7453,19,1,0.007445055560727603,0.003983320354357078,0.0006546924578447309,0.005070618529563893,0.0062677606104690285,0.000999000999000999,5.287574593064156
SARS-CoV-2,ORF1ab,7462,19,1,0.02798488342291549,0.004331275690819239,0.0006886979107068091,0.00549194402965133,0.006968492972224812,0.000999000999000999,34.34540364413275
SARS-CoV-2,ORF1ab,7471,19,1,0.02255812461056723,0.004305091134438623,0.0006693764282239471,0.00544601233673056,0.006211824510811819,0.000999000999000999,27.26871265030841
SARS-CoV-2,ORF1ab,7480,19,1,0.023214514111319105,0.004373640365577561,0.0007109639032357215,0.005566165582552217,0.006870293107036457,0.000999000999000999,26.500464594606594
SARS-CoV-2,ORF1ab,7489,19,1,0.022081331130783304,0.004282507238106472,0.000674923850675248,0.005479409030586663,0.0065108403388001125,0.000999000999000999,26.371603070286316
SARS-CoV-2,ORF1ab,7498,19,1,0.01371662067370504,0.004376485437620487,0.0006817836180618294,0.0055403631879478695,0.00677838676756479,0.000999000999000999,13.69955949167074
SARS-CoV-2,ORF1ab,7507,19,1,0.015194158960948506,0.004296458702351123,0.0006774946368722338,0.005455915671990915,0.007029182087418197,0.000999000999000999,16.085293765436166
SARS-CoV-2,ORF1ab,7516,19,1,0.014506676519666308,0.004224721091073838,0.0006519381848167933,0.005355391357887769,0.0064561425015764356,0.000999000999000999,15.771365549759736
SARS-CoV-2,ORF1ab,7525,19,1,0.01712459937707231,0.004300046459834647,0.0007087096844391426,0.005536049763452656,0.006594483295582641,0.000999000999000999,18.095636617956952
SARS-CoV-2,ORF1ab,7534,19,1,0.00550349064978751,0.003949504251925583,0.0006666361917798925,0.005094770468888652,0.006431589621385548,0.01898101898101898,2.3310861561728955
SARS-CoV-2,ORF1ab,7543,19,1,0.0231506620566625,0.004304473754302993,0.0007211542753480712,0.005494454662039402,0.007411584351943718,0.000999000999000999,26.1333655593503
SARS-CoV-2,ORF1ab,7552,19,1,0.007696513484130069,0.004278902614000869,0.0006851462215431551,0.005456360447582675,0.006507476683446914,0.000999000999000999,4.988148168476671
SARS-CoV-2,ORF1ab,7561,19,1,0.03431626012283799,0.004361257770799279,0.0007005846018507979,0.005534588016778136,0.007329972790387658,0.000999000999000999,42.75715205972821
SARS-CoV-2,ORF1ab,7570,19,2,0.3823640153615957,0.006149596596410421,0.0006997301823064767,0.00731427169739676,0.008337658723791459,0.000999000999000999,537.6564113971664
SARS-CoV-2,ORF1ab,7579,19,1,0.015959928687240874,0.0043531308361406595,0.0006571813838969586,0.005426495063315035,0.006687356945742213,0.000999000999000999,17.661483017480116
SARS-CoV-2,ORF1ab,7588,19,1,0.014575854964749432,0.004274093096192529,0.0006796286389854351,0.005465278980018492,0.006895974528620227,0.000999000999000999,15.15792784120399
SARS-CoV-2,ORF1ab,7597,19,1,0.02047892735073588,0.00432304794291068,0.0006791723099037122,0.00543881285032054,0.006953161032116114,0.000999000999000999,23.78760024847841
SARS-CoV-2,ORF1ab,7606,19,1,0.006493641698434785,0.004104420712932354,0.0006898004070748969,0.005271014988748264,0.006297804546774318,0.000999000999000999,3.4636410199204413
SARS-CoV-2,ORF1ab,7615,19,1,0.01295981545681257,0.004125839784093979,0.0006462855914655807,0.0052443911675365065,0.006132048259542161,0.000999000999000999,13.668842055856139
SARS-CoV-2,ORF1ab,7624,19,1,0.007617972982042105,0.00398424014617993,0.0006586173291349561,0.0051512073082911345,0.006111272747085589,0.000999000999000999,5.51721413196766
SARS-CoV-2,ORF1ab,7633,19,1,0.04399239149135602,0.004345518755963759,0.0006478092350648039,0.005450422908329239,0.006702193529557129,0.000999000999000999,61.201462698237336
SARS-CoV-2,ORF1ab,7642,19,1,0.01744741965119777,0.004173605595602462,0.0006753383446052608,0.005301593988194905,0.006997818936461862,0.000999000999000999,19.655057589472328
SARS-CoV-2,ORF1ab,7651,19,1,0.00957947766881639,0.004163737469672368,0.0006381355204841314,0.0052369883302204245,0.006438689459340427,0.000999000999000999,8.486818278091286
SARS-CoV-2,ORF1ab,7660,19,1,0.01953793601243381,0.0043430793237313504,0.0006703473427571812,0.005431615795020553,0.006520209442176794,0.000999000999000999,22.667139435811066
SARS-CoV-2,ORF1ab,7669,19,1,0.026144615724826584,0.004317134286069574,0.0006577364354561128,0.005458381609729509,0.006510436838653168,0.000999000999000999,33.185756880901025
SARS-CoV-2,ORF1ab,7678,19,1,0.015745663522497802,0.00436069943422731,0.0007038163255659519,0.005516572105702841,0.006776170861399565,0.000999000999000999,16.17604433815261
SARS-CoV-2,ORF1ab,7687,19,1,0.012143487685593294,0.004235441914789485,0.0006581692396723882,0.005374167127863027,0.006360195859488608,0.000999000999000999,12.015216291086675
SARS-CoV-2,ORF1ab,7696,19,1,0.012424949144646731,0.004085600406340609,0.0006537372486387164,0.005256951259684385,0.006225923951700939,0.000999000999000999,12.756422791681569
SARS-CoV-2,ORF1ab,7705,19,1,0.007369086050669384,0.004134854159634159,0.0006853649619496668,0.005327890838103334,0.00681912507751426,0.000999000999000999,4.718992172921655
SARS-CoV-2,ORF1ab,7714,19,1,0.12953626562944573,0.00424529739427766,0.0007294715828569374,0.005459273007405078,0.006689668297782421,0.000999000999000999,171.7557903276678
SARS-CoV-2,ORF1ab,7723,19,1,0.008603280159706246,0.0041908746291439555,0.0006530294058659522,0.005308662013873363,0.006675143984257283,0.000999000999000999,6.756825176518969
SARS-CoV-2,ORF1ab,7732,19,1,0.012509565612297888,0.004263519828180215,0.0006946907743360457,0.005462969472573569,0.006840518516827623,0.000999000999000999,11.870095427708645
SARS-CoV-2,ORF1ab,7741,19,1,0.006521126577030064,0.004123696841152757,0.0006921352587365687,0.005334144550767021,0.006399902459170812,0.000999000999000999,3.463816798256458
SARS-CoV-2,ORF1ab,7750,19,1,0.02192684850352529,0.004379648728038083,0.0006646823426878397,0.005465794593008935,0.007874012784264726,0.000999000999000999,26.399377038556366
SARS-CoV-2,ORF1ab,7759,19,2,0.05296099352892162,0.006080331242794602,0.0006871208595528173,0.0072187777025473476,0.008503839152380002,0.000999000999000999,68.22768023173863
SARS-CoV-2,ORF1ab,7768,19,1,0.013975511209887478,0.0040995270449873025,0.0007020887532286723,0.005312811854428861,0.006604964167014458,0.000999000999000999,14.06657508681604
SARS-CoV-2,ORF1ab,7777,19,1,0.020163914570556187,0.004284694664747911,0.0006674559547257442,0.005425444019704529,0.0067179055821167,0.000999000999000999,23.79066332898776
SARS-CoV-2,ORF1ab,7786,19,1,0.005405031602961913,0.004176321799158375,0.0006638864035458198,0.005376161471736324,0.006318107447148939,0.04495504495504495,1.8507832021276447
SARS-CoV-2,ORF1ab,7795,19,1,0.012571474010153771,0.004222915472900037,0.0006806961351108024,0.005451750113544497,0.0069005637875145225,0.000999000999000999,12.264736211400365
SARS-CoV-2,ORF1ab,7804,19,1,0.022672951589598977,0.004316144870495302,0.0006969555172776507,0.005439654643918501,0.006810148761350103,0.000999000999000999,26.33856288390749
SARS-CoV-2,ORF1ab,7813,19,1,0.014698306235857925,0.0043337883724304535,0.000654195196986858,0.005399902363009919,0.006494255059570011,0.000999000999000999,15.84315799193445
SARS-CoV-2,ORF1ab,7822,19,1,0.01794894295964077,0.004403398586256053,0.0007098795449683961,0.0055636372281064154,0.006651670706491723,0.000999000999000999,19.08146877790057
SARS-CoV-2,ORF1ab,7831,19,1,0.017195555873077934,0.0043401768853146,0.0006849425379835407,0.005527453175276075,0.007658450785031747,0.000999000999000999,18.768551046061987
SARS-CoV-2,ORF1ab,7840,19,1,0.015266308055227102,0.004367719780545742,0.0006910101624982051,0.005562383417955287,0.006598688206969296,0.000999000999000999,15.771965256313678
SARS-CoV-2,ORF1ab,7849,19,1,0.011789740951130452,0.0042304029153552355,0.0006579382812399164,0.005329264705825587,0.007284162087428486,0.000999000999000999,11.489433357684067
SARS-CoV-2,ORF1ab,7858,19,1,0.011957866403510964,0.004343437362330416,0.0006825816102484588,0.0054819009121366054,0.006599323456966839,0.000999000999000999,11.155338683104729
SARS-CoV-2,ORF1ab,7867,19,1,0.02416061978842515,0.004401048173797534,0.0007357645957547116,0.005687716767871829,0.006665596639246622,0.000999000999000999,26.855833684630078
SARS-CoV-2,ORF1ab,7876,19,1,0.010253534842616777,0.004229754514852837,0.0006728724678935341,0.00540481260048692,0.006328918462260479,0.000999000999000999,8.95233586629236
SARS-CoV-2,ORF1ab,7885,19,1,0.011849424282955068,0.004273332352571334,0.000672528569072334,0.00533157191118619,0.00738839001789094,0.000999000999000999,11.265085646597841
SARS-CoV-2,ORF1ab,7894,19,1,0.009051313931768305,0.004202317164880378,0.0007050776253187511,0.005381258413655575,0.007024987109025432,0.000999000999000999,6.87725236593034
SARS-CoV-2,ORF1ab,7903,19,1,0.03462653768539397,0.004344325832619025,0.0006788765588355481,0.0055060049395128825,0.007406387206432791,0.000999000999000999,44.60635951949336
SARS-CoV-2,ORF1ab,7912,19,1,0.011484678771717351,0.004322495031672246,0.0006639669601795153,0.0054592344449708756,0.0068198334720230526,0.000999000999000999,10.7869580409674
SARS-CoV-2,ORF1ab,7921,19,1,0.006232520382984068,0.004021443992211274,0.0006584132103968545,0.0050852805550897434,0.006180610198906678,0.000999000999000999,3.3581895925813545
SARS-CoV-2,ORF1ab,7930,19,1,0.010431470083976923,0.004150009579827393,0.0006782566421039759,0.005346335388337026,0.006412569854408294,0.000999000999000999,9.261185389448187
SARS-CoV-2,ORF1ab,7939,19,1,0.016392941120953537,0.004337095228768416,0.0006862973034289021,0.0054683900039559676,0.0072899706222751375,0.000999000999000999,17.566506282264683
SARS-CoV-2,ORF1ab,7948,19,1,0.010893368599975696,0.004169913548716268,0.0006736175712279235,0.0052843038164581396,0.0065967442054627986,0.000999000999000999,9.981115900826907
SARS-CoV-2,ORF1ab,7957,19,1,0.00785120454834509,0.004022986403890767,0.0006692156227980073,0.005212008074042757,0.006249326622500843,0.000999000999000999,5.720455431761212
SARS-CoV-2,ORF1ab,7966,19,1,0.014628599044860746,0.004218140742710183,0.0006483583174554362,0.005384937106429768,0.006383646154198432,0.000999000999000999,16.05664340515861
SARS-CoV-2,ORF1ab,7975,19,1,0.00978741885648881,0.004388850341488532,0.0006764547044939119,0.005530983230780948,0.006501727004101396,0.000999000999000999,7.980679976258284
SARS-CoV-2,ORF1ab,7984,19,1,0.046001184632272166,0.004363542071717959,0.0007091748353139462,0.005553650955778592,0.006985550086433111,0.000999000999000999,58.71280322872927
SARS-CoV-2,ORF1ab,7993,19,1,0.011682138021424251,0.004370204385440944,0.0006897647160508384,0.005537641538406077,0.006893524621785047,0.000999000999000999,10.600619987996588
SARS-CoV-2,ORF1ab,8002,19,1,0.0075931485201370325,0.00388865875374113,0.0006117570782957322,0.004867206823333241,0.0057039341192147725,0.000999000999000999,6.055491465200667
SARS-CoV-2,ORF1ab,8011,19,1,0.00551691595100734,0.004114767348828575,0.0006646845397057171,0.0052465632946182865,0.0065184886854740475,0.02097902097902098,2.1094948331422816
SARS-CoV-2,ORF1ab,8020,19,2,0.37492317489446697,0.006173567975529354,0.0006850561998921537,0.007294856573611323,0.008294791226316585,0.000999000999000999,538.276431885426
SARS-CoV-2,ORF1ab,8029,19,1,0.008336938158450088,0.004299555878900478,0.0006892990350409791,0.005503893281688478,0.0064971448746009965,0.000999000999000999,5.857228973647971
SARS-CoV-2,ORF1ab,8038,19,1,0.037619857627688776,0.004340783697057499,0.0006891126177102582,0.005500602139604346,0.00676111314996523,0.000999000999000999,48.292649235198986
SARS-CoV-2,ORF1ab,8047,19,1,0.015465985923366113,0.004376184595850825,0.0006557368023807389,0.005481001954212359,0.0065772549523582715,0.000999000999000999,16.911970301578776
SARS-CoV-2,ORF1ab,8056,19,1,0.043145284079923935,0.004391068256217746,0.0007046175417093182,0.005571971238154617,0.006869613438578602,0.000999000999000999,55.00035626375846
SARS-CoV-2,ORF1ab,8065,19,1,0.0051727450769249285,0.004100219058173259,0.0006766943441997076,0.0053033769775221035,0.006473348872468061,0.07992007992007992,1.5849489920299127
SARS-CoV-2,ORF1ab,8074,19,1,0.013622419039051346,0.004277581769641563,0.0006440211270732167,0.005388293616271824,0.006511845803910348,0.000999000999000999,14.510140858076847
SARS-CoV-2,ORF1ab,8083,19,1,0.020767615333885537,0.004316254597853472,0.0006767816237657518,0.0054722391075458,0.007105062132340397,0.000999000999000999,24.30822610769678
SARS-CoV-2,ORF1ab,8092,19,1,0.029360217822881205,0.004415798668539443,0.000706271626938559,0.005600151768404206,0.0068462146054392185,0.000999000999000999,35.31845001684
SARS-CoV-2,ORF1ab,8101,19,1,0.012814741705889626,0.004351848819289053,0.0006922008776214131,0.005499773347788347,0.006891267691446389,0.000999000999000999,12.226064947622332
SARS-CoV-2,ORF1ab,8110,19,1,0.010434657567909,0.0041232734247442305,0.000659196410225356,0.0052533868003043355,0.00622579677297556,0.000999000999000999,9.574360608255025
SARS-CoV-2,ORF1ab,8119,19,1,0.009280989569237801,0.004321239212320592,0.0006489544573676149,0.005396802069007132,0.006543411690243394,0.000999000999000999,7.642678620369883
SARS-CoV-2,ORF1ab,8128,19,2,0.5409441371832531,0.006005705709118457,0.0007175629572984839,0.007261507590264549,0.008669039174457749,0.000999000999000999,745.4933759235524
SARS-CoV-2,ORF1ab,8137,19,1,0.00793293259104561,0.004144398218935652,0.0006812541618786049,0.005282218145689326,0.0066847054611527314,0.000999000999000999,5.561117398039545
SARS-CoV-2,ORF1ab,8146,19,1,0.008379790225455885,0.004112318946957433,0.0006652633261183575,0.0052491276089849,0.0062187093451846285,0.000999000999000999,6.414709951618801
SARS-CoV-2,ORF1ab,8155,19,1,0.007139299152616768,0.004067949461240088,0.0006717146629071022,0.005203235497938377,0.006780160057714259,0.000999000999000999,4.572402332389529
SARS-CoV-2,ORF1ab,8164,19,1,0.009942693248092377,0.004087762543278891,0.0006450296875950839,0.005125697627115914,0.0061732727690802045,0.000999000999000999,9.076994156102947
SARS-CoV-2,ORF1ab,8173,19,1,0.006664155654049432,0.004227067404764416,0.0006991332037946789,0.005392501568793021,0.006415213141974817,0.000999000999000999,3.485871127357784
SARS-CoV-2,ORF1ab,8182,19,1,0.004657814353394164,0.003999160909817688,0.0006557243426717943,0.00508901269000509,0.006486237422255239,0.16383616383616384,1.0044669699049866
SARS-CoV-2,ORF1ab,8191,19,1,0.006920246960091791,0.004143143986405716,0.0006748826307526428,0.005264850728023054,0.006420602620244638,0.000999000999000999,4.114942135329507
SARS-CoV-2,ORF1ab,8200,19,1,0.009103267116148207,0.0041648619317571816,0.0007082239660697184,0.005424554331480052,0.006722862311644386,0.000999000999000999,6.972942770909963
SARS-CoV-2,ORF1ab,8209,19,1,0.010521214936943551,0.0042968826350453905,0.0006906363021771375,0.005490281252313737,0.0069543682538936525,0.000999000999000999,9.012460367746085
SARS-CoV-2,ORF1ab,8218,19,1,0.012669833288032768,0.004182613871334867,0.0006747559331815823,0.0053035235546118374,0.006448336431725789,0.000999000999000999,12.578206428922087
SARS-CoV-2,ORF1ab,8227,19,1,0.006463077386319361,0.00414690305992408,0.0006834288106535187,0.005287771310483502,0.006680383265034018,0.001998001998001998,3.389049876578182
SARS-CoV-2,ORF1ab,8236,19,1,0.008718056119331019,0.004103168462540465,0.0006960359588851937,0.005252514882872105,0.006223768768420285,0.000999000999000999,6.6302431618360504
SARS-CoV-2,ORF1ab,8245,19,1,0.02324255031135587,0.004329604982738398,0.0006810537839712412,0.005509436761071871,0.006577417978493482,0.000999000999000999,27.770120031248673
SARS-CoV-2,ORF1ab,8254,19,1,0.01431641232758272,0.004240369745613813,0.0006614019671854084,0.005325332532871788,0.006483938709629311,0.000999000999000999,15.23437044623172
SARS-CoV-2,ORF1ab,8263,19,1,0.006863911450412904,0.004053853007824369,0.0006804532851658092,0.005185136143368635,0.0063902023329193754,0.000999000999000999,4.129686054647815
SARS-CoV-2,ORF1ab,8272,19,1,0.005014436196038962,0.004181341937650451,0.0006591502577956903,0.005297895821328167,0.006588121052683285,0.1018981018981019,1.2638912729466547
SARS-CoV-2,ORF1ab,8281,19,1,0.007954838931038039,0.004285212477652456,0.000691419895443943,0.005456901639074985,0.006824633855771519,0.000999000999000999,5.307377582806479
SARS-CoV-2,ORF1ab,8290,19,1,0.007821918581715053,0.004214488150143714,0.000690903195694235,0.005404081765062913,0.006615272310914331,0.000999000999000999,5.221325439009603
SARS-CoV-2,ORF1ab,8299,19,1,0.008066803780452152,0.004232742364981979,0.0006989980620052183,0.005402663713052644,0.006420310469292544,0.000999000999000999,5.485081610199872
SARS-CoV-2,ORF1ab,8308,19,1,0.03441520845046881,0.0042655872535343215,0.0006903892005270303,0.005437998850446355,0.006827367155558573,0.000999000999000999,43.67047047363839
SARS-CoV-2,ORF1ab,8317,19,1,0.013717983327468456,0.004286400974588283,0.0006612815165063411,0.005349667220254499,0.006675850825891869,0.000999000999000999,14.262582754027019
SARS-CoV-2,ORF1ab,8326,19,2,0.10589535099670357,0.006197728956529796,0.0007043975430203742,0.007373378988900569,0.00861907280447736,0.000999000999000999,141.53601617160962
SARS-CoV-2,ORF1ab,8335,19,1,0.08376153700699575,0.004331994604393702,0.0006930449309454504,0.005455879371522976,0.006853048958800194,0.000999000999000999,114.60951354805299
SARS-CoV-2,ORF1ab,8344,19,1,0.008355263040816534,0.004297423164130168,0.0006713809111107713,0.005445521609101778,0.006789156175161801,0.000999000999000999,6.044020331130419
SARS-CoV-2,ORF1ab,8353,19,1,0.04832254297001842,0.004384306240001525,0.000697575672197388,0.005545899200090036,0.006620528919721942,0.000999000999000999,62.987054281308154
SARS-CoV-2,ORF1ab,8362,19,1,0.007532481840404862,0.00426306572560829,0.0006778785293970073,0.005411333767992518,0.006530121540174572,0.000999000999000999,4.8230117536025405
SARS-CoV-2,ORF1ab,8371,19,1,0.013427423931662607,0.004339727403125479,0.0006735010212060228,0.005487424914266248,0.006431412459883468,0.000999000999000999,13.493218632785439
SARS-CoV-2,ORF1ab,8380,19,1,0.016719018313401023,0.004372873257432601,0.0006782987493748206,0.005505486259037607,0.006587702335615663,0.000999000999000999,18.20163322923374
SARS-CoV-2,ORF1ab,8389,19,1,0.015061844756367503,0.004382635403732945,0.0007024018619458599,0.005589189666180239,0.0069452744485314685,0.000999000999000999,15.203845449740133
SARS-CoV-2,ORF1ab,8398,19,1,0.01197411538414269,0.0042812192513059025,0.0006693901243371786,0.005494020557684313,0.006816210871749521,0.000999000999000999,11.49239561975043
SARS-CoV-2,ORF1ab,8407,19,1,0.010750867965672687,0.004243589038120188,0.000668760692255268,0.005346866444647905,0.006289746128244881,0.000999000999000999,9.730354972879672
SARS-CoV-2,ORF1ab,8416,19,1,0.01477938980164861,0.0043842163000868475,0.0006974784990743984,0.005595513745076902,0.007437773767900559,0.000999000999000999,14.90393397840488
SARS-CoV-2,ORF1ab,8425,19,1,0.005766086045874282,0.0042404244723590065,0.0006642320757912694,0.005361996237885917,0.006562067561710557,0.011988011988011988,2.2968803060253067
SARS-CoV-2,ORF1ab,8434,19,1,0.009223514094061393,0.004220128825664481,0.000678923528993415,0.005385665386942177,0.006878936053033579,0.000999000999000999,7.3695859028704245
SARS-CoV-2,ORF1ab,8443,19,1,0.007903082633904511,0.004216022698219737,0.0006565690106424679,0.005300866956013945,0.006938708463830201,0.000999000999000999,5.6156472144137615
SARS-CoV-2,ORF1ab,8452,19,1,0.008252142054425055,0.004223966063883712,0.0006720385880177767,0.005388787500744291,0.00630322346117031,0.000999000999000999,5.993965320388404
SARS-CoV-2,ORF1ab,8461,19,1,0.01233671783320707,0.004385266612887211,0.0006791894588209132,0.00551990642767697,0.00659943295867079,0.000999000999000999,11.707265354388362
SARS-CoV-2,ORF1ab,8470,19,1,0.028389185187202806,0.004384111252110781,0.0006760233399754154,0.005562548881087197,0.006521382635237525,0.000999000999000999,35.509238388078444
SARS-CoV-2,ORF1ab,8479,19,1,0.011108262999759278,0.0043277734036755435,0.0006843823404748903,0.005454364333574237,0.006499107795765248,0.000999000999000999,9.907458441108778
SARS-CoV-2,ORF1ab,8488,19,1,0.011487997196205734,0.004273939084839556,0.0006548791948320842,0.005376235628205044,0.007059149285411319,0.000999000999000999,11.015860892047295
SARS-CoV-2,ORF1ab,8497,19,1,0.011782619959224243,0.004276207644934623,0.0006705039725613103,0.005382895367888397,0.006571357680254464,0.000999000999000999,11.195179479124176
SARS-CoV-2,ORF1ab,8506,19,1,0.023839676101071114,0.004328082574106868,0.0006900637646243043,0.005515481745134227,0.006576800828399448,0.000999000999000999,28.275058809365337
SARS-CoV-2,ORF1ab,8515,19,1,0.010574259100627368,0.004281148422733513,0.0006831038169692941,0.005472890115408051,0.006518210487827797,0.000999000999000999,9.212524541019706
SARS-CoV-2,ORF1ab,8524,19,1,0.006113289133717389,0.004106122824756728,0.000668589887067656,0.005235431526929742,0.006395211565497027,0.003996003996003996,3.002088945382974
SARS-CoV-2,ORF1ab,8533,19,1,0.030163289528372845,0.004413315487558666,0.0007064857788320623,0.005600040770944869,0.006477323793230929,0.000999000999000999,36.44797222016718
SARS-CoV-2,ORF1ab,8542,19,2,0.19054089323891193,0.0061076896749771,0.0006829920237803482,0.007304203328459201,0.008633427175254537,0.000999000999000999,270.0371265583754
SARS-CoV-2,ORF1ab,8551,19,1,0.013006257582034378,0.004305605533639453,0.0006875016235835025,0.005447386178976807,0.0066540258038064815,0.000999000999000999,12.655464001734334
SARS-CoV-2,ORF1ab,8560,19,1,0.021230722757014545,0.004395276218492219,0.0007067610336424084,0.005596900082413248,0.006912830125952755,0.000999000999000999,23.820564147061283
SARS-CoV-2,ORF1ab,8569,19,1,0.012413865630005317,0.004313192436016876,0.0006680720153302548,0.005450859487269362,0.006250372957308177,0.000999000999000999,12.125449065523203
SARS-CoV-2,ORF1ab,8578,19,1,0.008138158557289102,0.004332440303834368,0.0006608350992831093,0.005443070907705159,0.006822856647251613,0.000999000999000999,5.758952963580889
SARS-CoV-2,ORF1ab,8587,19,1,0.010657279759320234,0.004312237006588676,0.000668364564740463,0.005415079931525038,0.006779105684778191,0.000999000999000999,9.49338592657952
SARS-CoV-2,ORF1ab,8596,19,1,0.027590287743178954,0.00435744663216073,0.0006641303489628609,0.005502463121434338,0.006426061925163491,0.000999000999000999,34.98235120153715
SARS-CoV-2,ORF1ab,8605,19,1,0.008456082412232144,0.004320758127157313,0.0006572793609281811,0.005435544065887822,0.00644069737783962,0.000999000999000999,6.291577875250955
SARS-CoV-2,ORF1ab,8614,19,1,0.02299367709109973,0.004347435660068936,0.0006652165271985591,0.005435585107956966,0.006399925115672188,0.000999000999000999,28.030333986974313
SARS-CoV-2,ORF1ab,8623,19,1,0.06390173169854817,0.004374652381868416,0.0007220137400219674,0.005651566598113695,0.006772334074784276,0.000999000999000999,82.44590929096256
SARS-CoV-2,ORF1ab,8632,19,1,0.017526865719073796,0.0042923266545381086,0.0006666388043117693,0.005407012290338079,0.006805593787489296,0.000999000999000999,19.85263830868484
SARS-CoV-2,ORF1ab,8641,19,1,0.008596233696281617,0.0041310871795938,0.0006664209554061299,0.005261992402978306,0.005942091986104974,0.000999000999000999,6.700189242948806
SARS-CoV-2,ORF1ab,8650,19,1,0.011194411032968437,0.004267380302970352,0.0006698059815811764,0.00539769717598358,0.006447258024042835,0.000999000999000999,10.34184662496713
SARS-CoV-2,ORF1ab,8659,19,1,0.006861842485075691,0.004073345498816566,0.000657629599695179,0.005192284798179865,0.006261029034691872,0.000999000999000999,4.240224265379227
SARS-CoV-2,ORF1ab,8668,19,1,0.008138815345804061,0.004258535444923916,0.0006633952195840107,0.005413902407437995,0.006379700087543138,0.000999000999000999,5.849122493395893
SARS-CoV-2,ORF1ab,8677,19,2,0.3062239976953209,0.006186850249197576,0.0007130063899634289,0.007420252552217937,0.008582677069248297,0.000999000999000999,420.8056921642913
SARS-CoV-2,ORF1ab,8686,19,1,0.022122936452074648,0.004308082705870474,0.0006709278972342899,0.005428075132635116,0.007169438726213572,0.000999000999000999,26.55256074406931
SARS-CoV-2,ORF1ab,8695,19,1,0.014446047150249273,0.004372068620641623,0.0006930591907824678,0.005548962121092944,0.006922480612082365,0.000999000999000999,14.535524041220881
SARS-CoV-2,ORF1ab,8704,19,1,0.019716979603668278,0.004261416995110254,0.0006594000079765724,0.005339975597068562,0.0064560202489110305,0.000999000999000999,23.438826845005345
SARS-CoV-2,ORF1ab,8713,19,2,0.16024162645317666,0.0061710626858005975,0.0006836447078664601,0.007331195504608084,0.008397771226158746,0.000999000999000999,225.3664249785599
SARS-CoV-2,ORF1ab,8722,19,1,0.012200940538156027,0.004341243406357139,0.0006910797141032828,0.005493028196250932,0.007455863775928692,0.000999000999000999,11.373068795684901
SARS-CoV-2,ORF1ab,8731,19,1,0.007754374642478612,0.004053037935719992,0.0006622017809694965,0.00519705234895312,0.006448270734959092,0.000999000999000999,5.589439371998786
SARS-CoV-2,ORF1ab,8740,19,1,0.013189558940187479,0.0041878034776475365,0.0006823447493161805,0.005326253530511186,0.00667218632663775,0.000999000999000999,13.192386211751689
SARS-CoV-2,ORF1ab,8749,19,1,0.03695580543339602,0.0043636541709864834,0.0007170180062279945,0.0056357624144198586,0.00673383858163364,0.000999000999000999,45.4551363833477
SARS-CoV-2,ORF1ab,8758,19,1,0.004218812739614623,0.003982688821808206,0.0006433716263405272,0.005010122553831129,0.00638546094920741,0.3596403596403596,0.36701015111511837
SARS-CoV-2,ORF1ab,8767,19,1,0.010202027720297942,0.0042017076940953565,0.0006873355710817659,0.005417345772527863,0.006912922309384019,0.000999000999000999,8.729826126645762
SARS-CoV-2,ORF1ab,8776,19,1,0.014883245618164048,0.004283183809390461,0.0006954146678172278,0.005436579795429363,0.006702285533426162,0.000999000999000999,15.242792968467478
SARS-CoV-2,ORF1ab,8785,19,2,0.16214060991075224,0.006192356053928949,0.0007238755490236443,0.007440071228578335,0.008498955984898526,0.000999000999000999,215.43517261657016
SARS-CoV-2,ORF1ab,8794,19,1,0.004772494994123294,0.003783020150655969,0.0006152678557871726,0.004863032324007891,0.005795425224979208,0.06893106893106893,1.6082017517417555
SARS-CoV-2,ORF1ab,8803,19,1,0.02142183542490823,0.0043408957375583165,0.0006800973692548527,0.005432963042629233,0.006563879610370826,0.000999000999000999,25.11543267115503
SARS-CoV-2,ORF1ab,8812,19,1,0.014128853072418734,0.004212460337053935,0.0006781344530006052,0.005398241865368945,0.006999441165189205,0.000999000999000999,14.623048116028917
SARS-CoV-2,ORF1ab,8821,19,1,0.04765480954681656,0.004328280158975268,0.0006713889294782208,0.0054830336277269555,0.006577803287616871,0.000999000999000999,64.5326836436119
SARS-CoV-2,ORF1ab,8830,19,1,0.005875195238003704,0.004088212239591561,0.0006639550452772777,0.005192067300295804,0.006611254486300429,0.008991008991008992,2.69142167248066
SARS-CoV-2,ORF1ab,8839,19,1,0.011164213085103727,0.0042139556053381625,0.0006735803737869047,0.0053326347082219136,0.006251465097804809,0.000999000999000999,10.318378845706041
SARS-CoV-2,ORF1ab,8848,19,1,0.00843471125626089,0.004284870014314295,0.0007006751572685817,0.005535409837240912,0.00658258726856418,0.000999000999000999,5.922632191105192
SARS-CoV-2,ORF1ab,8857,19,1,0.013612368311071155,0.00429638893226943,0.0006760161547228914,0.005415565517734604,0.006447989549430918,0.000999000999000999,13.780705259359484
SARS-CoV-2,ORF1ab,8866,19,1,0.014810719103505727,0.0042727116465363655,0.00064711833151122,0.005322449459748117,0.0064814115232343875,0.000999000999000999,16.284513888456654
SARS-CoV-2,ORF1ab,8875,19,1,0.016606759268234114,0.004209763301514105,0.0006830633847698437,0.005379544759094857,0.006542891461397937,0.000999000999000999,18.149115064771244
SARS-CoV-2,ORF1ab,8884,19,1,0.03354087227613062,0.004383135860901418,0.0007155416055813205,0.005611031262609439,0.0070038917769655795,0.000999000999000999,40.74918381795684
SARS-CoV-2,ORF1ab,8893,19,1,0.02219181001755141,0.004373704695036363,0.0007227087089160483,0.005599283269351476,0.00669038913851362,0.000999000999000999,24.654615480197357
SARS-CoV-2,ORF1ab,8902,19,1,0.015121425929878352,0.0043454825036234705,0.0006754258558735184,0.005501474801480204,0.0069174165077234145,0.000999000999000999,15.954295105150381
SARS-CoV-2,ORF1ab,8911,19,1,0.018839729986919563,0.004230437995134669,0.0006807288864663866,0.005433898519905955,0.006777254207692906,0.000999000999000999,21.461248791160678
SARS-CoV-2,ORF1ab,8920,19,1,0.017904408237915424,0.004254773157012334,0.0006582012481738442,0.0053585703256297836,0.006816997575789505,0.000999000999000999,20.737783647134542
SARS-CoV-2,ORF1ab,8929,19,1,0.03252361863060886,0.004339094169793639,0.0006719764325516667,0.005489136721976962,0.00684190847851557,0.000999000999000999,41.94272759506068
SARS-CoV-2,ORF1ab,8938,19,2,0.2239259717342729,0.006200216822112838,0.0007361012834253931,0.007396691824192937,0.008679010228038948,0.000999000999000999,295.78233296780746
SARS-CoV-2,ORF1ab,8947,19,1,0.013454705254812922,0.004270469730908431,0.0006841762590577836,0.0054346832166018415,0.00674994873155309,0.000999000999000999,13.423785760342815
SARS-CoV-2,ORF1ab,8956,19,1,0.01550091022327939,0.004320701250263633,0.0006550280570253843,0.005408667215796934,0.006696851385204225,0.000999000999000999,17.068290210021477
SARS-CoV-2,ORF1ab,8965,19,1,0.028471582405752434,0.00437032816230368,0.0006502755067469122,0.005510005306579803,0.006808892311109989,0.000999000999000999,37.0631432268123
SARS-CoV-2,ORF1ab,8974,19,1,0.013668457485841138,0.0043498737471143935,0.0006864099144026041,0.005514302355277427,0.006706393598448564,0.000999000999000999,13.57582917029526
SARS-CoV-2,ORF1ab,8983,19,1,0.014557231783808413,0.004349357732738034,0.0006812195661266706,0.005492671892012751,0.006518255461643907,0.000999000999000999,14.984704724661796
SARS-CoV-2,ORF1ab,8992,19,1,0.015238516670818283,0.004275502454268016,0.0007094366665286794,0.005513159608404992,0.006832475657682095,0.000999000999000999,15.453126027715797
SARS-CoV-2,ORF1ab,9001,19,1,0.013496167161436224,0.004304884464915617,0.0006827409042969794,0.005400981394761366,0.0068846478636821135,0.000999000999000999,13.462329030929972
SARS-CoV-2,ORF1ab,9010,19,1,0.009677595417561429,0.0041006932293874455,0.0006639047579310846,0.005172161026877828,0.0063456054874728805,0.000999000999000999,8.400153970206798
SARS-CoV-2,ORF1ab,9019,19,1,0.012876557077989625,0.004374344194886519,0.0006786577081274477,0.0055834191802682474,0.006735435312985616,0.000999000999000999,12.527983961992286
SARS-CoV-2,ORF1ab,9028,19,1,0.008280894574822128,0.0042762915233707285,0.0006629932516865027,0.0054323237567064,0.006535317292567259,0.000999000999000999,6.04018674589011
SARS-CoV-2,ORF1ab,9037,19,1,0.007209611450093506,0.004222197119895212,0.0006805126495373735,0.005367749090066852,0.006147688376188568,0.000999000999000999,4.3899468029421636
SARS-CoV-2,ORF1ab,9046,19,1,0.010989822197583321,0.004313122728042581,0.0006935682935472803,0.0054511643949279685,0.006439307382751652,0.000999000999000999,9.626592697011159
SARS-CoV-2,ORF1ab,9055,19,1,0.011904548929326268,0.004205500762308158,0.0006715980936319455,0.005325892800497878,0.007360399977813363,0.000999000999000999,11.463773110763777
SARS-CoV-2,ORF1ab,9064,19,1,0.017273406499521533,0.0043235724520798635,0.0006972390484247381,0.005525055817551002,0.006797681644803054,0.000999000999000999,18.57301893331855
SARS-CoV-2,ORF1ab,9073,19,2,0.7512255477912928,0.006114811611153326,0.0007272283263795399,0.007329943178134893,0.008617496184160056,0.000999000999000999,1024.5898147142123
SARS-CoV-2,ORF1ab,9082,19,1,0.015170061282565794,0.004271848363857025,0.0006375711313539409,0.005311198773915433,0.006654070093321066,0.000999000999000999,17.093328701325312
SARS-CoV-2,ORF1ab,9091,19,1,0.010111024296096272,0.004269572455892529,0.0006910948933299354,0.005461368620451017,0.006793276661906323,0.000999000999000999,8.452459852593613
SARS-CoV-2,ORF1ab,9100,19,1,0.010763304270477867,0.004254538489495132,0.0006991987247828103,0.005409481830040638,0.00661874645602668,0.000999000999000999,9.308892522658033
SARS-CoV-2,ORF1ab,9109,19,1,0.011813045269453397,0.004340516607287848,0.0006834911637765591,0.005462334225607497,0.006478545708474359,0.000999000999000999,10.9328826153024
SARS-CoV-2,ORF1ab,9118,19,1,0.013213121252058027,0.004275999608726149,0.0006661697120284007,0.005437262649759374,0.006426698966526786,0.000999000999000999,13.415682943794451
SARS-CoV-2,ORF1ab,9127,19,1,0.022730690438959086,0.00437155431908069,0.0006874679887359559,0.005527730058674286,0.007120451002144661,0.000999000999000999,26.705441447005047
SARS-CoV-2,ORF1ab,9136,19,1,0.007720761995695396,0.004194657544772681,0.0006674699913027295,0.00528113462688953,0.0065111932119224095,0.000999000999000999,5.2827909821693515
SARS-CoV-2,ORF1ab,9145,19,1,0.032474782906309486,0.004376371371362771,0.0006902885428736213,0.0055263469165072795,0.006659544069345387,0.000999000999000999,40.70531348814665
SARS-CoV-2,ORF1ab,9154,19,2,0.7543223335722474,0.006142272711726163,0.0006934478481225564,0.007362591782877443,0.008166737138939584,0.000999000999000999,1078.9276553184889
SARS-CoV-2,ORF1ab,9163,19,1,0.04635077956043192,0.0043304932188994024,0.000726076139520247,0.005585335638542176,0.006897946167098517,0.000999000999000999,57.873112824362074
SARS-CoV-2,ORF1ab,9172,19,1,0.010834174374431432,0.004319157554889241,0.0006983714168633874,0.005561585439482171,0.006484830286667244,0.000999000999000999,9.3288709449239
SARS-CoV-2,ORF1ab,9181,19,1,0.013835221659675098,0.004310147738829524,0.0006942075185917291,0.005498964858987604,0.00703839206719876,0.000999000999000999,13.720787611416482
SARS-CoV-2,ORF1ab,9190,19,1,0.007733798486974412,0.004142872796641603,0.000671473613884918,0.005320222815899566,0.0065508040059157596,0.000999000999000999,5.347828441920353
SARS-CoV-2,ORF1ab,9199,19,1,0.019873044983855753,0.004301287870848962,0.0006989479705038913,0.005505585574598505,0.006749030248764428,0.000999000999000999,22.278850172181873
SARS-CoV-2,ORF1ab,9208,19,1,0.015927946388451544,0.004350084832912698,0.0006944735167215307,0.005526707960155088,0.00653687148096071,0.000999000999000999,16.671422706218653
SARS-CoV-2,ORF1ab,9217,19,1,0.02124247432816063,0.004347961217416355,0.00069293505527938,0.005493613059930079,0.0066883994413512605,0.000999000999000999,24.381091679555286
SARS-CoV-2,ORF1ab,9226,19,1,0.021134191174525634,0.004327185947858048,0.00067412450179498,0.005426125730805425,0.006618441618201513,0.000999000999000999,24.931604150147123
SARS-CoV-2,ORF1ab,9235,19,1,0.018147782446027896,0.0043608941506895465,0.0007156933754356683,0.005551731385070164,0.007001960421982147,0.000999000999000999,19.263680185590335
SARS-CoV-2,ORF1ab,9244,19,1,0.009266776032251808,0.0043267403649485895,0.000685079817399785,0.005537116128654324,0.007026998470287977,0.000999000999000999,7.210890675561111
SARS-CoV-2,ORF1ab,9253,19,1,0.007713569428905369,0.00437571011462457,0.0007121984477169085,0.005591950269052389,0.006761423603068652,0.000999000999000999,4.686698384391261
SARS-CoV-2,ORF1ab,9262,19,2,0.7523983976494438,0.006229040365809082,0.0007271240729264627,0.007482103821449436,0.008769474736792045,0.000999000999000999,1026.1926197554158
SARS-CoV-2,ORF1ab,9271,19,1,0.04298312614340733,0.004385381903431323,0.0007038879855854542,0.005580237007566474,0.006926327589890807,0.000999000999000999,54.83506613324645
SARS-CoV-2,ORF1ab,9280,19,1,0.010613435204963603,0.0042562114487225125,0.0006536265018710983,0.0053269018132943895,0.006546913298875891,0.000999000999000999,9.726080166643547
SARS-CoV-2,ORF1ab,9289,19,1,0.02943389990391522,0.004417253570934363,0.0007101813354848531,0.005661203338013166,0.00688504502691569,0.000999000999000999,35.225716423399895
SARS-CoV-2,ORF1ab,9298,19,2,0.09055490601287884,0.006135913526654711,0.0007083531418959778,0.007418352397316371,0.008614035002329407,0.000999000999000999,119.17642132604689
SARS-CoV-2,ORF1ab,9307,19,1,0.006081424078357909,0.004134532690382324,0.0006802468132406575,0.0052125781143427564,0.0072010410560758705,0.002997002997002997,2.8620367638338564
SARS-CoV-2,ORF1ab,9316,19,1,0.011189756657434526,0.004258642175557738,0.0006725053974061225,0.005445352207645526,0.006672012778603581,0.000999000999000999,10.306407217860771
SARS-CoV-2,ORF1ab,9325,19,1,0.04008042475181324,0.0043786701919453835,0.0007007332302775452,0.0055079739217492015,0.006646719979823295,0.000999000999000999,50.949138726769334
SARS-CoV-2,ORF1ab,9334,19,1,0.004418492909985921,0.003937687995394545,0.0006702206256615609,0.005029775714194887,0.0074541560768539876,0.22677322677322678,0.7173830469881222
SARS-CoV-2,ORF1ab,9343,19,1,0.0347691292075153,0.004380117886515133,0.0007295147834617698,0.005642856284921519,0.007045916740251114,0.000999000999000999,41.65647086244785
SARS-CoV-2,ORF1ab,9352,19,1,0.004463649445529582,0.004083579845027277,0.000670074001336018,0.0052097401297367405,0.006323237377528224,0.28471528471528473,0.5672054127521865
SARS-CoV-2,ORF1ab,9361,19,1,0.004966144602478048,0.0039116938271037795,0.0006389539441688572,0.004956253547821502,0.006245410242549643,0.05094905094905095,1.6502766513882061
SARS-CoV-2,ORF1ab,9370,19,1,0.013876308539064092,0.004243074829299955,0.0007082252795490606,0.005428377955207317,0.006603151178763894,0.000999000999000999,13.601934282687264
SARS-CoV-2,ORF1ab,9379,19,1,0.00882696626177263,0.0042071644141425495,0.0007057620495470939,0.005421367036168451,0.0064000182434690986,0.000999000999000999,6.545834889527892
SARS-CoV-2,ORF1ab,9388,19,1,0.044277930138707795,0.004353147526847238,0.0006883025327229711,0.005530812434620739,0.006915055898759091,0.000999000999000999,58.00470100540736
SARS-CoV-2,ORF1ab,9397,19,1,0.01107274660867176,0.004289456829736273,0.0006742161181417233,0.005412054888345329,0.006898220035043759,0.000999000999000999,10.061002097712544
SARS-CoV-2,ORF1ab,9406,19,2,0.20799789359624204,0.0061020585676473055,0.0007028610301613278,0.007371068610495509,0.008226720317900617,0.000999000999000999,287.2485830979327
SARS-CoV-2,ORF1ab,9415,19,1,0.008642380635085729,0.004115032768414238,0.000671060541674575,0.0052790948365666794,0.0063737640680281565,0.000999000999000999,6.746556510942926
SARS-CoV-2,ORF1ab,9424,19,1,0.033066299132975326,0.004379966160786965,0.0006730230434412474,0.005487805678997515,0.006736453426477884,0.000999000999000999,42.62310667033287
SARS-CoV-2,ORF1ab,9433,19,1,0.008967122760066818,0.004280630163824704,0.0006686635537979975,0.005489652543644516,0.0067001022751280075,0.000999000999000999,7.008745384166546
SARS-CoV-2,ORF1ab,9442,19,1,0.01162943849903445,0.004328845395400689,0.0006882836917855902,0.005460892846676815,0.007030197203489447,0.000999000999000999,10.606953485551994
SARS-CoV-2,ORF1ab,9451,19,1,0.006931952958098862,0.004359804608557937,0.0006658888319448249,0.005515749549927856,0.006689387343997067,0.000999000999000999,3.862729371851144
SARS-CoV-2,ORF1ab,9460,19,1,0.006542485786430822,0.004124621751625513,0.00069134022219247,0.005333058624011076,0.006253790701583107,0.000999000999000999,3.4973576788827034
SARS-CoV-2,ORF1ab,9469,19,2,0.19393814746183047,0.006038822815394448,0.0006961391088406354,0.007234750862912689,0.008084161784234071,0.000999000999000999,269.9163461156025
SARS-CoV-2,ORF1ab,9478,19,1,0.009590699348610236,0.004290700061840519,0.0006865784217640366,0.005460936728300431,0.0069273516221270105,0.000999000999000999,7.719437603576799
SARS-CoV-2,ORF1ab,9487,19,1,0.007683970577287461,0.004125461723794027,0.0006739787397270806,0.00530484760900914,0.006906245560255593,0.000999000999000999,5.279853270942061
SARS-CoV-2,ORF1ab,9496,19,1,0.005868903018332802,0.004190699395024198,0.000688297919949687,0.005383157026475811,0.006786655477689868,0.012987012987012988,2.4381936581056016
SARS-CoV-2,ORF1ab,9505,19,1,0.013904421171210619,0.004231814656609406,0.0006818852502966334,0.005391935868319968,0.006619267575034771,0.000999000999000999,14.185094208143438
SARS-CoV-2,ORF1ab,9514,19,1,0.0077200790797964155,0.004160448579691809,0.0006684766616635252,0.005304761863860723,0.0065157389755746585,0.000999000999000999,5.324988446487203
SARS-CoV-2,ORF1ab,9523,19,1,0.005631573193639239,0.00397724539609674,0.0006623324403506806,0.005140607203075159,0.006114102333160393,0.01098901098901099,2.4977302888359105
SARS-CoV-2,ORF1ab,9532,19,1,0.035746327577909395,0.004356225251570275,0.0006982444266808793,0.005604765516657325,0.00699157130435409,0.000999000999000999,44.9557506324149
SARS-CoV-2,ORF1ab,9541,19,1,0.008264732420165356,0.0042252228509960825,0.0006755109005135825,0.0053557150737090446,0.006521823464619412,0.000999000999000999,5.979932471997246
SARS-CoV-2,ORF1ab,9550,19,1,0.02034851623701112,0.004156209604563445,0.000672950255866909,0.00530342534603702,0.006362083254008104,0.000999000999000999,24.06166947895487
SARS-CoV-2,ORF1ab,9559,19,1,0.004686240334104666,0.003888203807930745,0.0006484173887849248,0.004983514385958253,0.0061879624522428595,0.1088911088911089,1.2307451033498176
SARS-CoV-2,ORF1ab,9568,19,1,0.004650244674609166,0.0040739026032208395,0.0006686215496764432,0.0052189505099124395,0.006282851631341028,0.1958041958041958,0.8619854859108678
SARS-CoV-2,ORF1ab,9577,19,1,0.006978518699022026,0.004142104357168118,0.0006852504305929038,0.005328521224446501,0.006984474406804968,0.001998001998001998,4.139237591430244
SARS-CoV-2,ORF1ab,9586,19,2,0.115848151996333,0.006190288548718814,0.0006968505604699948,0.007375286531385889,0.008262955431316844,0.000999000999000999,157.36209406742074
SARS-CoV-2,ORF1ab,9595,19,3,0.8493037111327868,0.007586753294840606,0.0007135106422271511,0.008714557960835001,0.01027335087026935,0.000999000999000999,1179.6838169233356
SARS-CoV-2,ORF1ab,9604,19,1,0.006234298395917303,0.004131578126753152,0.0006877674530559759,0.005290621340685537,0.006351973750343761,0.001998001998001998,3.0573128458188554
SARS-CoV-2,ORF1ab,9613,19,1,0.006281950635436517,0.004046721602405974,0.0006735172220848875,0.005172717140451799,0.006585357399838931,0.001998001998001998,3.318740723676438
SARS-CoV-2,ORF1ab,9622,19,1,0.0767908148030464,0.004412235553677312,0.0007138282940703294,0.005636697693737209,0.0066717721205345115,0.000999000999000999,101.39494308450324
SARS-CoV-2,ORF1ab,9631,19,1,0.00468413148111775,0.004054621859755811,0.0006806391809412509,0.005253857566508151,0.006411418523946724,0.16983016983016982,0.9248800818245498
SARS-CoV-2,ORF1ab,9640,19,1,0.007432698703407012,0.0041694435234117325,0.0006693469822242574,0.005274336155075398,0.0062012038711359045,0.000999000999000999,4.875281829390488
SARS-CoV-2,ORF1ab,9649,19,1,0.011534880417913064,0.004231902893105294,0.0006613079144730362,0.005329196116201047,0.0064969344820824376,0.000999000999000999,11.043233212515164
SARS-CoV-2,ORF1ab,9658,19,1,0.02081893499498501,0.004356658132852485,0.0007001269815130648,0.005529124630358994,0.006759312616524293,0.000999000999000999,23.51327301592551
SARS-CoV-2,ORF1ab,9667,19,1,0.009755553900021837,0.0042050383968336115,0.0006626223874794769,0.005322766853649641,0.006379460628835907,0.000999000999000999,8.376589152536202
SARS-CoV-2,ORF1ab,9676,19,1,0.018200811307447422,0.0043348770734640135,0.0006923833572827317,0.005471652408270163,0.006757855431232285,0.000999000999000999,20.02638291076271
SARS-CoV-2,ORF1ab,9685,19,1,0.010110424674305485,0.004114297792405471,0.0006571862199450448,0.005213929774998877,0.006281034033922272,0.000999000999000999,9.123938847046155
SARS-CoV-2,ORF1ab,9694,19,1,0.02632771603208353,0.004358269713253347,0.0007006639453622042,0.005540123845414106,0.006661367027618903,0.000999000999000999,31.35518312915788
SARS-CoV-2,ORF1ab,9703,19,1,0.015040336702016674,0.004258923917972041,0.0006990588397315384,0.005361393690916123,0.006828754266079232,0.000999000999000999,15.422754382428021
SARS-CoV-2,ORF1ab,9712,19,1,0.04641247760557371,0.004373635294189276,0.0007336102802094888,0.00565706970746182,0.006613216359982989,0.000999000999000999,57.304052908555036
SARS-CoV-2,ORF1ab,9721,19,1,0.02345233043464415,0.004271935241845044,0.0006847954872765982,0.005471485181740088,0.006521954026940365,0.000999000999000999,28.00893923684968
SARS-CoV-2,ORF1ab,9730,19,1,0.020230923923520983,0.004347635502823246,0.0006885487113234513,0.005516142400675497,0.006856366667414981,0.000999000999000999,23.067777427349558
SARS-CoV-2,ORF1ab,9739,19,1,0.008529687146626627,0.004205942696657354,0.0006621209596928058,0.0053179046348904085,0.0071975608988835696,0.000999000999000999,6.53014284878596
SARS-CoV-2,ORF1ab,9748,19,1,0.007239812278978032,0.004180303128024451,0.0006806235875534024,0.005344641473034588,0.006719756576100009,0.000999000999000999,4.495155923043188
SARS-CoV-2,ORF1ab,9757,19,2,0.7646346099465821,0.006090789563973157,0.0007143328464344346,0.007255971942584388,0.008803385997819019,0.000999000999000999,1061.8912796308496
SARS-CoV-2,ORF1ab,9766,19,1,0.0158529978956066,0.004399433932098807,0.0006779233157643993,0.005587984071132761,0.007419451517107622,0.000999000999000999,16.895073081522813
SARS-CoV-2,ORF1ab,9775,19,1,0.017343409170241048,0.0043046353775555,0.000694917734667857,0.005548774316195899,0.0070240111406061215,0.000999000999000999,18.763046533727568
SARS-CoV-2,ORF1ab,9784,19,1,0.023306685788350358,0.004246109361190463,0.0006765189256147612,0.005472923560721375,0.006864671723335362,0.000999000999000999,28.17449106813872
SARS-CoV-2,ORF1ab,9793,19,1,0.014382978680616918,0.004263452412782094,0.0006683023046039168,0.005407465071186905,0.006690241155730114,0.000999000999000999,15.142138816702676
SARS-CoV-2,ORF1ab,9802,19,1,0.009691236677951973,0.004113914621744312,0.0006827459531277161,0.005248404030021154,0.0067060663685532896,0.000999000999000999,8.168956594553924
SARS-CoV-2,ORF1ab,9811,19,1,0.02898439964010255,0.004403250578736572,0.0007039241630725484,0.00559767711112997,0.0069421128254285,0.000999000999000999,34.92016661861993
SARS-CoV-2,ORF1ab,9820,19,1,0.00784082455323176,0.004127089228758703,0.0006767471744300158,0.005244736142142782,0.006303060627316469,0.000999000999000999,5.487625903426811
SARS-CoV-2,ORF1ab,9829,19,2,0.08278520717969103,0.0059956151456786394,0.000673953091246607,0.007121965100717576,0.008405905942217243,0.000999000999000999,113.9390753323427
SARS-CoV-2,ORF1ab,9838,19,1,0.011752806026118312,0.00421225980005202,0.0006560155756267165,0.005320766615507316,0.006913337213080133,0.000999000999000999,11.49446218386282
SARS-CoV-2,ORF1ab,9847,19,1,0.01852253999990782,0.004369146055737408,0.0006533442924940987,0.005462271697231057,0.007012021687038616,0.000999000999000999,21.662994697850294
SARS-CoV-2,ORF1ab,9856,19,1,0.022452257417080665,0.0043419932932142235,0.0007110506684511714,0.005538741518317096,0.007325623814978464,0.000999000999000999,25.469723786793814
SARS-CoV-2,ORF1ab,9865,19,1,0.026496871805349414,0.00440303107072225,0.0007022342167692258,0.0056220416962363285,0.006993626581634851,0.000999000999000999,31.4622104805352
SARS-CoV-2,ORF1ab,9874,19,1,0.011695243430138842,0.004088429155248658,0.0006530839335092923,0.005149286614248402,0.00618635730134148,0.000999000999000999,11.64752933672032
SARS-CoV-2,ORF1ab,9883,19,1,0.023291763154775,0.004353143725895369,0.0007075701697176043,0.005632529270897278,0.006790227979773301,0.000999000999000999,26.765712065614853
SARS-CoV-2,ORF1ab,9892,19,1,0.011118347718793291,0.004159134303835398,0.0006813340586905066,0.005362718017166038,0.006929794988935456,0.000999000999000999,10.214098834767174
SARS-CoV-2,ORF1ab,9901,19,1,0.01247819872458798,0.004117955099302128,0.0006567447611882544,0.005258468740593382,0.006463036752528681,0.000999000999000999,12.729821567452756
SARS-CoV-2,ORF1ab,9910,19,1,0.01167761806535011,0.004245098274596236,0.000687448769483641,0.005463514605419805,0.006106188223732626,0.000999000999000999,10.811743537393507
SARS-CoV-2,ORF1ab,9919,19,1,0.015364861840430788,0.004341645493143657,0.0006889384832062976,0.005517898546134435,0.0067134172461156515,0.000999000999000999,16.000291195790712
SARS-CoV-2,ORF1ab,9928,19,2,0.7377081142675488,0.00601419422282581,0.0007096632825039123,0.007213869390652273,0.008382635272856653,0.000999000999000999,1031.043789475876
SARS-CoV-2,ORF1ab,9937,19,1,0.024835758552895108,0.004295736030852181,0.0006867038642892487,0.005469295976744183,0.006884303462464521,0.000999000999000999,29.911033838876435
SARS-CoV-2,ORF1ab,9946,19,1,0.007367056497963967,0.004113283106845358,0.0006958344974960142,0.005278189430992269,0.006090168928439413,0.000999000999000999,4.676073696873943
SARS-CoV-2,ORF1ab,9955,19,1,0.01170823648396116,0.004337816988072556,0.0006900263851722763,0.005501131874944215,0.006957623193897852,0.000999000999000999,10.681358936801322
SARS-CoV-2,ORF1ab,9964,19,1,0.014649312019547394,0.004177968465309055,0.000688957531737363,0.00535477204074234,0.006934164386929339,0.000999000999000999,15.198822963488718
SARS-CoV-2,ORF1ab,9973,19,1,0.010803995656794341,0.0041213953989124846,0.0006762608182142009,0.005293536855333922,0.006486286485102618,0.000999000999000999,9.881690729219788
SARS-CoV-2,ORF1ab,9982,19,1,0.018300452377350968,0.004383569933256629,0.0006712516837418871,0.005506790716545758,0.0068483711235633755,0.000999000999000999,20.732733758692106
SARS-CoV-2,ORF1ab,9991,19,1,0.01177055812044676,0.004192158891152253,0.0006944290386266351,0.005335291378454974,0.007105318201861746,0.000999000999000999,10.913136991336403
SARS-CoV-2,ORF1ab,10000,19,1,0.020325538206129597,0.004220565071473713,0.0006674492719153099,0.00535335819612366,0.006390892699074062,0.000999000999000999,24.129134321236304
SARS-CoV-2,ORF1ab,10009,19,1,0.042775631488861446,0.004354316816251634,0.0007112801771270721,0.005513448255506848,0.007055214341688395,0.000999000999000999,54.017131234835105
SARS-CoV-2,ORF1ab,10018,19,1,0.008522528918379794,0.004180962787029799,0.0006763708892105732,0.005368747191991789,0.0067681655685669076,0.000999000999000999,6.418913351544827
SARS-CoV-2,ORF1ab,10027,19,1,0.011202636963354409,0.004201898612190853,0.0006836333006377827,0.005341727047052465,0.006678518992403994,0.000999000999000999,10.240487619067634
SARS-CoV-2,ORF1ab,10036,19,1,0.007602370319145556,0.0040901067444520595,0.00070724218850223,0.00531911751382394,0.0061401496140768945,0.000999000999000999,4.9661397917050625
SARS-CoV-2,ORF1ab,10045,19,1,0.020823560266869344,0.004306020488077477,0.0006550316876969344,0.0054045952794328405,0.007364590739064751,0.000999000999000999,25.216398059866215
SARS-CoV-2,ORF1ab,10054,19,2,0.08706518090224129,0.006203384433963199,0.0007139367212332287,0.0074034474314089585,0.008695821561861963,0.000999000999000999,113.2618536956613
SARS-CoV-2,ORF1ab,10063,19,1,0.015137972639959509,0.0043630608357173115,0.0006686011699481281,0.005546351073663629,0.00677737377848806,0.000999000999000999,16.115604172631265
SARS-CoV-2,ORF1ab,10072,19,1,0.01079792424247796,0.004345367325145348,0.0006979739163644344,0.005562698790747777,0.0068960512840508335,0.000999000999000999,9.24469635046294
SARS-CoV-2,ORF1ab,10081,19,1,0.0340364957869223,0.004290462113908097,0.0006749081568684225,0.005508038650949938,0.006826803038657287,0.000999000999000999,44.07419494088789
SARS-CoV-2,ORF1ab,10090,19,1,0.010228288242270303,0.004278630141843013,0.0006618527168756768,0.005423137429908677,0.006918410113826407,0.000999000999000999,8.989398923242437
SARS-CoV-2,ORF1ab,10099,19,1,0.02151508382987521,0.004383585868045027,0.0007046801535144687,0.005517266242705664,0.007621702842880318,0.000999000999000999,24.31102660744714
SARS-CoV-2,ORF1ab,10108,19,1,0.017476923771232243,0.004381597169486325,0.000685448562849645,0.0055555946044974535,0.006770317821688335,0.000999000999000999,19.104754625648567
SARS-CoV-2,ORF1ab,10117,19,1,0.018667674529263645,0.004261079917618839,0.0006738029186830822,0.0054828068139416535,0.006670309697794308,0.000999000999000999,21.381021382041286
SARS-CoV-2,ORF1ab,10126,19,1,0.010508422739092296,0.00430309587752002,0.0006560535911918726,0.005352774134785986,0.006987078672828802,0.000999000999000999,9.458567020872287
SARS-CoV-2,ORF1ab,10135,19,1,0.007263976965119478,0.004227663492896359,0.0006813453439316852,0.005373696892096018,0.006667229093838935,0.000999000999000999,4.456350218381406
SARS-CoV-2,ORF1ab,10144,19,1,0.0197304715394611,0.004286625462643152,0.0006569018966638168,0.005402349124856501,0.006367183106620756,0.000999000999000999,23.510125568600174
SARS-CoV-2,ORF1ab,10153,19,1,0.004620167331931626,0.003912218904225408,0.0006289087452280771,0.004979185142874441,0.005765395728444245,0.13186813186813187,1.1256775058032884
SARS-CoV-2,ORF1ab,10162,19,1,0.009463846188908375,0.00415144992027355,0.0006784112089580699,0.0053209664647163165,0.007255161407081424,0.000999000999000999,7.830643418751598
SARS-CoV-2,ORF1ab,10171,19,1,0.02523693634539483,0.0043665741525707935,0.0006813245188144769,0.005504827193216559,0.007013000542492759,0.000999000999000999,30.632043345715825
SARS-CoV-2,ORF1ab,10180,19,3,0.871148066758893,0.007593120804802135,0.0007400658974967897,0.008816429937644641,0.010178348822237313,0.000999000999000999,1166.8622333159688
SARS-CoV-2,ORF1ab,10189,19,1,0.007346870727010104,0.004287306463201372,0.000651293756457809,0.00540137993843034,0.006619008681548683,0.000999000999000999,4.697671724121514
SARS-CoV-2,ORF1ab,10198,19,1,0.009965384598757438,0.004161695861149704,0.0006842239379814335,0.005339830531761922,0.007078854018745566,0.000999000999000999,8.482148044585395
SARS-CoV-2,ORF1ab,10207,19,1,0.008555270861089427,0.004081149468515595,0.000659649668353734,0.005216116252032941,0.0061236356401719585,0.000999000999000999,6.782572033636809
SARS-CoV-2,ORF1ab,10216,19,1,0.005490966970570018,0.0038848928956532413,0.0006249116036513948,0.004966459048532022,0.005926660165329347,0.00999000999000999,2.5700820172523486
SARS-CoV-2,ORF1ab,10225,19,1,0.00533628716021787,0.0038432280017829824,0.0006011619322183961,0.004832369433013592,0.006410843762716991,0.006993006993006993,2.483622262848929
SARS-CoV-2,ORF1ab,10234,19,1,0.03228614152831099,0.004404463277164581,0.000689999684959153,0.005665276349737779,0.00651917836524927,0.000999000999000999,40.40824779912322
SARS-CoV-2,ORF1ab,10243,19,1,0.00953638871172946,0.004129543332884866,0.0006627369160333341,0.0052430334308729235,0.006818671012992026,0.000999000999000999,8.15835854022751
SARS-CoV-2,ORF1ab,10252,19,1,0.01860556389671322,0.004310208014716142,0.000667742168701614,0.005479386395436042,0.006400548665703014,0.000999000999000999,21.40849650066817
SARS-CoV-2,ORF1ab,10261,19,1,0.020578619395288683,0.00422700038657054,0.0006612380667859728,0.00537871550137226,0.006452013857101198,0.000999000999000999,24.72879259386435
SARS-CoV-2,ORF1ab,10270,19,1,0.017026421006149456,0.0043745231005194165,0.0006967372041529454,0.005549606592508328,0.006406758251406442,0.000999000999000999,18.158780427136104
SARS-CoV-2,ORF1ab,10279,19,1,0.010594510270426882,0.004034369768367855,0.000654564763012829,0.0050745493392779575,0.006427222060754082,0.000999000999000999,10.022141234526634
SARS-CoV-2,ORF1ab,10288,19,1,0.008533374198695773,0.004090807437778368,0.0006678419831184491,0.005222126272682495,0.006307684376726751,0.000999000999000999,6.652122617648413
SARS-CoV-2,ORF1ab,10297,19,1,0.015749077649796838,0.004140906216533368,0.0006693181168846774,0.005244848673975751,0.006759671196932964,0.000999000999000999,17.34327988504686
SARS-CoV-2,ORF1ab,10306,19,1,0.004599621962454797,0.004173223256280928,0.0006563610761181067,0.005307971657179648,0.006410521617060932,0.25674325674325676,0.6496404520141628
SARS-CoV-2,ORF1ab,10315,19,1,0.008940243802678178,0.0042853805568980104,0.0006625355871068856,0.005419567911603918,0.0068008223510276095,0.000999000999000999,7.025831270598914
SARS-CoV-2,ORF1ab,10324,19,1,0.007098017378237234,0.004081423890701197,0.0006731917057462468,0.00524018369115277,0.006645913314675699,0.000999000999000999,4.481031869208908
SARS-CoV-2,ORF1ab,10333,19,1,0.014095567564191886,0.0043154183113226895,0.000683101561357166,0.005437745780542754,0.007143887068142855,0.000999000999000999,14.31726965085292
SARS-CoV-2,ORF1ab,10342,19,1,0.03479214732304851,0.004377968469976707,0.0007114949457505094,0.005561962482483355,0.006526401770283352,0.000999000999000999,42.746865644969375
SARS-CoV-2,ORF1ab,10351,19,1,0.020216290547657275,0.004303339194725641,0.0006825580266558375,0.005456597292166664,0.006628763683888077,0.000999000999000999,23.31369749015542
SARS-CoV-2,ORF1ab,10360,19,1,0.008651321381019764,0.0042764748912652775,0.0006663019161670819,0.005429294200570429,0.006423118152688498,0.000999000999000999,6.565862086846304
SARS-CoV-2,ORF1ab,10369,19,1,0.06816510515778243,0.004358298631386768,0.0006700778951269445,0.0055352738999785555,0.006957818868848113,0.000999000999000999,95.22296883753735
SARS-CoV-2,ORF1ab,10378,19,1,0.013375262461379663,0.004325855984207785,0.000712035338239561,0.005571585583955421,0.00712061893754332,0.000999000999000999,12.70920976976461
SARS-CoV-2,ORF1ab,10387,19,1,0.007360874105955805,0.004063074044495641,0.0006422352715454593,0.005187502662288991,0.006142146347420756,0.000999000999000999,5.13487845898656
SARS-CoV-2,ORF1ab,10396,19,1,0.0239939175197754,0.004209722572095559,0.0006391331807971129,0.005291879820758991,0.006392930066500528,0.000999000999000999,30.954729846767503
SARS-CoV-2,ORF1ab,10405,19,1,0.01142786907247618,0.004188663046194768,0.0007019340409273546,0.005385449777791748,0.006253346552939655,0.000999000999000999,10.313228315181
SARS-CoV-2,ORF1ab,10414,19,1,0.009463168509129712,0.004164324160129739,0.0006717229047485755,0.005341830801827738,0.006048023938584908,0.000999000999000999,7.888437794127802
SARS-CoV-2,ORF1ab,10423,19,1,0.0072645281921996305,0.004148186371626355,0.0006675202555853571,0.005346191955878105,0.006580595436508013,0.000999000999000999,4.668535215969612
SARS-CoV-2,ORF1ab,10432,19,1,0.015000967500284049,0.004357470969031226,0.0006710184432388732,0.005424340379334357,0.007395633103361873,0.000999000999000999,15.8617049031898
SARS-CoV-2,ORF1ab,10441,19,1,0.009129428921956385,0.004285211914244787,0.0006719403517614055,0.005436136472964794,0.006568035779197248,0.000999000999000999,7.209296174895738
SARS-CoV-2,ORF1ab,10450,19,1,0.026983826044114693,0.004352120960163321,0.0006957265752307778,0.00547705877015441,0.0069729924494219275,0.000999000999000999,32.52959695616667
SARS-CoV-2,ORF1ab,10459,19,1,0.03558387412171761,0.004363968591085697,0.0006748081803233527,0.005524169216642962,0.006363388496845093,0.000999000999000999,46.26485931998045
SARS-CoV-2,ORF1ab,10468,19,1,0.011043002915198401,0.004266897152386964,0.0006710251384147736,0.005466373393650026,0.006923986272113741,0.000999000999000999,10.09813995764641
SARS-CoV-2,ORF1ab,10477,19,1,0.03499095041656052,0.0043846589550261906,0.0006872469305623947,0.005571550655395546,0.006511618935012997,0.000999000999000999,44.53463536968916
SARS-CoV-2,ORF1ab,10486,19,1,0.033659980418846956,0.00430666662506367,0.0007076545053549685,0.005490388356577715,0.006810368557890573,0.000999000999000999,41.479724316966355
SARS-CoV-2,ORF1ab,10495,19,1,0.007155025238759366,0.00420441713129228,0.0006407786244006278,0.005276478315317612,0.0061677338446263965,0.000999000999000999,4.60472305896132
SARS-CoV-2,ORF1ab,10504,19,1,0.08785867856572528,0.004361317113157233,0.0007139608526740513,0.005535585406922463,0.0069605062092365335,0.000999000999000999,116.94949539577568
SARS-CoV-2,ORF1ab,10513,19,1,0.017389495406826168,0.00427218599275889,0.0006671755442685477,0.005354146928700985,0.006708087968507065,0.000999000999000999,19.66095659044027
SARS-CoV-2,ORF1ab,10522,19,1,0.02035277194234687,0.0043599062298456,0.0006926665299042911,0.005484552829422701,0.007653409645599708,0.000999000999000999,23.088838599883086
SARS-CoV-2,ORF1ab,10531,19,1,0.012985159929270814,0.004275132828515684,0.0006670612599924355,0.005393957958331963,0.006551551213529028,0.000999000999000999,13.05731215878719
SARS-CoV-2,ORF1ab,10540,19,1,0.010370966386404324,0.004131821392677953,0.0006843382730086403,0.005293710740564805,0.006769113729035094,0.000999000999000999,9.117048161425275
SARS-CoV-2,ORF1ab,10549,19,1,0.011535318528880394,0.004231864994794973,0.0006751157960540989,0.005381595656252455,0.006785223580603157,0.000999000999000999,10.818075323925873
SARS-CoV-2,ORF1ab,10558,19,1,0.05909166754902166,0.004398129867919823,0.0007173720751068138,0.005607854439923806,0.006837522830005336,0.000999000999000999,76.24152037554319
SARS-CoV-2,ORF1ab,10567,19,1,0.022721576087095713,0.004378073026636029,0.0006886546070759856,0.00556609702644076,0.006587904986697066,0.000999000999000999,26.63672452340927
SARS-CoV-2,ORF1ab,10576,19,1,0.012070670853247699,0.004284633241387297,0.0006672375090610007,0.005426138452588866,0.006446573743989039,0.000999000999000999,11.66906462260739
SARS-CoV-2,ORF1ab,10585,19,1,0.030463642811786096,0.0042604253176486565,0.0006725303822820054,0.005396086323305375,0.006799247107235487,0.000999000999000999,38.962131948932395
SARS-CoV-2,ORF1ab,10594,19,1,0.006855872876028772,0.004068300802961512,0.0006633907665000057,0.0052179051684521915,0.006615566663362312,0.000999000999000999,4.202006138515098
SARS-CoV-2,ORF1ab,10603,19,1,0.013192781486378913,0.004335598667402927,0.0006790181600159715,0.0054782872998945095,0.006447281376397083,0.000999000999000999,13.04410300126237
SARS-CoV-2,ORF1ab,10612,19,1,0.018121018516551464,0.004251125603118291,0.0006727709631753656,0.005438000469818004,0.006560019969652631,0.000999000999000999,20.616069468827273
SARS-CoV-2,ORF1ab,10621,19,1,0.0051445590798468235,0.004179325538855302,0.0006805441187287248,0.005235999711469283,0.006514795842068146,0.07092907092907093,1.4183261811072656
SARS-CoV-2,ORF1ab,10630,19,1,0.007248329857626234,0.0041437821960750845,0.0006958338354691633,0.005365126049612311,0.006634165714310173,0.000999000999000999,4.461622162219117
SARS-CoV-2,ORF1ab,10639,19,1,0.006948546131103544,0.004129917011292651,0.0006559373173099304,0.005178345031292273,0.006205062423300791,0.000999000999000999,4.297101331832124
SARS-CoV-2,ORF1ab,10648,19,1,0.015863938962395546,0.004129452419208841,0.0006735897020448912,0.005273318665088471,0.006235706178270471,0.000999000999000999,17.42082236050079
SARS-CoV-2,ORF1ab,10657,19,1,0.004699207340722341,0.0038307017222509038,0.0006036323758150261,0.004816405535905701,0.006049798817833912,0.06793206793206794,1.438798933371953
SARS-CoV-2,ORF1ab,10666,19,1,0.015907886796173897,0.004141183726155937,0.0006833138412063921,0.005230678152163012,0.006470678504342558,0.000999000999000999,17.220056671534444
SARS-CoV-2,ORF1ab,10675,19,1,0.012626597691274916,0.004060999590490377,0.0006561425681188349,0.005153817018413008,0.005926396537886068,0.000999000999000999,13.05447705571392
SARS-CoV-2,ORF1ab,10684,19,1,0.013845270041082975,0.0042871178353989965,0.0006578940909502116,0.005351580262408023,0.006517104676499859,0.000999000999000999,14.52840561598436
SARS-CoV-2,ORF1ab,10693,19,1,0.00502901616057918,0.004057027698345339,0.0006627422645682669,0.005154888076298724,0.006548484876967029,0.07792207792207792,1.4666160801846964
SARS-CoV-2,ORF1ab,10702,19,1,0.009055039245447288,0.004313074318238748,0.0006690477938121153,0.005451291181329401,0.006206684134752035,0.000999000999000999,7.087632559386629
SARS-CoV-2,ORF1ab,10711,19,2,0.14260344848152162,0.006116116451728665,0.0006823728663569092,0.0072846916674497225,0.00845515268961888,0.000999000999000999,200.01869763444617
SARS-CoV-2,ORF1ab,10720,19,1,0.007285074283860903,0.004211065576984274,0.0006793463330199491,0.005375004812250744,0.006467739698043205,0.000999000999000999,4.524950761434906
SARS-CoV-2,ORF1ab,10729,19,1,0.008982406450965154,0.004309274734444178,0.0006880821964414685,0.005455972890902428,0.006728757846729079,0.000999000999000999,6.791531216312316
SARS-CoV-2,ORF1ab,10738,19,2,0.2005917464967615,0.006136115583827269,0.0007453075325752346,0.007352219563014293,0.008546862795294406,0.000999000999000999,260.90656864964
SARS-CoV-2,ORF1ab,10747,19,1,0.014384461544581905,0.004385499360246108,0.000702127134159415,0.005578137546186542,0.00673502377901416,0.000999000999000999,14.240956798096875
SARS-CoV-2,ORF1ab,10756,19,1,0.006988626075191815,0.004073111271774788,0.0006531465480489683,0.005173284635157084,0.006376164496900533,0.000999000999000999,4.463798839825518
SARS-CoV-2,ORF1ab,10765,19,1,0.008172852009943906,0.004120221661189021,0.0006805772647283246,0.0052518456352104404,0.0065949977758939906,0.000999000999000999,5.954695460437735
SARS-CoV-2,ORF1ab,10774,19,2,0.3817941076597486,0.006050805356378766,0.0007145170589756606,0.00723487823850549,0.008392363937075832,0.000999000999000999,525.8703030016379
SARS-CoV-2,ORF1ab,10783,19,1,0.06118263402297633,0.004351702141607167,0.0007076300524776427,0.005480929025698353,0.006827795970988617,0.000999000999000999,80.31164261945293
SARS-CoV-2,ORF1ab,10792,19,1,0.008520498964361748,0.004075603017037389,0.0006595109752603515,0.005210990632782863,0.006121196954233685,0.000999000999000999,6.739684575483633
SARS-CoV-2,ORF1ab,10801,19,1,0.011994902179490962,0.00434652104461068,0.0006880416832155305,0.005592980525708949,0.006598495032982115,0.000999000999000999,11.11615956047304
SARS-CoV-2,ORF1ab,10810,19,1,0.02728048647498749,0.004302354319879022,0.0007151692370768243,0.005512101445573485,0.007178657325261323,0.000999000999000999,32.129642836748765
SARS-CoV-2,ORF1ab,10819,19,1,0.007579532257545026,0.004066125706587282,0.0006737685946536203,0.005216663264151635,0.00647611025937551,0.000999000999000999,5.214559685382726
SARS-CoV-2,ORF1ab,10828,19,1,0.024514925981114554,0.004350801835738506,0.0006907033193078935,0.005513687044628203,0.0067842977106374255,0.000999000999000999,29.193611181109045
SARS-CoV-2,ORF1ab,10837,19,1,0.020701120575061873,0.004327532978514429,0.0007031233448728744,0.005574730317162158,0.006777568513533571,0.000999000999000999,23.286934953792226
SARS-CoV-2,ORF1ab,10846,19,1,0.008847807134263678,0.0042606570091475275,0.0006652906633009551,0.005447058083529234,0.006378311723221359,0.000999000999000999,6.894956412519317
SARS-CoV-2,ORF1ab,10855,19,1,0.007592137655075516,0.004303118410429819,0.0006601699716077654,0.005448832813031284,0.006738980886560618,0.000999000999000999,4.982079443322273
SARS-CoV-2,ORF1ab,10864,19,1,0.0226508094023125,0.00427113567215264,0.0006802534831265552,0.005390133497962607,0.0070477602464099134,0.000999000999000999,27.018860154429355
SARS-CoV-2,ORF1ab,10873,19,1,0.008643017481144615,0.004318915771489181,0.0006722514116290511,0.005473428719751432,0.006638282348867536,0.000999000999000999,6.432268694203169
SARS-CoV-2,ORF1ab,10882,19,1,0.006295144040968191,0.0042593434312051945,0.0006551091759184647,0.005347700056060947,0.006622821534396282,0.002997002997002997,3.107574561001683
SARS-CoV-2,ORF1ab,10891,19,1,0.00900107715134558,0.003999190130612346,0.000663534391397781,0.005140662076653609,0.006354943898587948,0.000999000999000999,7.53824833434242
SARS-CoV-2,ORF1ab,10900,19,1,0.02059540689238811,0.004362721760901431,0.0006623242346333232,0.005448269269524081,0.006557928553319184,0.000999000999000999,24.508668538262743
SARS-CoV-2,ORF1ab,10909,19,1,0.009173484471223356,0.004087147986305972,0.0006850373362976247,0.005257527876265872,0.0066051337359336,0.000999000999000999,7.424904038672061
SARS-CoV-2,ORF1ab,10918,19,1,0.009144007232510873,0.003997330912159457,0.000654439734340684,0.005146883055711643,0.006439966846195354,0.000999000999000999,7.864247921218354
SARS-CoV-2,ORF1ab,10927,19,1,0.009982433799950079,0.004349478773347338,0.0006512636199133213,0.005512184654130959,0.006745951728837101,0.000999000999000999,8.649270210045586
SARS-CoV-2,ORF1ab,10936,19,2,0.16857030783430893,0.006180017037445932,0.0006995820108640847,0.007333679299227923,0.00833227234408889,0.000999000999000999,232.12473773630563
SARS-CoV-2,ORF1ab,10945,19,1,0.006287984310883219,0.003987160434383907,0.000671900857628327,0.005092937799019271,0.006331461852968856,0.001998001998001998,3.42435025997846
SARS-CoV-2,ORF1ab,10954,19,1,0.022146465874114955,0.00434416842188887,0.0006780800616967991,0.005538045962897646,0.006807541233483082,0.000999000999000999,26.253975684933668
SARS-CoV-2,ORF1ab,10963,19,1,0.019537818551580675,0.004258940854276353,0.0006720542342101957,0.005404551130005679,0.006947347162324468,0.000999000999000999,22.73459033445448
SARS-CoV-2,ORF1ab,10972,19,1,0.038226471552466425,0.004323723709743257,0.0006806390399774851,0.0055300707877635235,0.006470622948203048,0.000999000999000999,49.81017228139696
SARS-CoV-2,ORF1ab,10981,19,1,0.006355760380276697,0.004178638227860695,0.0006608738112647944,0.005286665722946376,0.006516530885264498,0.003996003996003996,3.294308407000391
SARS-CoV-2,ORF1ab,10990,19,1,0.009370288751858616,0.004022238443628999,0.0006836289230637482,0.00517786434816918,0.006736573261097414,0.000999000999000999,7.823031074024516
SARS-CoV-2,ORF1ab,10999,19,1,0.010638347098331091,0.004182384403131395,0.0006764653923623731,0.005408635635677055,0.007170733454603721,0.000999000999000999,9.54367033124043
SARS-CoV-2,ORF1ab,11008,19,1,0.03242930722742634,0.004367607109306598,0.0006909397992161693,0.0055834480129403575,0.0066065230452555185,0.000999000999000999,40.61381346096157
SARS-CoV-2,ORF1ab,11017,19,3,0.6888029485546557,0.0075772681833128725,0.000709236398203641,0.008762367784336976,0.0099999264402416,0.000999000999000999,960.505808918939
SARS-CoV-2,ORF1ab,11026,19,3,0.6900421420451349,0.007585712023865604,0.0007047990734380419,0.00882106618977411,0.00985763541551412,0.000999000999000999,968.2992724326607
SARS-CoV-2,ORF1ab,11035,19,1,0.013353238591246958,0.004272901094399929,0.00068405987299969,0.005488805974763784,0.006707399426790641,0.000999000999000999,13.274185280052444
SARS-CoV-2,ORF1ab,11044,19,1,0.019081941580668477,0.004279541042367917,0.0006649564961187997,0.005372970112411239,0.006885645177347953,0.000999000999000999,22.260705211090976
SARS-CoV-2,ORF1ab,11053,19,1,0.007895482548190592,0.004139913494980667,0.000677729287046891,0.005302620195638897,0.006220205203265399,0.000999000999000999,5.541399973393925
SARS-CoV-2,ORF1ab,11062,19,2,0.16487590396006663,0.006176909097348127,0.0007035941246463121,0.007421665989674806,0.008456158217429325,0.000999000999000999,225.55474712426638
SARS-CoV-2,ORF1ab,11071,19,1,0.006938980589163907,0.004273173465251479,0.0006853605947847681,0.00542621161661008,0.006345139379224111,0.000999000999000999,3.8896416633780984
SARS-CoV-2,ORF1ab,11080,19,1,0.050492442362892576,0.004383382318802699,0.0006980054510656136,0.005527974126193669,0.007018777926249998,0.000999000999000999,66.05830939242271
SARS-CoV-2,ORF1ab,11089,19,1,0.007875538365566518,0.004236155861118126,0.0006901326647045283,0.005431239160538465,0.006663880173964042,0.000999000999000999,5.273453483043798
SARS-CoV-2,ORF1ab,11098,19,1,0.12268614269128224,0.004301701765616146,0.000717558559589251,0.005473098821957738,0.006908825740536415,0.000999000999000999,164.9822712635919
SARS-CoV-2,ORF1ab,11107,19,1,0.02299904507959063,0.004342816220700545,0.0006805678964249103,0.005500656138254079,0.006395685962955396,0.000999000999000999,27.412737152153486
SARS-CoV-2,ORF1ab,11116,19,1,0.009408442619213787,0.004123423630267719,0.0006518702491957874,0.005229625405496669,0.005995708584823331,0.000999000999000999,8.107470766561594
SARS-CoV-2,ORF1ab,11125,19,1,0.008337413551236529,0.004144970313061083,0.0006937848111453615,0.005367817883300408,0.006507403312146892,0.000999000999000999,6.0428582044830135
SARS-CoV-2,ORF1ab,11134,19,1,0.02839284514475847,0.004322137670191916,0.0007148397806185429,0.005554823977174547,0.006699900088876858,0.000999000999000999,33.67287065884671
SARS-CoV-2,ORF1ab,11143,19,1,0.01819472062895388,0.00429129316829,0.0006880132484242358,0.005458858553636103,0.008054215985965278,0.000999000999000999,20.208081010804733
SARS-CoV-2,ORF1ab,11152,19,1,0.07985604574437866,0.004368597040121319,0.0007057600440255171,0.00556682250721664,0.0070953639821967176,0.000999000999000999,106.95908523482245
SARS-CoV-2,ORF1ab,11161,19,1,0.017344382181717796,0.004158768986429427,0.0006729748084566827,0.005322193507835567,0.006826496248543314,0.000999000999000999,19.593026409898798
SARS-CoV-2,ORF1ab,11170,19,1,0.006799965291016847,0.004239715520042038,0.0007181568504512976,0.005508153776082134,0.006449331764424541,0.000999000999000999,3.5650286833105054
SARS-CoV-2,ORF1ab,11179,19,1,0.011969785043816223,0.004196949234671387,0.0007163216316876254,0.005371573036402619,0.0070114213240574565,0.000999000999000999,10.851041578672339
SARS-CoV-2,ORF1ab,11188,19,1,0.017475175481892105,0.004362909363117722,0.0007055983027017258,0.005631512927627593,0.007059277183491086,0.000999000999000999,18.58318829363351
SARS-CoV-2,ORF1ab,11197,19,1,0.012816666754641284,0.004253063708513394,0.0006945553082197439,0.005470986937675543,0.00647536586281478,0.000999000999000999,12.329620038579462
SARS-CoV-2,ORF1ab,11206,19,1,0.02929077779939481,0.004396231612350551,0.0006724854785205364,0.005478117615606859,0.006821222461998663,0.000999000999000999,37.018711901128476
SARS-CoV-2,ORF1ab,11215,19,1,0.0125255049981034,0.004138119991647465,0.0006827565480635111,0.005293309027753486,0.006471301890401708,0.000999000999000999,12.284591089232187
SARS-CoV-2,ORF1ab,11224,19,1,0.012868184853461277,0.0041749034657161885,0.0006765674420025733,0.005295991086844993,0.006487541578062732,0.000999000999000999,12.849098032287554
SARS-CoV-2,ORF1ab,11233,19,1,0.01694906004886372,0.00414987817280512,0.0006770860951014996,0.005284492935364415,0.006865962375811969,0.000999000999000999,18.90332997333215
SARS-CoV-2,ORF1ab,11242,19,1,0.048986446558870606,0.004362088026027394,0.0007238365256436734,0.005646312369366638,0.0065080096888484006,0.000999000999000999,61.649774433752
SARS-CoV-2,ORF1ab,11251,19,1,0.012310372860641261,0.004367106036713333,0.0006838247372959677,0.00554180160087972,0.006522136325075991,0.000999000999000999,11.61593956857689
SARS-CoV-2,ORF1ab,11260,19,1,0.013435804270664575,0.004250155716515184,0.0006784547447212988,0.005376123824008069,0.006487996819890748,0.000999000999000999,13.539073351049739
SARS-CoV-2,ORF1ab,11269,19,2,0.48583373118097367,0.006142162483161986,0.0006790086974612797,0.007256882244735518,0.008343870914874396,0.000999000999000999,706.458651400656
SARS-CoV-2,ORF1ab,11278,19,1,0.008325664046289906,0.004106824243492859,0.0006820048384912011,0.005280055600591537,0.006398114655458199,0.000999000999000999,6.18593822901665
SARS-CoV-2,ORF1ab,11287,19,1,0.008493080092402778,0.004281955979661176,0.0006756241321738429,0.0054784387525364155,0.006118659315240908,0.000999000999000999,6.232939162774088
SARS-CoV-2,ORF1ab,11296,19,1,0.014719237456785743,0.0043877941810527565,0.000724548358674277,0.005682646570115273,0.006514897218676918,0.000999000999000999,14.25914937497984
SARS-CoV-2,ORF1ab,11305,19,1,0.03952283274188065,0.004336872009128765,0.0007136678097669908,0.0055364240747061005,0.00690724512518674,0.000999000999000999,49.30299538694331
SARS-CoV-2,ORF1ab,11314,19,1,0.008752032113852894,0.004173355452642851,0.0006617314102321065,0.005275687003457314,0.006464719474633957,0.000999000999000999,6.9192373074810565
SARS-CoV-2,ORF1ab,11323,19,1,0.03224691936695824,0.00426530769702582,0.0006733124909817012,0.0054805552733449775,0.006338877033937799,0.000999000999000999,41.55813540475797
SARS-CoV-2,ORF1ab,11332,19,1,0.043569802074698134,0.004344091172580494,0.0006725758991341816,0.005547109333545602,0.006540887928157372,0.000999000999000999,58.32161240480601
SARS-CoV-2,ORF1ab,11341,19,1,0.014889877064251518,0.004246797559908817,0.0006953296717643687,0.005493928702974394,0.006786834702760469,0.000999000999000999,15.306522843094486
SARS-CoV-2,ORF1ab,11350,19,1,0.016434614182169925,0.004362272920060148,0.0006707809205815658,0.005500529676209908,0.0066740621461663235,0.000999000999000999,17.997442818801524
SARS-CoV-2,ORF1ab,11359,19,1,0.06230474169637148,0.004369580444961737,0.0006869426028549164,0.005597657546907133,0.006603776716491735,0.000999000999000999,84.33770304918147
SARS-CoV-2,ORF1ab,11368,19,1,0.06061095627706018,0.0043479994746515515,0.0007184519402341535,0.005565521647417342,0.006956448855027864,0.000999000999000999,78.31137150812307
SARS-CoV-2,ORF1ab,11377,19,1,0.009629872851660068,0.0041953399662428325,0.0007099660452000112,0.005406691856263885,0.006374660410673549,0.000999000999000999,7.6546377424095295
SARS-CoV-2,ORF1ab,11386,19,1,0.05063475825622582,0.004383416893235827,0.0006988491055781123,0.005524430267873394,0.00666441348307002,0.000999000999000999,66.18215719791081
SARS-CoV-2,ORF1ab,11395,19,1,0.009768255830657078,0.004196921801184464,0.0006591362426670569,0.005379865650675591,0.006397940035436891,0.000999000999000999,8.452477149381707
SARS-CoV-2,ORF1ab,11404,19,1,0.030359034000643475,0.004374412150330906,0.0007142213295086601,0.0056567665383412905,0.007338420000136544,0.000999000999000999,36.381749993644654
SARS-CoV-2,ORF1ab,11413,19,1,0.021874627246710014,0.004286296602876189,0.0006673751174056116,0.005416164385900578,0.006643862224427743,0.000999000999000999,26.3544896792191
SARS-CoV-2,ORF1ab,11422,19,1,0.006095548694999644,0.004096326173625534,0.0006608438610540966,0.005232858448169703,0.006435091557853459,0.002997002997002997,3.02525700728338
SARS-CoV-2,ORF1ab,11431,19,1,0.014850968223301956,0.0042947488893728975,0.0006711548272730266,0.005461152000583901,0.006618930403234776,0.000999000999000999,15.72844134462997
SARS-CoV-2,ORF1ab,11440,19,1,0.007293223848338822,0.0039948756922228885,0.0006785656802468288,0.005155031832037439,0.006606675435930469,0.000999000999000999,4.8607647750710825
SARS-CoV-2,ORF1ab,11449,19,1,0.004712789536746566,0.003872535191558905,0.0006438846362317714,0.004965892980061419,0.007096310062545055,0.11288711288711288,1.3049765406814344
SARS-CoV-2,ORF1ab,11458,19,2,0.38220359267167325,0.005959320571487508,0.0007060802051049545,0.007148893432464961,0.00797860404445293,0.000999000999000999,532.86336223554
SARS-CoV-2,ORF1ab,11467,19,1,0.00763996003572711,0.004027110789195179,0.0006773392403850816,0.0051834097048363975,0.0062371776565845975,0.000999000999000999,5.333884457185664
SARS-CoV-2,ORF1ab,11476,19,1,0.015788036633304355,0.004387405786942493,0.0006975649832726233,0.0055703226886816915,0.006605018957194172,0.000999000999000999,16.34346780550229
SARS-CoV-2,ORF1ab,11485,19,2,0.2939436361648949,0.00619694862480981,0.0007016199499193839,0.007403353546419747,0.008774998795379612,0.000999000999000999,410.1175965323494
SARS-CoV-2,ORF1ab,11494,19,1,0.008600642766537861,0.004274504408691627,0.0006645954513291202,0.005422302477839995,0.0064585456674990365,0.000999000999000999,6.509431187340236
SARS-CoV-2,ORF1ab,11503,19,1,0.006114135379166612,0.004251191432517473,0.0006721374451517842,0.0053995219130834665,0.006534215725104181,0.005994005994005994,2.771671121861754
SARS-CoV-2,ORF1ab,11512,19,1,0.033449112944556304,0.004421343650813336,0.000707149880600686,0.005635278080284226,0.006684185821822673,0.000999000999000999,41.04896301344975
SARS-CoV-2,ORF1ab,11521,19,1,0.0082620279007317,0.004136639039303888,0.0006805771452231323,0.00526095727065523,0.006441281185955048,0.000999000999000999,6.061603582170353
SARS-CoV-2,ORF1ab,11530,19,1,0.01876895842038368,0.004251846854089165,0.000674166560400934,0.005369358630410099,0.00670311540236687,0.000999000999000999,21.533419808987613
SARS-CoV-2,ORF1ab,11539,19,1,0.020808388041751308,0.004317699487419768,0.0006763007535851181,0.0055051810145593065,0.006625515468536541,0.000999000999000999,24.38366136206892
SARS-CoV-2,ORF1ab,11548,19,1,0.022036123476108612,0.004254927897303203,0.0006678559733646798,0.005364035964306225,0.006882322725247771,0.000999000999000999,26.62429668663915
SARS-CoV-2,ORF1ab,11557,19,1,0.018993298595485108,0.004364877588371003,0.0007546125087565004,0.005611151002863413,0.006922360171007528,0.000999000999000999,19.38534126769217
SARS-CoV-2,ORF1ab,11566,19,1,0.016415074278721603,0.0043221308597572745,0.0007032534722417098,0.005512461191032885,0.0073479139478943275,0.000999000999000999,17.195710929683056
SARS-CoV-2,ORF1ab,11575,19,1,0.007477703840967854,0.004166037972157593,0.0006619333791768504,0.005328324443090746,0.006264056082229986,0.000999000999000999,5.00301990047472
SARS-CoV-2,ORF1ab,11584,19,1,0.005441566950754362,0.004175198711561659,0.0006749764451868336,0.005254717151696693,0.006598792457961108,0.03396603396603397,1.8761665658453779
SARS-CoV-2,ORF1ab,11593,19,1,0.025619050658180605,0.0043709199678267936,0.0007094021336084393,0.005492964638988487,0.007132146604313539,0.000999000999000999,29.952166315420055
SARS-CoV-2,ORF1ab,11602,19,1,0.00885291624893785,0.004153355585223197,0.0006905991149126771,0.0053272805633829395,0.006364621933905791,0.000999000999000999,6.805048778999506
SARS-CoV-2,ORF1ab,11611,19,1,0.006691103905407035,0.004219727877548881,0.000688449849782786,0.0053915340528323235,0.006681200533445984,0.000999000999000999,3.589769143878675
SARS-CoV-2,ORF1ab,11620,19,1,0.026228009684711905,0.004304465860618938,0.0007014026578776842,0.005459733523738819,0.00685416975206619,0.000999000999000999,31.256716206963898
SARS-CoV-2,ORF1ab,11629,19,1,0.01571098715623247,0.004269682470206096,0.0006696705657750591,0.005443182502472053,0.006962030753853825,0.000999000999000999,17.084974718553607
SARS-CoV-2,ORF1ab,11638,19,1,0.006913679977884508,0.004031204461040379,0.0006440083302512829,0.0051414274555564785,0.006496491725891387,0.000999000999000999,4.475835763986823
SARS-CoV-2,ORF1ab,11647,19,1,0.010457626027159793,0.004180715037132327,0.0006767749463361114,0.005340549998948751,0.00666627981049421,0.000999000999000999,9.274739001508665
SARS-CoV-2,ORF1ab,11656,19,1,0.013960387764231051,0.0041148466710097505,0.0006551440704780476,0.005268049912444874,0.006407548370374855,0.000999000999000999,15.028054952916197
SARS-CoV-2,ORF1ab,11665,19,1,0.009591490323210595,0.004188176321334575,0.0006838583404580349,0.00541255842971254,0.006345059522945274,0.000999000999000999,7.901218252682253
SARS-CoV-2,ORF1ab,11674,19,1,0.008564642975581004,0.004296352004652493,0.0006745424388542574,0.005399496645174868,0.006815936897659427,0.000999000999000999,6.327683367377756
SARS-CoV-2,ORF1ab,11683,19,1,0.021805497766160024,0.004361137392108792,0.0006924498434537248,0.005432264663527717,0.006890339563839474,0.000999000999000999,25.192236721499107
SARS-CoV-2,ORF1ab,11692,19,1,0.021889590481520515,0.004353883436034929,0.0006691349859290574,0.005438340041188022,0.006384766619300268,0.000999000999000999,26.20653143870248
SARS-CoV-2,ORF1ab,11701,19,1,0.005993783076996991,0.004157336957700944,0.0006962738443653336,0.005325460436881235,0.007103620152500744,0.004995004995004995,2.6375342606327568
SARS-CoV-2,ORF1ab,11710,19,1,0.008260512094767903,0.004157990339328217,0.0006884884345560323,0.005330265717663213,0.006516434285833868,0.000999000999000999,5.9587373578543446
SARS-CoV-2,ORF1ab,11719,19,1,0.015603486774305982,0.004179640834990489,0.0006666746584421366,0.005299273422939247,0.006665080279547683,0.000999000999000999,17.13556349360925
SARS-CoV-2,ORF1ab,11728,19,1,0.012271394247900472,0.003941700815028754,0.000642294088935707,0.005033987489868157,0.006044728787565888,0.000999000999000999,12.968659647287387
SARS-CoV-2,ORF1ab,11737,19,1,0.009744833673826388,0.004310972470587138,0.0006748340770579574,0.005467160109731211,0.006893158064202891,0.000999000999000999,8.05214405729035
SARS-CoV-2,ORF1ab,11746,19,1,0.00849602793605708,0.0042484802803160054,0.0006816365051078013,0.005409929900112253,0.006492425443325341,0.000999000999000999,6.231396974651941
SARS-CoV-2,ORF1ab,11755,19,1,0.022870222944674654,0.004397706001324806,0.0007042122897096402,0.005589431674793367,0.007378280920638938,0.000999000999000999,26.231460616750113
SARS-CoV-2,ORF1ab,11764,19,1,0.015983468059096305,0.004267751746131172,0.0006437660652238393,0.005425728083511163,0.006793769385529283,0.000999000999000999,18.198716810106394
SARS-CoV-2,ORF1ab,11773,19,1,0.01518625198840522,0.0043069199174354585,0.0006809095617340682,0.005460771887906581,0.006840210613080676,0.000999000999000999,15.977646199097915
SARS-CoV-2,ORF1ab,11782,19,1,0.01749465083650987,0.00436361217982734,0.0006985642888836181,0.0055363500646428325,0.007145097390747043,0.000999000999000999,18.797179967025453
SARS-CoV-2,ORF1ab,11791,19,1,0.015320241629849598,0.004118127103940305,0.0006773677239951814,0.005368125484476492,0.006646197432929207,0.000999000999000999,16.537715230714152
SARS-CoV-2,ORF1ab,11800,19,1,0.018849698236917307,0.004354820335599967,0.0007188965240056342,0.005547149521931869,0.006428299230557796,0.000999000999000999,20.1626762924837
SARS-CoV-2,ORF1ab,11809,19,1,0.022569710898926693,0.00439307245666716,0.0006785290469189117,0.00557343420963768,0.006494523890906493,0.000999000999000999,26.78829819415491
SARS-CoV-2,ORF1ab,11818,19,1,0.012273728446933177,0.004350525134492699,0.0006943169481916333,0.005543286487531441,0.006756939247855661,0.000999000999000999,11.411507861181653
SARS-CoV-2,ORF1ab,11827,19,2,0.30599908183714275,0.006060507608518812,0.0007032589308090718,0.0072053634975875165,0.008664191046863586,0.000999000999000999,426.49806648535036
SARS-CoV-2,ORF1ab,11836,19,1,0.020751779484135414,0.004242759301460736,0.0007073934848559128,0.0055004211668610225,0.006469240920160132,0.000999000999000999,23.337817687191958
SARS-CoV-2,ORF1ab,11845,19,1,0.06289005846178562,0.00433723197283628,0.0007436523777066954,0.005610220708706286,0.00674410513217118,0.000999000999000999,78.73682414559994
SARS-CoV-2,ORF1ab,11854,19,1,0.01895372109604247,0.004263830788494136,0.0006652407164355107,0.005438214369341268,0.006453908294684712,0.000999000999000999,22.08206735489617
SARS-CoV-2,ORF1ab,11863,19,1,0.032331102946902314,0.00433276719564679,0.0006831316340499055,0.005535482489745097,0.006578277715213237,0.000999000999000999,40.98527187984114
SARS-CoV-2,ORF1ab,11872,19,1,0.013529929283287482,0.004209831685491499,0.000700163649513994,0.005376477366143599,0.006838300727863241,0.000999000999000999,13.311313154096704
SARS-CoV-2,ORF1ab,11881,19,1,0.013691615098475622,0.004214405329258049,0.0006635869048796417,0.005368641107019631,0.006776880209173504,0.000999000999000999,14.281791427057328
SARS-CoV-2,ORF1ab,11890,19,2,0.3838990025265625,0.0059434416518497945,0.0007072794053124833,0.007107838167263273,0.008064951987542637,0.000999000999000999,534.3794235147113
SARS-CoV-2,ORF1ab,11899,19,1,0.008989956896287501,0.004164039831791144,0.0006487459675893647,0.005213029745107959,0.006833889096657451,0.000999000999000999,7.43883940031055
SARS-CoV-2,ORF1ab,11908,19,1,0.020239357994705207,0.004253345530905533,0.0006847053104974654,0.00545854589521623,0.006967748839715231,0.000999000999000999,23.347288561534896
SARS-CoV-2,ORF1ab,11917,19,1,0.030665040768347845,0.00436296610110198,0.00065928087379422,0.005474527500761995,0.006363058680950963,0.000999000999000999,39.895097389789406
SARS-CoV-2,ORF1ab,11926,19,1,0.00667110227052441,0.004112236042570468,0.000678584516139669,0.005225092060360217,0.006375243052102025,0.000999000999000999,3.770888028083544
SARS-CoV-2,ORF1ab,11935,19,1,0.0058193845138538045,0.004118189347988155,0.0006824256512929124,0.0053218516971405595,0.00640522539082554,0.00999000999000999,2.4928652119723123
SARS-CoV-2,ORF1ab,11944,19,1,0.009266139277441026,0.004067732485446422,0.000653212043785949,0.00520082366195894,0.006524092899328334,0.000999000999000999,7.958222512042461
SARS-CoV-2,ORF1ab,11953,19,1,0.008439918810778777,0.004160683325388041,0.000674135540320951,0.005360799377749177,0.006249684516233345,0.000999000999000999,6.347737553420522
SARS-CoV-2,ORF1ab,11962,19,1,0.0066909966418768245,0.004086912967520758,0.0006647675385603039,0.0052686146280558465,0.006526583323644033,0.000999000999000999,3.917284649602124
SARS-CoV-2,ORF1ab,11971,19,1,0.006319992586447086,0.004204605851891752,0.0006765353765395601,0.005355978704911519,0.006546148619806712,0.004995004995004995,3.126793968078088
SARS-CoV-2,ORF1ab,11980,19,1,0.007308454780609675,0.004243061575096142,0.0006670206026873958,0.00534132386454795,0.006594295462011257,0.000999000999000999,4.595649959181475
SARS-CoV-2,ORF1ab,11989,19,1,0.007246610441874328,0.004012636758501248,0.0006606896796040815,0.005129268864541275,0.006195201926428158,0.000999000999000999,4.894845164391004
SARS-CoV-2,ORF1ab,11998,19,1,0.009168862221028168,0.004024170826129923,0.0006532351864065903,0.005114801770880133,0.0059780540214845225,0.000999000999000999,7.875710773020205
SARS-CoV-2,ORF1ab,12007,19,1,0.009311440736697943,0.004046346408201021,0.0006577905074710914,0.005197121842408576,0.00680239005560227,0.000999000999000999,8.004211475685231
SARS-CoV-2,ORF1ab,12016,19,1,0.009590898455032821,0.0040932648106220305,0.0007048644923971645,0.005331367095140584,0.006342224680282246,0.000999000999000999,7.799561055649093
SARS-CoV-2,ORF1ab,12025,19,1,0.007827079275236935,0.004255277787233452,0.0006788931486333471,0.005451538014343761,0.006452571012047043,0.000999000999000999,5.2612130424260934
SARS-CoV-2,ORF1ab,12034,19,1,0.00592991001920715,0.003996377941746086,0.000679262202151719,0.005157358903160304,0.006046397806748631,0.002997002997002997,2.8465179886885457
SARS-CoV-2,ORF1ab,12043,19,1,0.02771206263049933,0.0043840003293612465,0.0006786004121680679,0.005538171832267274,0.006822060009110745,0.000999000999000999,34.37672875353406
SARS-CoV-2,ORF1ab,12052,19,1,0.0282532445231387,0.004315796259507759,0.0006723136169406582,0.005448098826438517,0.0069255112575415554,0.000999000999000999,35.60458640203889
SARS-CoV-2,ORF1ab,12061,19,1,0.010003779184331775,0.00418678808202262,0.0006953403132633887,0.005438027970271632,0.0064127551600348985,0.000999000999000999,8.365675039044847
SARS-CoV-2,ORF1ab,12070,19,1,0.009578712079182958,0.003998023136074498,0.0006869027064352625,0.005135895568545217,0.006694010622917145,0.000999000999000999,8.124424159092195
SARS-CoV-2,ORF1ab,12079,19,1,0.00549774489808939,0.003860480328022403,0.0006423508255785085,0.004956849575270506,0.006158914447120599,0.008991008991008992,2.5488634946369806
SARS-CoV-2,ORF1ab,12088,19,1,0.041091394871487226,0.004423508383704696,0.0007062496761067382,0.005610637625039452,0.007055689633678031,0.000999000999000999,51.91915512077456
SARS-CoV-2,ORF1ab,12097,19,1,0.015733998434752976,0.004193113426506263,0.0006926375566797718,0.005394380427148672,0.006719763285935933,0.000999000999000999,16.66222816962036
SARS-CoV-2,ORF1ab,12106,19,1,0.00801176309379325,0.004052413757717196,0.0006776222018327309,0.005190676135580712,0.006505297827974742,0.000999000999000999,5.843004147986003
SARS-CoV-2,ORF1ab,12115,19,1,0.012411840333829444,0.004207392651165819,0.000634110522842015,0.00527037658962242,0.006716791403515671,0.000999000999000999,12.93851369299499
SARS-CoV-2,ORF1ab,12124,19,1,0.01195518636249121,0.004144759179405139,0.0006831179186873645,0.005271373811994331,0.00657791490491622,0.000999000999000999,11.43349774530009
SARS-CoV-2,ORF1ab,12133,19,1,0.037430668204139185,0.004343032070827283,0.0007352236099223768,0.0056163738993266306,0.006657204494871089,0.000999000999000999,45.0035005497242
SARS-CoV-2,ORF1ab,12142,19,1,0.008385935346281634,0.004331064288410792,0.0006827592761140151,0.005514161863094744,0.006845354892409031,0.000999000999000999,5.938946858326847
SARS-CoV-2,ORF1ab,12151,19,1,0.006400703374440546,0.004092561874229312,0.000673079025167133,0.005184889467398155,0.006400869875570579,0.001998001998001998,3.4292280904728787
SARS-CoV-2,ORF1ab,12160,19,1,0.03498844431446402,0.004322794071230444,0.0006776915160036706,0.005512647222644837,0.00675619066378451,0.000999000999000999,45.250161052728124
SARS-CoV-2,ORF1ab,12169,19,1,0.01256699209655628,0.004401444744484932,0.000710173547993575,0.005601363724005448,0.006774134285018083,0.000999000999000999,11.497960428322262
SARS-CoV-2,ORF1ab,12178,19,2,0.10589421844455582,0.005955559209634525,0.0006896876879249948,0.0071059397189827435,0.008228995379308839,0.000999000999000999,144.90422402000289
SARS-CoV-2,ORF1ab,12187,19,1,0.014609799721941173,0.004359141959900855,0.0006704817493180447,0.005452650547240853,0.006856978844962032,0.000999000999000999,15.288496327403973
SARS-CoV-2,ORF1ab,12196,19,1,0.014446850228202135,0.004223505875320445,0.0006691489371136347,0.005342907475481022,0.00648179584208175,0.000999000999000999,15.278129853990285
SARS-CoV-2,ORF1ab,12205,19,1,0.01709969560562537,0.004352336988944028,0.0006768758318459453,0.005483751831051671,0.0069281889237361016,0.000999000999000999,18.83263963187653
SARS-CoV-2,ORF1ab,12214,19,1,0.013980345611329555,0.004307881090541304,0.0006430289937806205,0.00545044281222751,0.006592697013265955,0.000999000999000999,15.042034829440622
SARS-CoV-2,ORF1ab,12223,19,1,0.007382232496798513,0.004189788625899213,0.0006864290042765914,0.005388862518636886,0.006573322045945244,0.000999000999000999,4.650799792855094
SARS-CoV-2,ORF1ab,12232,19,1,0.009980701375118464,0.004148853046410003,0.0006691764467169629,0.005335012324149544,0.006554127687210074,0.000999000999000999,8.714963530650264
SARS-CoV-2,ORF1ab,12241,19,1,0.018982142745526297,0.004379791394194884,0.0006865357514038283,0.0055702970900942655,0.006707241504052837,0.000999000999000999,21.269615342642425
SARS-CoV-2,ORF1ab,12250,19,1,0.019669924710882424,0.004298755876574487,0.0006673443637040744,0.005421518792107789,0.0067749547125626,0.000999000999000999,23.033338813248882
SARS-CoV-2,ORF1ab,12259,19,1,0.09028887931172379,0.004320765039042665,0.000706691423983342,0.005569449584981672,0.006663712772401423,0.000999000999000999,121.64873006115262
SARS-CoV-2,ORF1ab,12268,19,1,0.013540719576249834,0.004325371165943092,0.0006791992898533245,0.0055375310433577445,0.0065620033122593254,0.000999000999000999,13.567959431018883
SARS-CoV-2,ORF1ab,12277,19,1,0.00726149131184827,0.004195253663050158,0.0006896943420384032,0.005428335903526644,0.006595948785379628,0.000999000999000999,4.445792087746865
SARS-CoV-2,ORF1ab,12286,19,1,0.007322205985269211,0.004297789733596897,0.0006567817070991913,0.005446188472626235,0.006412052678323903,0.000999000999000999,4.604903301936129
SARS-CoV-2,ORF1ab,12295,19,1,0.008432974566376423,0.0040477131050006086,0.0006783485588365284,0.005198703946977485,0.006229172749032142,0.000999000999000999,6.464613809893263
SARS-CoV-2,ORF1ab,12304,19,1,0.00657706843146852,0.00398976572180301,0.0006870315714797994,0.005144983146363043,0.006685495403569223,0.001998001998001998,3.76591530443457
SARS-CoV-2,ORF1ab,12313,19,1,0.006400289776080445,0.004138211050623587,0.0006715820103459682,0.0052381950773699145,0.006310533568145208,0.000999000999000999,3.368283680337921
SARS-CoV-2,ORF1ab,12322,19,1,0.007721460885262779,0.0040765586187947594,0.0006791139778577957,0.005204426941979134,0.006036441325219342,0.000999000999000999,5.367143639077402
SARS-CoV-2,ORF1ab,12331,19,1,0.012577763453373607,0.004335459705363457,0.0006932701021714182,0.005497913107330358,0.00683318457454994,0.000999000999000999,11.88902236255986
SARS-CoV-2,ORF1ab,12340,19,1,0.0049312442324501125,0.004148246898721088,0.0006474870799410861,0.005277129769223081,0.006345720402665499,0.12387612387612387,1.2092864212831367
SARS-CoV-2,ORF1ab,12349,19,2,0.2606114109207438,0.0061005556545712545,0.0006872935950169251,0.007253231442875915,0.008906014991272746,0.000999000999000999,370.30878377370163
SARS-CoV-2,ORF1ab,12358,19,1,0.008891266849448022,0.004217472406687031,0.0006967345698443669,0.005420049856903743,0.006638675732271879,0.000999000999000999,6.708142017131431
SARS-CoV-2,ORF1ab,12367,19,1,0.01775221942812967,0.004158164198187805,0.0006922593071830071,0.005334966073218233,0.006355985831083887,0.000999000999000999,19.63722999299179
SARS-CoV-2,ORF1ab,12376,19,1,0.007480824463079055,0.00411399132298672,0.0006728599726773613,0.005199415577058125,0.006434929765254328,0.000999000999000999,5.003764938929935
SARS-CoV-2,ORF1ab,12385,19,1,0.018375442680145782,0.004304716764736099,0.0006832410568087047,0.005512829788381826,0.0073538936048790395,0.000999000999000999,20.59408721883825
SARS-CoV-2,ORF1ab,12394,19,1,0.0501427774856386,0.004408869701615277,0.000682289340439681,0.005557184563080495,0.00714440710653369,0.000999000999000999,67.03007811107157
SARS-CoV-2,ORF1ab,12403,19,1,0.007117309804522694,0.00415614550546239,0.0006928006290290574,0.005376743299576525,0.006881193632896992,0.000999000999000999,4.274194010490869
SARS-CoV-2,ORF1ab,12412,19,1,0.006832459040423586,0.00409148011323167,0.0006821176219564811,0.0052061516196656695,0.006229396784051298,0.000999000999000999,4.018337657558405
SARS-CoV-2,ORF1ab,12421,19,1,0.005888827094717427,0.0039582495544970946,0.0006715038424634585,0.005101494739236697,0.006675281328586426,0.003996003996003996,2.875005946559999
SARS-CoV-2,ORF1ab,12430,19,1,0.009228497760710387,0.0040272304469827006,0.0006653200843076439,0.005137565155325715,0.006581040026588924,0.000999000999000999,7.817691719227615
SARS-CoV-2,ORF1ab,12439,19,1,0.06358137766046217,0.004374481547099565,0.0007087970695574352,0.0055743746345105144,0.00702025019187824,0.000999000999000999,83.5315193251726
SARS-CoV-2,ORF1ab,12448,19,1,0.007283339687637074,0.004064925159268719,0.0006627397943456754,0.00519076846512702,0.006034324071801803,0.000999000999000999,4.856226464484305
SARS-CoV-2,ORF1ab,12457,19,1,0.007786377266914084,0.004036893877211948,0.0006591092096158109,0.005167365537933667,0.006267075752266936,0.000999000999000999,5.688713395292532
SARS-CoV-2,ORF1ab,12466,19,1,0.014152370353675182,0.004303372942001353,0.000707914958477278,0.005502354951945809,0.006650152167012202,0.000999000999000999,13.912684417431974
SARS-CoV-2,ORF1ab,12475,19,1,0.014884672714635134,0.004397312146264318,0.0006950242679991881,0.005563592532039068,0.007077232333908292,0.000999000999000999,15.089200552034635
SARS-CoV-2,ORF1ab,12484,19,1,0.012212471549283697,0.004332705269820942,0.0006930702401260309,0.0055495587758293404,0.006765182679831029,0.000999000999000999,11.369361751890926
SARS-CoV-2,ORF1ab,12493,19,1,0.008715229403812084,0.004230120913572602,0.0006743029528103643,0.0053611830759366045,0.006670210427355788,0.000999000999000999,6.6514738984108215
SARS-CoV-2,ORF1ab,12502,19,1,0.026034480686246926,0.004359275950093734,0.0007010882374972355,0.005568791547227445,0.0069980349030541195,0.000999000999000999,30.91651460810403
SARS-CoV-2,ORF1ab,12511,19,2,0.30880345181459545,0.006172439562642318,0.0007010322689564412,0.007374994345017647,0.008618614243715088,0.000999000999000999,431.6934122054761
SARS-CoV-2,ORF1ab,12520,19,2,0.3758405876605733,0.006146484224105329,0.0006963023072101357,0.007361382983658154,0.008451220740073387,0.000999000999000999,530.939075755351
SARS-CoV-2,ORF1ab,12529,19,1,0.01018428306610542,0.004227124233997626,0.0006598318762895645,0.005307986435404897,0.008021299066115687,0.000999000999000999,9.028298034958105
SARS-CoV-2,ORF1ab,12538,19,1,0.06030023569367065,0.004327908030039845,0.0007075092329299478,0.005520754089878535,0.007117787591753011,0.000999000999000999,79.1117982048621
SARS-CoV-2,ORF1ab,12547,19,2,0.3803621639300559,0.006054640728714275,0.0006840606917991068,0.00717251275396316,0.008867185854511794,0.000999000999000999,547.1846689756401
SARS-CoV-2,ORF1ab,12556,19,1,0.018342794913782278,0.004308286346662883,0.000678416849456343,0.005466051791839781,0.006533460526482379,0.000999000999000999,20.687146226344623
SARS-CoV-2,ORF1ab,12565,19,1,0.01053991487721632,0.004228469327480602,0.000676868692951867,0.005357945415572315,0.007749074591401293,0.000999000999000999,9.324475508257157
SARS-CoV-2,ORF1ab,12574,19,1,0.01242368442996077,0.004140350166253939,0.0006888376494358613,0.005342865745063533,0.006586354482457138,0.000999000999000999,12.025089323283431
SARS-CoV-2,ORF1ab,12583,19,1,0.016285549894487692,0.00434639040060145,0.0006795140884480102,0.005527886694439152,0.006372859816874869,0.000999000999000999,17.570142689984433
SARS-CoV-2,ORF1ab,12592,19,1,0.007175005752858511,0.0040298316157261664,0.0006653953641302854,0.005167580953226022,0.006454457278034084,0.000999000999000999,4.726774947167372
SARS-CoV-2,ORF1ab,12601,19,1,0.006835546712228445,0.004043298803804381,0.0006548137422530222,0.005156392417145487,0.006289152122557321,0.000999000999000999,4.264186482734398
SARS-CoV-2,ORF1ab,12610,19,3,0.8156066973553031,0.007458230907283462,0.000722446900857397,0.008668483593042947,0.00997899498253104,0.000999000999000999,1118.6268021759279
SARS-CoV-2,ORF1ab,12619,19,1,0.04032184943882079,0.004301673845897634,0.0006990541040717155,0.005466049708726608,0.006640856931894449,0.000999000999000999,51.52702113201222
SARS-CoV-2,ORF1ab,12628,19,1,0.009006293577911804,0.0042148429170579295,0.0006548730492520908,0.005297364322062856,0.006897675201173536,0.000999000999000999,7.316609938866829
SARS-CoV-2,ORF1ab,12637,19,1,0.006080591356758475,0.003922106676820266,0.0006469339865773795,0.0049990133819052774,0.0064844343699275485,0.001998001998001998,3.3364836671477502
SARS-CoV-2,ORF1ab,12646,19,1,0.011166120702545195,0.004291654606891926,0.0006872156824658368,0.005480303340723263,0.006387031183806209,0.000999000999000999,10.003360329302462
SARS-CoV-2,ORF1ab,12655,19,1,0.007767265249977587,0.004302162861528149,0.0006752793645560151,0.0055039268132502555,0.006523911273510792,0.000999000999000999,5.131361285899333
SARS-CoV-2,ORF1ab,12664,19,1,0.036823052456837875,0.004322187443708507,0.0006765110307040066,0.00546523384323878,0.006435181814997533,0.000999000999000999,48.041884814956475
SARS-CoV-2,ORF1ab,12673,19,1,0.059033400652392175,0.004367107593988905,0.0006885626578017678,0.005492172572910922,0.006514717305508233,0.000999000999000999,79.39189329976895
SARS-CoV-2,ORF1ab,12682,19,1,0.005417929509187638,0.0039716888293583,0.0006548534458644066,0.005073009225960711,0.006343468345860491,0.016983016983016984,2.208495181575017
SARS-CoV-2,ORF1ab,12691,19,1,0.006664718811813157,0.004058130940079785,0.0006803810808904334,0.005281617414752902,0.0063210934384061845,0.000999000999000999,3.8310704764483727
SARS-CoV-2,ORF1ab,12700,19,1,0.03166246310547095,0.004388551780913597,0.0006947653217139735,0.005534739429561311,0.0064572501764359885,0.000999000999000999,39.25629341613239
SARS-CoV-2,ORF1ab,12709,19,1,0.007252633296959665,0.0041191144815271915,0.0006508247878463478,0.0051850051982340545,0.006939242911161715,0.000999000999000999,4.814688797889273
SARS-CoV-2,ORF1ab,12718,19,1,0.0242354377090813,0.004271130289685905,0.0007064729293906504,0.005513424576785658,0.006961912044009853,0.000999000999000999,28.259125847348578
SARS-CoV-2,ORF1ab,12727,19,1,0.004781398800122158,0.004005409429715703,0.0006890078281703829,0.005206804150191938,0.0068125509062843745,0.12987012987012986,1.126241732937993
SARS-CoV-2,ORF1ab,12736,19,1,0.012249814140646423,0.0042258586211022684,0.0006569491536787918,0.005309215801965019,0.006899035884304333,0.000999000999000999,12.213967358982824
SARS-CoV-2,ORF1ab,12745,19,1,0.009839877743642774,0.0042870968936447405,0.0006729570700744179,0.005423180350463538,0.006408493209814845,0.000999000999000999,8.251315123836932
SARS-CoV-2,ORF1ab,12754,19,1,0.09781781110343331,0.004361700807703297,0.0006791242734048469,0.005517161975963175,0.006592647759399887,0.000999000999000999,137.61267849723572
SARS-CoV-2,ORF1ab,12763,19,1,0.00633288583757466,0.004118642920107293,0.0007041468405795346,0.005324200594979472,0.006674881194600352,0.002997002997002997,3.144575520135795
SARS-CoV-2,ORF1ab,12772,19,1,0.013546580796898309,0.004219604931910755,0.0006741791595557657,0.005390522453512993,0.0066637910378582205,0.000999000999000999,13.834565683005303
SARS-CoV-2,ORF1ab,12781,19,1,0.020025265723883176,0.004277543492283435,0.000689538990636913,0.00540395800254898,0.006441154916672636,0.000999000999000999,22.838044614495107
SARS-CoV-2,ORF1ab,12790,19,1,0.008676574309210436,0.004285825560367126,0.0006814743995122125,0.0054536098055881915,0.006552750160246208,0.000999000999000999,6.443013489554606
SARS-CoV-2,ORF1ab,12799,19,1,0.008797045745859006,0.004220917025928438,0.0006930105611636196,0.005428101168266368,0.006999892262029045,0.000999000999000999,6.6032597140321885
SARS-CoV-2,ORF1ab,12808,19,1,0.014651300692284683,0.004125795709647069,0.0006674967911273403,0.005280779392884144,0.006352184667625954,0.000999000999000999,15.768622594965604
SARS-CoV-2,ORF1ab,12817,19,1,0.01219830041519861,0.004241211472683797,0.0006623392168914301,0.005341394188383393,0.006797887793968672,0.000999000999000999,12.013615892865257
SARS-CoV-2,ORF1ab,12826,19,1,0.005259090651186621,0.004073268071888837,0.0006691600109013312,0.005232537124126337,0.006004677024142387,0.04695304695304695,1.7721061629198824
SARS-CoV-2,ORF1ab,12835,19,1,0.0189005633234609,0.004266408174820681,0.0006805811218170607,0.005465539947664885,0.006651614510959555,0.000999000999000999,21.50244060483044
SARS-CoV-2,ORF1ab,12844,19,1,0.022181714975887817,0.00436950573173865,0.0007093766447759204,0.005598479916486116,0.00678385855192608,0.000999000999000999,25.109664062559787
SARS-CoV-2,ORF1ab,12853,19,2,0.26161612809868084,0.00621679448280277,0.0007486618726329677,0.007457513440833032,0.00936823030116019,0.000999000999000999,341.14109847435475
SARS-CoV-2,ORF1ab,12862,19,1,0.009081409458265455,0.004310864018439662,0.0006484509573116966,0.005379081276398626,0.006482778172923362,0.000999000999000999,7.356833058899617
SARS-CoV-2,ORF1ab,12871,19,1,0.008630947656524684,0.00423754867496229,0.0006795882228201577,0.005429239220348908,0.006281369357251181,0.000999000999000999,6.46479564247104
SARS-CoV-2,ORF1ab,12880,19,1,0.008633796997384393,0.0039546786427699845,0.0006674145766959752,0.005157607614218201,0.0066110362896040446,0.000999000999000999,7.010812346620156
SARS-CoV-2,ORF1ab,12889,19,1,0.00271631218378687,0.003766859276093606,0.0006091038869860334,0.004769593808194794,0.006395267837480128,0.964035964035964,-1.724742059199541
SARS-CoV-2,ORF1ab,12898,19,1,0.015212633647490816,0.004258829941936672,0.0006759257165526483,0.005351663993680843,0.006515929681118668,0.000999000999000999,16.205632419817753
SARS-CoV-2,ORF1ab,12907,19,1,0.012108335710985975,0.004348509407748826,0.0006838278708687615,0.005539733551586983,0.006544369770838244,0.000999000999000999,11.347630937268999
SARS-CoV-2,ORF1ab,12916,19,1,0.019417556813324424,0.004273123415868094,0.0006553212181828149,0.005400766665340461,0.0063354699948471975,0.000999000999000999,23.10993903028406
SARS-CoV-2,ORF1ab,12925,19,2,0.48313341048453484,0.0061939490590680905,0.0007026664595026077,0.007356239181623363,0.008770805781969811,0.000999000999000999,678.756549391976
SARS-CoV-2,ORF1ab,12934,19,1,0.011529541808772912,0.004314265351915587,0.0006760070793616119,0.005465325380938138,0.006860962116944636,0.000999000999000999,10.673374106778706
SARS-CoV-2,ORF1ab,12943,19,1,0.022809241949575888,0.004301563080544474,0.0006525313685448854,0.005345651377311411,0.007560019988726584,0.000999000999000999,28.362895273989164
SARS-CoV-2,ORF1ab,12952,19,1,0.0085583791559853,0.0041984606292770985,0.0006895547072216289,0.005348495786666669,0.006371217346871564,0.000999000999000999,6.32280293506413
SARS-CoV-2,ORF1ab,12961,19,1,0.004307465157695131,0.0036574970279288476,0.0006056566964138003,0.004684229695114224,0.005730045924148525,0.14685314685314685,1.0731626243296888
SARS-CoV-2,ORF1ab,12970,19,1,0.005087195342900946,0.004053337236060955,0.000671443085725056,0.005214011270661698,0.00646339575662456,0.06993006993006994,1.5397553848120744
SARS-CoV-2,ORF1ab,12979,19,1,0.009663542468773148,0.004258202351454824,0.0006632883563835045,0.005448128743852859,0.00707564678948829,0.000999000999000999,8.14930650492684
SARS-CoV-2,ORF1ab,12988,19,1,0.03317419865604803,0.004272463971108606,0.0006563057950119644,0.005414106559863557,0.006588297468763215,0.000999000999000999,44.036994499511536
SARS-CoV-2,ORF1ab,12997,19,1,0.007020741539314026,0.00427438175345612,0.0006701322773132654,0.005439548840652369,0.006226574105269721,0.000999000999000999,4.0982353467121095
SARS-CoV-2,ORF1ab,13006,19,1,0.011194777216429926,0.004212516246876145,0.0006826490349901462,0.005409146878627117,0.0067618572490209606,0.000999000999000999,10.228185512127132
SARS-CoV-2,ORF1ab,13015,19,1,0.005170818705434894,0.00393624176483431,0.000671101808382313,0.005089111913028701,0.006310003078162467,0.04295704295704296,1.8396269018802454
SARS-CoV-2,ORF1ab,13024,19,1,0.04020474003843008,0.004369721413387661,0.000707897250513077,0.00555990366744823,0.006398804459084326,0.000999000999000999,50.62177964255342
SARS-CoV-2,ORF1ab,13033,19,1,0.0162809269555589,0.004117410486424436,0.0006740913828946233,0.005223884723329113,0.006494401526047216,0.000999000999000999,18.044313839027247
SARS-CoV-2,ORF1ab,13042,19,1,0.007093215710815101,0.004162329022254137,0.0006967810854840865,0.005322122393723781,0.006997881535624567,0.000999000999000999,4.20632354927479
SARS-CoV-2,ORF1ab,13051,19,1,0.004950907340433008,0.0037901056741896084,0.0006318325933675297,0.004850367889953882,0.0059923451216308925,0.03696303696303696,1.837198141451647
SARS-CoV-2,ORF1ab,13060,19,1,0.016608264303324797,0.0043146455532507705,0.0006889786506492002,0.005439051539368148,0.006536911978725475,0.000999000999000999,17.84325064135178
SARS-CoV-2,ORF1ab,13069,19,2,0.3795923889093494,0.006146402477381635,0.0006846908513581672,0.007308061108418738,0.008940372102276137,0.000999000999000999,545.4227783111055
SARS-CoV-2,ORF1ab,13078,19,1,0.011064871190230913,0.0042082220373978975,0.0006809442338882797,0.0053491429106112525,0.006913224488298241,0.000999000999000999,10.069325521240795
SARS-CoV-2,ORF1ab,13087,19,1,0.007574349589548603,0.004263302956650235,0.000662022145267918,0.005417887723032358,0.006658877403078895,0.000999000999000999,5.0014137088396025
SARS-CoV-2,ORF1ab,13096,19,1,0.019042598582057403,0.004165855906728344,0.0006839041009575285,0.005402711024824577,0.006673663858577302,0.000999000999000999,21.75267359049354
SARS-CoV-2,ORF1ab,13105,19,1,0.012986815774908143,0.004322916836483687,0.0006728519597134206,0.005429692973291828,0.006453869494806191,0.000999000999000999,12.876382112514856
SARS-CoV-2,ORF1ab,13114,19,1,0.014387186881850792,0.004340627328463686,0.0007041620538196725,0.005578054950232474,0.0071275958791295205,0.000999000999000999,14.267396970470537
SARS-CoV-2,ORF1ab,13123,19,1,0.007407447352735215,0.00414510502788548,0.0006564879564081803,0.005214624061325317,0.006310086947439691,0.000999000999000999,4.969386403825099
SARS-CoV-2,ORF1ab,13132,19,1,0.014858375422443275,0.004324222888952465,0.0006834402954267511,0.005483218540314136,0.0066309838796644325,0.000999000999000999,15.41342031481055
SARS-CoV-2,ORF1ab,13141,19,1,0.00796307673507663,0.004103533374195086,0.0006732892294362091,0.005213624764626373,0.006775655897429782,0.000999000999000999,5.732370565489964
SARS-CoV-2,ORF1ab,13150,19,1,0.013195222517349454,0.004302927932153897,0.0006827796260279203,0.0054810391749590265,0.006753579074851747,0.000999000999000999,13.023667148544842
SARS-CoV-2,ORF1ab,13159,19,1,0.034840661674927845,0.0043746283889983355,0.0007088420616008018,0.005579314345515921,0.006941798514998936,0.000999000999000999,42.980002085552094
SARS-CoV-2,ORF1ab,13168,19,1,0.0221358359772641,0.00437806784086499,0.0007035030941900199,0.00554617839378402,0.0067889808673607535,0.000999000999000999,25.24191902360367
SARS-CoV-2,ORF1ab,13177,19,1,0.009568092188498899,0.0042050764421081,0.0006581708312918328,0.005334280951425792,0.006865203630944588,0.000999000999000999,8.148364362888088
SARS-CoV-2,ORF1ab,13186,19,1,0.0266919907707693,0.004348153022216094,0.0007003694281607553,0.005549093846344265,0.007179578427428601,0.000999000999000999,31.902931296173943
SARS-CoV-2,ORF1ab,13195,19,1,0.003781551261079942,0.003190406875778003,0.0005665388568355954,0.0041907834277211484,0.005244791894784267,0.15984015984015984,1.0434313166157358
SARS-CoV-2,ORF1ab,13204,19,1,0.00938501722031077,0.004085858878388109,0.0006863560058130139,0.00532064280549579,0.006242175582644464,0.000999000999000999,7.720713881778617
SARS-CoV-2,ORF1ab,13213,19,1,0.02081820604955983,0.004081319761641426,0.0006880218814868024,0.005205188027343027,0.006623654372302359,0.000999000999000999,24.326095925539907
SARS-CoV-2,ORF1ab,13222,19,1,0.009649830317398056,0.0042886214478718475,0.0006818927372217107,0.005455259570072038,0.006799783033151825,0.000999000999000999,7.862246621616479
SARS-CoV-2,ORF1ab,13231,19,1,0.006824429029158704,0.004193246482383696,0.000666484525425086,0.005352123866305445,0.00659380590834425,0.000999000999000999,3.9478524202746215
SARS-CoV-2,ORF1ab,13240,19,1,0.007232998928208814,0.0041741844017338745,0.0006711081617591925,0.00532556448728148,0.006376352861817085,0.000999000999000999,4.5578562454922205
SARS-CoV-2,ORF1ab,13249,19,1,0.008550627185552571,0.004307575991197549,0.0006740924460632373,0.0054579980163904345,0.00648210173943108,0.000999000999000999,6.294464830654664
SARS-CoV-2,ORF1ab,13258,19,1,0.007099001771990328,0.004071423747378872,0.0006576821307984635,0.005187944311880759,0.006131005703920655,0.000999000999000999,4.603406239630997
SARS-CoV-2,ORF1ab,13267,19,2,0.0784224062674094,0.006007488009306206,0.0006885915620458639,0.007152002853092365,0.008336276173908887,0.000999000999000999,105.16381879985916
SARS-CoV-2,ORF1ab,13276,19,1,0.006791057666505718,0.0040869550633869855,0.0006593572189400677,0.005265231428881211,0.0063110468534356085,0.000999000999000999,4.101119280176596
SARS-CoV-2,ORF1ab,13285,19,1,0.018089714013556968,0.004353427704643295,0.0006904151925304217,0.005519873611293696,0.0066209101620419274,0.000999000999000999,19.895689517736695
SARS-CoV-2,ORF1ab,13294,19,1,0.02525590212527818,0.00428549361160059,0.0006770004843991094,0.00543408516591543,0.006934000060640901,0.000999000999000999,30.975470471473084
SARS-CoV-2,ORF1ab,13303,19,1,0.005440655496307871,0.004228141068497711,0.0006631710630116724,0.005310829703931596,0.006711683876224062,0.03896103896103896,1.828358466522563
SARS-CoV-2,ORF1ab,13312,19,1,0.009565448067653175,0.004233546533762718,0.0006766551897485059,0.005424508891872805,0.006434653004428856,0.000999000999000999,7.8797910880904904
SARS-CoV-2,ORF1ab,13321,19,1,0.012192919045830395,0.004286919081210423,0.000677029201613888,0.005548693526890661,0.0069034954042915915,0.000999000999000999,11.677487390165467
SARS-CoV-2,ORF1ab,13330,19,1,0.008037898038370971,0.0040984190755129464,0.0006986922027403581,0.00531204319082882,0.006330143916939263,0.000999000999000999,5.638361137288918
SARS-CoV-2,ORF1ab,13339,19,1,0.00818170434010659,0.004262972612745234,0.0006932184981228766,0.00546150141101892,0.006918896709807306,0.000999000999000999,5.652953200142014
SARS-CoV-2,ORF1ab,13348,19,1,0.029520828998343147,0.004385837309838166,0.0006931665311349342,0.005488806704352152,0.006616069697456334,0.000999000999000999,36.261115561005234
SARS-CoV-2,ORF1ab,13357,19,1,0.025749447076214262,0.004315605289207451,0.0006827711033029895,0.0054604725988986035,0.0069404160947164565,0.000999000999000999,31.39242666146525
SARS-CoV-2,ORF1ab,13366,19,1,0.004470624254502062,0.003942815695542642,0.0006566880747297342,0.0051163468945626435,0.00603224008673601,0.21078921078921078,0.8037431762052998
SARS-CoV-2,ORF1ab,13375,19,1,0.01146494714086782,0.004249563373385185,0.0006946353907761076,0.005452219311954912,0.006591667316695717,0.000999000999000999,10.387296505899268
SARS-CoV-2,ORF1ab,13384,19,1,0.00877276246075911,0.004108564912182841,0.0007157528158772007,0.0053193419919965864,0.006769582785526687,0.000999000999000999,6.51649206976573
SARS-CoV-2,ORF1ab,13393,19,1,0.02803020137446003,0.004385189776323714,0.0007062688732986896,0.005596259376900326,0.007214980380039329,0.000999000999000999,33.47876777819792
SARS-CoV-2,ORF1ab,13402,19,1,0.07384279103832485,0.004345535166565833,0.0007017736792937572,0.005517461677541299,0.006545198163359321,0.000999000999000999,99.0308669622646
SARS-CoV-2,ORF1ab,13411,19,1,0.0768676782336003,0.004387179352029838,0.0007201221372172784,0.005551995225614008,0.007039958884840305,0.000999000999000999,100.65028574409918
SARS-CoV-2,ORF1ab,13420,19,1,0.07709590290711,0.004348862316296785,0.0007088965805252871,0.005511935047578937,0.00694610735088508,0.000999000999000999,102.62010367846351
SARS-CoV-2,ORF1ab,13429,19,1,0.013245764599963012,0.004259040008657928,0.0006766765188033695,0.0054424398528928886,0.006800526626150203,0.000999000999000999,13.28068041609771
SARS-CoV-2,ORF1ab,13438,19,1,0.0053197190633571334,0.0041413819882435785,0.0006741074597564502,0.005350477701917321,0.006246609691360199,0.054945054945054944,1.7479958989613895
SARS-CoV-2,ORF1ab,13447,19,2,0.1929991875987284,0.006210092968508601,0.0007467071607556995,0.007459959006520004,0.008775784742474884,0.000999000999000999,250.15039957723351
SARS-CoV-2,ORF1ab,13456,19,1,0.015192779195072725,0.00435355239749477,0.0006901500668143441,0.005565339919906978,0.007307316665560628,0.000999000999000999,15.705608560773774
SARS-CoV-2,ORF1ab,13465,19,1,0.04478710634156392,0.004369300236494217,0.0007125806428692814,0.005565452238421347,0.0067924776558928,0.000999000999000999,56.72032563545808
SARS-CoV-2,ORF1ab,13474,19,1,0.020521509793844307,0.004342433218266295,0.0006702244964921928,0.0054515602496795846,0.006868510667306709,0.000999000999000999,24.139786982206303
SARS-CoV-2,ORF1ab,13483,19,1,0.036559986411064394,0.004267838748997415,0.0006557845967751448,0.005353998719134273,0.006764264289760634,0.000999000999000999,49.24200388491177
SARS-CoV-2,ORF1ab,13492,19,1,0.018509658750889432,0.004366958318262934,0.0006894742417721305,0.005521336994419658,0.006471231166524517,0.000999000999000999,20.512297016747183
SARS-CoV-2,ORF1ab,13501,19,1,0.01569878214643703,0.004330256535100478,0.0006933618183536644,0.005504285809530476,0.006888726977777224,0.000999000999000999,16.396238313684854
SARS-CoV-2,ORF1ab,13510,19,1,0.006755222215868823,0.00408257763201061,0.0006588177573735471,0.005185728306151671,0.006208237881187794,0.000999000999000999,4.056728213448615
SARS-CoV-2,ORF1ab,13519,19,1,0.026815687008390335,0.004272620663553598,0.0006452154602524674,0.005384807790555531,0.0064572272659660646,0.000999000999000999,34.938819252743606
SARS-CoV-2,ORF1ab,13528,19,1,0.00781668087293005,0.004139612272356056,0.0006598090155822652,0.005223837310187099,0.006323329945053091,0.000999000999000999,5.572928701692674
SARS-CoV-2,ORF1ab,13537,19,1,0.0042679086991248925,0.004065780075545863,0.0006804351758047377,0.00521253932227262,0.00632144599544068,0.37962037962037964,0.2970578693848038
SARS-CoV-2,ORF1ab,13546,19,1,0.01247352792213117,0.00430442298009631,0.0006857991296856768,0.005460526563767865,0.006501694119984783,0.000999000999000999,11.911804183506352
SARS-CoV-2,ORF1ab,13555,19,1,0.013258626815399738,0.004388780671815692,0.0006950500099189413,0.005541486034291076,0.006919779248437123,0.000999000999000999,12.761450279841695
SARS-CoV-2,ORF1ab,13564,19,1,0.012404342697359926,0.004145915263775402,0.0006576603183766179,0.005304120605390207,0.006368420430249108,0.000999000999000999,12.557284061124129
SARS-CoV-2,ORF1ab,13573,19,1,0.00798073593398788,0.004038424759542267,0.0006620683141704102,0.005168925267688392,0.006518417243513377,0.000999000999000999,5.9545383611741585
SARS-CoV-2,ORF1ab,13582,19,1,0.013357027200452768,0.0042039713395506375,0.0006809755255658457,0.005322369479252496,0.006346963624866403,0.000999000999000999,13.441093721094521
SARS-CoV-2,ORF1ab,13591,19,2,0.3039038883993228,0.006160339995175439,0.0007045818946386235,0.007378379187312985,0.009093457476799292,0.000999000999000999,422.5818895855371
SARS-CoV-2,ORF1ab,13600,19,1,0.005529329507734504,0.003994566694738332,0.0006507756599449122,0.005057634429097419,0.006200198747211351,0.00999000999000999,2.3583592741100508
SARS-CoV-2,ORF1ab,13609,19,1,0.01325347883682519,0.004104787563063674,0.0006707660385433857,0.005225552613946422,0.006177018126430083,0.000999000999000999,13.639168872694457
SARS-CoV-2,ORF1ab,13618,19,1,0.023307313592357357,0.004324432772507573,0.0007122625593587571,0.005521378091921296,0.006434923322271958,0.000999000999000999,26.65152136726081
SARS-CoV-2,ORF1ab,13627,19,1,0.012617506435609178,0.00417516946055226,0.0007013156250753901,0.005400516714629,0.006744522914295723,0.000999000999000999,12.03785666995425
SARS-CoV-2,ORF1ab,13636,19,1,0.014584317852312075,0.004202654198611295,0.0007131988107063396,0.005447838372787668,0.006873330526668581,0.000999000999000999,14.556479200265299
SARS-CoV-2,ORF1ab,13645,19,1,0.011663015142408034,0.004223000770002213,0.0006999630182929695,0.005380053452080362,0.00634140437178656,0.000999000999000999,10.629153509495557
SARS-CoV-2,ORF1ab,13654,19,1,0.013726607435035834,0.00426359889060471,0.0006800495364375136,0.005398579171705892,0.006986967873913618,0.000999000999000999,13.915175347377996
SARS-CoV-2,ORF1ab,13663,19,1,0.012764376020249856,0.004141295976930714,0.0006526720441136895,0.0052679093971619686,0.006314562852727063,0.000999000999000999,13.211964754870182
SARS-CoV-2,ORF1ab,13672,19,1,0.01863170424369233,0.004254952802838241,0.0006609259841624786,0.005384323598281512,0.0066545700090165395,0.000999000999000999,21.752437920975705
SARS-CoV-2,ORF1ab,13681,19,1,0.015425849107820626,0.00425083208253688,0.0006555485246969774,0.005363499957217454,0.006709027766567557,0.000999000999000999,17.04681896805323
SARS-CoV-2,ORF1ab,13690,19,1,0.02812466934526561,0.0043912248939583795,0.0006740737022828088,0.005547680422389909,0.006780705940411899,0.000999000999000999,35.208975473945756
SARS-CoV-2,ORF1ab,13699,19,1,0.018161863041700865,0.00431875792538156,0.0006552747546910417,0.005475930657684401,0.006290655730547799,0.000999000999000999,21.12564999218725
SARS-CoV-2,ORF1ab,13708,19,1,0.035149064136239715,0.004316212739412915,0.0006630530153230892,0.005473610786301721,0.0065472780425180465,0.000999000999000999,46.501336521036286
SARS-CoV-2,ORF1ab,13717,19,1,0.016793470919695946,0.004248500063399262,0.0006565775418153232,0.005332665342971839,0.006726566604035384,0.000999000999000999,19.1066097411922
SARS-CoV-2,ORF1ab,13726,19,1,0.018933040681210832,0.004339034670489201,0.0006709792631504317,0.005453148018210858,0.0068199163619097735,0.000999000999000999,21.750308559759016
SARS-CoV-2,ORF1ab,13735,19,1,0.007725072295491016,0.0039953044806561155,0.0006740447310502767,0.0051465440668935145,0.006524700087154864,0.000999000999000999,5.533412907216537
SARS-CoV-2,ORF1ab,13744,19,1,0.026507072960608634,0.004340308017151611,0.0006891945392909873,0.005510259584065432,0.00686414883510259,0.000999000999000999,32.16329161032124
SARS-CoV-2,ORF1ab,13753,19,1,0.009512196945067029,0.004203153146541842,0.0006801781335597208,0.005315388137072288,0.006751116226230642,0.000999000999000999,7.805372646633374
SARS-CoV-2,ORF1ab,13762,19,1,0.00831502258000941,0.004202134444645619,0.0006783028009830749,0.00535511903629132,0.0067476122822402815,0.000999000999000999,6.06349867552208
SARS-CoV-2,ORF1ab,13771,19,1,0.006570735766207727,0.004084310115603197,0.0006756359613905318,0.0051442080968294125,0.006845326568486103,0.001998001998001998,3.6801262701991133
SARS-CoV-2,ORF1ab,13780,19,1,0.007603692995171796,0.003992583049086107,0.0006530803535711437,0.005214567830431669,0.006404982536449722,0.000999000999000999,5.529350142504801
SARS-CoV-2,ORF1ab,13789,19,1,0.02061689246450725,0.004366951074630359,0.0006900998029886993,0.005578708385520062,0.006561212852786921,0.000999000999000999,23.547233776189024
SARS-CoV-2,ORF1ab,13798,19,1,0.011045788073763855,0.004136197977753234,0.0006647820472069428,0.005243814552411293,0.00648311541607161,0.000999000999000999,10.393767589003055
SARS-CoV-2,ORF1ab,13807,19,1,0.005129248560346696,0.004098311607546707,0.0007024993884224443,0.005273136036128948,0.006406879496305554,0.07692307692307693,1.4675271890486548
SARS-CoV-2,ORF1ab,13816,19,1,0.019277477414795727,0.0042848589893668704,0.000681966023619254,0.0054054535359602494,0.006697969565979867,0.000999000999000999,21.98440670967991
SARS-CoV-2,ORF1ab,13825,19,1,0.018864652831275707,0.004330568435167763,0.0006725650163776223,0.005480634932828309,0.006795004790099701,0.000999000999000999,21.609932188247434
SARS-CoV-2,ORF1ab,13834,19,1,0.0068310813088495485,0.004082566102960739,0.0006716067184965819,0.005168191078352708,0.006380858803635594,0.000999000999000999,4.092447455024674
SARS-CoV-2,ORF1ab,13843,19,1,0.010788773352215614,0.004225645472617414,0.0006530974927668348,0.005365445446428158,0.0065671193106689365,0.000999000999000999,10.049231473533357
SARS-CoV-2,ORF1ab,13852,19,2,0.3910330899153284,0.0062157796664790745,0.0007123760569909271,0.00741796149683654,0.00851740181956103,0.000999000999000999,540.188439058881
SARS-CoV-2,ORF1ab,13861,19,1,0.008212541127957697,0.004185442317256874,0.0006735063037996914,0.005331264752950189,0.006439488434159714,0.000999000999000999,5.979303813462939
SARS-CoV-2,ORF1ab,13870,19,1,0.00500596151840657,0.0040556965771846145,0.0006881606893499082,0.005194511341999371,0.006597667531946468,0.09090909090909091,1.3808765248123256
SARS-CoV-2,ORF1ab,13879,19,1,0.009745555763269066,0.0040398952797656845,0.0006319844640139151,0.005082357114127921,0.006046171511067389,0.000999000999000999,9.028165735697188
SARS-CoV-2,ORF1ab,13888,19,1,0.009062234491950025,0.004196483617992862,0.0006865189245190744,0.005343404367820069,0.006429901340895146,0.000999000999000999,7.087569912753326
SARS-CoV-2,ORF1ab,13897,19,1,0.012599083450189608,0.004053923549683442,0.000695400652091429,0.005250585719031165,0.007224900477020309,0.000999000999000999,12.288110278307125
SARS-CoV-2,ORF1ab,13906,19,1,0.005872076109315636,0.004345041793945908,0.0006930750506858364,0.005558437299664711,0.006539941334333391,0.02197802197802198,2.2032741098653634
SARS-CoV-2,ORF1ab,13915,19,1,0.01626233713408462,0.00437873469306983,0.0007012868426589145,0.0055596897643532435,0.006642933231977046,0.000999000999000999,16.945423353386126
SARS-CoV-2,ORF1ab,13924,19,1,0.03907848933191231,0.004302361279850371,0.0006707804194728521,0.005439484781392123,0.006858569024415611,0.000999000999000999,51.84428024806023
SARS-CoV-2,ORF1ab,13933,19,1,0.012142315191305524,0.004156968372561363,0.0006494490231537353,0.005252025236852099,0.006276475693287515,0.000999000999000999,12.295571375205375
SARS-CoV-2,ORF1ab,13942,19,1,0.0365164943429399,0.004358341216838452,0.0006904869034687447,0.005511550598477963,0.00718018598016479,0.000999000999000999,46.57315434159731
SARS-CoV-2,ORF1ab,13951,19,1,0.015635658482600158,0.004332973517256287,0.0006832059300578736,0.005457905373424711,0.006793957041353959,0.000999000999000999,16.543599035193434
SARS-CoV-2,ORF1ab,13960,19,1,0.0068885043395570025,0.004162132037900626,0.0006800796123549358,0.005314996724189652,0.006379730063992689,0.000999000999000999,4.00890168169528
SARS-CoV-2,ORF1ab,13969,19,1,0.007146085366131424,0.004250289893387832,0.0006755646339308926,0.00541473727968742,0.006420056609028025,0.000999000999000999,4.286481747710641
SARS-CoV-2,ORF1ab,13978,19,1,0.014197567680632827,0.0042780477546542585,0.0006823276469970576,0.005438781452882243,0.006448596605028314,0.000999000999000999,14.53776637900376
SARS-CoV-2,ORF1ab,13987,19,2,0.3476495621789337,0.006100906445866237,0.0006956026988156638,0.007212408209618117,0.00818885437622327,0.000999000999000999,491.01111354885444
SARS-CoV-2,ORF1ab,13996,19,1,0.02172648271877724,0.004377374807333733,0.0007058521284744429,0.005579800900039308,0.006695215952064556,0.000999000999000999,24.578955296118618
SARS-CoV-2,ORF1ab,14005,19,1,0.005765727115039092,0.003992326687728756,0.0006793601170571316,0.0051264310999182315,0.006292760369791629,0.005994005994005994,2.610398200872307
SARS-CoV-2,ORF1ab,14014,19,1,0.0068773502419560185,0.004165627949278247,0.000671521805474452,0.00526636699475767,0.0072827740843139895,0.001998001998001998,4.038174591757079
SARS-CoV-2,ORF1ab,14023,19,1,0.03998199586174991,0.004344286962623357,0.0006910563759798422,0.005531937139724294,0.006738705040535334,0.000999000999000999,51.56990100640658
SARS-CoV-2,ORF1ab,14032,19,1,0.005341770928056172,0.003810353251762706,0.0006064960347394268,0.004888705956647346,0.005830331150562699,0.013986013986013986,2.525025043158641
SARS-CoV-2,ORF1ab,14041,19,1,0.01376162652875368,0.004257968335123569,0.0006795065972537459,0.00545254005322982,0.006455726376064298,0.000999000999000999,13.986116149629071
SARS-CoV-2,ORF1ab,14050,19,1,0.010316741985737019,0.004301228572107137,0.0006800320254636313,0.005394694464334385,0.006864759043635389,0.000999000999000999,8.845926645187973
SARS-CoV-2,ORF1ab,14059,19,1,0.00457653391467155,0.004005109481416572,0.0006737439225193826,0.005142347737164284,0.006076926718757757,0.19080919080919082,0.848132968855892
SARS-CoV-2,ORF1ab,14068,19,1,0.017216330067254784,0.004243798159516296,0.0007060904804431411,0.005495516946051775,0.0067939574321431405,0.000999000999000999,18.372336502252445
SARS-CoV-2,ORF1ab,14077,19,1,0.012682190027815711,0.00422346841217916,0.0006862367084606573,0.005363385849136893,0.006602347489227273,0.000999000999000999,12.326244736471276
SARS-CoV-2,ORF1ab,14086,19,1,0.037023880265711774,0.004333840116240937,0.0006672664133700674,0.005456350526544088,0.006912236125891258,0.000999000999000999,48.990986949827
SARS-CoV-2,ORF1ab,14095,19,1,0.005580735565114286,0.004058621494100655,0.0006813540544437129,0.005161641414174181,0.006249945942315999,0.012987012987012988,2.2339546687754748
SARS-CoV-2,ORF1ab,14104,19,1,0.007935978049592939,0.00421237033619137,0.0006669740432629659,0.005356672960883669,0.00641393015550519,0.000999000999000999,5.582837519710603
SARS-CoV-2,ORF1ab,14113,19,1,0.00572909031745197,0.003930548261981747,0.0006596469666001438,0.00505836660041207,0.006469940241559548,0.003996003996003996,2.726522134619987
SARS-CoV-2,ORF1ab,14122,19,1,0.014131349880757524,0.004208049039558871,0.0006800466558485425,0.005340542234906913,0.006366038818179183,0.000999000999000999,14.592088286672986
SARS-CoV-2,ORF1ab,14131,19,1,0.0282493404803103,0.004403062333485519,0.0007362937210437022,0.005591291940571257,0.007056951751761746,0.000999000999000999,32.386909551561146
SARS-CoV-2,ORF1ab,14140,19,2,0.10476168637125892,0.006192780876426921,0.0006830494170002163,0.007339593632790711,0.008546379309314652,0.000999000999000999,144.30713655788213
SARS-CoV-2,ORF1ab,14149,19,1,0.006010847918598081,0.004052094515340716,0.0006918719067975436,0.005240243106172926,0.006182750469151492,0.003996003996003996,2.831092553423386
SARS-CoV-2,ORF1ab,14158,19,1,0.011193563918349058,0.004210952282504998,0.0006826636825090608,0.005415079947681808,0.006724914109175923,0.000999000999000999,10.228479725448675
SARS-CoV-2,ORF1ab,14167,19,1,0.010232251680773623,0.0039186519209662195,0.0006567058079750183,0.005005234924820507,0.006391147808281122,0.000999000999000999,9.614045868233859
SARS-CoV-2,ORF1ab,14176,19,1,0.012474049302692376,0.004168506022367448,0.0006828761815221503,0.005404991461495433,0.006090056280797632,0.000999000999000999,12.162590386168747
SARS-CoV-2,ORF1ab,14185,19,1,0.023087671095295362,0.004246858925329802,0.0006695657827156503,0.005417574433545742,0.0066538168020350355,0.000999000999000999,28.13885156070891
SARS-CoV-2,ORF1ab,14194,19,1,0.007544405801779484,0.0041217408547733515,0.0007000545439193335,0.0053167416400765844,0.00623357964731298,0.000999000999000999,4.889140391610003
SARS-CoV-2,ORF1ab,14203,19,1,0.01569895883270525,0.004270184223371118,0.0006281512507950723,0.005350541173827338,0.0064856843125171764,0.000999000999000999,18.194303672671744
SARS-CoV-2,ORF1ab,14212,19,1,0.02340892832246136,0.004361194041947153,0.0007036559346707608,0.005514411337103636,0.007099502895912081,0.000999000999000999,27.069670476703365
SARS-CoV-2,ORF1ab,14221,19,1,0.020939636488803634,0.004353071417651326,0.0007100154396273428,0.005574138998052668,0.006940791591811407,0.000999000999000999,23.360851251147295
SARS-CoV-2,ORF1ab,14230,19,1,0.01859454989622011,0.004276561935380396,0.0006846947692403533,0.005527104243797992,0.007843883168839522,0.000999000999000999,20.911490205665014
SARS-CoV-2,ORF1ab,14239,19,1,0.01735709462988022,0.004306828142605589,0.0006519435497463943,0.005383201470662444,0.006710853356944094,0.000999000999000999,20.01747926235512
SARS-CoV-2,ORF1ab,14248,19,1,0.016658495137983745,0.0043488438487599,0.0006609914440563688,0.0054715518544716435,0.006565810311055215,0.000999000999000999,18.62301153806476
SARS-CoV-2,ORF1ab,14257,19,1,0.004379746486768329,0.003929888309411951,0.0006521416456774915,0.005024904279911885,0.006119645502012514,0.24575424575424576,0.6898166684156982
SARS-CoV-2,ORF1ab,14266,19,1,0.006056215637200567,0.003938238736170908,0.000646801606487823,0.0050552069273830155,0.006501200704010816,0.001998001998001998,3.274538714476017
SARS-CoV-2,ORF1ab,14275,19,1,0.012559837611745991,0.004128788393489937,0.0006678231069344209,0.005234597154314789,0.006792349013420763,0.000999000999000999,12.624674304784081
SARS-CoV-2,ORF1ab,14284,19,1,0.008881807783936102,0.004046705850868078,0.0006870802793953203,0.005255907504043482,0.006247199123666964,0.000999000999000999,7.037171751346523
SARS-CoV-2,ORF1ab,14293,19,1,0.01023135070652744,0.004078962352818322,0.000668242082696705,0.005176951774882988,0.0063247093143335474,0.000999000999000999,9.206825659469132
SARS-CoV-2,ORF1ab,14302,19,1,0.0269335898317709,0.004331783254004232,0.0006778641351256233,0.005474506895122124,0.007286022178939318,0.000999000999000999,33.342679464193886
SARS-CoV-2,ORF1ab,14311,19,1,0.02003439048451241,0.004291799522583004,0.0006798724217501514,0.005451346066561603,0.00689196730687996,0.000999000999000999,23.15521332870699
SARS-CoV-2,ORF1ab,14320,19,1,0.008881403960633116,0.004240677765222474,0.000684956633722301,0.005469013558729947,0.006629195756207441,0.000999000999000999,6.775211695069314
SARS-CoV-2,ORF1ab,14329,19,1,0.028069682849234365,0.00435622967102975,0.0006901694999194894,0.0054934595107826644,0.006433351424070874,0.000999000999000999,34.35888311635166
SARS-CoV-2,ORF1ab,14338,19,1,0.008949940335602882,0.004160088583545215,0.0006853009949073201,0.0053079215038070865,0.0065401573639882575,0.000999000999000999,6.989413101181103
SARS-CoV-2,ORF1ab,14347,19,1,0.019386149820612177,0.004293321332666997,0.0006922978248961893,0.0055112035394157596,0.00729630974799389,0.000999000999000999,21.801062989340412
SARS-CoV-2,ORF1ab,14356,19,1,0.01486473764606643,0.004318052138565941,0.0006786236254641861,0.005482347728888434,0.007253029608849388,0.000999000999000999,15.541288442892684
SARS-CoV-2,ORF1ab,14365,19,1,0.014443642834526317,0.004207178532614458,0.0006721232035012279,0.005334765849721533,0.006570097738018313,0.000999000999000999,15.23004152897566
SARS-CoV-2,ORF1ab,14374,19,1,0.011301353447720664,0.00405157367626304,0.0006798193258268992,0.005222153729580371,0.00643277075960685,0.000999000999000999,10.664274309412056
SARS-CoV-2,ORF1ab,14383,19,1,0.017781585010783706,0.004346647199750691,0.000680280606165625,0.00547995430724423,0.006603566131218824,0.000999000999000999,19.749111894808404
SARS-CoV-2,ORF1ab,14392,19,1,0.004839060743345974,0.0038874115538603763,0.000622304183801181,0.004960954462973931,0.005841070778142478,0.07492507492507493,1.5292347605196863
SARS-CoV-2,ORF1ab,14401,19,1,0.0092062272011884,0.004190978825410691,0.0006664254668010465,0.005315715457352417,0.0067146045066185005,0.000999000999000999,7.525595322537326
SARS-CoV-2,ORF1ab,14410,19,2,0.8101727368306997,0.00597800144080801,0.0006854078368494393,0.007115380883006223,0.008108293682161611,0.000999000999000999,1173.3083460009311
SARS-CoV-2,ORF1ab,14419,19,1,0.008437045888802511,0.004156403044318433,0.0006599967798718733,0.005347576611280509,0.006011732534766549,0.000999000999000999,6.485854136008193
SARS-CoV-2,ORF1ab,14428,19,1,0.013292354272367917,0.004282746989609542,0.0006485963762349862,0.005384862278186893,0.006946787191719013,0.000999000999000999,13.890930650981927
SARS-CoV-2,ORF1ab,14437,19,1,0.01579979417377049,0.004189419158797918,0.0006896955253889378,0.005342389657099626,0.006481865481698733,0.000999000999000999,16.83405878039468
SARS-CoV-2,ORF1ab,14446,19,1,0.006280130591661895,0.004253293585646158,0.000683482714402946,0.005387971967055211,0.0066523683982162825,0.003996003996003996,2.965454668134911
SARS-CoV-2,ORF1ab,14455,19,1,0.06733425146183505,0.0043426457708566684,0.0006978792723972816,0.00557263912356659,0.006490200720471362,0.000999000999000999,90.26146524540877
SARS-CoV-2,ORF1ab,14464,19,1,0.005581511160905646,0.004108627892851923,0.0006641744593529221,0.005232932528178976,0.0064563825163452436,0.016983016983016984,2.2176150367008893
SARS-CoV-2,ORF1ab,14473,19,1,0.01681981007685303,0.004255650444130521,0.0006785477679727144,0.005430941721592879,0.006458708796643304,0.000999000999000999,18.51624929849852
SARS-CoV-2,ORF1ab,14482,19,1,0.00990018860106785,0.0041542437074810895,0.0006677892863615219,0.00526974431478788,0.006436728947043602,0.000999000999000999,8.604428089725406
SARS-CoV-2,ORF1ab,14491,19,1,0.008949338728085456,0.004258776733039332,0.0006654854338151419,0.005333397134374582,0.00724311988790729,0.000999000999000999,7.0483315737742585
SARS-CoV-2,ORF1ab,14500,19,1,0.010544623065649912,0.004211698162925343,0.000674253127998049,0.00538927469729573,0.006313266783275609,0.000999000999000999,9.3925035565321
SARS-CoV-2,ORF1ab,14509,19,1,0.011985480608469544,0.00423761137912421,0.0006541102824907735,0.00527171824124079,0.006500049788750273,0.000999000999000999,11.844897468730162
SARS-CoV-2,ORF1ab,14518,19,1,0.011952185815072023,0.004285971683298296,0.000677906154391809,0.005476383753403222,0.0066438942445982896,0.000999000999000999,11.30866578228893
SARS-CoV-2,ORF1ab,14527,19,1,0.008818588044753486,0.004275601976167365,0.0006659534877521694,0.0054124862752607,0.006819002136269994,0.000999000999000999,6.8217768239645675
SARS-CoV-2,ORF1ab,14536,19,1,0.013117402597449451,0.004346350246743962,0.000678041892335565,0.005456031155352503,0.0065985025825453965,0.000999000999000999,12.935856102479091
SARS-CoV-2,ORF1ab,14545,19,1,0.010054083629870675,0.00401341222510196,0.0006568623671896098,0.005147456693760228,0.006573626077933214,0.000999000999000999,9.196251310017606
SARS-CoV-2,ORF1ab,14554,19,1,0.011300229341811227,0.0041610059527594475,0.0006418705705514843,0.005248124808291426,0.006191732792746464,0.000999000999000999,11.122527993327191
SARS-CoV-2,ORF1ab,14563,19,1,0.028525138780547042,0.004359422586890328,0.0006649862886320717,0.0054688377473188455,0.0064899772751526846,0.000999000999000999,36.34017213101861
SARS-CoV-2,ORF1ab,14572,19,1,0.00901482757644143,0.00418263816246765,0.0006821081848226903,0.005402518291946193,0.006728568112025241,0.000999000999000999,7.084197963743651
SARS-CoV-2,ORF1ab,14581,19,1,0.015677299190098578,0.004274488236685613,0.0006975475463021617,0.005428219876793275,0.0070225165408445275,0.000999000999000999,16.347001740399683
SARS-CoV-2,ORF1ab,14590,19,1,0.011791623951982104,0.0042679423622136925,0.0006708269316453809,0.005448802936516799,0.006922487938600014,0.000999000999000999,11.215533000910664
SARS-CoV-2,ORF1ab,14599,19,1,0.007010651803637327,0.003997260247142584,0.0006553823905991106,0.005102011864563986,0.006373476194688176,0.000999000999000999,4.597913523035132
SARS-CoV-2,ORF1ab,14608,19,1,0.024237374181727587,0.0043702758129269235,0.0006858658579228971,0.0055331151521513374,0.00643723715816314,0.000999000999000999,28.96644896272714
SARS-CoV-2,ORF1ab,14617,19,1,0.007111020505155058,0.004193211214317312,0.0006654274797439443,0.005302395928453583,0.006931289989675888,0.000999000999000999,4.384864436257601
SARS-CoV-2,ORF1ab,14626,19,1,0.016889983039884936,0.004261541454347293,0.0006692156038581097,0.005380288156417953,0.006323750403934735,0.000999000999000999,18.87051275064887
SARS-CoV-2,ORF1ab,14635,19,1,0.014345809848855334,0.004155898467055814,0.0006864883325871868,0.0053155526312584425,0.006685978873769798,0.000999000999000999,14.843531780644444
SARS-CoV-2,ORF1ab,14644,19,1,0.008234592712660069,0.0042381752084764196,0.0006874251610261118,0.005353033096488832,0.006676971422606345,0.000999000999000999,5.813603764834912
SARS-CoV-2,ORF1ab,14653,19,1,0.01725169267540238,0.004388257118192813,0.0007010057000111456,0.005528547029769931,0.0071723032426317225,0.000999000999000999,18.349972841882803
SARS-CoV-2,ORF1ab,14662,19,1,0.01732395038412479,0.004332253199684502,0.0006634720282317286,0.005422372563210186,0.006676885602366992,0.000999000999000999,19.581378915197792
SARS-CoV-2,ORF1ab,14671,19,1,0.009157648074817018,0.004320030525321999,0.0006982531723022788,0.005485386527875458,0.0067540887408325066,0.000999000999000999,6.928171244169843
SARS-CoV-2,ORF1ab,14680,19,1,0.020809544971174897,0.0043540734919807755,0.0006896498701676875,0.005559712978667261,0.006518458776749879,0.000999000999000999,23.860617091384345
SARS-CoV-2,ORF1ab,14689,19,1,0.014366323736699892,0.004221563837483639,0.000661293178417733,0.005362398347329574,0.00633294812500243,0.000999000999000999,15.340790182486804
SARS-CoV-2,ORF1ab,14698,19,1,0.009443476061198025,0.00408430147554881,0.000687301900086881,0.005233422907091094,0.006251216542254926,0.000999000999000999,7.797409820883325
SARS-CoV-2,ORF1ab,14707,19,1,0.011989268952252271,0.004071744055366234,0.0006630726801482276,0.005172291972047526,0.006319963165536122,0.000999000999000999,11.940659197595204
SARS-CoV-2,ORF1ab,14716,19,1,0.0065151892858439555,0.004129758907741657,0.0006720076746460175,0.005268437846393747,0.006562595036928911,0.001998001998001998,3.549707046662574
SARS-CoV-2,ORF1ab,14725,19,1,0.00912684929694447,0.004146503192990297,0.0006773593359592291,0.005270941913118358,0.006757846307606659,0.000999000999000999,7.352590921185658
SARS-CoV-2,ORF1ab,14734,19,1,0.010050424864965197,0.004183405354563202,0.0006671028799561198,0.005270194395801021,0.0063874810309495515,0.000999000999000999,8.794774669220303
SARS-CoV-2,ORF1ab,14743,19,1,0.021268978840734556,0.004338427286047497,0.0007004792039654564,0.005520710340701678,0.006990053189125179,0.000999000999000999,24.16995602273722
SARS-CoV-2,ORF1ab,14752,19,1,0.011720327043510816,0.004318723780565076,0.0006666592146392634,0.005451624893264271,0.006756039264129552,0.000999000999000999,11.102528998944129
SARS-CoV-2,ORF1ab,14761,19,1,0.030208970476713063,0.004396379672407176,0.0006990009524482108,0.005602499919667646,0.006821885594206951,0.000999000999000999,36.927833522828216
SARS-CoV-2,ORF1ab,14770,19,1,0.015947917379098255,0.004151477013330576,0.0006644795458349791,0.005299013313130331,0.007033262561428392,0.000999000999000999,17.7529021618632
SARS-CoV-2,ORF1ab,14779,19,1,0.012560465347452815,0.004322783939945458,0.0006500579418036856,0.005455594256068328,0.006617740969929607,0.000999000999000999,12.672226393620614
SARS-CoV-2,ORF1ab,14788,19,1,0.0024491706193502105,0.0039322962871206025,0.0006687195768668225,0.005071933105613859,0.006403215273625878,0.995004995004995,-2.217858903906085
SARS-CoV-2,ORF1ab,14797,19,1,0.007237907515435877,0.00390717161054558,0.0006480281942054508,0.00499208150677053,0.006083970296582737,0.000999000999000999,5.139800914023689
SARS-CoV-2,ORF1ab,14806,19,1,0.007312534935022956,0.004016962063842053,0.0006544488163478767,0.005122166976621027,0.006112270712445375,0.000999000999000999,5.035646468996161
SARS-CoV-2,ORF1ab,14815,19,1,0.025273683070601384,0.004293450349173661,0.0006608084073651695,0.005434466281224699,0.006712566182609542,0.000999000999000999,31.74934290724578
SARS-CoV-2,ORF1ab,14824,19,1,0.15058717752664513,0.004225779719758045,0.0007183732440979257,0.005449352635561455,0.006711584731977163,0.000999000999000999,203.74004601281572
SARS-CoV-2,ORF1ab,14833,19,1,0.006291300897785485,0.0042024561673938724,0.0006577448889877995,0.005336959583618091,0.006657592966791452,0.002997002997002997,3.1757673307140797
SARS-CoV-2,ORF1ab,14842,19,1,0.009484726828478996,0.004192993694606783,0.0006638920047644047,0.005344211946754017,0.006926431359685187,0.000999000999000999,7.970774005254198
SARS-CoV-2,ORF1ab,14851,19,1,0.008493692272459849,0.004065535782092566,0.0006735661066036171,0.005184859997684163,0.006715682460626795,0.000999000999000999,6.574197316274973
SARS-CoV-2,ORF1ab,14860,19,1,0.008661224049273523,0.003971150362114471,0.0006327502603336488,0.005018505740485769,0.005858054123908235,0.000999000999000999,7.412203488760288
SARS-CoV-2,ORF1ab,14869,19,1,0.008049125466639157,0.0042669088442774845,0.0006878968161298934,0.005428381584206954,0.006791364521898398,0.000999000999000999,5.498232487308806
SARS-CoV-2,ORF1ab,14878,19,1,0.0139162664852345,0.0039689961850190095,0.0006514909882576988,0.005084527392264414,0.006113850688482879,0.000999000999000999,15.268469525292689
SARS-CoV-2,ORF1ab,14887,19,1,0.009398151824102538,0.004078030787538546,0.0007036154250990811,0.005222921321959206,0.006672634495758701,0.000999000999000999,7.561120530884932
SARS-CoV-2,ORF1ab,14896,19,1,0.0077535140748468965,0.004050583929100498,0.0006703666652645668,0.00523062265750996,0.006297157910286974,0.000999000999000999,5.523738481663615
SARS-CoV-2,ORF1ab,14905,19,1,0.006274680031175512,0.004011049611260759,0.0006554712760049343,0.0051510371436621115,0.006370214238838448,0.001998001998001998,3.4534395369869917
SARS-CoV-2,ORF1ab,14914,19,1,0.008948055649903265,0.004154393092955496,0.0006727264971291461,0.005293802756225999,0.0067412035077902875,0.000999000999000999,7.12572282703993
SARS-CoV-2,ORF1ab,14923,19,1,0.007638938050933381,0.004146077622639433,0.0006954987208850096,0.005311776394481159,0.006377858074801295,0.000999000999000999,5.022094683149592
SARS-CoV-2,ORF1ab,14932,19,1,0.010315017159731044,0.004195198358297438,0.0006679226669788441,0.005343868106122294,0.006683970812216116,0.000999000999000999,9.162466111705482
SARS-CoV-2,ORF1ab,14941,19,1,0.010643778715615998,0.004159588603814252,0.0006989354085115961,0.005343024897320837,0.007028210040580636,0.000999000999000999,9.277237971975156
SARS-CoV-2,ORF1ab,14950,19,1,0.011223226397081698,0.004343293478708827,0.0006954784636124368,0.005520787658609033,0.006434072043516032,0.000999000999000999,9.892373780544256
SARS-CoV-2,ORF1ab,14959,19,1,0.018845728828416265,0.004203019337732105,0.0006640146397794952,0.005345947942957026,0.007059014606016191,0.000999000999000999,22.051787134613004
SARS-CoV-2,ORF1ab,14968,19,2,0.4777540342570764,0.006214029863000616,0.0007117655176779297,0.007433302088130242,0.008577854827104915,0.000999000999000999,662.4934654497343
SARS-CoV-2,ORF1ab,14977,19,1,0.04924100143328482,0.004371687688280033,0.0007110063799633681,0.005596467738115549,0.006676009497476805,0.000999000999000999,63.10676670343874
SARS-CoV-2,ORF1ab,14986,19,1,0.0058169374935855885,0.0042136324130714765,0.0006393534137944658,0.005299429234413723,0.006648074694696533,0.007992007992007992,2.5076976925777856
SARS-CoV-2,ORF1ab,14995,19,1,0.015098750920856843,0.004072053106684711,0.0006895881230553739,0.005221195727002447,0.00677539430019426,0.000999000999000999,15.990266429351898
SARS-CoV-2,ORF1ab,15004,19,1,0.0073656440627063394,0.003985487706294235,0.0006761026295449887,0.005136387776692318,0.007000336756388829,0.000999000999000999,4.999472282317436
SARS-CoV-2,ORF1ab,15013,19,2,0.8097824701299567,0.006100099643948127,0.000692134192640771,0.0072373629920042095,0.008731553144894742,0.000999000999000999,1161.165535572858
SARS-CoV-2,ORF1ab,15022,19,1,0.008668297898564185,0.0040456058827693245,0.0006770051713374815,0.00516819061980241,0.006518103574659933,0.000999000999000999,6.828148752043265
SARS-CoV-2,ORF1ab,15031,19,1,0.009459411771879452,0.003954758010479597,0.0006492159266827655,0.005083525994408524,0.006146737729613814,0.000999000999000999,8.478925939981849
SARS-CoV-2,ORF1ab,15040,19,1,0.004702611740309216,0.003973181914591002,0.0006284228601930923,0.005011215398949494,0.006029895113107739,0.12687312687312688,1.1607308898566888
SARS-CoV-2,ORF1ab,15049,19,1,0.005816214611838997,0.0040763463014763775,0.0006963743536441058,0.005254325194983267,0.006685803264918657,0.012987012987012988,2.4984669542437077
SARS-CoV-2,ORF1ab,15058,19,1,0.012949966555591615,0.004322423928925002,0.0006619150210217271,0.005428742665318797,0.006748652237301868,0.000999000999000999,13.034214895666217
SARS-CoV-2,ORF1ab,15067,19,1,0.01013055402694009,0.004148071648563781,0.0006877906529128968,0.005332536256335926,0.006434138954736067,0.000999000999000999,8.698115266672493
SARS-CoV-2,ORF1ab,15076,19,1,0.01147301147293459,0.004253175492972798,0.0006934833125006363,0.00541387078753212,0.006600365773247625,0.000999000999000999,10.410972909972031
SARS-CoV-2,ORF1ab,15085,19,1,0.012704110961761036,0.0042423216063772595,0.0006749155513867566,0.0053650178662517116,0.006475335433569403,0.000999000999000999,12.537552791600731
SARS-CoV-2,ORF1ab,15094,19,1,0.014767187362646086,0.004193509598726894,0.0006382356832989256,0.005261170020477389,0.006357302102612929,0.000999000999000999,16.5670426154579
SARS-CoV-2,ORF1ab,15103,19,2,0.2617950030258218,0.006219463637415103,0.0006905592628776742,0.007366448962702236,0.00836804183784053,0.000999000999000999,370.09935732869815
SARS-CoV-2,ORF1ab,15112,19,1,0.011513232471303005,0.00430439721868767,0.0006658092837277491,0.005442452830090068,0.006455840207393328,0.000999000999000999,10.827177434736766
SARS-CoV-2,ORF1ab,15121,19,1,0.005496496051146418,0.00409246004556067,0.0006957173273355655,0.005323571838118213,0.006509215728957964,0.03296703296703297,2.0181127455354275
SARS-CoV-2,ORF1ab,15130,19,1,0.009822433315324033,0.0041755995729119795,0.0006702184706133822,0.0053225195702808,0.006888664543774173,0.000999000999000999,8.42536275857048
SARS-CoV-2,ORF1ab,15139,19,1,0.0198762522749852,0.004233005710389147,0.000703681975265687,0.005391123501889168,0.006585273646032387,0.000999000999000999,22.230563115801964
SARS-CoV-2,ORF1ab,15148,19,1,0.004436122810122377,0.0037160196995095454,0.0006074460724823931,0.004737316978625278,0.0058302103611669485,0.12087912087912088,1.185460147384036
SARS-CoV-2,ORF1ab,15157,19,1,0.004081626769566545,0.0039885532281526285,0.0006712725600265848,0.005110066151107789,0.006386855766398344,0.4405594405594406,0.13865238497195564
SARS-CoV-2,ORF1ab,15166,19,1,0.006637486664886075,0.004115388455317195,0.0006751320408773955,0.005281743304205602,0.0066833683523622855,0.001998001998001998,3.7357110266773654
SARS-CoV-2,ORF1ab,15175,19,1,0.011710198201276644,0.004271221715718186,0.0006860515629479692,0.005431542390253419,0.0068037160262212765,0.000999000999000999,10.843174022653802
SARS-CoV-2,ORF1ab,15184,19,2,0.20912241882997948,0.00624192625629332,0.0006865008248714979,0.007376412654136212,0.008929493076815639,0.000999000999000999,295.52840320572403
SARS-CoV-2,ORF1ab,15193,19,1,0.004923235645170771,0.0040197194924372695,0.0006704161192087748,0.005157504451537796,0.006437960043743205,0.0919080919080919,1.3476945539433496
SARS-CoV-2,ORF1ab,15202,19,1,0.003906930741199808,0.003917478081021736,0.0006470898657137355,0.00505893079470436,0.006093822791940013,0.4925074925074925,-0.016299652306088184
SARS-CoV-2,ORF1ab,15211,19,1,0.008216962036503402,0.004118387797286622,0.0006604101038911888,0.005243817434148995,0.0069999761377183695,0.000999000999000999,6.206104684146495
SARS-CoV-2,ORF1ab,15220,19,1,0.008124529591198944,0.0040408157106250646,0.000684090239107532,0.005226663301356429,0.006029779359941935,0.000999000999000999,5.969554376190948
SARS-CoV-2,ORF1ab,15229,19,1,0.008895173265333341,0.004011424565709398,0.0006433987014214396,0.005033998320411512,0.006183292102073906,0.000999000999000999,7.590547958574423
SARS-CoV-2,ORF1ab,15238,19,1,0.008296845758549984,0.00402256335133565,0.0006755131678923987,0.005138861904515438,0.006344441825533586,0.000999000999000999,6.327459789644214
SARS-CoV-2,ORF1ab,15247,19,1,0.007997503080722721,0.004087565929437538,0.0006664227654803638,0.005224996915387438,0.006291038837048744,0.000999000999000999,5.867052198414717
SARS-CoV-2,ORF1ab,15256,19,1,0.01347409490080399,0.004255765249690091,0.0006876158280104921,0.005456733020107976,0.006880722586710811,0.000999000999000999,13.40622085123561
SARS-CoV-2,ORF1ab,15265,19,1,0.008759897163428069,0.004147452170528718,0.0006528153110748384,0.005235676232220774,0.006036644194379383,0.000999000999000999,7.065466931688713
SARS-CoV-2,ORF1ab,15274,19,1,0.018625790230624793,0.00438204621822094,0.0007052678324799717,0.005566958097990125,0.0068717629361781775,0.000999000999000999,20.196219586986977
SARS-CoV-2,ORF1ab,15283,19,1,0.005819220469971847,0.004094633839248308,0.0006623246255496658,0.005263142954378231,0.006831409646109684,0.01098901098901099,2.603838909495925
SARS-CoV-2,ORF1ab,15292,19,1,0.007653434564400373,0.00411292173445907,0.0006871935706637629,0.005288314250726418,0.006350929050929496,0.000999000999000999,5.15213322866439
SARS-CoV-2,ORF1ab,15301,19,1,0.0064547144592867495,0.00415724172069071,0.0006648669790644754,0.005252031913779043,0.006720546996657229,0.002997002997002997,3.4555374397278382
SARS-CoV-2,ORF1ab,15310,19,1,0.007455610085736264,0.0042741851953884144,0.0006802268060834727,0.0053866684770454264,0.006489744480699507,0.000999000999000999,4.677006054297495
SARS-CoV-2,ORF1ab,15319,19,1,0.006819993385944958,0.004293132063868437,0.0007170643356799226,0.005497353892565615,0.006588043057458625,0.000999000999000999,3.5238976425742097
SARS-CoV-2,ORF1ab,15328,19,1,0.02282464938838766,0.004335465728288292,0.000666689383509876,0.005490373067382134,0.006624492983561709,0.000999000999000999,27.732830486606183
SARS-CoV-2,ORF1ab,15337,19,1,0.008792047352143843,0.004220347275557448,0.0006475830840175414,0.0053347805465150345,0.006658173289018043,0.000999000999000999,7.059634801181063
SARS-CoV-2,ORF1ab,15346,19,1,0.017359837250728795,0.0042563875763377765,0.0006647634902898213,0.005381791251567043,0.006717039185342703,0.000999000999000999,19.711446049298257
SARS-CoV-2,ORF1ab,15355,19,1,0.005846810545363918,0.0038585648724754193,0.0006182742843627874,0.0049123447125045345,0.005969171394905328,0.001998001998001998,3.2157987533601635
SARS-CoV-2,ORF1ab,15364,19,1,0.005739314990464379,0.004053131255490819,0.0006883715364377577,0.005172550326956862,0.006822386249919114,0.01098901098901099,2.4495256496213704
SARS-CoV-2,ORF1ab,15373,19,1,0.006598555226251771,0.003993077760049829,0.0006749213801339076,0.00509799888182332,0.006834057284167839,0.001998001998001998,3.860416254238386
SARS-CoV-2,ORF1ab,15382,19,1,0.008801818197997125,0.004365265437124289,0.0006855857206898353,0.005470013698461429,0.0067772884991968525,0.000999000999000999,6.471186063223112
SARS-CoV-2,ORF1ab,15391,19,1,0.011292253347197433,0.004382005099017524,0.0006830140762459507,0.0054906201380306606,0.006645625864913741,0.000999000999000999,10.117285263227219
SARS-CoV-2,ORF1ab,15400,19,1,0.019858129738677687,0.0042900124860844715,0.0006723587834057945,0.005441656063291963,0.007147476616150703,0.000999000999000999,23.15447888363088
SARS-CoV-2,ORF1ab,15409,19,1,0.014830287644601379,0.004145477907767234,0.0006966981942495877,0.0053213002112678645,0.006859938308459917,0.000999000999000999,15.336353423942391
SARS-CoV-2,ORF1ab,15418,19,1,0.022842340581909995,0.004208353911985473,0.0006972553344918356,0.005401490107010971,0.006396165376958697,0.000999000999000999,26.724767453382192
SARS-CoV-2,ORF1ab,15427,19,1,0.028346305995682594,0.004364332153877422,0.0006827997412496525,0.00550399259994709,0.006767715499537516,0.000999000999000999,35.12299784694357
SARS-CoV-2,ORF1ab,15436,19,1,0.004979520973637089,0.003962479455181641,0.0006732460019446693,0.005115358360373708,0.006309303394775002,0.07892107892107893,1.5106536325766895
SARS-CoV-2,ORF1ab,15445,19,2,0.7548271249573285,0.005955398924556536,0.0007111244324846876,0.007125601364955003,0.008274439717531534,0.000999000999000999,1053.081137173412
SARS-CoV-2,ORF1ab,15454,19,1,0.15713814183748448,0.004162545907889891,0.0006895611416631154,0.005307916115475493,0.006263360407181529,0.000999000999000999,221.84486144425279
SARS-CoV-2,ORF1ab,15463,19,1,0.020798379852434806,0.004256908160253366,0.0006991411363863794,0.005456471486339488,0.006689004914526927,0.000999000999000999,23.65970307179839
SARS-CoV-2,ORF1ab,15472,19,2,0.06416286560617947,0.0061527935183738796,0.0006963889446203614,0.007334542176833994,0.008278438714228148,0.000999000999000999,83.3012536111267
SARS-CoV-2,ORF1ab,15481,19,1,0.007102523314724532,0.004122029138325498,0.0006643188420167879,0.005217741261836186,0.007192794202430158,0.001998001998001998,4.486541684337346
SARS-CoV-2,ORF1ab,15490,19,2,0.38234198212577125,0.006019094443466873,0.0006930321137374346,0.007211407259589498,0.008673745773877637,0.000999000999000999,543.0093068167398
SARS-CoV-2,ORF1ab,15499,19,1,0.010748520652059591,0.004262305001169029,0.0007018507927048578,0.005484772503306402,0.006739728029654729,0.000999000999000999,9.241587696857023
SARS-CoV-2,ORF1ab,15508,19,1,0.012805637744844287,0.004236629756340109,0.0006863093045565592,0.005360634198146376,0.0070297104769247104,0.000999000999000999,12.485635749963812
SARS-CoV-2,ORF1ab,15517,19,1,0.007735617606094578,0.004108969035382309,0.0006742013347276868,0.005210170216120189,0.006629534694050614,0.000999000999000999,5.379177382045811
SARS-CoV-2,ORF1ab,15526,19,1,0.007977681529381107,0.003735255223407088,0.0005984345825321861,0.0047263893863447,0.006023193003095939,0.000999000999000999,7.089206455988604
SARS-CoV-2,ORF1ab,15535,19,1,0.005256560788329103,0.003590056460701543,0.0005630931546394838,0.00459992939775127,0.005656632766192631,0.005994005994005994,2.959553519514061
SARS-CoV-2,ORF1ab,15544,19,1,0.05046363905543035,0.004395224462896366,0.000701135068852072,0.005530888688865688,0.006707678219550143,0.000999000999000999,65.70547764492675
SARS-CoV-2,ORF1ab,15553,19,1,0.009327811516424183,0.004080323673688247,0.0006651861294134448,0.005223224419620762,0.006191161385133433,0.000999000999000999,7.88875114904023
SARS-CoV-2,ORF1ab,15562,19,1,0.007808369751435267,0.004036605573337656,0.000679252890027629,0.005161064914059287,0.006737696547072437,0.000999000999000999,5.552812852874563
SARS-CoV-2,ORF1ab,15571,19,1,0.012832989879555487,0.004132625122625891,0.0006669866190940477,0.005255011446044916,0.006759243856691634,0.000999000999000999,13.044286808552618
SARS-CoV-2,ORF1ab,15580,19,1,0.012280078244271974,0.00426080969886282,0.0006685249003511364,0.005430192969827995,0.006648225270619336,0.000999000999000999,11.995467246167062
SARS-CoV-2,ORF1ab,15589,19,1,0.0425383067307657,0.004372378472472011,0.0006762380650693478,0.00555178666835456,0.006506426188847125,0.000999000999000999,56.4385979283491
SARS-CoV-2,ORF1ab,15598,19,1,0.007934916083592614,0.003966212135546112,0.0006742963524875189,0.005099991390973117,0.006246190949253686,0.000999000999000999,5.885696894853012
SARS-CoV-2,ORF1ab,15607,19,1,0.00665271807554599,0.00393282621414758,0.0006045597956831133,0.0049297229116824605,0.006423170409857511,0.000999000999000999,4.49896251920806
SARS-CoV-2,ORF1ab,15616,19,1,0.012014290823861766,0.004113705320179502,0.0006710049510800909,0.005300843370750735,0.006663598881125281,0.000999000999000999,11.774258134705258
SARS-CoV-2,ORF1ab,15625,19,1,0.01368201300968786,0.004208271198943039,0.0006739644010461569,0.005293267856976615,0.006854356324034163,0.000999000999000999,14.056739192810877
SARS-CoV-2,ORF1ab,15634,19,1,0.013282252568732868,0.004326218864430004,0.0006962888179279384,0.005477644261096806,0.006673106097141761,0.000999000999000999,12.862526976886995
SARS-CoV-2,ORF1ab,15643,19,1,0.01053724985342934,0.004142476740194408,0.0006600553603303839,0.00526895727533441,0.006116170187864545,0.000999000999000999,9.688237529097702
SARS-CoV-2,ORF1ab,15652,19,1,0.01823017653550147,0.004336228340379721,0.0006463306678610351,0.005475095854550962,0.006498819887974929,0.000999000999000999,21.496656256622234
SARS-CoV-2,ORF1ab,15661,19,1,0.02696108507335591,0.004357047785504949,0.0006721684860171777,0.005505922106898932,0.00668670350650736,0.000999000999000999,33.62852879608715
SARS-CoV-2,ORF1ab,15670,19,2,0.04668845563056988,0.006033422411505423,0.0006752527855003853,0.00714770487042426,0.008534957250959999,0.000999000999000999,60.2071314506873
SARS-CoV-2,ORF1ab,15679,19,1,0.015675795667077566,0.00429677878331909,0.0006558123840932135,0.0054000640967645916,0.00678415739080779,0.000999000999000999,17.351024713405117
SARS-CoV-2,ORF1ab,15688,19,1,0.059449533177330066,0.004335638433881865,0.0007216727081395555,0.005605370198298597,0.007224462936338131,0.000999000999000999,76.36965361421206
SARS-CoV-2,ORF1ab,15697,19,1,0.00801864098167332,0.004078832294962385,0.0006725054140204121,0.005211452567060992,0.006461481360532292,0.000999000999000999,5.85840441515219
SARS-CoV-2,ORF1ab,15706,19,1,0.010074106313519822,0.004147585767409063,0.0006855001192048889,0.005324175758557316,0.006696988874304084,0.000999000999000999,8.645542692224366
SARS-CoV-2,ORF1ab,15715,19,1,0.013142560101824088,0.004270677962236991,0.0006544160073806309,0.005454096962240671,0.00695083109950132,0.000999000999000999,13.556945489609491
SARS-CoV-2,ORF1ab,15724,19,1,0.02511300547988332,0.004285411103583544,0.0006597808911384589,0.0054319837940347004,0.006375553982830469,0.000999000999000999,31.567441033888603
SARS-CoV-2,ORF1ab,15733,19,1,0.006080505415844176,0.00387718614462177,0.0006344246022746955,0.00497624310160262,0.005959202715291272,0.000999000999000999,3.472941092326058
SARS-CoV-2,ORF1ab,15742,19,1,0.010672914662198694,0.004172608197225509,0.0006550844461734018,0.005275185882116159,0.006160566209817033,0.000999000999000999,9.922852699287786
SARS-CoV-2,ORF1ab,15751,19,1,0.007108810901684701,0.004153557470423924,0.0006831960243204416,0.005335760043427249,0.0064850622728921435,0.000999000999000999,4.325630311154541
SARS-CoV-2,ORF1ab,15760,19,1,0.009835132495622534,0.004039610534269064,0.0006631661641659542,0.005119740563274375,0.006054335165286578,0.000999000999000999,8.739170172595188
SARS-CoV-2,ORF1ab,15769,19,1,0.018006594695529916,0.004253187000530122,0.0006797527302767767,0.005380069172701046,0.006216166100481641,0.000999000999000999,20.232956900959827
SARS-CoV-2,ORF1ab,15778,19,1,0.007494466417503576,0.00415280255507025,0.0007072233559089635,0.005360455636267456,0.006491793859735011,0.000999000999000999,4.725047376494559
SARS-CoV-2,ORF1ab,15787,19,1,0.00393086388423957,0.004047641251038188,0.0006758190899566772,0.005198377641661436,0.006962986307847388,0.5634365634365635,-0.17279382683034838
SARS-CoV-2,ORF1ab,15796,19,1,0.005296034941269011,0.004240008540532834,0.0006423869896718752,0.0053231610309005155,0.0064377946949842986,0.054945054945054944,1.6439100070746846
SARS-CoV-2,ORF1ab,15805,19,1,0.012818250843568935,0.004223329408081092,0.0007083832359863737,0.005413026018114642,0.006677876910474945,0.000999000999000999,12.1331519421405
SARS-CoV-2,ORF1ab,15814,19,1,0.014915004115572792,0.004158064106805575,0.0006872839123562765,0.005309998144866347,0.006722330667284462,0.000999000999000999,15.651377568097358
SARS-CoV-2,ORF1ab,15823,19,1,0.021517064816712006,0.004342431986469248,0.0006983804812024367,0.005514997891086936,0.007271858025262354,0.000999000999000999,24.59208596533559
SARS-CoV-2,ORF1ab,15832,19,1,0.006975127230126428,0.0040731415164015385,0.0006509159924890965,0.005192216828770651,0.006435972363850564,0.000999000999000999,4.458310668674346
SARS-CoV-2,ORF1ab,15841,19,1,0.008118030987252006,0.0043394683396506565,0.0006644804176883556,0.0055165441422674166,0.006912999797314644,0.000999000999000999,5.686492102726664
SARS-CoV-2,ORF1ab,15850,19,1,0.006377659802402867,0.004128771745271143,0.0006842217687548328,0.0052501798500598175,0.006695159899057051,0.003996003996003996,3.2867823852262363
SARS-CoV-2,ORF1ab,15859,19,1,0.006919391674062805,0.003995370727940807,0.0006750811513587363,0.005143942555160723,0.006660059676983785,0.000999000999000999,4.331362148442182
SARS-CoV-2,ORF1ab,15868,19,1,0.012305320420091286,0.004224924039023327,0.00069241072936246,0.00541366821896055,0.0064807706600685895,0.000999000999000999,11.66994680817268
SARS-CoV-2,ORF1ab,15877,19,1,0.005575827231698286,0.0038769355725183237,0.000637284426131714,0.004897655590483515,0.0062046384799636905,0.00999000999000999,2.6658295566583248
SARS-CoV-2,ORF1ab,15886,19,1,0.006682546957960765,0.003981218280463894,0.0006574823176559089,0.00512034577530795,0.006047093834242385,0.000999000999000999,4.1085951742820885
SARS-CoV-2,ORF1ab,15895,19,1,0.0066471938279355465,0.004058248969186219,0.000666511024139751,0.005195198485126386,0.007097241481705821,0.001998001998001998,3.8843241371600925
SARS-CoV-2,ORF1ab,15904,19,2,0.8109989936970724,0.006154485952795526,0.0007286704035350698,0.007447642862267285,0.00898076930991172,0.000999000999000999,1104.5384907080845
SARS-CoV-2,ORF1ab,15913,19,1,0.010592514126381642,0.004201820669666922,0.0006674192981691672,0.005347136042507441,0.006967667136614806,0.000999000999000999,9.575230255171473
SARS-CoV-2,ORF1ab,15922,19,1,0.014366179739189827,0.004260646559577893,0.0006637190757262209,0.005366388016229831,0.006841381602006073,0.000999000999000999,15.225618110425367
SARS-CoV-2,ORF1ab,15931,19,1,0.019745297786435675,0.00431051557255425,0.0006723888130123902,0.0054479875755765374,0.006317366096501473,0.000999000999000999,22.955144278399835
SARS-CoV-2,ORF1ab,15940,19,1,0.01608190720097366,0.0043000311246521525,0.0006633118029111038,0.005463682922735055,0.006561869508281225,0.000999000999000999,17.762198749688917
SARS-CoV-2,ORF1ab,15949,19,1,0.015803910421291208,0.004283713931583318,0.0006651877854014347,0.005430403062288501,0.006569359701413464,0.000999000999000999,17.31871321532995
SARS-CoV-2,ORF1ab,15958,19,1,0.015609112333846716,0.004273250344669972,0.0006867221725866341,0.0054745889458089935,0.006447623648769964,0.000999000999000999,16.507202536476505
SARS-CoV-2,ORF1ab,15967,19,1,0.01711122620386882,0.004195849537119381,0.0007011034777903581,0.005398292141054078,0.006498808943935887,0.000999000999000999,18.421498503265674
SARS-CoV-2,ORF1ab,15976,19,1,0.017959587448139802,0.0043163337824908225,0.0006780561606224945,0.005517474302891879,0.006465360410094007,0.000999000999000999,20.12112632842048
SARS-CoV-2,ORF1ab,15985,19,1,0.01833047018893326,0.004290626764721331,0.0006688159062516032,0.0054236044271262695,0.006514726552687379,0.000999000999000999,20.992089591437217
SARS-CoV-2,ORF1ab,15994,19,1,0.020436763865246572,0.004353305223281344,0.0006953169217898258,0.005517125168556267,0.006343823326486595,0.000999000999000999,23.131119260789102
SARS-CoV-2,ORF1ab,16003,19,1,0.02861513565144398,0.004262361143577803,0.0006641956422316367,0.0054008571033163895,0.0066560524312392,0.000999000999000999,36.665062158557795
SARS-CoV-2,ORF1ab,16012,19,1,0.010123826172411239,0.003971630401001649,0.0006518099761065978,0.005037871454550567,0.006143903005317032,0.000999000999000999,9.438633953039485
SARS-CoV-2,ORF1ab,16021,19,1,0.020351233435434816,0.0043414199830783245,0.0006906859837958276,0.005508993124225093,0.007186071288919488,0.000999000999000999,23.179583527047686
SARS-CoV-2,ORF1ab,16030,19,1,0.007635838636786515,0.004032346121167876,0.0006719097634669227,0.00514068918330188,0.006604033800978823,0.000999000999000999,5.363060207706052
SARS-CoV-2,ORF1ab,16039,19,1,0.01401332952368893,0.004415992675010571,0.0006727182880975963,0.005591094502718999,0.006857187505155156,0.000999000999000999,14.266502068524114
SARS-CoV-2,ORF1ab,16048,19,1,0.010768540235395663,0.004056617253450753,0.000677704721333462,0.00516512227591131,0.006500733339833283,0.000999000999000999,9.903904710503461
SARS-CoV-2,ORF1ab,16057,19,1,0.017402941893161418,0.004396948352469707,0.0006899262682983837,0.0054955757784701685,0.006453945764653852,0.000999000999000999,18.851280402425257
SARS-CoV-2,ORF1ab,16066,19,1,0.0207069077681587,0.004380923173896194,0.0007125053003633796,0.005606876731481294,0.0066079581633528405,0.000999000999000999,22.913492132530397
SARS-CoV-2,ORF1ab,16075,19,2,0.04945339616408492,0.0060246182802309875,0.0006527520149085154,0.007156876057663996,0.008033271565682988,0.000999000999000999,66.53181743137257
SARS-CoV-2,ORF1ab,16084,19,1,0.02233267678019199,0.004244294807523722,0.0006710739681225948,0.005368171154990892,0.006594464267908688,0.000999000999000999,26.954378849283273
SARS-CoV-2,ORF1ab,16093,19,1,0.011154678134055207,0.004338810854474952,0.000663955208429694,0.00552128638348391,0.0071950685672697605,0.000999000999000999,10.26555284610285
SARS-CoV-2,ORF1ab,16102,19,1,0.024588479503095968,0.004340930638105383,0.0006426955458811936,0.005424012428012796,0.006699203400456315,0.000999000999000999,31.50410640738044
SARS-CoV-2,ORF1ab,16111,19,1,0.018884579727553384,0.004352586041481925,0.000706832213398553,0.005539680382441462,0.00668787357621731,0.000999000999000999,20.559325693716623
SARS-CoV-2,ORF1ab,16120,19,1,0.014092167202874002,0.004327053380855156,0.0006636296778142004,0.005450216675121295,0.006573820267763162,0.000999000999000999,14.714703317944185
SARS-CoV-2,ORF1ab,16129,19,2,0.1917049789721951,0.006215935473352425,0.0007365936280280784,0.007489943567715979,0.009246718745689489,0.000999000999000999,251.82004899419516
SARS-CoV-2,ORF1ab,16138,19,1,0.01653815049171214,0.004260713972024567,0.0006532141571266399,0.0053890014733271475,0.006459923410725887,0.000999000999000999,18.795423194276122
SARS-CoV-2,ORF1ab,16147,19,1,0.017518878159077576,0.0043076711585930275,0.0006879357279626737,0.0055039581595426575,0.006989250259140757,0.000999000999000999,19.20412978056777
SARS-CoV-2,ORF1ab,16156,19,1,0.011728671578663332,0.004342336162411377,0.0006897302471503253,0.0054953805979602,0.006715432647342468,0.000999000999000999,10.709020587061651
SARS-CoV-2,ORF1ab,16165,19,1,0.012236115311080611,0.004283902797802774,0.0006601162677071426,0.005380628854641727,0.006575093130798451,0.000999000999000999,12.046684655870045
SARS-CoV-2,ORF1ab,16174,19,1,0.01419856010454512,0.004305909761918768,0.0006695570474047282,0.0054263305957503475,0.006824190967313237,0.000999000999000999,14.774917807185032
SARS-CoV-2,ORF1ab,16183,19,1,0.007388631496670758,0.004085878143064229,0.0006569311973165886,0.00524070510712021,0.006016477955386042,0.000999000999000999,5.027548344632604
SARS-CoV-2,ORF1ab,16192,19,1,0.010499970041080367,0.004348819362173768,0.0006792967994743106,0.005499776030237197,0.0066391708253523045,0.000999000999000999,9.055173944094554
SARS-CoV-2,ORF1ab,16201,19,2,0.19977707917240267,0.006176066396744133,0.0007169479415582684,0.007360032884863539,0.008170818073762253,0.000999000999000999,270.0349656557651
SARS-CoV-2,ORF1ab,16210,19,1,0.023454520903642317,0.004386247633302924,0.0007143258254543341,0.005592069506448408,0.006954189217695033,0.000999000999000999,26.69408355523386
SARS-CoV-2,ORF1ab,16219,19,1,0.01067507900647257,0.004052557147652301,0.0006689738005993568,0.005225070711299689,0.0059905425021619645,0.000999000999000999,9.89952349835961
SARS-CoV-2,ORF1ab,16228,19,2,0.4702048370796226,0.006074648013831788,0.0007026844843735999,0.007204026005451975,0.008110653513558434,0.000999000999000999,660.5100858026407
SARS-CoV-2,ORF1ab,16237,19,1,0.010694781774406217,0.004095047297326188,0.0006843902893481066,0.005195399627035313,0.006415090484325646,0.000999000999000999,9.643232202149433
SARS-CoV-2,ORF1ab,16246,19,1,0.013474899487490359,0.00408825888670429,0.0006908583754130766,0.005207884274930973,0.00664824033217954,0.000999000999000999,13.586924520056122
SARS-CoV-2,ORF1ab,16255,19,1,0.00898593353539894,0.0041560061431652265,0.0006953212359494345,0.005414881203389814,0.0066092470776588025,0.000999000999000999,6.946325155219275
SARS-CoV-2,ORF1ab,16264,19,1,0.02941264854615577,0.004391077453513183,0.0006869530063827231,0.0055869175367443775,0.006903406279076362,0.000999000999000999,36.42399241310297
SARS-CoV-2,ORF1ab,16273,19,1,0.008968091803651037,0.004265748433031344,0.000672474246210435,0.005338646841637028,0.006844325444257274,0.000999000999000999,6.9925999354155275
SARS-CoV-2,ORF1ab,16282,19,1,0.007194270318996189,0.0041421034370521,0.0006674613459141157,0.005249998055568574,0.006723265111958374,0.000999000999000999,4.57279945966612
SARS-CoV-2,ORF1ab,16291,19,1,0.01600436162875567,0.004265163021525762,0.0006847879600573609,0.0054018303301626176,0.006588707536939913,0.000999000999000999,17.142822730479345
SARS-CoV-2,ORF1ab,16300,19,1,0.013353010984033954,0.00423643058749737,0.0006531282058027263,0.005334062057113778,0.006945619370790376,0.000999000999000999,13.958332093975123
SARS-CoV-2,ORF1ab,16309,19,1,0.008419794702107308,0.004369291876705849,0.0006644858487601085,0.005489875272122235,0.0065795942638567735,0.000999000999000999,6.0956946381318104
SARS-CoV-2,ORF1ab,16318,19,1,0.011063125018377041,0.004207261513635729,0.0006722736061341362,0.0053525483261459075,0.006609596736676719,0.000999000999000999,10.198025688031233
SARS-CoV-2,ORF1ab,16327,19,1,0.0533861838970624,0.004396816348656639,0.0006934222179779269,0.005572296866787126,0.006779578678129899,0.000999000999000999,70.64868456517382
SARS-CoV-2,ORF1ab,16336,19,1,0.0104667965053824,0.004049968393828634,0.0006676313442609856,0.00524064942425211,0.006330500798979966,0.000999000999000999,9.611334408896994
SARS-CoV-2,ORF1ab,16345,19,1,0.026033312371680297,0.0043301099017045725,0.000701177249024215,0.005502263444582952,0.006586552538544977,0.000999000999000999,30.952519495147236
SARS-CoV-2,ORF1ab,16354,19,1,0.008836864650226806,0.00417095824926583,0.0006816851086775639,0.005294468003446092,0.0064761103104676795,0.000999000999000999,6.844665288365487
SARS-CoV-2,ORF1ab,16363,19,1,0.01074813870505479,0.004048218576647599,0.0006714610276850041,0.005142470473328701,0.006434868526070245,0.000999000999000999,9.97812211306813
SARS-CoV-2,ORF1ab,16372,19,1,0.00808723850219592,0.004108451284418537,0.0006676998626587783,0.005269071223450549,0.006236076688980519,0.000999000999000999,5.958945688462279
SARS-CoV-2,ORF1ab,16381,19,1,0.009811082042506655,0.004245988932440372,0.000647435327175856,0.005270162230864311,0.00646047116000615,0.000999000999000999,8.59559692910408
SARS-CoV-2,ORF1ab,16390,19,1,0.009514484986767668,0.004200935490749323,0.0007018102672661374,0.005454524594891886,0.006603516068712854,0.000999000999000999,7.571205130293945
SARS-CoV-2,ORF1ab,16399,19,1,0.015462449959672123,0.0041815461048625106,0.000675948667964805,0.005320928736272155,0.006364234786540466,0.000999000999000999,16.688994874085587
SARS-CoV-2,ORF1ab,16408,19,1,0.009405925102792399,0.004166862005291573,0.0006875752193518889,0.005289269784715291,0.00754553709087478,0.000999000999000999,7.619621751986912
SARS-CoV-2,ORF1ab,16417,19,1,0.008955264963887375,0.004098468467481227,0.0006766225001453473,0.005289214417584756,0.006076821676307013,0.000999000999000999,7.178000281342765
SARS-CoV-2,ORF1ab,16426,19,1,0.01399496811211442,0.004279091094684837,0.0006679456163747595,0.005386321873035815,0.006904180721406931,0.000999000999000999,14.545910294556624
SARS-CoV-2,ORF1ab,16435,19,1,0.0071900825555862614,0.00424334729665296,0.0006688358364189218,0.005366892329827294,0.006332213798711462,0.000999000999000999,4.405767601674426
SARS-CoV-2,ORF1ab,16444,19,1,0.036973038423656165,0.004346864620477828,0.0006872535078070352,0.0055391233883755,0.00720813324515733,0.000999000999000999,47.47327359199017
SARS-CoV-2,ORF1ab,16453,19,1,0.012871876312935007,0.004101952584249165,0.0006829261126044853,0.00522258502070521,0.006389567876365705,0.000999000999000999,12.841687507364236
SARS-CoV-2,ORF1ab,16462,19,1,0.07323639999601715,0.0043398884179886394,0.0007132358232679669,0.0055077537865112275,0.007090573236867574,0.000999000999000999,96.59709920675658
SARS-CoV-2,ORF1ab,16471,19,1,0.00923685658553084,0.004225591822573377,0.000648085169141851,0.00531396838150131,0.0065172430773252,0.000999000999000999,7.73241697475199
SARS-CoV-2,ORF1ab,16480,19,1,0.015488869443322681,0.0042718781890830546,0.0006807780853207694,0.0053621801252607066,0.0064240478544036516,0.000999000999000999,16.476721998115433
SARS-CoV-2,ORF1ab,16489,19,1,0.007275983675637722,0.004056997275301353,0.00066162785299189,0.005175204758281924,0.0062810560948088415,0.000999000999000999,4.865252249856274
SARS-CoV-2,ORF1ab,16498,19,1,0.0135706708539926,0.004214618377464403,0.0006873374876093624,0.005426164908740493,0.006329957377334507,0.000999000999000999,13.612021234386047
SARS-CoV-2,ORF1ab,16507,19,1,0.005630226543651223,0.003925818769928952,0.0006348547845198602,0.00501538205488899,0.006053205607562191,0.004995004995004995,2.6847206877574563
SARS-CoV-2,ORF1ab,16516,19,1,0.008788995272405042,0.003982605799710733,0.0006390345956326097,0.00503915100717778,0.0062166358078242345,0.000999000999000999,7.5213290572105
SARS-CoV-2,ORF1ab,16525,19,1,0.027039786622166467,0.004249945572938237,0.0006604165551215959,0.005394159662066941,0.006593087791537707,0.000999000999000999,34.50828249608638
SARS-CoV-2,ORF1ab,16534,19,1,0.004659899273633996,0.00397145411264524,0.0006410368710325167,0.0050658507289116275,0.006618117244732746,0.15184815184815184,1.073955636716932
SARS-CoV-2,ORF1ab,16543,19,1,0.0073525170995874375,0.003946407097444093,0.00061847722834393,0.004952632630930454,0.0061008220022269214,0.000999000999000999,5.507252079860304
SARS-CoV-2,ORF1ab,16552,19,1,0.031279414490273466,0.004255216432420921,0.0006643124354987008,0.005348071367941282,0.006570439833547085,0.000999000999000999,40.679952103508974
SARS-CoV-2,ORF1ab,16561,19,1,0.006852656237006644,0.004145861931223173,0.0006837715625501379,0.005355348568641839,0.006321519732239391,0.000999000999000999,3.958623689596617
SARS-CoV-2,ORF1ab,16570,19,1,0.020839971562360164,0.0042248934237811946,0.0006814611585944346,0.005360380066042791,0.007140107098757106,0.000999000999000999,24.38154827906675
SARS-CoV-2,ORF1ab,16579,19,1,0.013081867980840172,0.004252158442668687,0.0006920731330406309,0.005418068080861127,0.0064533945903209955,0.000999000999000999,12.758347516508925
SARS-CoV-2,ORF1ab,16588,19,2,0.044974374439525046,0.006047274246950888,0.0006710151513893475,0.0072094586963502025,0.008348546686182628,0.000999000999000999,58.012252200229725
SARS-CoV-2,ORF1ab,16597,19,1,0.007599284116065557,0.004142166205322674,0.0006748995467341946,0.005232524872152232,0.006542947335329336,0.000999000999000999,5.122418480604566
SARS-CoV-2,ORF1ab,16606,19,1,0.008908293910831637,0.004313011228127106,0.0006853448497053894,0.005475230711593912,0.006509447984949748,0.000999000999000999,6.705066339493051
SARS-CoV-2,ORF1ab,16615,19,1,0.04977740322830102,0.004270941539818571,0.0006956084255591592,0.005466817982157762,0.006779888759291039,0.000999000999000999,65.41965280524377
SARS-CoV-2,ORF1ab,16624,19,1,0.010162138680214334,0.0040609906748617424,0.000664382315801556,0.0051668992745385715,0.0061723211297296954,0.000999000999000999,9.183188444731181
SARS-CoV-2,ORF1ab,16633,19,1,0.029866614811120205,0.004318803866569761,0.0006622041661962206,0.00541927422343122,0.0069366280664765875,0.000999000999000999,38.57996105838492
SARS-CoV-2,ORF1ab,16642,19,1,0.01145289518379522,0.004192321200368396,0.0006853971767653334,0.0053396857721399954,0.0073183494967422056,0.000999000999000999,10.593235906941446
SARS-CoV-2,ORF1ab,16651,19,2,0.19611515819803285,0.00618091797865473,0.0007321563163752409,0.007377000231061646,0.008837748707338246,0.000999000999000999,259.4176079224509
SARS-CoV-2,ORF1ab,16660,19,1,0.007417407452422393,0.004029355241690911,0.000667113721716488,0.005191944864569053,0.006091781087744567,0.000999000999000999,5.078672646717566
SARS-CoV-2,ORF1ab,16669,19,2,0.34847067458820136,0.006148306121278976,0.000712037159310859,0.007339774285638311,0.008555667274959275,0.000999000999000999,480.76475221916377
SARS-CoV-2,ORF1ab,16678,19,1,0.01422268000516191,0.00429487567661307,0.0006724780104746257,0.005459291814740014,0.006687861242749281,0.000999000999000999,14.763017041318468
SARS-CoV-2,ORF1ab,16687,19,1,0.01832884906474647,0.004307718721706886,0.0006756852866091035,0.0054762465120175305,0.00633335190847871,0.000999000999000999,20.750977742025434
SARS-CoV-2,ORF1ab,16696,19,1,0.004796541369184259,0.004089595117461181,0.0006538678840018016,0.005181731617303732,0.006302741917302621,0.13586413586413587,1.0811759822128384
SARS-CoV-2,ORF1ab,16705,19,1,0.015899521953374445,0.004131454328758118,0.0006770424642835074,0.005276870844526183,0.00727792116526968,0.000999000999000999,17.381579805441156
SARS-CoV-2,ORF1ab,16714,19,1,0.01593072381144851,0.0043126745448249385,0.000673328085050777,0.005435518107696307,0.0064604938888347925,0.000999000999000999,17.25466310490737
SARS-CoV-2,ORF1ab,16723,19,1,0.01140086756360253,0.004297731665555341,0.0006776811445520352,0.005461637719608375,0.006274524413968658,0.000999000999000999,10.481530960615032
SARS-CoV-2,ORF1ab,16732,19,1,0.04626535699989053,0.004369441411581546,0.0007005763642743457,0.0055919550381122495,0.007629000708423203,0.000999000999000999,59.802068303723914
SARS-CoV-2,ORF1ab,16741,19,1,0.025664902798845566,0.004389814365326451,0.0007093448670263021,0.005595957642802293,0.0066200098774079445,0.000999000999000999,29.992588122485486
SARS-CoV-2,ORF1ab,16750,19,2,0.4219302787649949,0.006154610092780847,0.0007241947663307716,0.0073510486247968295,0.008434860353571686,0.000999000999000999,574.1213386266189
SARS-CoV-2,ORF1ab,16759,19,1,0.01022798726599161,0.004205468151514015,0.0006713924538916758,0.0053157955374306155,0.006481492541534459,0.000999000999000999,8.9701918446782
SARS-CoV-2,ORF1ab,16768,19,2,0.22373283148795642,0.006132345244591795,0.000717780173720726,0.007306229691157632,0.008694295111548362,0.000999000999000999,303.1575602254356
SARS-CoV-2,ORF1ab,16777,19,1,0.0069472842209492396,0.003962255318611469,0.000667937085732416,0.0051195082032853105,0.006616356699943416,0.000999000999000999,4.469027047756426
SARS-CoV-2,ORF1ab,16786,19,1,0.012370343760903702,0.0042730523836950265,0.0006718995856232171,0.005379650157279793,0.006528681228444584,0.000999000999000999,12.051341525531784
SARS-CoV-2,ORF1ab,16795,19,1,0.023555004615053384,0.004326563800290479,0.0006916189368491794,0.005465779684083698,0.006873729339172311,0.000999000999000999,27.802073931581823
SARS-CoV-2,ORF1ab,16804,19,1,0.00713447357390232,0.004139106600993662,0.0006925441239520377,0.005453747716069629,0.006710091596891233,0.000999000999000999,4.325164086030283
SARS-CoV-2,ORF1ab,16813,19,1,0.0082544829062412,0.004149736381182039,0.0006767255339576929,0.005369546849782045,0.006651229856681554,0.000999000999000999,6.0656001866124045
SARS-CoV-2,ORF1ab,16822,19,1,0.010671376914603844,0.0039162271515293615,0.0006621698632093565,0.005081841497664003,0.006379574381862272,0.000999000999000999,10.20153609881023
SARS-CoV-2,ORF1ab,16831,19,1,0.011835602308147192,0.004198479612750987,0.0006662969407943007,0.0053798698343997964,0.006178913380650553,0.000999000999000999,11.462040762624392
SARS-CoV-2,ORF1ab,16840,19,1,0.012394666461555529,0.004300001254365744,0.000660850976944283,0.005493660783718791,0.006627441741403662,0.000999000999000999,12.248851086849877
SARS-CoV-2,ORF1ab,16849,19,1,0.03375760992326439,0.004392258878670672,0.0007143049834765111,0.0056165160483054154,0.006778194296622801,0.000999000999000999,41.11038243310723
SARS-CoV-2,ORF1ab,16858,19,2,0.058427016716978204,0.006020801006943103,0.0006817105613090277,0.007215964638788212,0.008389499870515653,0.000999000999000999,76.87458385477282
SARS-CoV-2,ORF1ab,16867,19,1,0.017365920134644827,0.004331042549862761,0.0006669964036891228,0.005434814922214752,0.006775968891606696,0.000999000999000999,19.542650474105752
SARS-CoV-2,ORF1ab,16876,19,1,0.011114678039900188,0.004224319049991655,0.0006780383904263248,0.005377500626731723,0.006539858552331495,0.000999000999000999,10.162195957040334
SARS-CoV-2,ORF1ab,16885,19,1,0.03591370375506455,0.004381280268282493,0.0006743741390504853,0.005505577362457901,0.0066412796263337496,0.000999000999000999,46.758055596822736
SARS-CoV-2,ORF1ab,16894,19,1,0.00972652825711952,0.004200298409543716,0.0006759727244223216,0.0053673175726311525,0.00661508140600945,0.000999000999000999,8.175226082233504
SARS-CoV-2,ORF1ab,16903,19,1,0.01443688525271204,0.004311068693744597,0.0006946676989834573,0.005489564569204259,0.006639232647584817,0.000999000999000999,14.576489699729912
SARS-CoV-2,ORF1ab,16912,19,1,0.009471138645340247,0.004103179923293221,0.0006889588335195938,0.005187093625868582,0.006620864361680699,0.000999000999000999,7.791407063647676
SARS-CoV-2,ORF1ab,16921,19,1,0.016755028725601914,0.004311220803906222,0.00070306502229214,0.0054884688443972915,0.007152338864053433,0.000999000999000999,17.699369940387957
SARS-CoV-2,ORF1ab,16930,19,1,0.006664567447534497,0.004022649195743749,0.0006662069539522873,0.0051159163202557055,0.006391601802931635,0.000999000999000999,3.9656119410305015
SARS-CoV-2,ORF1ab,16939,19,1,0.011962261863800576,0.004234218863505394,0.0006944741748765206,0.005390297648114125,0.006670947072799658,0.000999000999000999,11.127905514512832
SARS-CoV-2,ORF1ab,16948,19,1,0.008915602569184498,0.0040160418499043254,0.0006738759621164374,0.00515041760251001,0.006411818449085456,0.000999000999000999,7.270715969586091
SARS-CoV-2,ORF1ab,16957,19,1,0.012750231410892135,0.0039410158998774095,0.0006487607790016226,0.005058623899680853,0.005982924874077196,0.000999000999000999,13.578526625131715
SARS-CoV-2,ORF1ab,16966,19,1,0.03672523481242738,0.004288752743387357,0.000671942116511537,0.005458821905856889,0.0064672846584555455,0.000999000999000999,48.27273253451899
SARS-CoV-2,ORF1ab,16975,19,1,0.014923724747823991,0.004234096890867044,0.0006687928929602566,0.005317281970038063,0.00649112485695328,0.000999000999000999,15.983465089830409
SARS-CoV-2,ORF1ab,16984,19,1,0.004312684675659185,0.004104892634877993,0.0006729664271639981,0.005274255523308233,0.0066221465308819736,0.3596403596403596,0.3087702928314938
SARS-CoV-2,ORF1ab,16993,19,2,0.3086459635388658,0.006018091182619728,0.0007471693825428573,0.007292926761268603,0.008653303102094716,0.000999000999000999,405.0324858418399
SARS-CoV-2,ORF1ab,17002,19,1,0.009075148312003654,0.004247922964046784,0.0006820461448828128,0.005364148777786806,0.006955895607190349,0.000999000999000999,7.077564156287798
SARS-CoV-2,ORF1ab,17011,19,1,0.023329359612047542,0.004335407039550355,0.0006801935101983133,0.005519834557790687,0.007524308708265115,0.000999000999000999,27.924336659665304
SARS-CoV-2,ORF1ab,17020,19,1,0.00986829034861853,0.0042906669968479465,0.0006804033028534669,0.005434353876309011,0.0066354519522569015,0.000999000999000999,8.197525391748124
SARS-CoV-2,ORF1ab,17029,19,1,0.007193672790944782,0.004023202849316314,0.0006609167526876263,0.005145134702174331,0.005939506321367816,0.000999000999000999,4.797079100712323
SARS-CoV-2,ORF1ab,17038,19,1,0.01311845616095575,0.004345027821864574,0.0006847432825119936,0.005487672616753244,0.0068869885215103715,0.000999000999000999,12.812726408801979
SARS-CoV-2,ORF1ab,17047,19,1,0.006422409229512946,0.004046944469585567,0.0006640978273360646,0.005154894507327858,0.006280982322703356,0.000999000999000999,3.5769801709128064
SARS-CoV-2,ORF1ab,17056,19,1,0.014972985613828493,0.004138559655559719,0.0006698236072792532,0.005223807247443395,0.0066967955129926095,0.000999000999000999,16.17504345998937
SARS-CoV-2,ORF1ab,17065,19,2,0.2599162363021104,0.006162841420635797,0.0007129082397652795,0.007342772037262713,0.008717919429891667,0.000999000999000999,355.94117268867774
SARS-CoV-2,ORF1ab,17074,19,1,0.03630981064787233,0.004350890138054251,0.0006826809942348656,0.00552243603656977,0.006504469561497891,0.000999000999000999,46.813842453072766
SARS-CoV-2,ORF1ab,17083,19,1,0.005924021892405736,0.00404889376431308,0.0006869498337575853,0.00522255254533371,0.006165092221761031,0.006993006993006993,2.729643470230988
SARS-CoV-2,ORF1ab,17092,19,1,0.009492128411658423,0.004157483538607564,0.0006674121214841094,0.005276200253345445,0.00659159783084936,0.000999000999000999,7.993029645893049
SARS-CoV-2,ORF1ab,17101,19,1,0.023376009550422846,0.004320823821736341,0.0006743120732756239,0.005408934852017823,0.006840296049167529,0.000999000999000999,28.258704661955136
SARS-CoV-2,ORF1ab,17110,19,1,0.008812411285268008,0.004110811642061101,0.0006771681347316071,0.005259914536295903,0.006825947524543554,0.000999000999000999,6.943031430547699
SARS-CoV-2,ORF1ab,17119,19,1,0.009905883709454605,0.003627656654384137,0.0005744241941008602,0.00461403953138579,0.006026156806004929,0.000999000999000999,10.929600667147572
SARS-CoV-2,ORF1ab,17128,19,1,0.015579744818046902,0.004241655222904877,0.0006615915429720862,0.005328338267615819,0.006570396206386534,0.000999000999000999,17.137597533680083
SARS-CoV-2,ORF1ab,17137,19,1,0.0206384550814739,0.004282901008147029,0.000681611562763264,0.005475879158059256,0.006788270505359712,0.000999000999000999,23.995417576282303
SARS-CoV-2,ORF1ab,17146,19,2,0.7539445952001638,0.0060153114471398015,0.0007312899319999497,0.007331375968309425,0.008341054022126962,0.000999000999000999,1022.7534265480292
SARS-CoV-2,ORF1ab,17155,19,1,0.03173386162198995,0.004418930940994995,0.0006728763579871611,0.0055351402652219,0.0068377245839813085,0.000999000999000999,40.59427910753871
SARS-CoV-2,ORF1ab,17164,19,1,0.008687459911741902,0.004174863088034482,0.0006880084191342899,0.005401282382848216,0.006384470987872957,0.000999000999000999,6.558926748869657
SARS-CoV-2,ORF1ab,17173,19,1,0.007970433851467553,0.004304360089002584,0.0006692842046897451,0.005427974548161637,0.0067147874827297414,0.000999000999000999,5.477603889015165
SARS-CoV-2,ORF1ab,17182,19,1,0.014713076651052372,0.004068790908679471,0.0006546846364162867,0.00516375243999095,0.006487089111028944,0.000999000999000999,16.258645995786956
SARS-CoV-2,ORF1ab,17191,19,1,0.007857558223628386,0.0041730063464191225,0.000682196059261726,0.00535560515268019,0.00670356671933302,0.000999000999000999,5.4010160674289045
SARS-CoV-2,ORF1ab,17200,19,1,0.009534691866087106,0.004140722375507469,0.0006818577347275427,0.005286585541851595,0.006617262898971577,0.000999000999000999,7.910696345968655
SARS-CoV-2,ORF1ab,17209,19,1,0.02803525455793619,0.004325348522365449,0.0006708330553553395,0.005433446735562159,0.006635498833338232,0.000999000999000999,35.34397395341771
SARS-CoV-2,ORF1ab,17218,19,1,0.010308039991654342,0.0041370458689548514,0.0006807045191490036,0.005287508508446626,0.006262896896064052,0.000999000999000999,9.06559887455174
SARS-CoV-2,ORF1ab,17227,19,2,0.20758009713977552,0.006101205105436651,0.0007209178324379741,0.0073181941503698035,0.008537450955928975,0.000999000999000999,279.47552823459057
SARS-CoV-2,ORF1ab,17236,19,1,0.02797785969876936,0.004371836033816127,0.0007138294426676727,0.005552863096114477,0.006424640710561532,0.000999000999000999,33.069557311525955
SARS-CoV-2,ORF1ab,17245,19,1,0.006992904091694181,0.004096871225600779,0.0006814842110199274,0.005241105948121103,0.006222433239757639,0.000999000999000999,4.2495964238982475
SARS-CoV-2,ORF1ab,17254,19,2,0.05059958736238577,0.0061229848308370265,0.0006706487490765784,0.00726252051617353,0.00821657606493238,0.000999000999000999,66.31877356483395
SARS-CoV-2,ORF1ab,17263,19,1,0.011386243069586093,0.00426647565617096,0.00068908469172439,0.00541505737833563,0.00676271846346934,0.000999000999000999,10.332209522168275
SARS-CoV-2,ORF1ab,17272,19,1,0.005115828042036705,0.00405261219116421,0.000666057492547464,0.005129972343100418,0.006351854415111681,0.053946053946053944,1.5962823971937063
SARS-CoV-2,ORF1ab,17281,19,1,0.009159155435084549,0.004349502126274941,0.000690013043942869,0.005635549728235652,0.006374514938051852,0.000999000999000999,6.970380271837053
SARS-CoV-2,ORF1ab,17290,19,1,0.0712646427243914,0.0043795927037521476,0.0007259728010147079,0.005609872282294416,0.007025184807505835,0.000999000999000999,92.1316197068989
SARS-CoV-2,ORF1ab,17299,19,1,0.04014556325871721,0.0043553712596168,0.0006882171147823615,0.005491681502475644,0.0065816041154755376,0.000999000999000999,52.00421673677576
SARS-CoV-2,ORF1ab,17308,19,1,0.00837307840887019,0.004202379968789525,0.0006633906008456094,0.005331017619060652,0.006723564801574758,0.000999000999000999,6.286942315378553
SARS-CoV-2,ORF1ab,17317,19,1,0.013108954738389056,0.0042641140045417605,0.0006431072572645911,0.005325160264214288,0.006461302801342624,0.000999000999000999,13.753290192165094
SARS-CoV-2,ORF1ab,17326,19,1,0.006830765366094955,0.004245069859347185,0.0006780975349370195,0.005409179806993249,0.006709793848331033,0.000999000999000999,3.8131616375628385
SARS-CoV-2,ORF1ab,17335,19,1,0.018915753460405953,0.004167957586475998,0.0006933865418130099,0.0053467003007126946,0.0066743488955548075,0.000999000999000999,21.26922716926209
SARS-CoV-2,ORF1ab,17344,19,2,0.3038626484724077,0.006061762680829625,0.0007282844406637954,0.007325954286953751,0.009898553698028344,0.000999000999000999,408.907384483111
SARS-CoV-2,ORF1ab,17353,19,1,0.006720384359068426,0.004037463242261206,0.0006731121793007685,0.005167249385816765,0.006198304404973361,0.000999000999000999,3.985845449408224
SARS-CoV-2,ORF1ab,17362,19,1,0.005519040279623594,0.004282524714642893,0.0006833483464894133,0.005443387559185705,0.006534978813530663,0.04095904095904096,1.80949521767791
SARS-CoV-2,ORF1ab,17371,19,1,0.007767424360660533,0.004223183034318054,0.000672881307845463,0.005341029497993046,0.006663904434950981,0.000999000999000999,5.267260785844962
SARS-CoV-2,ORF1ab,17380,19,1,0.010494014629698279,0.004084221255403338,0.0006764472271337335,0.005188927487458495,0.006388654661801732,0.000999000999000999,9.475673958269809
SARS-CoV-2,ORF1ab,17389,19,1,0.011208059775857829,0.004177765993702987,0.0006788066080867805,0.005348572626896048,0.006220923335174742,0.000999000999000999,10.356843463810343
SARS-CoV-2,ORF1ab,17398,19,1,0.04645670264491643,0.004338473050193813,0.000675001920152069,0.005505779716206274,0.007033147551710924,0.000999000999000999,62.39719967794156
SARS-CoV-2,ORF1ab,17407,19,1,0.02064944247340272,0.004371915727169561,0.0007046790512420251,0.005517954434604706,0.007021525887263371,0.000999000999000999,23.099206252184402
SARS-CoV-2,ORF1ab,17416,19,1,0.017982091876661485,0.004176942499492631,0.0006431588133973768,0.005287617477782763,0.006282799862059537,0.000999000999000999,21.46460421531893
SARS-CoV-2,ORF1ab,17425,19,1,0.03522961772323587,0.0043649716491206214,0.0006994613778992258,0.005513423569347356,0.006610581435903883,0.000999000999000999,44.12630496742316
SARS-CoV-2,ORF1ab,17434,19,1,0.0117937724040891,0.004242436848619397,0.0006585667468156083,0.005343953547199152,0.006265406725317516,0.000999000999000999,11.466317714921
SARS-CoV-2,ORF1ab,17443,19,1,0.008664757507845325,0.004123384893285045,0.0006784392286079794,0.005332347329194875,0.006878335127756848,0.000999000999000999,6.693853219363895
SARS-CoV-2,ORF1ab,17452,19,1,0.017106729655121507,0.00435777279335866,0.0006848093855843308,0.005456856684011844,0.006605414776713961,0.000999000999000999,18.61679633798313
SARS-CoV-2,ORF1ab,17461,19,1,0.019353715964406517,0.004338582465466948,0.000699043779350792,0.00553234415327907,0.007361658659522962,0.000999000999000999,21.479532387634226
SARS-CoV-2,ORF1ab,17470,19,1,0.0214736009027678,0.004364001971048412,0.0006622738977539138,0.005456583634722341,0.006712542214588989,0.000999000999000999,25.834626715240006
SARS-CoV-2,ORF1ab,17479,19,1,0.05790213199405797,0.004390764824849881,0.0006895429763881736,0.005578166540856225,0.007333913656506471,0.000999000999000999,77.60410736035723
SARS-CoV-2,ORF1ab,17488,19,1,0.010207677315165153,0.004094181771535523,0.0006648070929496835,0.005288842404272291,0.006226090453154948,0.000999000999000999,9.195893979567295
SARS-CoV-2,ORF1ab,17497,19,1,0.06872201359231726,0.0043372673996287725,0.0007018682476070516,0.005545426155904905,0.006633078502613816,0.000999000999000999,91.73337932325866
SARS-CoV-2,ORF1ab,17506,19,1,0.007187231807664443,0.003957299710384659,0.0006389597944229455,0.00501619547595359,0.006679624431420902,0.000999000999000999,5.054984876156074
SARS-CoV-2,ORF1ab,17515,19,1,0.005263059550644409,0.0040018117796625985,0.0006664582547947842,0.005162804303355419,0.006834326606683778,0.03596403596403597,1.8924632741928809
SARS-CoV-2,ORF1ab,17524,19,1,0.015284523625981657,0.004306516233321666,0.0006727797888361892,0.0055177237582558275,0.006824035402474971,0.000999000999000999,16.317385829396482
SARS-CoV-2,ORF1ab,17533,19,1,0.008484957509960941,0.004186124023697655,0.0006984399037156156,0.005420857029203832,0.006886673638092453,0.000999000999000999,6.154908193810252
SARS-CoV-2,ORF1ab,17542,19,1,0.021252904002083205,0.004395358998077196,0.000706605300830374,0.005561934783489588,0.007033735210392383,0.000999000999000999,23.857088227608404
SARS-CoV-2,ORF1ab,17551,19,1,0.01615719025855361,0.00427250897086987,0.0006882350561791218,0.0054302123175438395,0.006482393744184251,0.000999000999000999,17.268346302590263
SARS-CoV-2,ORF1ab,17560,19,1,0.004996575918309225,0.004121248936838372,0.0006771272386087595,0.0052740007841559616,0.006584337396583822,0.10789210789210789,1.2927067935847913
SARS-CoV-2,ORF1ab,17569,19,1,0.008214470400619388,0.004124821073390782,0.0006989839543235284,0.005265634574605686,0.006572749622059704,0.000999000999000999,5.850848652436577
SARS-CoV-2,ORF1ab,17578,19,1,0.009612804461909352,0.00427094423871654,0.0006713933419699084,0.005361423597767398,0.006900648967013771,0.000999000999000999,7.956379501052949
SARS-CoV-2,ORF1ab,17587,19,2,0.04971656844251627,0.006028747692563502,0.000667761686462117,0.007165041145377391,0.008302398628716656,0.000999000999000999,65.42426981909696
SARS-CoV-2,ORF1ab,17596,19,1,0.010362037529889182,0.004263450276800743,0.000664304810146521,0.0053882257351100795,0.00707929962956288,0.000999000999000999,9.180405079022862
SARS-CoV-2,ORF1ab,17605,19,1,0.007799604809901773,0.004191500298996729,0.0006770540167168474,0.005424463819936252,0.006818968633092688,0.000999000999000999,5.3291235585623875
SARS-CoV-2,ORF1ab,17614,19,1,0.009512454618445056,0.0042021606615824545,0.0006755267543428076,0.0053871561017831545,0.0065375859848548976,0.000999000999000999,7.8609676415092835
SARS-CoV-2,ORF1ab,17623,19,1,0.0053701566173844405,0.004162481503890868,0.0006590282601806716,0.005288653009980096,0.006506979071236277,0.03996003996003996,1.8325088413697008
SARS-CoV-2,ORF1ab,17632,19,1,0.006498339484815052,0.004065335179080687,0.0006454950318628886,0.00515367631133461,0.006230712104357371,0.000999000999000999,3.769206865485476
SARS-CoV-2,ORF1ab,17641,19,1,0.01249432089985086,0.004258477942954375,0.0006561498975244798,0.005369846265192646,0.006446305203247035,0.000999000999000999,12.551770545066983
SARS-CoV-2,ORF1ab,17650,19,1,0.007824229538102318,0.004121750393168672,0.0006791879494958738,0.0052671097933654045,0.006388663426911043,0.000999000999000999,5.451332208826447
SARS-CoV-2,ORF1ab,17659,19,1,0.025369690872749887,0.004316876791311472,0.0006645740456508551,0.005430822071709002,0.0067638512521742715,0.000999000999000999,31.67865826120278
SARS-CoV-2,ORF1ab,17668,19,1,0.011453669230789942,0.00419250510656128,0.0006775874575459031,0.005289107016689866,0.006785640586222351,0.000999000999000999,10.716202083384573
SARS-CoV-2,ORF1ab,17677,19,1,0.007413497895277713,0.004183990299301011,0.000683233078372019,0.00538092378466165,0.006651766699516459,0.000999000999000999,4.72680216782221
SARS-CoV-2,ORF1ab,17686,19,1,0.004795343556982372,0.003975526716962225,0.000644615314872069,0.005081613876382848,0.006153150411908561,0.1108891108891109,1.2717923715213761
SARS-CoV-2,ORF1ab,17695,19,1,0.029428483281004784,0.004320116150983491,0.0006738544476974472,0.005475327751821487,0.006432960235099191,0.000999000999000999,37.26081680668027
SARS-CoV-2,ORF1ab,17704,19,1,0.019976823948259365,0.004247565308935976,0.0006942649801985654,0.005484975069606847,0.006955923101865829,0.000999000999000999,22.65598739378255
SARS-CoV-2,ORF1ab,17713,19,1,0.019864391293286612,0.004369694239549844,0.0006912142860834932,0.005563752315721558,0.006390324230111813,0.000999000999000999,22.416633113200923
SARS-CoV-2,ORF1ab,17722,19,1,0.006690906521247705,0.004096283725017151,0.0006908258202896966,0.005272672529315091,0.006599773052402611,0.000999000999000999,3.7558277644319995
SARS-CoV-2,ORF1ab,17731,19,1,0.02810734279171536,0.0043093555598549,0.0006824601050142401,0.005513921876455949,0.006756833058847142,0.000999000999000999,34.87088411030839
SARS-CoV-2,ORF1ab,17740,19,1,0.0060261069867691185,0.004016704748573484,0.0006674468605843341,0.005137220432915448,0.006059525671406526,0.001998001998001998,3.010580102866092
SARS-CoV-2,ORF1ab,17749,19,1,0.011073682871653386,0.004169283752677791,0.0006975893002596047,0.005315986657142223,0.00695818478056101,0.000999000999000999,9.897512929751294
SARS-CoV-2,ORF1ab,17758,19,1,0.007661237779713038,0.004280576401181074,0.0006668209048387469,0.005388616147197741,0.006403693268180083,0.000999000999000999,5.069819128345245
SARS-CoV-2,ORF1ab,17767,19,1,0.016837098866420486,0.0042867918989242465,0.0006620029276058006,0.00538723241018346,0.006524300517098374,0.000999000999000999,18.95808378504559
SARS-CoV-2,ORF1ab,17776,19,1,0.0078378344004631,0.00421479900420013,0.0006716846318449853,0.005411652771660196,0.006425014727926154,0.000999000999000999,5.393953091216642
SARS-CoV-2,ORF1ab,17785,19,1,0.005754444508043643,0.004066549857331138,0.0006782362323710579,0.005192821628199944,0.00626646359797216,0.011988011988011988,2.488653024052938
SARS-CoV-2,ORF1ab,17794,19,1,0.007055402896727935,0.004301314151334795,0.0006877132636580387,0.005484054954196934,0.006640174063247475,0.000999000999000999,4.004704999789845
SARS-CoV-2,ORF1ab,17803,19,1,0.0051083389007733765,0.0037974639258111205,0.0006235876274734822,0.004861790361105464,0.006280910483630471,0.025974025974025976,2.102150391073948
SARS-CoV-2,ORF1ab,17812,19,1,0.018504200924189095,0.004310913425576577,0.0006657933237986574,0.0054211177568257015,0.0064295293014547126,0.000999000999000999,21.31785794671728
SARS-CoV-2,ORF1ab,17821,19,1,0.01598024053733858,0.004348339373157025,0.0006643515665651344,0.00550966381750887,0.006670550964467755,0.000999000999000999,17.508653173381415
SARS-CoV-2,ORF1ab,17830,19,1,0.01879895122569613,0.004240898630790544,0.0006985573490516938,0.005381582181527289,0.006711387227732273,0.000999000999000999,20.840168118864465
SARS-CoV-2,ORF1ab,17839,19,1,0.01995353870879863,0.004370357792864227,0.0007114389248775026,0.005565917234514739,0.006897321531502562,0.000999000999000999,21.90375079437431
SARS-CoV-2,ORF1ab,17848,19,1,0.016600208513306708,0.004316896600932043,0.0007098397806117437,0.005441660439440785,0.00652144858919612,0.000999000999000999,17.304344230734493
SARS-CoV-2,ORF1ab,17857,19,1,0.007080701898807668,0.004290317160948174,0.0006736255146372189,0.005446679664823925,0.006573687611063617,0.000999000999000999,4.142338253565494
SARS-CoV-2,ORF1ab,17866,19,1,0.025650910260038347,0.004365576910893211,0.0006739934754681461,0.005526087961236547,0.006773218886803044,0.000999000999000999,31.58091899088586
SARS-CoV-2,ORF1ab,17875,19,1,0.006819640283272783,0.004180893120740165,0.0006542409377525204,0.005294225899190612,0.006629727201090546,0.000999000999000999,4.033295702340743
SARS-CoV-2,ORF1ab,17884,19,1,0.01492454398200287,0.004175128732298159,0.0006909015464806622,0.005364113695023407,0.006630303981100746,0.000999000999000999,15.558534069666578
SARS-CoV-2,ORF1ab,17893,19,2,0.7695139421797376,0.006158503697276045,0.0006952588106087544,0.007303731451516147,0.008318707573471857,0.000999000999000999,1097.944286119989
SARS-CoV-2,ORF1ab,17902,19,2,0.1043827240859856,0.0062182035148519756,0.000682762837593433,0.007417728507239714,0.008824297594950526,0.000999000999000999,143.7754300118894
SARS-CoV-2,ORF1ab,17911,19,1,0.02712046515120516,0.004360187178761057,0.0006870565126719132,0.005534234123106738,0.006989416595686306,0.000999000999000999,33.12722833225323
SARS-CoV-2,ORF1ab,17920,19,1,0.005160651213358503,0.0042124994695404965,0.0006769682366265735,0.005360177673039634,0.006410151663759963,0.07892107892107893,1.4005852749351702
SARS-CoV-2,ORF1ab,17929,19,1,0.005968537882310478,0.004072602656737104,0.000697425409027825,0.005248936530592167,0.006284084575119611,0.004995004995004995,2.718477418561807
SARS-CoV-2,ORF1ab,17938,19,1,0.028986990716144048,0.004246291916518539,0.0006892778522756968,0.0053957685441956985,0.006304139059127923,0.000999000999000999,35.89365118571914
SARS-CoV-2,ORF1ab,17947,19,1,0.014586522224045004,0.0042122251090087656,0.0006554976973777867,0.005327855621977622,0.006571522527876096,0.000999000999000999,15.82659581648715
SARS-CoV-2,ORF1ab,17956,19,1,0.01014850654351761,0.0042532781698560885,0.000702203691605466,0.005504243057486853,0.00647853503808651,0.000999000999000999,8.3953252370165
SARS-CoV-2,ORF1ab,17965,19,1,0.030108213901983715,0.004281902991681811,0.0006962687047747675,0.0055327956896530535,0.00798885988853022,0.000999000999000999,37.09244826486396
SARS-CoV-2,ORF1ab,17974,19,1,0.010517133955033186,0.004200385471779967,0.0006599997432546386,0.005304875351795408,0.006654930974013755,0.000999000999000999,9.570834758364619
SARS-CoV-2,ORF1ab,17983,19,1,0.02608729395454214,0.004409823546313852,0.0007016092691133268,0.005648973467902956,0.0069820822167383275,0.000999000999000999,30.896784524559713
SARS-CoV-2,ORF1ab,17992,19,1,0.008432686706028538,0.004263150310807461,0.0006835275457346703,0.005458193953417648,0.0066391929132467945,0.000999000999000999,6.100026869787038
SARS-CoV-2,ORF1ab,18001,19,1,0.0074192206001437305,0.004174032465322836,0.0006942156939045713,0.005357664533027568,0.006487997786616639,0.000999000999000999,4.674610734552173
SARS-CoV-2,ORF1ab,18010,19,1,0.009461500865489674,0.004051803111333131,0.0006649542879691446,0.0052310403660083445,0.006109352184998236,0.000999000999000999,8.135443070347666
SARS-CoV-2,ORF1ab,18019,19,1,0.010474160045270063,0.004030752805490905,0.0006609922246301918,0.0051275932205513694,0.006045743070361376,0.000999000999000999,9.748083259805483
SARS-CoV-2,ORF1ab,18028,19,1,0.010747334181733173,0.004115855242604391,0.0006893728441816775,0.005307086750941025,0.006454563023363668,0.000999000999000999,9.619582487326872
SARS-CoV-2,ORF1ab,18037,19,1,0.018295567232523534,0.004270418633352185,0.0007057092861707736,0.005517647129146563,0.00661583375356577,0.000999000999000999,19.87383314065875
SARS-CoV-2,ORF1ab,18046,19,1,0.015525172316773259,0.004354247703646427,0.000702061541172701,0.005581496295763073,0.006809301772931128,0.000999000999000999,15.911603125941467
SARS-CoV-2,ORF1ab,18055,19,1,0.01433772580604031,0.004291238323898004,0.0006555814589390593,0.005426860375886389,0.006503573385737243,0.000999000999000999,15.324544868002732
SARS-CoV-2,ORF1ab,18064,19,1,0.023946050316762103,0.004328103026778941,0.0006847246658918799,0.005480290905615907,0.006629999340883572,0.000999000999000999,28.65085525205966
SARS-CoV-2,ORF1ab,18073,19,1,0.007215106598519975,0.004086583193631368,0.000697534376447545,0.005264663672765927,0.006327050279867732,0.000999000999000999,4.485117164865455
SARS-CoV-2,ORF1ab,18082,19,1,0.00595835731286677,0.0042678137892620755,0.0006487990334407672,0.005353411287647401,0.006282986940701713,0.004995004995004995,2.6056504964861884
SARS-CoV-2,ORF1ab,18091,19,1,0.016619460304059214,0.004203024588397167,0.0006613830052672427,0.005338828076237258,0.006365705874682767,0.000999000999000999,18.773442342451755
SARS-CoV-2,ORF1ab,18100,19,1,0.014083778070115984,0.004319602706472132,0.0006804795450140681,0.0055264451228623545,0.006747375931723435,0.000999000999000999,14.348962338672486
SARS-CoV-2,ORF1ab,18109,19,1,0.009295384089714557,0.004284309824997689,0.0007006077645759152,0.005461126423130781,0.006738377094570632,0.000999000999000999,7.152467497630605
SARS-CoV-2,ORF1ab,18118,19,1,0.011593299802398172,0.00420624561155449,0.0006710283126491964,0.005381084475591172,0.0064628771217598805,0.000999000999000999,11.008558136213134
SARS-CoV-2,ORF1ab,18127,19,1,0.028782621917628246,0.0043568436890380905,0.0006726956822630959,0.0055216200871088935,0.006452870858970472,0.000999000999000999,36.31029434649629
SARS-CoV-2,ORF1ab,18136,19,1,0.0069238028197869984,0.004204454711960722,0.0006939830611890775,0.005385194733751728,0.006513624459129086,0.000999000999000999,3.918464671409873
SARS-CoV-2,ORF1ab,18145,19,1,0.013204010665307575,0.004311128036988458,0.0006665022967851963,0.005442683856428217,0.006944269148349281,0.000999000999000999,13.342613628209536
SARS-CoV-2,ORF1ab,18154,19,1,0.0049671022110061675,0.004082323765340335,0.0006653318000691917,0.005237198018998745,0.006107478962135777,0.0959040959040959,1.329830387746113
SARS-CoV-2,ORF1ab,18163,19,1,0.024922245794901036,0.004300830211444743,0.0006733275210688646,0.00542821968642003,0.006703104653275203,0.000999000999000999,30.626129094977593
SARS-CoV-2,ORF1ab,18172,19,1,0.014196502377127338,0.004239289516285036,0.00063985263369759,0.005292042563566313,0.006433310025801901,0.000999000999000999,15.561728336259884
SARS-CoV-2,ORF1ab,18181,19,1,0.013845351387650123,0.0042816131132482034,0.0006801229559967468,0.005459824433554429,0.006715469249494696,0.000999000999000999,14.061778374155724
SARS-CoV-2,ORF1ab,18190,19,1,0.01019406002827207,0.00431751944597952,0.000655433373381195,0.0054600674418384424,0.006673438836593444,0.000999000999000999,8.965885505611567
SARS-CoV-2,ORF1ab,18199,19,1,0.018780256700400125,0.004366364775414461,0.0006868620423563902,0.005474844795442664,0.007172342153582603,0.000999000999000999,20.98513389317089
SARS-CoV-2,ORF1ab,18208,19,1,0.0040676103970938605,0.003986766132220512,0.0006692724996008085,0.005121385840857661,0.006292571067051262,0.44255744255744256,0.12079424288547366
SARS-CoV-2,ORF1ab,18217,19,1,0.023080636789811076,0.004349306142295035,0.0007133578902571511,0.00554678727201658,0.006774938291765559,0.000999000999000999,26.25797079326308
SARS-CoV-2,ORF1ab,18226,19,2,0.38151063546109165,0.006159315029740767,0.0006872655372719037,0.007292586490132748,0.00874285832666015,0.000999000999000999,546.1518148011694
SARS-CoV-2,ORF1ab,18235,19,1,0.012779921886633221,0.004325554630208681,0.0006891668922550609,0.005587077681780389,0.006712353195274256,0.000999000999000999,12.267518000988904
SARS-CoV-2,ORF1ab,18244,19,1,0.014077054935948206,0.004358558919400877,0.0007006028807876693,0.005554888211247167,0.0068795427998435766,0.000999000999000999,13.87161869163467
SARS-CoV-2,ORF1ab,18253,19,1,0.02842936342727788,0.004253932379064655,0.0006702798591748789,0.005387169773735145,0.006879480122787213,0.000999000999000999,36.06766743367974
SARS-CoV-2,ORF1ab,18262,19,1,0.00769646838396204,0.004304400394858518,0.0006526178843257762,0.005399608302197792,0.006577057818722437,0.000999000999000999,5.197632597224774
SARS-CoV-2,ORF1ab,18271,19,1,0.009977928879298438,0.004179123899472512,0.0006687994951116857,0.005299822066892184,0.006289531249010844,0.000999000999000999,8.670468536848341
SARS-CoV-2,ORF1ab,18280,19,1,0.041285880276553694,0.0043438594927151615,0.0006978244172711893,0.005536630511564959,0.00676414405724001,0.000999000999000999,52.938848039021956
SARS-CoV-2,ORF1ab,18289,19,1,0.030914327703643704,0.00438126151494267,0.000727265400501977,0.005622965809131092,0.006851232468871977,0.000999000999000999,36.48333355386801
SARS-CoV-2,ORF1ab,18298,19,1,0.016734117092824685,0.004345857449198885,0.0007069552963044522,0.005609435243057576,0.0065565475627680095,0.000999000999000999,17.523398874560186
SARS-CoV-2,ORF1ab,18307,19,1,0.005758743692135601,0.004132977032340119,0.0006813438452211584,0.005287323212972709,0.006586791308585101,0.013986013986013986,2.3861177747452493
SARS-CoV-2,ORF1ab,18316,19,2,0.1085070911304515,0.00620642406570961,0.0006726423215782037,0.00736679488466541,0.008470041861475914,0.000999000999000999,152.08776460083038
SARS-CoV-2,ORF1ab,18325,19,1,0.01163399337180299,0.004186919974694991,0.0006825298285965754,0.005333301593905034,0.006427529694784396,0.000999000999000999,10.910985989316751
SARS-CoV-2,ORF1ab,18334,19,1,0.005496388473994537,0.004094321738806317,0.0006803820845579496,0.005248531357751408,0.006422524954895585,0.022977022977022976,2.0607049583017094
SARS-CoV-2,ORF1ab,18343,19,1,0.004653316238119706,0.0038077478936606886,0.0006065213805600955,0.004786471335882297,0.005811757529870198,0.07492507492507493,1.3941278437343332
SARS-CoV-2,ORF1ab,18352,19,1,0.010177257706250002,0.0041682192909028885,0.0006642783384923643,0.005287786881716262,0.006572128965435452,0.000999000999000999,9.045964721633304
SARS-CoV-2,ORF1ab,18361,19,1,0.009661225531290292,0.004112259042915237,0.0006896691871437162,0.005222914095567558,0.006462498383991482,0.000999000999000999,8.04583790578821
SARS-CoV-2,ORF1ab,18370,19,1,0.014617636518428826,0.004236141326349879,0.000673330231896583,0.005318969029838986,0.006577651586542432,0.000999000999000999,15.418133183827464
SARS-CoV-2,ORF1ab,18379,19,1,0.03686629609802446,0.004389699718321111,0.0006723570916244753,0.00547833808591041,0.0065020217336109205,0.000999000999000999,48.302601079490316
SARS-CoV-2,ORF1ab,18388,19,2,0.16771774521980234,0.006122460565483199,0.0006912942407501035,0.0072643161144453385,0.008349302555572579,0.000999000999000999,233.75760295496855
SARS-CoV-2,ORF1ab,18397,19,1,0.008930590127503534,0.0042189167552192765,0.0006754808520635241,0.005429415866022834,0.006296413300566979,0.000999000999000999,6.975287838123883
SARS-CoV-2,ORF1ab,18406,19,1,0.007131962130431267,0.004227272982018627,0.000672211755369402,0.005372007234848481,0.007618223662310279,0.001998001998001998,4.321092461134393
SARS-CoV-2,ORF1ab,18415,19,1,0.010749653042821852,0.004382631877391214,0.0007131574225912016,0.005634310053151887,0.007062091004483864,0.000999000999000999,8.927932268161166
SARS-CoV-2,ORF1ab,18424,19,1,0.010784780755560724,0.004269170748440937,0.0006788699032118127,0.0053802415608368275,0.0062631133594280245,0.000999000999000999,9.597729957232861
SARS-CoV-2,ORF1ab,18433,19,1,0.00938098617510374,0.004320030939963142,0.0006965390188747817,0.005517368032349499,0.006971190471108435,0.000999000999000999,7.265860343784153
SARS-CoV-2,ORF1ab,18442,19,1,0.011836278602769626,0.004262766389042208,0.0006726279982320509,0.005393959803781783,0.00676854515339383,0.000999000999000999,11.259585140127665
SARS-CoV-2,ORF1ab,18451,19,1,0.014146825728689586,0.00422460069352244,0.0006780347567297217,0.005387754764076734,0.006826713164096361,0.000999000999000999,14.63380001789841
SARS-CoV-2,ORF1ab,18460,19,1,0.006070549164485861,0.004005572230269623,0.0006564053190492824,0.005090300410260475,0.00629461243354521,0.001998001998001998,3.1458869608294595
SARS-CoV-2,ORF1ab,18469,19,1,0.014383443587009185,0.004152156793119648,0.0006776341637890293,0.0052816509571563,0.006493001956219984,0.000999000999000999,15.098540393360224
SARS-CoV-2,ORF1ab,18478,19,1,0.03738599027908537,0.004351016608247152,0.0007168220562587236,0.005562064786370469,0.007350560592777939,0.000999000999000999,46.085319756002114
SARS-CoV-2,ORF1ab,18487,19,1,0.008811587096874466,0.004308482486368287,0.0006746022013291771,0.005409951273072133,0.006730702281446903,0.000999000999000999,6.675199994357646
SARS-CoV-2,ORF1ab,18496,19,1,0.011305194288689575,0.004305174840832182,0.000659449718357335,0.005460331609272429,0.006268496843862655,0.000999000999000999,10.614940385893537
SARS-CoV-2,ORF1ab,18505,19,1,0.005809121761127639,0.00403190628447727,0.000650998639169972,0.005166374698082886,0.006342167371562313,0.003996003996003996,2.7299833973790353
SARS-CoV-2,ORF1ab,18514,19,1,0.009238221865732366,0.004185433656868665,0.0006998690713153676,0.005330681788526612,0.006897876447853716,0.000999000999000999,7.21961923444802
SARS-CoV-2,ORF1ab,18523,19,1,0.012512661383957038,0.004356892648910124,0.0006728830362047278,0.0054391355172140315,0.006296287997151811,0.000999000999000999,12.120633596364707
SARS-CoV-2,ORF1ab,18532,19,1,0.010597192468260535,0.004324902137330522,0.0006448079684625355,0.005395500407227965,0.007318960255053563,0.000999000999000999,9.72737720020041
SARS-CoV-2,ORF1ab,18541,19,1,0.006178199750392673,0.004111996093465051,0.0006756189528303422,0.005284726975001004,0.007260598818657138,0.002997002997002997,3.058238150767916
SARS-CoV-2,ORF1ab,18550,19,1,0.008114130873880557,0.0042711306258238204,0.0006541490346620893,0.0054543393617561275,0.006797179195859444,0.000999000999000999,5.874808406683497
SARS-CoV-2,ORF1ab,18559,19,1,0.018697743291580502,0.004333121471794919,0.0006918239918133306,0.005553699783836934,0.006906350008280998,0.000999000999000999,20.763405128715853
SARS-CoV-2,ORF1ab,18568,19,1,0.024323129458033395,0.004372070002688386,0.0006528472773996175,0.005494932653911509,0.006350969069472336,0.000999000999000999,30.560071468495487
SARS-CoV-2,ORF1ab,18577,19,1,0.0094418624310288,0.003975447496917968,0.0006718395049424648,0.005091162007521215,0.006359779694634845,0.000999000999000999,8.136489286349672
SARS-CoV-2,ORF1ab,18586,19,1,0.009871634379467658,0.0040498503639517566,0.0006472317052353423,0.005115101636268879,0.0064305447404453394,0.000999000999000999,8.994899304877256
SARS-CoV-2,ORF1ab,18595,19,1,0.01878322474344776,0.004322072594115089,0.0006727530574100265,0.005491042932264041,0.006795401270344055,0.000999000999000999,21.49548335760138
SARS-CoV-2,ORF1ab,18604,19,1,0.013485080645684606,0.004108307505583866,0.0006643145309594471,0.00522894193356907,0.006365070853703716,0.000999000999000999,14.114960162858674
SARS-CoV-2,ORF1ab,18613,19,1,0.010033332818101318,0.004324983130975365,0.0006728766091880189,0.005501269621880142,0.00696206405261448,0.000999000999000999,8.483501446148345
SARS-CoV-2,ORF1ab,18622,19,2,0.37966833674591055,0.006199827662369151,0.0007243529139375435,0.0074552416264668546,0.008410741467767869,0.000999000999000999,515.5891581265086
SARS-CoV-2,ORF1ab,18631,19,1,0.026368203478431808,0.004250245869757118,0.000661768264893007,0.005357025930635866,0.006952367071657557,0.000999000999000999,33.42251174926115
SARS-CoV-2,ORF1ab,18640,19,1,0.00824449496456149,0.004296019248399795,0.0006799913348681485,0.005515660406406285,0.006458801154337839,0.000999000999000999,5.8066559288249024
SARS-CoV-2,ORF1ab,18649,19,1,0.008369360279931636,0.0040475995981172075,0.0006665131032093856,0.005240290006336202,0.006024506576582407,0.000999000999000999,6.4841346119143655
SARS-CoV-2,ORF1ab,18658,19,1,0.012818901347473616,0.004319861157819747,0.000658076944895365,0.005439842545388095,0.006495069546469471,0.000999000999000999,12.914964208334673
SARS-CoV-2,ORF1ab,18667,19,1,0.0050044179289434635,0.004089109089852867,0.0006812709323076425,0.005241949183765768,0.0063253971084438,0.0939060939060939,1.3435313260617279
SARS-CoV-2,ORF1ab,18676,19,1,0.020564460491796284,0.004291390311767688,0.0006943279394843873,0.005475831721764703,0.0066592015589203735,0.000999000999000999,23.437153043435195
SARS-CoV-2,ORF1ab,18685,19,1,0.021392306896264385,0.0043130694518717936,0.0006935876885226055,0.005489339049186444,0.006798131623696186,0.000999000999000999,24.62448184565194
SARS-CoV-2,ORF1ab,18694,19,1,0.009959638450002344,0.004232539865581006,0.0006751512369864541,0.005384006247411306,0.006564609710705437,0.000999000999000999,8.48268990809276
SARS-CoV-2,ORF1ab,18703,19,1,0.011501423896578534,0.004168689015522672,0.000674942777711075,0.005282821883004183,0.006682459928385688,0.000999000999000999,10.864231936703247
SARS-CoV-2,ORF1ab,18712,19,1,0.026260507062315017,0.004383495579741147,0.0006645601738321589,0.005535241859490431,0.006463830760344301,0.000999000999000999,32.919534368755485
SARS-CoV-2,ORF1ab,18721,19,1,0.009839355496900518,0.0042509311648736255,0.0006945936205330109,0.00544656072212767,0.006750056637924398,0.000999000999000999,8.045602733492569
SARS-CoV-2,ORF1ab,18730,19,1,0.009282686357264642,0.004274820845294607,0.0006556536032023214,0.0053754233303112625,0.006606024023827426,0.000999000999000999,7.63797451506525
SARS-CoV-2,ORF1ab,18739,19,1,0.010305538095370027,0.004365552270120759,0.0006991585629401566,0.0054858679881325,0.006494783650277037,0.000999000999000999,8.495906565557851
SARS-CoV-2,ORF1ab,18748,19,1,0.027195782651033416,0.004336330934084301,0.000679137027936629,0.005499002628403594,0.00639060334062557,0.000999000999000999,33.659557315555695
SARS-CoV-2,ORF1ab,18757,19,1,0.00985509243688829,0.004314655809320038,0.0006906854857696979,0.0055084391282097965,0.006896624501954365,0.000999000999000999,8.021649132229854
SARS-CoV-2,ORF1ab,18766,19,1,0.007651575708197045,0.004299857238010661,0.0006623839301790492,0.005434815005872138,0.006516624901429042,0.000999000999000999,5.060084216234502
SARS-CoV-2,ORF1ab,18775,19,1,0.007802100896623985,0.004113855373490623,0.0006510827714956228,0.005199482055336071,0.006330123376188529,0.000999000999000999,5.664787465748752
SARS-CoV-2,ORF1ab,18784,19,1,0.01051817934611826,0.004117424994785552,0.0006769877766280518,0.005262421677584978,0.006278904660555828,0.000999000999000999,9.454756160020578
SARS-CoV-2,ORF1ab,18793,19,1,0.011837004494057925,0.004161589363170827,0.0006667683378237604,0.005291215388089583,0.006716786076732408,0.000999000999000999,11.511367135306081
SARS-CoV-2,ORF1ab,18802,19,1,0.007854311775769571,0.004246601263279212,0.0006654519152730109,0.005401414939992079,0.007012227309227427,0.000999000999000999,5.421444329317538
SARS-CoV-2,ORF1ab,18811,19,1,0.0244936590502001,0.0043256102674426485,0.000659245983771163,0.005452997390471393,0.006707016556392597,0.000999000999000999,30.59260015114202
SARS-CoV-2,ORF1ab,18820,19,1,0.007150411328527673,0.00427048999060886,0.0006800913315113772,0.005468646487746084,0.0068554155481451535,0.000999000999000999,4.234609683259335
SARS-CoV-2,ORF1ab,18829,19,1,0.023324574520951703,0.004331457500818125,0.0006762262681377186,0.0054472741520013935,0.006988234122285464,0.000999000999000999,28.086925804345547
SARS-CoV-2,ORF1ab,18838,19,1,0.00547683041791328,0.004170036943761912,0.0006835831000695354,0.005282919400155997,0.006779968361484338,0.026973026973026972,1.9116819506193736
SARS-CoV-2,ORF1ab,18847,19,1,0.02580087481981244,0.0043540100066617295,0.0006938066468461755,0.005511055813921581,0.006604062090611656,0.000999000999000999,30.91187567983291
SARS-CoV-2,ORF1ab,18856,19,1,0.005375665433946501,0.003974116558024024,0.0006647111417615344,0.0050973021344975205,0.006802715117051192,0.023976023976023976,2.108508174254861
SARS-CoV-2,ORF1ab,18865,19,1,0.013438274081219689,0.004260865347040126,0.0006913936722629985,0.005418998004476073,0.006807059447684541,0.000999000999000999,13.273781786490776
SARS-CoV-2,ORF1ab,18874,19,1,0.006028851660235261,0.004146016516777259,0.0006733712366488847,0.005283134285611263,0.006688576496978963,0.007992007992007992,2.796132416983186
SARS-CoV-2,ORF1ab,18883,19,1,0.025504879379396356,0.00436803009478494,0.000691200060851537,0.00554643847072727,0.006730307548113202,0.000999000999000999,30.579929721897702
SARS-CoV-2,ORF1ab,18892,19,1,0.04613041318189956,0.004352752787662961,0.0007121629607225495,0.00558710434265314,0.00661187210858818,0.000999000999000999,58.66306266735584
SARS-CoV-2,ORF1ab,18901,19,1,0.011421917585747385,0.004377675246773882,0.0007036629468226513,0.005568066870114962,0.007458223530856726,0.000999000999000999,10.010818916615356
SARS-CoV-2,ORF1ab,18910,19,1,0.011061276690803623,0.004302357504549793,0.0006994601950155325,0.005508459245130955,0.007385624250635435,0.000999000999000999,9.663050498683114
SARS-CoV-2,ORF1ab,18919,19,1,0.01347364173265001,0.004377987002903707,0.0007127262291162077,0.005583782959890684,0.006370853895549032,0.000999000999000999,12.761779149092163
SARS-CoV-2,ORF1ab,18928,19,1,0.005933760396619288,0.0038882711019110677,0.0006628257734584094,0.005037368355069805,0.006111113866951879,0.002997002997002997,3.0860135145854732
SARS-CoV-2,ORF1ab,18937,19,1,0.010401980288237127,0.00413579952971974,0.0006684538304985745,0.00532788993117666,0.006308898546466993,0.000999000999000999,9.374141447949635
SARS-CoV-2,ORF1ab,18946,19,1,0.008011459570574232,0.004124051586983153,0.000667401427324188,0.005238386468834834,0.006242519144708663,0.000999000999000999,5.8246923432226705
SARS-CoV-2,ORF1ab,18955,19,2,0.16465597455249484,0.00605091779121225,0.0006957131327709388,0.007212726291698469,0.00841825265374869,0.000999000999000999,227.97479203760088
SARS-CoV-2,ORF1ab,18964,19,1,0.005504514226065025,0.003929452514832278,0.0006289003756379508,0.004981519590342525,0.006415165112742545,0.004995004995004995,2.5044693440276897
SARS-CoV-2,ORF1ab,18973,19,1,0.007196109858918473,0.004074667306871151,0.0006814423336952995,0.005221989721179764,0.006502928209678184,0.000999000999000999,4.5806407933602875
SARS-CoV-2,ORF1ab,18982,19,1,0.007065203787657989,0.004119131718938776,0.0006679505065367039,0.005296199810121203,0.006558840001345258,0.000999000999000999,4.4106143193070935
SARS-CoV-2,ORF1ab,18991,19,1,0.016622842140093807,0.004369856542803257,0.000685753054482231,0.005534468739949105,0.006805226852603024,0.000999000999000999,17.867927116331998
SARS-CoV-2,ORF1ab,19000,19,1,0.009617730590670136,0.004354156103903348,0.0006863286979884659,0.0055112262143742485,0.006497878363498163,0.000999000999000999,7.669174408987404
SARS-CoV-2,ORF1ab,19009,19,1,0.014428210051864784,0.0043371910653591216,0.0006899472293147894,0.005516029372061716,0.006643302282509188,0.000999000999000999,14.6257837668649
SARS-CoV-2,ORF1ab,19018,19,1,0.015216598322641795,0.004335902283415655,0.0006812759640789217,0.005485277789496474,0.006597307293922497,0.000999000999000999,15.971055215395324
SARS-CoV-2,ORF1ab,19027,19,1,0.02885526181918012,0.004378779094997834,0.0007333745721963336,0.005592772282987269,0.006683321024409504,0.000999000999000999,33.375145051565305
SARS-CoV-2,ORF1ab,19036,19,1,0.030444257734271542,0.004394790685692166,0.0007040447781497553,0.005571795165194325,0.006849283658117975,0.000999000999000999,36.99973049588967
SARS-CoV-2,ORF1ab,19045,19,1,0.02920431744391862,0.0043608024364217846,0.000687004550331692,0.0055137115374544595,0.0066304110890829495,0.000999000999000999,36.16208218053602
SARS-CoV-2,ORF1ab,19054,19,2,0.05252797153421716,0.006048559693124504,0.0006781008939696356,0.007164145311507065,0.008134968839806455,0.000999000999000999,68.54350474160258
SARS-CoV-2,ORF1ab,19063,19,1,0.029312007509436484,0.004346397320698106,0.0006715499075567652,0.005453342152871557,0.006636542891683653,0.000999000999000999,37.17610546559128
SARS-CoV-2,ORF1ab,19072,19,1,0.03378305856106822,0.004369460508779746,0.0007009288803344123,0.005520947105833157,0.006867091483145154,0.000999000999000999,41.96374108348236
SARS-CoV-2,ORF1ab,19081,19,1,0.032454982850153455,0.004355773962868207,0.0007218073356269281,0.0055548640798829384,0.007319045569565373,0.000999000999000999,38.92895998747309
SARS-CoV-2,ORF1ab,19090,19,1,0.03145615325832083,0.004358902192885386,0.0006814065969131424,0.005518689821012781,0.006728050599551854,0.000999000999000999,39.76664034100844
SARS-CoV-2,ORF1ab,19099,19,1,0.036611350743927025,0.004416839514528329,0.000716670427615936,0.005616226702524839,0.007220645904553916,0.000999000999000999,44.92233806339188
SARS-CoV-2,ORF1ab,19108,19,1,0.025893152214729737,0.004397979825396568,0.0007348947181207556,0.005667445557213775,0.006993348283444234,0.000999000999000999,29.249322194476775
SARS-CoV-2,ORF1ab,19117,19,1,0.03252773862331827,0.004403236137587372,0.0007384426499834133,0.005641824021882711,0.006972601379823933,0.000999000999000999,38.08623795817133
SARS-CoV-2,ORF1ab,19126,19,1,0.1507750754909387,0.0041912962973718534,0.0007087234916902597,0.005352701617583502,0.006656800402975707,0.000999000999000999,206.82788268239
SARS-CoV-2,ORF1ab,19135,19,1,0.02980425158772363,0.004338340552391182,0.0006956520165581334,0.0055334710784765,0.00685254328447358,0.000999000999000999,36.607255393766756
SARS-CoV-2,ORF1ab,19144,19,1,0.030783916995900166,0.004367465280712569,0.0006717579201956824,0.005482946693064187,0.006799613903399828,0.000999000999000999,39.32436212660137
SARS-CoV-2,ORF1ab,19153,19,1,0.055479134928938856,0.004370883765912821,0.0007490073536239485,0.0057082057631588886,0.006855970171233717,0.000999000999000999,68.23464538198083
SARS-CoV-2,ORF1ab,19162,19,1,0.03193137563688443,0.004357729435251758,0.0006708399608555943,0.005474333889269429,0.006917052955622593,0.000999000999000999,41.103165897369976
SARS-CoV-2,ORF1ab,19171,19,1,0.034269229685402226,0.004380361310895614,0.0007155739891445822,0.005590502503754272,0.0074382090417253865,0.000999000999000999,41.769081643446306
SARS-CoV-2,ORF1ab,19180,19,1,0.03560640109028853,0.004351499229964137,0.0007192836341273355,0.005576947575695177,0.006432711283138565,0.000999000999000999,43.45281941280941
SARS-CoV-2,ORF1ab,19189,19,1,0.03539590071096681,0.004411649030224126,0.0006971583261373214,0.005590077918514941,0.006837449237952868,0.000999000999000999,44.443637146836025
SARS-CoV-2,ORF1ab,19198,19,1,0.029975334007559886,0.004392777139593562,0.0007070468061599279,0.005603860590015322,0.007283132753484227,0.000999000999000999,36.18226777221276
SARS-CoV-2,ORF1ab,19207,19,1,0.04579918648409538,0.004344614420791672,0.0007039006661624656,0.005562996444203497,0.006606564950653725,0.000999000999000999,58.892645022352745
SARS-CoV-2,ORF1ab,19216,19,1,0.023889394812390292,0.00435845492046955,0.0006647995168918423,0.00544773342403682,0.006594324117624265,0.000999000999000999,29.37869146360748
SARS-CoV-2,ORF1ab,19225,19,1,0.028108340131222556,0.00438274381473788,0.0006887141070718403,0.005574226455052728,0.0068172080232985766,0.000999000999000999,34.44912202736373
SARS-CoV-2,ORF1ab,19234,19,1,0.029863073762977827,0.004375009096829544,0.000701329037776434,0.005622034691805374,0.007296042771143577,0.000999000999000999,36.342520120025654
SARS-CoV-2,ORF1ab,19243,19,1,0.050957934332942004,0.004398296583732232,0.0007117925715235709,0.005597367013488414,0.006543469612189106,0.000999000999000999,65.4118062085844
SARS-CoV-2,ORF1ab,19252,19,1,0.040548757669658014,0.004308965218822046,0.0007184278193672642,0.005544568149078315,0.006767124579412459,0.000999000999000999,50.443192028328156
SARS-CoV-2,ORF1ab,19261,19,1,0.030972242678840915,0.004383573207085343,0.0007083272028095508,0.0055955627701426295,0.006720223043095104,0.000999000999000999,37.5372700163042
SARS-CoV-2,ORF1ab,19270,19,1,0.04374133745498056,0.004385162597601255,0.0007019155120223634,0.005607353225097753,0.00703670818559631,0.000999000999000999,56.06967531460594
SARS-CoV-2,ORF1ab,19279,19,1,0.03546810272720796,0.004375698402333875,0.0007044351443261177,0.005536976225846874,0.00657939639043018,0.000999000999000999,44.138065193521754
SARS-CoV-2,ORF1ab,19288,19,1,0.03146568575738015,0.004377578243239789,0.0007165201776511524,0.00557413942653811,0.006951180122480726,0.000999000999000999,37.805086805704136
SARS-CoV-2,ORF1ab,19297,19,1,0.03256913656491577,0.004364679544585782,0.0006915827299095464,0.005469520983884391,0.0066273795652313575,0.000999000999000999,40.78247735309832
SARS-CoV-2,ORF1ab,19306,19,1,0.045623453650330145,0.0043790917350086025,0.0006822814187905837,0.0055339455113270885,0.00648797999884275,0.000999000999000999,60.45065977090737
SARS-CoV-2,ORF1ab,19315,19,1,0.027046508802924335,0.00438160435586251,0.0006776198168751174,0.00558699014377657,0.006921246942437625,0.000999000999000999,33.44781820517341
SARS-CoV-2,ORF1ab,19324,19,1,0.021932586659833306,0.00432630248209991,0.000685333664983437,0.005491921861399057,0.0069869329856349,0.000999000999000999,25.690090940095438
SARS-CoV-2,ORF1ab,19333,19,1,0.015258539413915188,0.004330183600854405,0.0006852158592607519,0.005427086446846449,0.007127725431567656,0.000999000999000999,15.948778279666332
SARS-CoV-2,ORF1ab,19342,19,1,0.011704477669295308,0.004319881061717951,0.0006818900407837609,0.005490357505676077,0.006515042940604698,0.000999000999000999,10.82960032542716
SARS-CoV-2,ORF1ab,19351,19,1,0.0054566526528910695,0.004007940021146297,0.0006648737196196493,0.005132662019484919,0.006612338855406727,0.012987012987012988,2.178929004102508
SARS-CoV-2,ORF1ab,19360,19,1,0.0073327312734732695,0.004148868564324092,0.0006735998216155526,0.005249684397635223,0.006789707074624113,0.000999000999000999,4.726638290243375
SARS-CoV-2,ORF1ab,19369,19,1,0.007958315958012548,0.0042199088388296035,0.0007039336090656266,0.005443523202150917,0.006738190076118657,0.000999000999000999,5.310738215987666
SARS-CoV-2,ORF1ab,19378,19,1,0.008195521616078883,0.0041491894815752,0.0006606192148997209,0.005229704802082488,0.006566179066200358,0.000999000999000999,6.125059706472356
SARS-CoV-2,ORF1ab,19387,19,1,0.008628562759743684,0.004309614259926383,0.0006990005618517484,0.0055184568149137464,0.006888706209062646,0.000999000999000999,6.178748252184253
SARS-CoV-2,ORF1ab,19396,19,1,0.012137849299409836,0.0043120184313041625,0.0006978901904091112,0.005501649507893961,0.006908274862209279,0.000999000999000999,11.213556195019853
SARS-CoV-2,ORF1ab,19405,19,1,0.0077141438233015855,0.004262563200342424,0.0006994599959334608,0.005443970555722917,0.00685650520706902,0.000999000999000999,4.934636209398755
SARS-CoV-2,ORF1ab,19414,19,1,0.026218273975105916,0.004344971548564356,0.0007023522677627004,0.005553427684392564,0.006863946494727493,0.000999000999000999,31.14292276184657
SARS-CoV-2,ORF1ab,19423,19,1,0.015211669377320911,0.004335837116594828,0.0006703047308872619,0.005430386050186917,0.007049914424257863,0.000999000999000999,16.225205879615494
SARS-CoV-2,ORF1ab,19432,19,1,0.009587052742959306,0.0041858693995713665,0.0006769500148789999,0.005315054381744714,0.006658395458030256,0.000999000999000999,7.978703338020257
SARS-CoV-2,ORF1ab,19441,19,1,0.009997223164792275,0.0041834609298146575,0.0006489275996221882,0.005272876857225243,0.0063884527791207455,0.000999000999000999,8.959030619690772
SARS-CoV-2,ORF1ab,19450,19,3,0.32109989920160464,0.007618094092989879,0.0007091438969880846,0.008907536226341231,0.009984344635621055,0.000999000999000999,442.05669179422136
SARS-CoV-2,ORF1ab,19459,19,1,0.01062865483876684,0.0043082158566840716,0.0007127129723825945,0.005499998334204072,0.006648772553442917,0.000999000999000999,8.86814079018877
SARS-CoV-2,ORF1ab,19468,19,1,0.011970794793737012,0.004279385183772623,0.0006863450653886428,0.005422968219563198,0.006388875498645475,0.000999000999000999,11.206330456545395
SARS-CoV-2,ORF1ab,19477,19,1,0.0061836626018738645,0.003910177567111989,0.0006446827598016372,0.005016656971263865,0.00641549000619828,0.002997002997002997,3.526517500578742
SARS-CoV-2,ORF1ab,19486,19,1,0.004579784578313455,0.003944483086768818,0.000629158916815676,0.00502090337763509,0.0061705345987256585,0.14885114885114886,1.0097631529408342
SARS-CoV-2,ORF1ab,19495,19,1,0.009472262933039616,0.004219417815953334,0.0006505508274711535,0.005298742517525824,0.006420596368123522,0.000999000999000999,8.074457667674249
SARS-CoV-2,ORF1ab,19504,19,1,0.007704703149041559,0.003931248888093761,0.0006636982445986988,0.005095050691490958,0.0060179514472075155,0.000999000999000999,5.68549682277583
SARS-CoV-2,ORF1ab,19513,19,1,0.006374909150560529,0.004099641642652392,0.0006652606700545368,0.005236650996414297,0.006797642015075411,0.002997002997002997,3.4201142654677232
SARS-CoV-2,ORF1ab,19522,19,1,0.007621245214171335,0.004007679030750065,0.0006494158272684738,0.005103416705938322,0.006026216282650794,0.000999000999000999,5.5643334081037
SARS-CoV-2,ORF1ab,19531,19,1,0.008461155470524472,0.004179303847624634,0.0006794230359049325,0.005357392678628788,0.006368338502015388,0.000999000999000999,6.3021878809227925
SARS-CoV-2,ORF1ab,19540,19,1,0.0172996525272646,0.0043164737955040285,0.0006728607785989937,0.005501061411080668,0.006849142059283992,0.000999000999000999,19.295490456129237
SARS-CoV-2,ORF1ab,19549,19,1,0.02578347368881112,0.004379403256566995,0.0006997592360083231,0.005541972074209706,0.00707927932568101,0.000999000999000999,30.58776409203342
SARS-CoV-2,ORF1ab,19558,19,1,0.008970297906826618,0.004248183758892542,0.000680341187367304,0.005468034216445622,0.006890958318693566,0.000999000999000999,6.9408029906393
SARS-CoV-2,ORF1ab,19567,19,1,0.010324866876722015,0.004170645996476189,0.0006687201580436105,0.005293361982805012,0.006361709010472148,0.000999000999000999,9.202983948099378
SARS-CoV-2,ORF1ab,19576,19,1,0.00903610083427121,0.004190758499060799,0.0006816953782402272,0.0053399893544698795,0.006589281362998101,0.000999000999000999,7.107782287916478
SARS-CoV-2,ORF1ab,19585,19,1,0.022510493204959254,0.0043662772303093835,0.0006740882009555268,0.005490879495024555,0.006524189784597818,0.000999000999000999,26.916679373604612
SARS-CoV-2,ORF1ab,19594,19,1,0.008527597871160612,0.0043422743818017475,0.0007013768737526916,0.005481086304663492,0.006839214360877428,0.000999000999000999,5.967296108532126
SARS-CoV-2,ORF1ab,19603,19,1,0.009847272711745398,0.004331567343272849,0.0006938373324567586,0.005511049704798332,0.006621689684787639,0.000999000999000999,7.9495655688378495
SARS-CoV-2,ORF1ab,19612,19,1,0.01477092419972259,0.004330536179286402,0.0007003823328419043,0.005511486131208512,0.006708854419243417,0.000999000999000999,14.906698143102469
SARS-CoV-2,ORF1ab,19621,19,1,0.01113157536148629,0.004302632804941714,0.0006887107129223755,0.005465310723437326,0.006637909820672428,0.000999000999000999,9.915545712317481
SARS-CoV-2,ORF1ab,19630,19,1,0.014274649648779981,0.00432589336114981,0.0006920795105329341,0.005487397406386733,0.006743565625883524,0.000999000999000999,14.375163743785967
SARS-CoV-2,ORF1ab,19639,19,1,0.008838446096920681,0.004210497781862594,0.0006815501744785764,0.005419237957158749,0.006351086269154915,0.000999000999000999,6.790326652911099
SARS-CoV-2,ORF1ab,19648,19,1,0.007567117453494157,0.0041761596428747565,0.0006855043837553406,0.005354178874561588,0.006810826644604503,0.000999000999000999,4.946661014832617
SARS-CoV-2,ORF1ab,19657,19,1,0.0072817634021654495,0.004082767101232656,0.0006794833299422915,0.00523085926375548,0.006465806878200525,0.000999000999000999,4.707983492699496
SARS-CoV-2,ORF1ab,19666,19,1,0.008899136856025893,0.004128030637786949,0.00067646359138736,0.005293928523179525,0.006620964437463017,0.000999000999000999,7.053012577445412
SARS-CoV-2,ORF1ab,19675,19,1,0.006996560787169485,0.004288907310951804,0.0007005516505630783,0.0054991359663656494,0.00668731485908046,0.000999000999000999,3.865030471402595
SARS-CoV-2,ORF1ab,19684,19,2,0.7548439671281929,0.006104033875965651,0.0006952698802085247,0.007280077249625202,0.008410502627252934,0.000999000999000999,1076.9054644329851
SARS-CoV-2,ORF1ab,19693,19,1,0.028321132672794576,0.004363956018427226,0.0007128216801113821,0.005502136990550967,0.007087372720124093,0.000999000999000999,33.60893379480814
SARS-CoV-2,ORF1ab,19702,19,1,0.008540250287191437,0.004224622100693303,0.000680791233751206,0.00542080025445335,0.006471771059001006,0.000999000999000999,6.33913595320364
SARS-CoV-2,ORF1ab,19711,19,1,0.01845824811340804,0.0044069316571899745,0.0007347412026385123,0.005654255083247016,0.00782064639971657,0.000999000999000999,19.124171076507896
SARS-CoV-2,ORF1ab,19720,19,1,0.00636289756624909,0.004165250835695759,0.0006494485200204563,0.005271092239011479,0.006527727367512541,0.002997002997002997,3.3838659459630613
SARS-CoV-2,ORF1ab,19729,19,1,0.01590143815536325,0.004267677210955066,0.000653627100191126,0.005417937035358367,0.00753298073995406,0.000999000999000999,17.79877385898837
SARS-CoV-2,ORF1ab,19738,19,1,0.009213828894677418,0.004281156041478251,0.0006667663704107847,0.005430789830364872,0.006938229869989482,0.000999000999000999,7.397902881874834
SARS-CoV-2,ORF1ab,19747,19,1,0.005855512336638987,0.0042804334226758355,0.0006752094677102065,0.0054495270880369085,0.006579009205050884,0.012987012987012988,2.332726345358594
SARS-CoV-2,ORF1ab,19756,19,1,0.028579205105008595,0.004344396812381335,0.0006897756717717939,0.005498347636005706,0.007228893593275419,0.000999000999000999,35.134333210645806
SARS-CoV-2,ORF1ab,19765,19,1,0.013347153017267077,0.004332990841625749,0.0006709144230211812,0.0054582878597735154,0.006819766467647266,0.000999000999000999,13.43563629926129
SARS-CoV-2,ORF1ab,19774,19,1,0.005802077576811007,0.004191960359598378,0.0006832614551253933,0.005354461766798416,0.006094193018431288,0.012987012987012988,2.356516974775253
SARS-CoV-2,ORF1ab,19783,19,2,0.7542086273008465,0.006087742920803233,0.0007051088942980454,0.00729155786805143,0.008501761042119757,0.000999000999000999,1061.0004928739656
SARS-CoV-2,ORF1ab,19792,19,1,0.014120585455210858,0.004330466515812611,0.0006727936865900163,0.005463195138419326,0.0065547823003111304,0.000999000999000999,14.551442937906316
SARS-CoV-2,ORF1ab,19801,19,1,0.007281086687928264,0.004298724471530147,0.0006896353920310024,0.005435441569659757,0.006466456307509058,0.000999000999000999,4.324549248574594
SARS-CoV-2,ORF1ab,19810,19,1,0.010686630301416795,0.004327600924258821,0.0006729473946115646,0.005522641428528708,0.007028061202888599,0.000999000999000999,9.449519276062436
SARS-CoV-2,ORF1ab,19819,19,1,0.00830407414458079,0.004323869358775777,0.0006805479776457145,0.005489341746296905,0.006701010834767689,0.000999000999000999,5.848529297778712
SARS-CoV-2,ORF1ab,19828,19,1,0.006788155901834917,0.004225652829255772,0.0006738826055339819,0.005339400536830493,0.0065293827710657054,0.000999000999000999,3.8025956621162944
SARS-CoV-2,ORF1ab,19837,19,1,0.014850171707729511,0.0043807628224570355,0.0006942498575226335,0.005530752552561677,0.006766666639149814,0.000999000999000999,15.080174337567163
SARS-CoV-2,ORF1ab,19846,19,1,0.010199744650262571,0.0042604607927215375,0.0006912786657414762,0.005432228640260565,0.0065142352926136245,0.000999000999000999,8.591736085433023
SARS-CoV-2,ORF1ab,19855,19,1,0.007310109600710874,0.004119075003530756,0.0006588951624845422,0.005240782488141975,0.006250903597179553,0.000999000999000999,4.843008082116524
SARS-CoV-2,ORF1ab,19864,19,1,0.018583087559024276,0.00439517008969327,0.0006976171435460423,0.005603537923388032,0.0069686062535554445,0.000999000999000999,20.3376846463559
SARS-CoV-2,ORF1ab,19873,19,1,0.007615963180769447,0.004091146512245422,0.0006846006783098937,0.005311482789850042,0.006216131041136211,0.000999000999000999,5.148719217202514
SARS-CoV-2,ORF1ab,19882,19,1,0.017874343149067533,0.004356824938930754,0.0007041362804481926,0.005577953895939623,0.006485562928207744,0.000999000999000999,19.197303967255728
SARS-CoV-2,ORF1ab,19891,19,1,0.008866093787540509,0.0041355463287342875,0.0006969875718077432,0.005359382470580347,0.006252545896307347,0.000999000999000999,6.787133157248166
SARS-CoV-2,ORF1ab,19900,19,1,0.0063315144059543325,0.00416281626571995,0.0006875357285847555,0.005328108188631125,0.007060640622415313,0.002997002997002997,3.1543060964969727
SARS-CoV-2,ORF1ab,19909,19,1,0.016261894684376877,0.004375996232675978,0.000702088740559593,0.005517960873397584,0.006809818813033247,0.000999000999000999,16.929339220320436
SARS-CoV-2,ORF1ab,19918,19,1,0.01988131328715799,0.004202402941326838,0.000674044990489463,0.005341283749704686,0.006539626603468007,0.000999000999000999,23.260925556980688
SARS-CoV-2,ORF1ab,19927,19,1,0.009173320098868575,0.004146782801537541,0.000643058122896881,0.005222336079162191,0.00601959477210922,0.000999000999000999,7.816614266043686
SARS-CoV-2,ORF1ab,19936,19,1,0.015527241677160391,0.00428255578344264,0.0006976393855757857,0.005452364064446346,0.006787814725818812,0.000999000999000999,16.11819247337523
SARS-CoV-2,ORF1ab,19945,19,1,0.009565053888230302,0.0040387980642460995,0.0006914121630699275,0.005174506982455151,0.006450657967857975,0.000999000999000999,7.992708429436889
SARS-CoV-2,ORF1ab,19954,19,1,0.009772898581537095,0.004061356336423477,0.0006828991949032017,0.005265607321452076,0.00652498647895492,0.000999000999000999,8.363668148595792
SARS-CoV-2,ORF1ab,19963,19,1,0.026749150559823933,0.004428669666549545,0.0007169264109307685,0.0056464236561922865,0.00707195576729229,0.000999000999000999,31.13357319936957
SARS-CoV-2,ORF1ab,19972,19,1,0.014248652297268431,0.004292535982400918,0.0006793009455327265,0.005496344590426029,0.007078946346403964,0.000999000999000999,14.65641462792261
SARS-CoV-2,ORF1ab,19981,19,1,0.01392258437557406,0.004262862626373963,0.0006448712587414704,0.005381847119640761,0.0066603165299050715,0.000999000999000999,14.979302641044963
SARS-CoV-2,ORF1ab,19990,19,2,0.46533285333014157,0.00615612162682046,0.0007090874597350873,0.007288088265520688,0.008343581642024624,0.000999000999000999,647.5600793657641
SARS-CoV-2,ORF1ab,19999,19,1,0.01891959159404805,0.004325729078127321,0.000694280214368084,0.0055378384180188485,0.006733542216087595,0.000999000999000999,21.020133101738594
SARS-CoV-2,ORF1ab,20008,19,1,0.07814758370595179,0.004364602680376463,0.0007146328798501121,0.005526601648131961,0.007371742329258368,0.000999000999000999,103.24599260119497
SARS-CoV-2,ORF1ab,20017,19,1,0.012084367724209455,0.004338542974536738,0.0006945894607253584,0.005511401273133859,0.006457610626593395,0.000999000999000999,11.151658911702702
SARS-CoV-2,ORF1ab,20026,19,1,0.014776223130455369,0.004312900501763068,0.0006931756739065666,0.005437598570102843,0.006957483473802603,0.000999000999000999,15.09476316403835
SARS-CoV-2,ORF1ab,20035,19,1,0.015808720540951754,0.00429997986009818,0.0006784322138541263,0.005462657822518655,0.006545601588928313,0.000999000999000999,16.96372967827282
SARS-CoV-2,ORF1ab,20044,19,1,0.01543799317853595,0.0043468308750324505,0.0006727393016171803,0.005483682571494242,0.006555633371696257,0.000999000999000999,16.486568090851456
SARS-CoV-2,ORF1ab,20053,19,1,0.04227230811937921,0.004407241659421038,0.0007014165726921616,0.005606242734166888,0.006806009930726704,0.000999000999000999,53.98370659339472
SARS-CoV-2,ORF1ab,20062,19,1,0.01145319884767092,0.004234074436205827,0.0006878662571134348,0.005392350875629799,0.006366640613768557,0.000999000999000999,10.494953541927558
SARS-CoV-2,ORF1ab,20071,19,1,0.005582884006348514,0.004011744575297459,0.0006501862985277682,0.005107927301629227,0.0061494716638667716,0.012987012987012988,2.4164450013920966
SARS-CoV-2,ORF1ab,20080,19,1,0.015542957147565683,0.0042371272383673175,0.0006670337000460506,0.005397371998340643,0.006725994372801136,0.000999000999000999,16.949413363099698
SARS-CoV-2,ORF1ab,20089,19,1,0.008781744712138237,0.004323539106262816,0.0006978299207523066,0.0055147564455796105,0.006587245950853625,0.000999000999000999,6.388670753855297
SARS-CoV-2,ORF1ab,20098,19,1,0.05339115242847056,0.004390734778908589,0.0006997369482184937,0.0055440863903480075,0.006811531879201563,0.000999000999000999,70.02691193357069
SARS-CoV-2,ORF1ab,20107,19,1,0.019976316742034102,0.004304854667103126,0.0006480918283320156,0.005426874562858184,0.006786983247752513,0.000999000999000999,24.180928365142925
SARS-CoV-2,ORF1ab,20116,19,1,0.02251639183375996,0.004323823630604674,0.0006752438590910086,0.005472764390405663,0.006323189634250699,0.000999000999000999,26.942219404476383
SARS-CoV-2,ORF1ab,20125,19,2,0.2088210218252945,0.006211061090190342,0.0006977051914828024,0.00745072240340827,0.008456416732091314,0.000999000999000999,290.3948017134659
SARS-CoV-2,ORF1ab,20134,19,2,0.04936224179185832,0.006094077006720203,0.0006779859488319797,0.00724224555063974,0.008769285652989438,0.000999000999000999,63.81867479654944
SARS-CoV-2,ORF1ab,20143,19,1,0.0297216153236208,0.004307242867193964,0.0006637222941384147,0.005497139111235107,0.0063632446682191125,0.000999000999000999,38.29067168734706
SARS-CoV-2,ORF1ab,20152,19,1,0.014496035758071847,0.004283434360420525,0.0006588532746323419,0.0054206588209933316,0.006632790509672913,0.000999000999000999,15.500570143405957
SARS-CoV-2,ORF1ab,20161,19,1,0.11064369717096496,0.0043582941229038455,0.0006945908359494896,0.005532124172174007,0.006505783351818626,0.000999000999000999,153.01872346583932
SARS-CoV-2,ORF1ab,20170,19,1,0.013890353660158927,0.004346928804546172,0.0006941849178063932,0.005540877593259937,0.006576838725356201,0.000999000999000999,13.747669548583305
SARS-CoV-2,ORF1ab,20179,19,1,0.014056524959165408,0.004303925076845718,0.0006702283866239347,0.005439087786025301,0.0063555377716628565,0.000999000999000999,14.551159092865872
SARS-CoV-2,ORF1ab,20188,19,1,0.028732946961543514,0.004358994565132899,0.0006745514884609852,0.005473993902781831,0.007107084519628962,0.000999000999000999,36.13356847232034
SARS-CoV-2,ORF1ab,20197,19,1,0.014974765267672517,0.004366476712920252,0.0006931360926960857,0.005554474792459229,0.0070711674266291024,0.000999000999000999,15.30477011157981
SARS-CoV-2,ORF1ab,20206,19,1,0.027498703713120715,0.004378979811728789,0.000696306908480127,0.0055788331012532185,0.006959831113433819,0.000999000999000999,33.20335274549667
SARS-CoV-2,ORF1ab,20215,19,1,0.011860021221013392,0.004395885432275246,0.000725457594703154,0.005633841702137433,0.006657287476253413,0.000999000999000999,10.288865735553232
SARS-CoV-2,ORF1ab,20224,19,1,0.01613530853981378,0.004287842180797446,0.0006622769404996438,0.00537373082976222,0.006675430924689342,0.000999000999000999,17.888991197667565
SARS-CoV-2,ORF1ab,20233,19,1,0.016382308015448974,0.004188896058732406,0.0006733299583979936,0.005307538232998413,0.006904540397377236,0.000999000999000999,18.109118426465816
SARS-CoV-2,ORF1ab,20242,19,1,0.017599915874978722,0.0042752198023147375,0.0006609560634626204,0.005337778737787504,0.006537805916236681,0.000999000999000999,20.159730440868476
SARS-CoV-2,ORF1ab,20251,19,1,0.04070750080994877,0.004366357847736264,0.0006931647866346333,0.005525523000650589,0.007038915001700329,0.000999000999000999,52.42785505399295
SARS-CoV-2,ORF1ab,20260,19,1,0.021410799411072354,0.004242887701836063,0.0006864707661458377,0.005424458917081003,0.006624294741581389,0.000999000999000999,25.00894802210564
SARS-CoV-2,ORF1ab,20269,19,1,0.021541768547693883,0.004335410777649257,0.0006619154050490605,0.0054179969056933645,0.006820631965111671,0.000999000999000999,25.99479878968719
SARS-CoV-2,ORF1ab,20278,19,1,0.01758686246456904,0.004318475331274566,0.0006497123489677938,0.005421552423258707,0.006244555969735426,0.000999000999000999,20.421940808688845
SARS-CoV-2,ORF1ab,20287,19,1,0.01800945041358067,0.004366310143364762,0.0006853505097056127,0.005507396094175524,0.006804997083458906,0.000999000999000999,19.906806921433848
SARS-CoV-2,ORF1ab,20296,19,1,0.00705991127647087,0.004208225701093756,0.0006495515345120095,0.005342677689507667,0.0067948951956207605,0.000999000999000999,4.390237608351596
SARS-CoV-2,ORF1ab,20305,19,1,0.007898284928352518,0.004222521297853253,0.0006715092048175281,0.005357877032697555,0.006645128925466265,0.000999000999000999,5.473884206096765
SARS-CoV-2,ORF1ab,20314,19,1,0.010686454318400531,0.00435380630710094,0.0006709905871917132,0.005519658172552396,0.006764979769330701,0.000999000999000999,9.437759831778754
SARS-CoV-2,ORF1ab,20323,19,1,0.08838644614136817,0.00437436390993447,0.0007125022040125791,0.005591005303618566,0.006759586837174344,0.000999000999000999,117.91132961877895
SARS-CoV-2,ORF1ab,20332,19,1,0.07330372901029412,0.004333746800664942,0.0006848853148000305,0.005533217480483153,0.006873301350849517,0.000999000999000999,100.70296547352122
SARS-CoV-2,ORF1ab,20341,19,1,0.006248619135585103,0.004131178171953129,0.0006770815375550921,0.005307074542275481,0.006570343137877683,0.003996003996003996,3.1273057175328516
SARS-CoV-2,ORF1ab,20350,19,1,0.005602554410893858,0.004119325416190991,0.000667904602928461,0.005219914061575099,0.006290575720889988,0.016983016983016984,2.220719827651398
SARS-CoV-2,ORF1ab,20359,19,1,0.017148237016389314,0.004364041123269817,0.000703702663851332,0.00560297121075405,0.006522874966224845,0.000999000999000999,18.16704206170286
SARS-CoV-2,ORF1ab,20368,19,1,0.008976493414368155,0.004238803657484652,0.0006719712269891364,0.005389888246094045,0.006337292986763772,0.000999000999000999,7.050435445147558
SARS-CoV-2,ORF1ab,20377,19,1,0.00616886909372902,0.004194114673562328,0.0006919313009626857,0.005427124402261418,0.006731402605421302,0.006993006993006993,2.853974690000599
SARS-CoV-2,ORF1ab,20386,19,1,0.007124019468929591,0.004069852423338511,0.0006563967842937201,0.00518690554770746,0.006608725810673125,0.000999000999000999,4.652928104876915
SARS-CoV-2,ORF1ab,20395,19,1,0.007459214042653004,0.004120445254927991,0.0006781992536493131,0.0053042382302599805,0.006187600405653215,0.000999000999000999,4.922990949576363
SARS-CoV-2,ORF1ab,20404,19,1,0.014011350744072917,0.004174907681641177,0.0006689764708274158,0.005312680307903547,0.006722832577427219,0.000999000999000999,14.703720521389414
SARS-CoV-2,ORF1ab,20413,19,1,0.01717817509925349,0.004346472406172384,0.0006573281367381241,0.005430496518709224,0.00642916225254788,0.000999000999000999,19.52100020661855
SARS-CoV-2,ORF1ab,20422,19,1,0.0066681120040685115,0.004117315443561873,0.0006664085450587301,0.005197712354226802,0.00659110528994328,0.000999000999000999,3.8276768499147003
SARS-CoV-2,ORF1ab,20431,19,1,0.014469411069936553,0.004345562232657954,0.000685152114148787,0.0055164558171546755,0.006751737502313093,0.000999000999000999,14.77606013061227
SARS-CoV-2,ORF1ab,20440,19,1,0.033183084803671374,0.00433205285532453,0.0006882775010215435,0.005480604103420372,0.007181180666777469,0.000999000999000999,41.91773217274436
SARS-CoV-2,ORF1ab,20449,19,1,0.012220091135945858,0.004351589575409803,0.0006865107138672919,0.005469725247718403,0.006518040552462901,0.000999000999000999,11.461585961580639
SARS-CoV-2,ORF1ab,20458,19,2,0.10637600016583748,0.006031033695963679,0.0006838619440649557,0.007218987812357414,0.008487585820190345,0.000999000999000999,146.73278333549538
SARS-CoV-2,ORF1ab,20467,19,1,0.008882295314650257,0.004220215755704741,0.0006677120775098365,0.005318477789633991,0.006242161245119077,0.000999000999000999,6.982170483320089
SARS-CoV-2,ORF1ab,20476,19,2,0.10670996536642502,0.006055394945520194,0.0006904901494225542,0.007229817889933939,0.008695770852045766,0.000999000999000999,145.77263774882326
SARS-CoV-2,ORF1ab,20485,19,1,0.008877326664445236,0.004281678853664534,0.0006792975722752142,0.0054358374206438876,0.0069274559146286566,0.000999000999000999,6.7652940306973415
SARS-CoV-2,ORF1ab,20494,19,1,0.018940016533177853,0.0043713342623747705,0.0006810962328558158,0.00549754411593861,0.006363946803354304,0.000999000999000999,21.39004969931641
SARS-CoV-2,ORF1ab,20503,19,1,0.011793150163810733,0.0041581082637882315,0.0006620377682820847,0.005315077147069817,0.006273032824955713,0.000999000999000999,11.532637963895317
SARS-CoV-2,ORF1ab,20512,19,1,0.0050686701518121045,0.003975238240281701,0.0006414370933799517,0.005070784959420735,0.006184089907927045,0.052947052947052944,1.704659619493997
SARS-CoV-2,ORF1ab,20521,19,1,0.005061910137426021,0.00403633049752848,0.0006834396787439462,0.00523565423550313,0.0062103454557144045,0.07192807192807193,1.50061471669657
SARS-CoV-2,ORF1ab,20530,19,1,0.007395604595919379,0.0040974172841445194,0.0006817630504254038,0.005255587051714674,0.006271823163755711,0.000999000999000999,4.837732566640081
SARS-CoV-2,ORF1ab,20539,19,1,0.015836492117926287,0.00423078357782297,0.0006616631904652562,0.005267870421142231,0.006637820114910159,0.000999000999000999,17.540205813689933
SARS-CoV-2,ORF1ab,20548,19,1,0.0048810411556994004,0.004038294933751532,0.0006516697703241526,0.005142469126671016,0.006902411724826689,0.0999000999000999,1.2932105497676694
SARS-CoV-2,ORF1ab,20557,19,1,0.015472709167287664,0.004357835893285118,0.0006674011147622647,0.005530452666428839,0.006741128417688688,0.000999000999000999,16.653962704215413
SARS-CoV-2,ORF1ab,20566,19,1,0.012392374287349484,0.0041681997057740755,0.0007083265054371494,0.005374723601672412,0.006689058284836375,0.000999000999000999,11.61071132937457
SARS-CoV-2,ORF1ab,20575,19,1,0.012669230062003588,0.0043118501177519825,0.0007002002495576161,0.0055068333648896585,0.006525854751128412,0.000999000999000999,11.93569975093806
SARS-CoV-2,ORF1ab,20584,19,1,0.00890492256922501,0.004040641401786841,0.0006522272967037459,0.005138142289279016,0.006323010178538311,0.000999000999000999,7.457953986319617
SARS-CoV-2,ORF1ab,20593,19,1,0.0044331010020621986,0.003975845131384803,0.0006569914355089862,0.0050439927985101675,0.0065914933160667365,0.25874125874125875,0.6959845227253979
SARS-CoV-2,ORF1ab,20602,19,1,0.006317308194104281,0.0039012164788299487,0.0006427742219587828,0.005004042741237457,0.005917105865897903,0.000999000999000999,3.7588497371776395
SARS-CoV-2,ORF1ab,20611,19,1,0.005917306109307064,0.0040091726516370265,0.000688152996020621,0.005106740480165569,0.006753110475060402,0.004995004995004995,2.772833176203826
SARS-CoV-2,ORF1ab,20620,19,1,0.007728712740878324,0.004183549348609114,0.0006509517179180733,0.005310187296521622,0.006474856573544231,0.000999000999000999,5.446123413895642
SARS-CoV-2,ORF1ab,20629,19,1,0.005611342793561766,0.004075876102098812,0.000679306885806988,0.005213611656158795,0.006878532844731973,0.013986013986013986,2.2603431873635196
SARS-CoV-2,ORF1ab,20638,19,1,0.011097625228438247,0.004237009232511579,0.0006606666328018056,0.005332679859884164,0.006622348306934668,0.000999000999000999,10.384383977183232
SARS-CoV-2,ORF1ab,20647,19,1,0.0063360054295426085,0.0040856561208941706,0.0006546886951325695,0.005167977424218359,0.006094658878984981,0.000999000999000999,3.4372814520537265
SARS-CoV-2,ORF1ab,20656,19,1,0.016798233773727782,0.004125543604574618,0.0006754215194083428,0.005295936249843392,0.006312640481894518,0.000999000999000999,18.76263904095655
SARS-CoV-2,ORF1ab,20665,19,1,0.03406619102440292,0.004382832830245426,0.0006919513891386537,0.005531152749644991,0.006898291570572195,0.000999000999000999,42.898039746849214
SARS-CoV-2,ORF1ab,20674,19,1,0.01705903156331098,0.004329793657538325,0.0006636182174801222,0.005450370312916387,0.00676084156264396,0.000999000999000999,19.18156791130277
SARS-CoV-2,ORF1ab,20683,19,1,0.017166765555606953,0.004290510849937214,0.0007083898213559203,0.005508951078268853,0.006832009639969101,0.000999000999000999,18.1767923782748
SARS-CoV-2,ORF1ab,20692,19,1,0.007085906434548584,0.004214237005678814,0.000668104638077231,0.005339598051399621,0.007130587300955274,0.001998001998001998,4.298233038965691
SARS-CoV-2,ORF1ab,20701,19,1,0.020146011059189707,0.0044138628578643735,0.0006943946685366147,0.005650414683411541,0.006707814854289137,0.000999000999000999,22.65591732505618
SARS-CoV-2,ORF1ab,20710,19,1,0.00785427112243648,0.004025677970589726,0.0006643308355811459,0.0052192769143902685,0.0063680333600496675,0.000999000999000999,5.763082107271994
SARS-CoV-2,ORF1ab,20719,19,1,0.008254526154430607,0.004176106684814735,0.0007039863164074583,0.005428827336620223,0.00683290738756357,0.000999000999000999,5.793322078231042
SARS-CoV-2,ORF1ab,20728,19,1,0.007908253713588251,0.0042313566259184225,0.0006626149065789593,0.00541201802884625,0.006494521231685149,0.000999000999000999,5.549070887423023
SARS-CoV-2,ORF1ab,20737,19,1,0.02484655609544433,0.004391678795655799,0.0006909791484442814,0.005529111177098098,0.006811416559292797,0.000999000999000999,29.60274176991023
SARS-CoV-2,ORF1ab,20746,19,1,0.015602224683195167,0.004204355046487977,0.0006561622474373135,0.0052963679861055555,0.00714701049124013,0.000999000999000999,17.370505056062502
SARS-CoV-2,ORF1ab,20755,19,1,0.009815788476233295,0.004136374210939074,0.0006523061327635985,0.005240939656901616,0.006407883702005365,0.000999000999000999,8.706670043454107
SARS-CoV-2,ORF1ab,20764,19,1,0.017590438769244078,0.004298587233615549,0.0006643617097469344,0.00542569242355375,0.006446144285656551,0.000999000999000999,20.006950040350155
SARS-CoV-2,ORF1ab,20773,19,1,0.007697114761317246,0.004064013252294149,0.0006570071274997996,0.005203414664485874,0.006676662536144396,0.000999000999000999,5.529774879077252
SARS-CoV-2,ORF1ab,20782,19,1,0.010358134100007297,0.00412587651546541,0.0006816388766801226,0.005290259180020875,0.006687427185736692,0.000999000999000999,9.14304890427566
SARS-CoV-2,ORF1ab,20791,19,1,0.05651735223012347,0.0044281266315503364,0.0007069952573580455,0.005594285322317936,0.007251677640357006,0.000999000999000999,73.67690950746143
SARS-CoV-2,ORF1ab,20800,19,1,0.027170154611580333,0.004315049731055034,0.0006887178463253256,0.005495723689435564,0.006450225226755407,0.000999000999000999,33.18500457403476
SARS-CoV-2,ORF1ab,20809,19,1,0.02982866290673864,0.004390521145557108,0.0006945437337668311,0.005580141167995562,0.0069849192647167685,0.000999000999000999,36.6256875189396
SARS-CoV-2,ORF1ab,20818,19,1,0.007137388115424782,0.004202396851750288,0.0006632171368536553,0.005412559060476736,0.006421873264515698,0.000999000999000999,4.425385142486338
SARS-CoV-2,ORF1ab,20827,19,1,0.008089082114300455,0.004134965552142171,0.0006806210431934844,0.005295251178196016,0.0068733373189414585,0.000999000999000999,5.809571422601787
SARS-CoV-2,ORF1ab,20836,19,1,0.0068402038548997755,0.004198190100968302,0.0006807836752796402,0.0053734556984147775,0.006538043932403533,0.000999000999000999,3.8808418149072597
SARS-CoV-2,ORF1ab,20845,19,1,0.010410370374574854,0.004294722704976879,0.0006725470488251756,0.005490566421127055,0.006510453262474021,0.000999000999000999,9.093263705908699
SARS-CoV-2,ORF1ab,20854,19,1,0.012829441261748153,0.004327428599291444,0.0006981446518701376,0.005542817424803385,0.006753916655567173,0.000999000999000999,12.178010158327726
SARS-CoV-2,ORF1ab,20863,19,1,0.010365921534572178,0.004270731776554095,0.0006594951949049877,0.005365259033604919,0.006596462179047644,0.000999000999000999,9.242204954800627
SARS-CoV-2,ORF1ab,20872,19,1,0.15328756452122952,0.004191902712204036,0.0007020725752688933,0.005381435499188002,0.006705388442629141,0.000999000999000999,212.3650275784123
SARS-CoV-2,ORF1ab,20881,19,1,0.011147929106942366,0.0043266865597507385,0.0006728849567965345,0.005490580574407919,0.0067738216566469904,0.000999000999000999,10.137308730553505
SARS-CoV-2,ORF1ab,20890,19,1,0.02028027675357704,0.004369571351716391,0.0007025451393862964,0.005523718800794344,0.00656750867314194,0.000999000999000999,22.647235757348405
SARS-CoV-2,ORF1ab,20899,19,1,0.010097752994225018,0.004291728985645811,0.0006620475748187249,0.005481484797154929,0.006479605843171479,0.000999000999000999,8.769798771891812
SARS-CoV-2,ORF1ab,20908,19,1,0.010079834622958465,0.004299042570415185,0.0006476794302670864,0.005357270205028817,0.006789897418417751,0.000999000999000999,8.92539083750032
SARS-CoV-2,ORF1ab,20917,19,1,0.014960842783266239,0.0043452536717093196,0.0006905170107619862,0.005512862474894452,0.006659444335096047,0.000999000999000999,15.373392611780273
SARS-CoV-2,ORF1ab,20926,19,1,0.014696062914734064,0.00435015871803917,0.0006541217063505108,0.005447878791944232,0.0065639928455590475,0.000999000999000999,15.816482003657967
SARS-CoV-2,ORF1ab,20935,19,1,0.015089941647978278,0.004362983981562509,0.0006979209403749902,0.0055517108940457485,0.006760738524982076,0.000999000999000999,15.369875075896442
SARS-CoV-2,ORF1ab,20944,19,1,0.020700844012794258,0.00433230121006044,0.0006831880771079953,0.005485862189460452,0.006743183508688406,0.000999000999000999,23.959058056199584
SARS-CoV-2,ORF1ab,20953,19,1,0.026436215351129857,0.0043815539447031124,0.0007085884347076164,0.005594908153794923,0.00802604064079249,0.000999000999000999,31.12478319735365
SARS-CoV-2,ORF1ab,20962,19,1,0.02063197748237535,0.0043714183448789815,0.0007037305826194018,0.0055870634655872,0.0066762620151918336,0.000999000999000999,23.106227779631055
SARS-CoV-2,ORF1ab,20971,19,1,0.016975446635678116,0.004331391146350657,0.0006905077363182382,0.005471367767615588,0.006670237051509843,0.000999000999000999,18.311243776565192
SARS-CoV-2,ORF1ab,20980,19,1,0.022679943266683922,0.004342240737540199,0.0006777600699463348,0.005489081897346898,0.006557923707372511,0.000999000999000999,27.056333564465824
SARS-CoV-2,ORF1ab,20989,19,1,0.03893254845374857,0.004385077874397036,0.0007257613572575008,0.005674740063435999,0.006439455911772904,0.000999000999000999,47.601694735993036
SARS-CoV-2,ORF1ab,20998,19,1,0.016398629319717695,0.004355632644326089,0.0006778032631669244,0.00550657778318919,0.006524128277422596,0.000999000999000999,17.767687660756724
SARS-CoV-2,ORF1ab,21007,19,1,0.01665122468849591,0.004334818368473553,0.000678718987101564,0.005515619921236427,0.007309765225563699,0.000999000999000999,18.14654747264249
SARS-CoV-2,ORF1ab,21016,19,1,0.016575303161476304,0.004365230831507985,0.0006614237393050836,0.005537827965862572,0.006930143951044187,0.000999000999000999,18.460287413930253
SARS-CoV-2,ORF1ab,21025,19,1,0.017327804972319213,0.004372083336530582,0.0007124834484046002,0.0056134611823518915,0.0064323758899364515,0.000999000999000999,18.183891379931996
SARS-CoV-2,ORF1ab,21034,19,1,0.021849123367050194,0.004361166168487452,0.0007108078890357512,0.005576770119501374,0.006821891168211364,0.000999000999000999,24.602930648794693
SARS-CoV-2,ORF1ab,21043,19,1,0.0210929455354255,0.004370226098160131,0.0006878135429058649,0.005515852291395638,0.006436381695488595,0.000999000999000999,24.312867360266655
SARS-CoV-2,ORF1ab,21052,19,1,0.015177098416283267,0.004321105307393589,0.0006761830279713011,0.005507012471277433,0.007011214133868036,0.000999000999000999,16.054814539578228
SARS-CoV-2,ORF1ab,21061,19,1,0.020501709413921675,0.004343243921372892,0.000666602562173655,0.005514508184199641,0.006827869589804545,0.000999000999000999,24.240029080985412
SARS-CoV-2,ORF1ab,21070,19,1,0.030186997770815793,0.00435881935417745,0.0006863976496146095,0.005521866263175407,0.006717405688293277,0.000999000999000999,37.62859390783177
SARS-CoV-2,ORF1ab,21079,19,1,0.012614848511591049,0.004209244834683642,0.0006483513124709634,0.00534225192358274,0.006242596749450394,0.000999000999000999,12.964581879031599
SARS-CoV-2,ORF1ab,21088,19,1,0.010432691561706078,0.00429616226187034,0.0006837333597316966,0.0053980439785985415,0.006684912177538933,0.000999000999000999,8.97503275581547
SARS-CoV-2,ORF1ab,21097,19,1,0.023791661281756003,0.004397713571329456,0.0007210974007856612,0.0056233782150111305,0.007162100565007246,0.000999000999000999,26.895045924858625
SARS-CoV-2,ORF1ab,21106,19,1,0.021948269109950156,0.004353318897615292,0.0007029218501146823,0.005516321537541901,0.006998572577490649,0.000999000999000999,25.03116130116631
SARS-CoV-2,ORF1ab,21115,19,1,0.008839131352083245,0.004170067153447097,0.0006788541647042894,0.00537104402086562,0.006654709136870879,0.000999000999000999,6.877860432173977
SARS-CoV-2,ORF1ab,21124,19,1,0.011304611493103443,0.0041003134025176975,0.0006838651248070173,0.005242250899308354,0.006539302382101411,0.000999000999000999,10.534676837949231
SARS-CoV-2,ORF1ab,21133,19,1,0.009742089035278111,0.004128852584874812,0.0006962759836566997,0.005340070350515277,0.007156470309249011,0.000999000999000999,8.061798169346188
SARS-CoV-2,ORF1ab,21142,19,1,0.013342854164210223,0.004235281458036097,0.00065818014263509,0.005381946753676039,0.0069706540479543165,0.000999000999000999,13.837507570056806
SARS-CoV-2,ORF1ab,21151,19,1,0.024793072756193624,0.0043471106315645935,0.0006613069541853768,0.005500542428860732,0.006433538398550136,0.000999000999000999,30.917506606013465
SARS-CoV-2,ORF1ab,21160,19,1,0.009997349966046513,0.004164174724924479,0.0006739518606779357,0.00531550659262823,0.006600626723675515,0.000999000999000999,8.655180854095985
SARS-CoV-2,ORF1ab,21169,19,1,0.01661633073887331,0.00431150396315294,0.0006703399887732819,0.005393799445991482,0.006596556652650976,0.000999000999000999,18.356098370676236
SARS-CoV-2,ORF1ab,21178,19,1,0.015222973077505725,0.004255318066449312,0.0006702676337925773,0.0053971947055084365,0.006609895101002262,0.000999000999000999,16.363098049353955
SARS-CoV-2,ORF1ab,21187,19,1,0.017231430496826135,0.004273103167034851,0.0006636352577183742,0.0053672445405541155,0.007466027494522726,0.000999000999000999,19.526279200931768
SARS-CoV-2,ORF1ab,21196,19,1,0.018229031242005932,0.004335877137649918,0.0006560865254721583,0.00544004420940497,0.006410328516894373,0.000999000999000999,21.17579551623574
SARS-CoV-2,ORF1ab,21205,19,1,0.017500151856595116,0.004276931263411921,0.0006768790501574769,0.00542710267395668,0.006462100966790522,0.000999000999000999,19.535573733751683
SARS-CoV-2,ORF1ab,21214,19,1,0.019695028121942043,0.0042708053065665785,0.0006917380725117787,0.0054801232864031425,0.007117008310900364,0.000999000999000999,22.29777921485278
SARS-CoV-2,ORF1ab,21223,19,1,0.018727024878606675,0.004292032205012352,0.0006647258381988047,0.005433054720569582,0.0072976069577709935,0.000999000999000999,21.71570870888449
SARS-CoV-2,ORF1ab,21232,19,1,0.018924069349373743,0.004283760278356769,0.0006447891188465284,0.005344540059743345,0.007409102692385518,0.000999000999000999,22.705577130717113
SARS-CoV-2,ORF1ab,21241,19,1,0.022820078067111723,0.004363966943584535,0.0006919108274787236,0.00553774973598909,0.007075102782104161,0.000999000999000999,26.67411809521758
SARS-CoV-2,ORF1ab,21250,19,1,0.02532742069972744,0.004392370239675479,0.0006588189916886297,0.005427321555133704,0.006594032710741423,0.000999000999000999,31.776634742105703
SARS-CoV-2,ORF1ab,21259,19,1,0.026630030706979866,0.004359272568065714,0.0007096143454565828,0.0055392750995508,0.007019964056945762,0.000999000999000999,31.38431217111967
SARS-CoV-2,ORF1ab,21268,19,1,0.025919809267977694,0.00436570388307206,0.0006728244311710661,0.005510289828031802,0.006954298603748561,0.000999000999000999,32.03525969975588
SARS-CoV-2,ORF1ab,21277,19,1,0.026988800663499558,0.004383408704191082,0.00068055852459975,0.005549865446259001,0.006402513821208301,0.000999000999000999,33.21594123386105
SARS-CoV-2,S,1,19,1,0.036097425548663235,0.0043332375791139575,0.0006725591931509774,0.0055025642563741786,0.006356481112813051,0.000999000999000999,47.22883620210778
SARS-CoV-2,S,10,19,2,0.42573267697108785,0.006118280522152093,0.0006935533475574315,0.007258745204916986,0.008132770430069927,0.000999000999000999,605.0210815458411
SARS-CoV-2,S,19,19,1,0.02090640727037126,0.004360421703720199,0.000657222804296754,0.005436268498253914,0.006339506398001497,0.000999000999000999,25.17561085598012
SARS-CoV-2,S,28,19,1,0.03557951898220525,0.004380867170584469,0.0007252199036992117,0.005607611537068462,0.007216476321323899,0.000999000999000999,43.019574686908435
SARS-CoV-2,S,37,19,2,0.42052965474996507,0.006116288923560279,0.0007133935130049358,0.007355912423581371,0.0093225449937147,0.000999000999000999,580.9043091530573
SARS-CoV-2,S,46,19,3,0.4767916916088115,0.007555664342586861,0.0007216340070102067,0.008825835466445673,0.009696953728527698,0.000999000999000999,650.2410123523846
SARS-CoV-2,S,55,19,5,0.9005089192835289,0.00977554745505028,0.0007418001576234038,0.011028127171808047,0.012621854872695846,0.000999000999000999,1200.7726915052572
SARS-CoV-2,S,64,19,3,0.7762838738510605,0.007655587035542136,0.0007589861303048281,0.008925698871918446,0.010022741377665198,0.000999000999000999,1012.7039956669796
SARS-CoV-2,S,73,19,3,0.8129255874743317,0.007588634707615132,0.0007136795811727812,0.008826863439726948,0.009659868945766193,0.000999000999000999,1128.4293035865142
SARS-CoV-2,S,82,19,1,0.012345647005052892,0.004353577869420548,0.0006972046110205542,0.005494056765668749,0.006802866787181673,0.000999000999000999,11.463018186201769
SARS-CoV-2,S,91,19,2,0.26741522950996094,0.006224185206010752,0.0007267602784018871,0.007439203876811232,0.008434727267366356,0.000999000999000999,359.3909189400079
SARS-CoV-2,S,100,19,1,0.012900791531284199,0.004095314530098456,0.0006745737847675822,0.005234522419327877,0.0064680489383632704,0.000999000999000999,13.053393416732884
SARS-CoV-2,S,109,19,1,0.016794200666830805,0.004270815428934391,0.0006561908716194289,0.005374708629912169,0.007163268405788865,0.000999000999000999,19.084973259365302
SARS-CoV-2,S,118,19,1,0.009149566133729935,0.004256029498805069,0.0006734252942805991,0.005380045106443314,0.007406314975950924,0.000999000999000999,7.266636220061336
SARS-CoV-2,S,127,19,1,0.023624546447204364,0.004377870776778931,0.0007071995622979515,0.005567824207669029,0.006735343753341521,0.000999000999000999,27.215338776350347
SARS-CoV-2,S,136,19,1,0.009364222119826954,0.00412365256716622,0.0006569796384483691,0.005211209878813736,0.006266109874967054,0.000999000999000999,7.976760992224544
SARS-CoV-2,S,145,19,2,0.3803336472488347,0.006187640888336512,0.0006888637859353327,0.007331380531984426,0.00867214934169453,0.000999000999000999,543.1349622371081
SARS-CoV-2,S,154,19,2,0.11294157643908916,0.0062031418939336525,0.0007246088923824393,0.007442804496712831,0.008850191098725353,0.000999000999000999,147.3048918765136
SARS-CoV-2,S,163,19,1,0.025282746203173754,0.004365166255862795,0.000700650754628632,0.005536624716803419,0.006671291105473408,0.000999000999000999,29.854502844855944
SARS-CoV-2,S,172,19,2,0.17739993840790622,0.006209405446826755,0.0007103171699933982,0.007418410776609055,0.008749164297840664,0.000999000999000999,241.00576501997065
SARS-CoV-2,S,181,19,1,0.01703574198643967,0.004232285571621366,0.0006572203055775676,0.005326442367619057,0.006510038409795073,0.000999000999000999,19.48122464592231
SARS-CoV-2,S,190,19,1,0.018752587309599777,0.004307480679072093,0.0006673090261267118,0.005403419418409449,0.006737934740837544,0.000999000999000999,21.64680240333626
SARS-CoV-2,S,199,19,3,0.8718459271567796,0.007544016865778307,0.0007012986103700491,0.008701981033688886,0.010048903750157547,0.000999000999000999,1232.4306615051487
SARS-CoV-2,S,208,19,2,0.7580299224554348,0.00620711799909709,0.0007257730367948196,0.007393486945993465,0.008667391551709609,0.000999000999000999,1035.8924434235803
SARS-CoV-2,S,217,19,2,0.07747602564193462,0.006156185745374065,0.0007204948923927621,0.007375106512148293,0.008521600904426435,0.000999000999000999,98.98729421898815
SARS-CoV-2,S,226,19,3,0.22433726104215593,0.007603535993083831,0.00068789367712197,0.008776561660782957,0.010070456076143442,0.000999000999000999,315.0686396128092
SARS-CoV-2,S,235,19,2,0.1020356208180359,0.006213437602835292,0.0006702389212382266,0.007336862476573445,0.008554832268012869,0.000999000999000999,142.96720196161513
SARS-CoV-2,S,244,19,3,0.07994343482547425,0.00752618627368944,0.0006916528052405879,0.008646127496052614,0.009651498524130633,0.000999000999000999,104.70173474767422
SARS-CoV-2,S,253,19,1,0.018310194433162418,0.004307288458922139,0.0006809707925651493,0.005479779039627659,0.006958497891341451,0.000999000999000999,20.563152086879853
SARS-CoV-2,S,262,19,1,0.01182745823147561,0.004312836141573352,0.0006826707920126125,0.005411364625679877,0.0065300011264773855,0.000999000999000999,11.007680682731515
SARS-CoV-2,S,271,19,1,0.010296076803587276,0.004115968591549893,0.0006719723860664553,0.005261790783506235,0.006191084883504884,0.000999000999000999,9.196967524534848
SARS-CoV-2,S,280,19,2,0.544596208998526,0.006180942148311171,0.0007212098049648787,0.0074280119758881585,0.008558361422299205,0.000999000999000999,746.5445743301208
SARS-CoV-2,S,289,19,1,0.06314594044989222,0.00433546983569647,0.0006932271713930278,0.005508036677764085,0.006616964883733602,0.000999000999000999,84.83578405620936
SARS-CoV-2,S,298,19,1,0.01671033900635148,0.004283555650154239,0.0006911878568962851,0.00545004909058369,0.006758830877515351,0.000999000999000999,17.97887973900259
SARS-CoV-2,S,307,19,1,0.019714869448355453,0.004171483201660155,0.0006881668310199888,0.005317161624439988,0.007212809952906167,0.000999000999000999,22.586654203686578
SARS-CoV-2,S,316,19,1,0.01954343196913447,0.0041657556106025435,0.0006803856807146398,0.005283358268984706,0.006601132418932699,0.000999000999000999,22.601410926785025
SARS-CoV-2,S,325,19,2,0.048380774246492085,0.006030158797030455,0.0007043048726692549,0.007213000095020826,0.009101047854250352,0.000999000999000999,60.13108398491755
SARS-CoV-2,S,334,19,1,0.028986254840559268,0.0043425702811344434,0.0006674312812418063,0.005426584621857864,0.0065353754808105185,0.000999000999000999,36.923178838087104
SARS-CoV-2,S,343,19,1,0.02050627261442159,0.004345225108832047,0.0007158084879592801,0.005526539702206238,0.0067913337536347615,0.000999000999000999,22.577334269482545
SARS-CoV-2,S,352,19,1,0.02296794716423386,0.004286478587156243,0.0006675942665182822,0.005365834398970892,0.006607189696117854,0.000999000999000999,27.98326695420477
SARS-CoV-2,S,361,19,1,0.023992404229371125,0.00423080614371129,0.0006659348245566261,0.005334539216887099,0.006321183514049257,0.000999000999000999,29.674973221015954
SARS-CoV-2,S,370,19,1,0.023836064635532377,0.004246976570268515,0.0006892813844606717,0.005411599873502764,0.007399549825134608,0.000999000999000999,28.419580895241133
SARS-CoV-2,S,379,19,2,0.3828465092214859,0.0061245895597968475,0.00067449087792687,0.007278980671321358,0.008848949817220227,0.000999000999000999,558.5278200049048
SARS-CoV-2,S,388,19,1,0.03065899638615418,0.004392431604601635,0.000692208090863037,0.005568881653418492,0.006607220178001165,0.000999000999000999,37.94605282466967
SARS-CoV-2,S,397,19,1,0.03750832071727977,0.004310651285960274,0.0006887479506657009,0.005490662083899968,0.006933778048708565,0.000999000999000999,48.200026438166084
SARS-CoV-2,S,406,19,2,0.30889325096071407,0.006200783173234678,0.0007070871567492231,0.007388710641821609,0.008682037210747352,0.000999000999000999,428.0836738416858
SARS-CoV-2,S,415,19,1,0.024788551708696892,0.004321901707653222,0.000682068430289165,0.005433346814494602,0.00647652510551147,0.000999000999000999,30.006739928377524
SARS-CoV-2,S,424,19,5,0.9616652113133629,0.009752415961035026,0.0007287079677957896,0.010970992657051069,0.012185388889092872,0.000999000999000999,1306.302164132626
SARS-CoV-2,S,433,19,4,0.5030200699021751,0.008729000597280016,0.0007120021179901845,0.009942869706998165,0.010952265578359724,0.000999000999000999,694.2269648019633
SARS-CoV-2,S,442,19,1,0.032937253500473815,0.004407034699342412,0.0007190934261163127,0.005680109347592559,0.007109446223916507,0.000999000999000999,39.67526021648913
SARS-CoV-2,S,451,19,3,0.4363962994386121,0.007590718746427091,0.0007540644698615683,0.008882659300725213,0.009905554645081185,0.000999000999000999,568.6590441940666
SARS-CoV-2,S,460,19,3,0.3059236151535259,0.00743779663645263,0.000701793191429593,0.008602942917086003,0.009613277281018061,0.000999000999000999,425.3187721998849
SARS-CoV-2,S,469,19,4,0.5158552927911275,0.008799883879431824,0.000711158095586288,0.009991248920051014,0.011030417128126772,0.000999000999000999,712.9995595334854
SARS-CoV-2,S,478,19,1,0.015790369640227845,0.004269246128213748,0.0006802690578012788,0.005411123505743995,0.006472880261137126,0.000999000999000999,16.936127521736648
SARS-CoV-2,S,487,19,1,0.021009903885814276,0.0043384027233540675,0.0006801119020977301,0.005555784174040378,0.006536946728678583,0.000999000999000999,24.512879587960164
SARS-CoV-2,S,496,19,1,0.007878504836672084,0.00400938736602267,0.0006518630796440574,0.0051251922799243075,0.006226537361295296,0.000999000999000999,5.935475702600156
SARS-CoV-2,S,505,19,1,0.053778749421925655,0.004407528959510133,0.0006910145720674614,0.005560412606905658,0.0067015078776338196,0.000999000999000999,71.44743751886548
SARS-CoV-2,S,514,19,1,0.009804327723881453,0.004253586950282798,0.0006970075911992435,0.005430026158379289,0.006608578799962055,0.000999000999000999,7.963673342564708
SARS-CoV-2,S,523,19,1,0.022728095309979535,0.00437410793986058,0.0006905818096679696,0.005577687595953806,0.00694282011269741,0.000999000999000999,26.57757142335318
SARS-CoV-2,S,532,19,1,0.027475259545555072,0.004381366328678059,0.0007002830550093855,0.0055523960753357604,0.006691425489352176,0.000999000999000999,32.977940922142544
SARS-CoV-2,S,541,19,2,0.05322185919993162,0.00605699725366602,0.0006976230693540817,0.0072097264807632925,0.008086374769517207,0.000999000999000999,67.60794477443932
SARS-CoV-2,S,550,19,1,0.02572792660663773,0.004360826248219208,0.0007122191638086588,0.0055587923496655985,0.006902630334251437,0.000999000999000999,30.000737756277083
SARS-CoV-2,S,559,19,1,0.011367298531137703,0.004207130098529459,0.0006762112446018189,0.005336227971802871,0.0066537125620222196,0.000999000999000999,10.588656266466623
SARS-CoV-2,S,568,19,2,0.3092559914631327,0.006128554701432971,0.0007105879981622257,0.007382907404845115,0.00831979190743536,0.000999000999000999,426.5867669390279
SARS-CoV-2,S,577,19,1,0.01155813002818098,0.004098898313400874,0.0006815982976682141,0.005215587044321683,0.006175864966480874,0.000999000999000999,10.943735834286198
SARS-CoV-2,S,586,19,1,0.008774003466111154,0.004250305804196305,0.0006662123963064423,0.005420238622777696,0.0067273398986025905,0.000999000999000999,6.790173354615954
SARS-CoV-2,S,595,19,1,0.006445182166321971,0.004082493846106548,0.0006600888765441688,0.00518843949499606,0.00639406028314377,0.000999000999000999,3.579348787976928
SARS-CoV-2,S,604,19,1,0.008377040373886915,0.004092931873725043,0.0006560489487353598,0.005151546052470951,0.0062581111611643234,0.000999000999000999,6.53016594023995
SARS-CoV-2,S,613,19,1,0.009010967564657604,0.004115710209769199,0.0006658874612435891,0.00523796763033384,0.006415120870277116,0.000999000999000999,7.351478500205103
SARS-CoV-2,S,622,19,2,0.10543948893214841,0.006210691141572968,0.0006949409487151066,0.007355941445564201,0.008483857407412747,0.000999000999000999,142.7873806746343
SARS-CoV-2,S,631,19,5,0.9077323867811208,0.009737217059880642,0.0007062309058936995,0.010915520167881922,0.012218670753587698,0.000999000999000999,1271.5319624604542
SARS-CoV-2,S,640,19,4,0.617426435661142,0.008755896626958855,0.0007246834114633261,0.009963326923612358,0.011126347512977133,0.000999000999000999,839.9123388309903
SARS-CoV-2,S,649,19,1,0.023094926960296757,0.004311565300860202,0.0006777880874316157,0.005415417839505863,0.006388757024884857,0.000999000999000999,27.71273500927629
SARS-CoV-2,S,658,19,1,0.0481635473701792,0.004370274060936807,0.0006940381440684765,0.005526518930193245,0.007138874127635579,0.000999000999000999,63.09923119286306
SARS-CoV-2,S,667,19,1,0.008914388545410197,0.004106837551742672,0.0006944503754372705,0.005281794765696654,0.007105326078819376,0.000999000999000999,6.9228143056879805
SARS-CoV-2,S,676,19,1,0.01133316727666117,0.0041477938587358865,0.0006709514667707043,0.005321290868039546,0.006592387768718703,0.000999000999000999,10.70922976367956
SARS-CoV-2,S,685,19,1,0.007545840462964452,0.004091533807326096,0.0006945766984062837,0.005299647815841975,0.006751403376765028,0.000999000999000999,4.973254449169275
SARS-CoV-2,S,694,19,1,0.00843449794428521,0.004326373785584284,0.0006804213937508948,0.005489798597504338,0.008167424392714976,0.000999000999000999,6.03761756527739
SARS-CoV-2,S,703,19,1,0.011646690608186506,0.0042697514973844995,0.000684448264823573,0.005386195683858969,0.0069186248412147384,0.000999000999000999,10.777935294647177
SARS-CoV-2,S,712,19,1,0.014533009988417842,0.004349335016931331,0.0006777100266064353,0.005564339581451239,0.006456352052903542,0.000999000999000999,15.026596289980006
SARS-CoV-2,S,721,19,2,0.09582536253531153,0.006213743106568376,0.0006968698172916873,0.007369031954032791,0.009207040131711766,0.000999000999000999,128.5916209960269
SARS-CoV-2,S,730,19,3,0.3913921552105873,0.007560021862846003,0.0007104090764554023,0.008749648639409188,0.009995288962160362,0.000999000999000999,540.29733863041
SARS-CoV-2,S,739,19,2,0.09095360149886322,0.006180806408971476,0.0006823620675570387,0.007375846499242026,0.008228477368136913,0.000999000999000999,124.23433118636183
SARS-CoV-2,S,748,19,3,0.09397584814745454,0.007496681473505534,0.0007004562290142209,0.008638882121886775,0.00985186908834962,0.000999000999000999,123.46120013188329
SARS-CoV-2,S,757,19,3,0.47757256976832124,0.007621636561196985,0.0007319874921401448,0.00882843847615109,0.010184293066238026,0.000999000999000999,642.0204419519622
SARS-CoV-2,S,766,19,2,0.13361202839140632,0.0061998570598730575,0.0006835824555628667,0.007333395938611398,0.00818971109406901,0.000999000999000999,186.3888844640127
SARS-CoV-2,S,775,19,1,0.01862930196009211,0.004358462933033303,0.0006908649827199904,0.005452677588377978,0.006757493456126801,0.000999000999000999,20.656480475929435
SARS-CoV-2,S,784,19,2,0.38051095512535194,0.006181732299410733,0.000725314938770272,0.0073277790405656155,0.009440458634498832,0.000999000999000999,516.0919799343909
SARS-CoV-2,S,793,19,1,0.02049288920633659,0.004323476335131737,0.0006769582566474722,0.005458141631954161,0.00701792747530199,0.000999000999000999,23.885391325724115
SARS-CoV-2,S,802,19,1,0.016499732002975165,0.004321481375200173,0.0006899278895992816,0.005530684048158242,0.006985682397060176,0.000999000999000999,17.651483309144474
SARS-CoV-2,S,811,19,1,0.01870642736227601,0.004400517903319646,0.000735612683058389,0.005625402311060486,0.007205036604038244,0.000999000999000999,19.447611206862288
SARS-CoV-2,S,820,19,1,0.027076417742868186,0.004384251517585872,0.000689202129448418,0.0055468642079766674,0.006537332172026334,0.000999000999000999,32.92527004152367
SARS-CoV-2,S,829,19,1,0.01626424824705539,0.004286702085157572,0.0006690420566534781,0.005423037642045705,0.0066676267894442325,0.000999000999000999,17.90253100352021
SARS-CoV-2,S,838,19,1,0.022803821735871886,0.00437864959536956,0.0006831136775199712,0.005525262422185367,0.006491155151485638,0.000999000999000999,26.972336738146566
SARS-CoV-2,S,847,19,1,0.030793999420015702,0.0043871333338044135,0.0007117886977497444,0.0056047350362094135,0.007104054318749169,0.000999000999000999,37.09930513043297
SARS-CoV-2,S,856,19,1,0.030310560582242185,0.004372639563505382,0.0007044741141576698,0.005591226532261117,0.006422726086926383,0.000999000999000999,36.81884188143722
SARS-CoV-2,S,865,19,1,0.02328286534687992,0.004357081009464751,0.0006946667255390245,0.005551741633380719,0.006675004151775562,0.000999000999000999,27.244408925344402
SARS-CoV-2,S,874,19,1,0.027418870951165877,0.004405607463687651,0.0006962329359524814,0.005580443970962721,0.007021253561171788,0.000999000999000999,33.0539713063056
SARS-CoV-2,S,883,19,1,0.02796249087861798,0.004369653063094543,0.0007336922152160938,0.005590593184950699,0.006848022955075165,0.000999000999000999,32.1563147682774
SARS-CoV-2,S,892,19,1,0.03960753432233925,0.004373600346897434,0.0007110499593344522,0.005618491108942125,0.0067056769933029736,0.000999000999000999,49.551980859996156
SARS-CoV-2,S,901,19,1,0.038021301702461416,0.004380343923203315,0.0007211059475546133,0.005575355141731296,0.007233738017827404,0.000999000999000999,46.65189337758206
SARS-CoV-2,S,910,19,1,0.020746748659522352,0.004407001423289297,0.0007213128005915673,0.005630037842682642,0.00756351296975755,0.000999000999000999,22.652789778349153
SARS-CoV-2,S,919,19,1,0.02466559022328376,0.004389963716767868,0.0007103095480636613,0.005621147715949233,0.006927379470523105,0.000999000999000999,28.544775389530166
SARS-CoV-2,S,928,19,1,0.03928862466573957,0.004403671528281068,0.0007115437838681274,0.005607047995644983,0.006749343383318156,0.000999000999000999,49.02713498221472
SARS-CoV-2,S,937,19,1,0.029435097417546574,0.004387304999680068,0.0007000920330072655,0.005563119476986391,0.006839099964901958,0.000999000999000999,35.77785667731854
SARS-CoV-2,S,946,19,1,0.026589937942946132,0.004334801399371021,0.0006644067501927313,0.005466789438348982,0.006751696510836293,0.000999000999000999,33.49625291603274
SARS-CoV-2,S,955,19,1,0.020150771914997277,0.004354868298042714,0.0007172960968294787,0.00558210718129388,0.00676144143000579,0.000999000999000999,22.021454859121718
SARS-CoV-2,S,964,19,1,0.016908765150314968,0.004357816979346979,0.0007143039922606373,0.005543291506328118,0.0073368179555547966,0.000999000999000999,17.57087781526547
SARS-CoV-2,S,973,19,1,0.03340284065102003,0.0043807880364972645,0.0006930970113567326,0.005594875468473821,0.006591830982626265,0.000999000999000999,41.8730021035761
SARS-CoV-2,S,982,19,1,0.011413475146108713,0.004127664237021312,0.0006545644907750868,0.0052169225338905304,0.006162343233071519,0.000999000999000999,11.130776282196555
SARS-CoV-2,S,991,19,2,0.3812267129074258,0.0060620073635600305,0.0007155823225764745,0.007248189467336717,0.009272514877581439,0.000999000999000999,524.2788896643989
SARS-CoV-2,S,1000,19,1,0.016378819243156192,0.004261798718854731,0.0006688585985645209,0.005405167202715431,0.00661896132668828,0.000999000999000999,18.115967336454304
SARS-CoV-2,S,1009,19,3,0.8337597129564439,0.007557823816700468,0.0007136861120230928,0.008787285520189264,0.010249983661962819,0.000999000999000999,1157.6544298973413
SARS-CoV-2,S,1018,19,1,0.009475615148928153,0.004120679418497605,0.0006753955157315938,0.005246421190499475,0.006493332882504994,0.000999000999000999,7.928592366548419
SARS-CoV-2,S,1027,19,1,0.09560432299011358,0.004384458915887347,0.0007040714764028382,0.005528210722401505,0.006903372008458381,0.000999000999000999,129.5605164127318
SARS-CoV-2,S,1036,19,2,0.1183182559747316,0.0062285667257241965,0.0007102776330537266,0.00737164889836213,0.00883421620966465,0.000999000999000999,157.8110924978666
SARS-CoV-2,S,1045,19,1,0.03305700655685924,0.004318039354281379,0.0006758830119438298,0.005423337407906657,0.007013348828190246,0.000999000999000999,42.520623680013806
SARS-CoV-2,S,1054,19,1,0.01771078950929187,0.004349945848353032,0.0007169406372195898,0.0055577605781328065,0.006671553792489512,0.000999000999000999,18.635913445713335
SARS-CoV-2,S,1063,19,2,0.38160391496669716,0.006148982985898291,0.0007262335993467378,0.007358755287522026,0.00831127280410125,0.000999000999000999,516.9892061156746
SARS-CoV-2,S,1072,19,1,0.015018783400738301,0.004335516182892217,0.0006867441296001121,0.005545708908052692,0.0069546460820615295,0.000999000999000999,15.55640122335942
SARS-CoV-2,S,1081,19,1,0.014728799872885463,0.004204260405534556,0.0006988792826472425,0.0053850155303233,0.006405436592011915,0.000999000999000999,15.059166480777112
SARS-CoV-2,S,1090,19,1,0.009947846356278184,0.004073253279676441,0.0006860945379474151,0.00521510185949516,0.0065978236193339704,0.000999000999000999,8.562366775541937
SARS-CoV-2,S,1099,19,2,0.050221196417264365,0.006035152622112023,0.0006920014867854,0.00718874314778894,0.008259324565739315,0.000999000999000999,63.85252725454778
SARS-CoV-2,S,1108,19,3,0.8676731141169813,0.0075799393745026285,0.0007397430519509298,0.008830237388846706,0.010050375723927338,0.000999000999000999,1162.6917920677304
SARS-CoV-2,S,1117,19,2,0.7668440911137147,0.006212780910711427,0.0007444044909665863,0.007447467166728403,0.00880145753902722,0.000999000999000999,1021.7983897643429
SARS-CoV-2,S,1126,19,2,0.7535872213045723,0.006170510261968561,0.0006954412425170967,0.0073307807438451975,0.008417751611013009,0.000999000999000999,1074.7373974217949
SARS-CoV-2,S,1135,19,1,0.010556980820238242,0.0041711618800207295,0.0006616345396871713,0.0053331323711815135,0.0065928091745872126,0.000999000999000999,9.651580377343668
SARS-CoV-2,S,1144,19,1,0.031183522347911326,0.0044012461993866835,0.0006804831759690766,0.0055008038270160904,0.007278381528665343,0.000999000999000999,39.357734466225395
SARS-CoV-2,S,1153,19,1,0.009515030496075378,0.004194589582165074,0.0006524604213125929,0.005294695698497957,0.006643570582306995,0.000999000999000999,8.154427058129995
SARS-CoV-2,S,1162,19,1,0.006063993501756043,0.004189509168420714,0.0006793821065704587,0.005281716035466207,0.007137182619278979,0.007992007992007992,2.7591017119920664
SARS-CoV-2,S,1171,19,1,0.01982148910348192,0.004244756037873122,0.0007007992613725127,0.005397323551507513,0.006535623697066695,0.000999000999000999,22.227096865230457
SARS-CoV-2,S,1180,19,1,0.009234221368490917,0.004256384376246597,0.000703678760776031,0.005401612669143113,0.0072520343705991695,0.000999000999000999,7.0740190975135615
SARS-CoV-2,S,1189,19,1,0.009450425323510007,0.004212448195282502,0.0006725315574931733,0.005395019252409553,0.006832642829598766,0.000999000999000999,7.788448095657838
SARS-CoV-2,S,1198,19,1,0.0043120682704908975,0.004055081534366945,0.0006645781359329496,0.005188141334094898,0.0062860998095452284,0.34065934065934067,0.3866915299029342
SARS-CoV-2,S,1207,19,3,0.8238304370859996,0.007560589579174875,0.0007508216442980955,0.008813007348500957,0.01023224177369254,0.000999000999000999,1087.1687753086999
SARS-CoV-2,S,1216,19,2,0.7547168197438675,0.00617107075379571,0.0007141269228275369,0.0073890584362366635,0.008763507390321187,0.000999000999000999,1048.1970712240561
SARS-CoV-2,S,1225,19,1,0.18588743419800433,0.004212914326584707,0.0007013681993075283,0.005343055102166584,0.006874208860839495,0.000999000999000999,259.0287384725878
SARS-CoV-2,S,1234,19,1,0.01551382627422536,0.004325646787666457,0.0006559587564641974,0.005462074776004881,0.006336682355841087,0.000999000999000999,17.056224002353968
SARS-CoV-2,S,1243,19,3,0.816596933381922,0.0075746982348313206,0.0006968276450910108,0.00870547545238739,0.009873313996828576,0.000999000999000999,1161.0076621478277
SARS-CoV-2,S,1252,19,1,0.015662467666220595,0.004195874864773528,0.0006671183163055969,0.005317870009412899,0.006558343060325187,0.000999000999000999,17.188244605465748
SARS-CoV-2,S,1261,19,1,0.008232816997065264,0.003963134904170746,0.0006425176636743346,0.005055042187565124,0.005926520687733423,0.000999000999000999,6.645236908317344
SARS-CoV-2,S,1270,19,1,0.014355192059076132,0.004244345045361075,0.0006625892555145674,0.0054077905017484865,0.006755425945710447,0.000999000999000999,15.259600015492197
SARS-CoV-2,S,1279,19,1,0.03911129293959142,0.004399054594776951,0.0006989663390940952,0.0055695633141280435,0.006576979366116635,0.000999000999000999,49.66224609586169
SARS-CoV-2,S,1288,19,1,0.013011066339559828,0.004366396016924064,0.000658723509310356,0.005470818959132251,0.006601331448995933,0.000999000999000999,13.12336693689013
SARS-CoV-2,S,1297,19,1,0.020297871613594184,0.0043223086832570555,0.0007024787346048219,0.0055461389195146345,0.006926395817230516,0.000999000999000999,22.74170326212672
SARS-CoV-2,S,1306,19,1,0.017367034246826202,0.00420819181448166,0.0006766895428784995,0.005348551448228523,0.006288466672375596,0.000999000999000999,19.445907759072952
SARS-CoV-2,S,1315,19,2,0.7438266273396522,0.0061727983040350196,0.0007530626730899866,0.007445156933159759,0.008158732298524223,0.000999000999000999,979.5384307243069
SARS-CoV-2,S,1324,19,2,0.35449146907549334,0.006173157478991607,0.0006944095608459319,0.007430118859208149,0.00891222842476702,0.000999000999000999,501.6035654408031
SARS-CoV-2,S,1333,19,4,0.625657839434368,0.008649259688636118,0.0007091152497106343,0.009816581017678738,0.010980995999002506,0.000999000999000999,870.1104369106602
SARS-CoV-2,S,1342,19,2,0.379682607102781,0.0060627423765137,0.0006779332236981967,0.007201346611058144,0.008193207724000702,0.000999000999000999,551.1160268678556
SARS-CoV-2,S,1351,19,4,0.6567482446047351,0.008820029906506694,0.0007050830584905906,0.00998841024829332,0.011101668610007982,0.000999000999000999,918.938849680041
SARS-CoV-2,S,1360,19,3,0.44454804886183025,0.007496943940675786,0.0007100284373152501,0.008763000946872485,0.01014709550259383,0.000999000999000999,615.5402825466064
SARS-CoV-2,S,1369,19,1,0.00852425513380975,0.004127603382169992,0.0006627866213427402,0.005299714891978551,0.006252415071399072,0.000999000999000999,6.633585546329488
SARS-CoV-2,S,1378,19,4,0.497881475872858,0.00878807958702003,0.0007157735717464001,0.009971626569200188,0.010922320279972003,0.000999000999000999,683.3074251295837
SARS-CoV-2,S,1387,19,1,0.016770421521946067,0.004312247690212597,0.0006695275496840603,0.005497549001379483,0.006662320898388363,0.000999000999000999,18.60741031136402
SARS-CoV-2,S,1396,19,1,0.00841026993421955,0.004153538526625404,0.000669995672456091,0.0053029072774645305,0.006725716390134102,0.000999000999000999,6.353371495654126
SARS-CoV-2,S,1405,19,1,0.009979752237054265,0.004217593714574959,0.0006786762453932687,0.005373087187541882,0.006776536709473509,0.000999000999000999,8.490290564303368
SARS-CoV-2,S,1414,19,1,0.007089159886021165,0.004230525401011044,0.0006963315227173664,0.005503422715086573,0.00685265049440138,0.000999000999000999,4.105278005876534
SARS-CoV-2,S,1423,19,2,0.7560604472473357,0.006191493779742327,0.0007086423849701803,0.007332062030073805,0.00867138321907132,0.000999000999000999,1058.1768313211294
SARS-CoV-2,S,1432,19,2,0.7736846847181251,0.006128389193702316,0.000701600082868352,0.007290136419575908,0.00814353425647806,0.000999000999000999,1094.0082737539342
SARS-CoV-2,S,1441,19,2,0.3826128677077883,0.006183626951594115,0.0007144537921084199,0.007422272583081893,0.00827055098919454,0.000999000999000999,526.8769581939181
SARS-CoV-2,S,1450,19,8,0.927178106107038,0.012304600290891234,0.0007002799657916496,0.013505800073492388,0.014861714152854253,0.000999000999000999,1306.4396391547548
SARS-CoV-2,S,1459,19,1,0.011383190128201529,0.004337775608928324,0.0006756227549943788,0.005522454730563693,0.0066383995164326646,0.000999000999000999,10.4280302390523
SARS-CoV-2,S,1468,19,2,0.08964243313142566,0.006173899117709253,0.0006725306388171457,0.007282657752532222,0.008401311827795252,0.000999000999000999,124.11112475190986
SARS-CoV-2,S,1477,19,3,0.7954674537381631,0.007555693748628433,0.0007248661300898527,0.008772382371614233,0.010238064968222181,0.000999000999000999,1086.9755493912605
SARS-CoV-2,S,1486,19,3,0.8675147449436609,0.007518493536110059,0.0007100255660988374,0.008664317705065596,0.010150946600973994,0.000999000999000999,1211.2187116482467
SARS-CoV-2,S,1495,19,2,0.5528451100723608,0.00608592599980957,0.0007163991513702274,0.007335468237717127,0.00847589364320364,0.000999000999000999,763.2046786024066
SARS-CoV-2,S,1504,19,1,0.03254890515865426,0.004348403751690166,0.0006861895566014394,0.005557422240895507,0.00700154489099268,0.000999000999000999,41.097246578096545
SARS-CoV-2,S,1513,19,2,0.7668146821434454,0.006138892990084191,0.0007257156473252877,0.007342442175965366,0.008712679754093811,0.000999000999000999,1048.1733333943168
SARS-CoV-2,S,1522,19,1,0.014876284771146971,0.004357479521063285,0.0006800762123232432,0.005480014169754881,0.007005499757681582,0.000999000999000999,15.467097745045155
SARS-CoV-2,S,1531,19,1,0.009428644531747313,0.004213667352766506,0.0006831948684183814,0.0054108377182046,0.006721831009209178,0.000999000999000999,7.633220652042733
SARS-CoV-2,S,1540,19,1,0.015558844333517943,0.004297281807061117,0.0006710925683143086,0.005487544070493064,0.006573027197108657,0.000999000999000999,16.780937620489983
SARS-CoV-2,S,1549,19,1,0.015458604267737507,0.004327344039602886,0.000678907894307165,0.005458562550384277,0.007035453543938634,0.000999000999000999,16.395832662240917
SARS-CoV-2,S,1558,19,1,0.021441220252814863,0.004371838930678418,0.0007052455851097966,0.005531698676751131,0.007603494832693146,0.000999000999000999,24.20345718219418
SARS-CoV-2,S,1567,19,1,0.009509929011336215,0.004205384993159703,0.0006870783144800797,0.0053785432527527505,0.006636043170588944,0.000999000999000999,7.720435802417259
SARS-CoV-2,S,1576,19,1,0.01032275235835157,0.004229632024171044,0.0007011947456736928,0.005456684523987563,0.006612707244886408,0.000999000999000999,8.689626343857423
SARS-CoV-2,S,1585,19,1,0.1227215805402548,0.004354088176199901,0.0007045013881206391,0.005504990132759234,0.007039513437737152,0.000999000999000999,168.01598174251657
SARS-CoV-2,S,1594,19,1,0.013477271870111596,0.00422034675298005,0.0006835048443528465,0.005346811314456424,0.0064174411993839315,0.000999000999000999,13.543320422104914
SARS-CoV-2,S,1603,19,1,0.036292575236707716,0.004381726181262524,0.0006934518052925554,0.005516241947373124,0.006806786324085004,0.000999000999000999,46.017399928726924
SARS-CoV-2,S,1612,19,1,0.025454841842067866,0.004274212265246345,0.0006796242122354257,0.005401559662911393,0.007198555843258951,0.000999000999000999,31.16520747127889
SARS-CoV-2,S,1621,19,1,0.03276487991016571,0.004353688510493484,0.0007103302211154902,0.005590175901263655,0.0071419616246711755,0.000999000999000999,39.99715984919773
SARS-CoV-2,S,1630,19,1,0.020573446005695016,0.0041210070563883275,0.0007004316468624852,0.005254846414491767,0.006992664721515255,0.000999000999000999,23.488999994508777
SARS-CoV-2,S,1639,19,2,0.48775256899820996,0.0061484283010330735,0.0006833656234895325,0.007304685080619836,0.008630474005213992,0.000999000999000999,704.7532450314336
SARS-CoV-2,S,1648,19,1,0.005336119034461664,0.003951262193947923,0.0006595125925494002,0.005032943954769496,0.006073222393181039,0.01898101898101898,2.099818648132953
SARS-CoV-2,S,1657,19,2,0.3822354885865469,0.006083802993333997,0.0006840931224750486,0.007267455224217854,0.008169232375850096,0.000999000999000999,549.8545055273999
SARS-CoV-2,S,1666,19,1,0.017963326217183183,0.004418082070971053,0.0006932896357946182,0.005631016824891409,0.006493417046832036,0.000999000999000999,19.53764119189113
SARS-CoV-2,S,1675,19,1,0.010108837174624956,0.004161934178741622,0.0006692537028866734,0.005339749908207687,0.00667740669257396,0.000999000999000999,8.885872383272176
SARS-CoV-2,S,1684,19,1,0.032425015019884124,0.004356954540907336,0.0006916932409006557,0.005493730502318097,0.006825547596740829,0.000999000999000999,40.57876934351604
SARS-CoV-2,S,1693,19,1,0.009582235396265236,0.004079703463126698,0.0007013148778453488,0.005309153754818149,0.006412141717481388,0.000999000999000999,7.846021960982744
SARS-CoV-2,S,1702,19,3,0.8683262048090713,0.007536669595089661,0.0006975543549756946,0.008764680637401039,0.010423204962764415,0.000999000999000999,1234.0106961900835
SARS-CoV-2,S,1711,19,1,0.022463663354193086,0.004429822466377455,0.0007051905044805227,0.005643908167107691,0.007005824613658465,0.000999000999000999,25.57300583776327
SARS-CoV-2,S,1720,19,1,0.014886404272683246,0.00421814053239034,0.0007033575875975413,0.005459879744211967,0.006584050622110784,0.000999000999000999,15.167624446524417
SARS-CoV-2,S,1729,19,1,0.016827907894040654,0.00431660910867371,0.0006843692278042457,0.005513758096473763,0.006663151556732393,0.000999000999000999,18.281504014300342
SARS-CoV-2,S,1738,19,1,0.008487464285634915,0.004101296768707978,0.0006852720490453381,0.0052711814554182185,0.006679358464340299,0.000999000999000999,6.40062223906165
SARS-CoV-2,S,1747,19,1,0.0282875025180469,0.004384444344009455,0.0006815593460160897,0.005506855009610052,0.006778592096538168,0.000999000999000999,35.071132563521715
SARS-CoV-2,S,1756,19,1,0.021054946134655243,0.004336024186519311,0.000677787003869282,0.005520408895643618,0.006534494916821737,0.000999000999000999,24.66692611792885
SARS-CoV-2,S,1765,19,1,0.00870945882954515,0.004054051669503087,0.0006801148170969603,0.005248531923665206,0.006790739285158172,0.000999000999000999,6.845031225629607
SARS-CoV-2,S,1774,19,1,0.00499563763650961,0.0038747862004128333,0.0006601061304759924,0.004964991706061384,0.0066278932771794904,0.04795204795204795,1.697986709028967
SARS-CoV-2,S,1783,19,1,0.008152585161095644,0.004019309317007204,0.0006722099334889648,0.005156743087457432,0.006541612035373919,0.000999000999000999,6.148787213892448
SARS-CoV-2,S,1792,19,1,0.008047208487947639,0.004044490581578535,0.000678246811067989,0.005171600639864968,0.0065073744037944595,0.000999000999000999,5.901565390431099
SARS-CoV-2,S,1801,19,1,0.03299081740124417,0.004379478712888451,0.0006504081931642241,0.0055047520076488485,0.006209055899957327,0.000999000999000999,43.98981899222713
SARS-CoV-2,S,1810,19,1,0.015526695046689031,0.004324213571907085,0.0006865738529596016,0.005510800537265069,0.006993954624791306,0.000999000999000999,16.316498839114846
SARS-CoV-2,S,1819,19,1,0.017977169131281792,0.004232978680453844,0.0006815971903482084,0.005402184345541763,0.006494411731802713,0.000999000999000999,20.164681787796745
SARS-CoV-2,S,1828,19,1,0.005299047992108963,0.003854975364092797,0.0006091727279982316,0.0048500162848538544,0.006071594606942105,0.00999000999000999,2.3705470741631065
SARS-CoV-2,S,1837,19,1,0.01233835630231375,0.004358632638729036,0.0006466394153603489,0.005462878525407917,0.006562994025756595,0.000999000999000999,12.340298896159771
SARS-CoV-2,S,1846,19,1,0.01760872640170362,0.004404970687411045,0.0007110291781541755,0.0056075602175329605,0.006927406406719365,0.000999000999000999,18.56992106648758
SARS-CoV-2,S,1855,19,2,0.38112276782280646,0.0061647924968804635,0.0007194098851168504,0.007384220950608956,0.008504547996765331,0.000999000999000999,521.2021450956618
SARS-CoV-2,S,1864,19,1,0.009553974995224344,0.004339284542359276,0.000689357794776121,0.005535407473245625,0.006324358592385282,0.000999000999000999,7.564562977863497
SARS-CoV-2,S,1873,19,1,0.009625507822995415,0.004225839548895697,0.0006979792881068327,0.005427385414016205,0.006542036720806204,0.000999000999000999,7.736143988950636
SARS-CoV-2,S,1882,19,1,0.009114355982877033,0.004100436157837722,0.0006609477186513943,0.005146633231150929,0.006338733729503401,0.000999000999000999,7.585955263254063
SARS-CoV-2,S,1891,19,1,0.01009853522321544,0.0042299751895675895,0.0006573192786916934,0.0053786196496774345,0.006155843800863841,0.000999000999000999,8.928020558484818
SARS-CoV-2,S,1900,19,1,0.007262945131643117,0.0039825357584682445,0.000675428990806188,0.005101788121205982,0.006196583079819568,0.000999000999000999,4.856779051280277
SARS-CoV-2,S,1909,19,1,0.008701935489238576,0.004173533124437311,0.0006830770964978065,0.005332845972685787,0.0060892932144977156,0.000999000999000999,6.62941619330931
SARS-CoV-2,S,1918,19,1,0.011233628205326078,0.0043372362186829974,0.000669650684323341,0.005501251142684533,0.006814863678001725,0.000999000999000999,10.298491658545302
SARS-CoV-2,S,1927,19,1,0.008995910699059067,0.004148411732545281,0.0006787501506227924,0.0053093050307583345,0.006169384023301959,0.000999000999000999,7.141801680730275
SARS-CoV-2,S,1936,19,1,0.009969392341210543,0.004277981169549905,0.0006641331716533038,0.005451598194161435,0.006286031845386881,0.000999000999000999,8.569683633618764
SARS-CoV-2,S,1945,19,1,0.00841356439190235,0.00406967144369217,0.0006795700984762392,0.005213635654942244,0.006225397716114277,0.000999000999000999,6.392119014580305
SARS-CoV-2,S,1954,19,1,0.01775967077738536,0.004385922898409806,0.0006915318357172558,0.0055612424897602914,0.007004977914777012,0.000999000999000999,19.339309035721143
SARS-CoV-2,S,1963,19,2,0.7748749147375285,0.006036949569307806,0.0006862403667741372,0.0072143169877416655,0.008501673613857874,0.000999000999000999,1120.3624887040037
SARS-CoV-2,S,1972,19,2,0.15192908747528933,0.006197653715319463,0.0007137534311036399,0.0073588303234917544,0.008456045856848383,0.000999000999000999,204.17615861353255
SARS-CoV-2,S,1981,19,1,0.023120662968184266,0.004256013926585647,0.0006928845551537753,0.005461150118268477,0.006824505013116256,0.000999000999000999,27.22625133044262
SARS-CoV-2,S,1990,19,1,0.011527085351547034,0.004301729708708865,0.0006831939428808545,0.00545713771232939,0.0065175620949249075,0.000999000999000999,10.57584850997169
SARS-CoV-2,S,1999,19,1,0.01070618960108599,0.004173813640914377,0.0006973518793383129,0.005350602218401471,0.007058638682564873,0.000999000999000999,9.367402818746115
SARS-CoV-2,S,2008,19,1,0.01589135415482229,0.004296619466183517,0.0006783513153341697,0.005480534521254482,0.006182721012412677,0.000999000999000999,17.092521863729225
SARS-CoV-2,S,2017,19,1,0.022219522860856714,0.0043861313403348945,0.0007007334046172616,0.005580278840390971,0.006334900734118453,0.000999000999000999,25.44960951342453
SARS-CoV-2,S,2026,19,2,0.10462955577879023,0.00621545047440734,0.0007115991673690652,0.0074128659740281344,0.008771356647358508,0.000999000999000999,138.29991632542368
SARS-CoV-2,S,2035,19,5,0.9500012159711266,0.009756551020904386,0.0007275911170787302,0.010938816578740159,0.012038170158355573,0.000999000999000999,1292.2706763178935
SARS-CoV-2,S,2044,19,1,0.032316634878276164,0.00436295445811615,0.0006765645211088178,0.005475876937590381,0.006632511935695381,0.000999000999000999,41.317094745593344
SARS-CoV-2,S,2053,19,1,0.01610455759943785,0.004223111291647482,0.0006700326118129069,0.0053891021808818,0.0066873950581699945,0.000999000999000999,17.732638827299382
SARS-CoV-2,S,2062,19,1,0.06283670725503178,0.004355143480656468,0.000698966928849602,0.005491635436592891,0.0065605853464047416,0.000999000999000999,83.66857051538543
SARS-CoV-2,S,2071,19,1,0.01951687115171582,0.0043676338381500555,0.0006837862131203373,0.0055265152710066885,0.007363700826054663,0.000999000999000999,22.154932379281092
SARS-CoV-2,S,2080,19,1,0.006033683257915117,0.004110480887052319,0.0006617662781288289,0.005228502269377395,0.006175189039581349,0.005994005994005994,2.906165566944164
SARS-CoV-2,S,2089,19,1,0.01489701313925677,0.00424106001224215,0.0007100312974602035,0.005402684638947715,0.006984149067533271,0.000999000999000999,15.007723131545305
SARS-CoV-2,S,2098,19,2,0.3635780135748039,0.006098239625226604,0.0007224757514491535,0.007295725351435084,0.009108461593509523,0.000999000999000999,494.7983004724222
SARS-CoV-2,S,2107,19,1,0.013584318004181932,0.0043311988925772696,0.0007142905710500429,0.0054925710318378266,0.006865801380593828,0.000999000999000999,12.954278674016535
SARS-CoV-2,S,2116,19,1,0.014021802957427918,0.004329620444582242,0.0006842003173010704,0.0055373982309512475,0.006399336207522441,0.000999000999000999,14.165708883442099
SARS-CoV-2,S,2125,19,1,0.010546527968859656,0.004185846127393123,0.0006642665298641427,0.00530714047311334,0.007667666401527565,0.000999000999000999,9.575496514580426
SARS-CoV-2,S,2134,19,1,0.020441598595681496,0.004179214274980107,0.0006995986501906686,0.005376957656365697,0.007414070297314467,0.000999000999000999,23.245305456591772
SARS-CoV-2,S,2143,19,2,0.8094879517786919,0.006144274153247952,0.0006932016027318723,0.00733936646390048,0.008476132669481957,0.000999000999000999,1158.8889501402007
SARS-CoV-2,S,2152,19,1,0.015114653899176511,0.004226642416078299,0.0006742345240157015,0.005413369296473565,0.006323641442241662,0.000999000999000999,16.148700630531128
SARS-CoV-2,S,2161,19,2,0.12468271408822176,0.006230045248618112,0.0007259617911927141,0.007413415364704489,0.00913146840557343,0.000999000999000999,163.16653338599627
SARS-CoV-2,S,2170,19,1,0.010379335931505893,0.0041485183629807664,0.0006682787719344773,0.005231423766465101,0.007010606748995737,0.000999000999000999,9.323680221786304
SARS-CoV-2,S,2179,19,1,0.032198230087144925,0.004301535141346849,0.0007054362861795602,0.005490481865033405,0.0071138997017849035,0.000999000999000999,39.54530762356802
SARS-CoV-2,S,2188,19,1,0.023148418025295367,0.0043856383297069335,0.0006881689544973144,0.005565627298078491,0.006628616374990973,0.000999000999000999,27.264786609407643
SARS-CoV-2,S,2197,19,1,0.04902373109263295,0.004370548235000587,0.0006888013298565632,0.0055634410022960944,0.007289897196489466,0.000999000999000999,64.82737608379908
SARS-CoV-2,S,2206,19,1,0.011887871010119615,0.0041630283310204125,0.0007081991644970173,0.005329045417220775,0.006488491755943,0.000999000999000999,10.907726337951274
SARS-CoV-2,S,2215,19,1,0.006779869896339153,0.004152920729288891,0.0006567993850186143,0.0052313762106280335,0.006445095900604848,0.000999000999000999,3.9996218433971467
SARS-CoV-2,S,2224,19,1,0.01952659743405899,0.004161026363013082,0.0006579629534469943,0.005229062552526114,0.006445105249116245,0.000999000999000999,23.353246547617
SARS-CoV-2,S,2233,19,1,0.015993868571026373,0.004342742176582756,0.0006793420400846102,0.005508541208896131,0.00673252974764432,0.000999000999000999,17.15060412423836
SARS-CoV-2,S,2242,19,1,0.00852452124840898,0.004199783019814521,0.0006602267634960886,0.005299684838000919,0.006094133242196431,0.000999000999000999,6.5503830921572135
SARS-CoV-2,S,2251,19,1,0.023107812272167988,0.0043250764345218184,0.0006860129828027038,0.0055152470090520985,0.006865530496091246,0.000999000999000999,27.3795632276657
SARS-CoV-2,S,2260,19,1,0.024265752747288052,0.004225331427766985,0.0006645604501893052,0.0053879390731326245,0.006972700163295348,0.000999000999000999,30.155904272985847
SARS-CoV-2,S,2269,19,1,0.005089738525730248,0.004043110495835911,0.0006747483449020209,0.005174227292464513,0.0065845443158973165,0.061938061938061936,1.5511383433572055
SARS-CoV-2,S,2278,19,1,0.013004950934230224,0.004124072867049212,0.0006575007087202756,0.005225144593148245,0.006228544057673696,0.000999000999000999,13.507024326203817
SARS-CoV-2,S,2287,19,2,0.7646769798437205,0.006180805011415234,0.0006798072595212049,0.007320784872764078,0.009067837175816232,0.000999000999000999,1115.7518020130026
SARS-CoV-2,S,2296,19,1,0.0051936953723452205,0.0040261541387551746,0.0006694749201215238,0.005130555740171932,0.006314876571589479,0.04495504495504495,1.7439656042352008
SARS-CoV-2,S,2305,19,1,0.014953874696289126,0.004287290630040232,0.0006594065184577159,0.00538357708316037,0.0069173581642682684,0.000999000999000999,16.17603673557389
SARS-CoV-2,S,2314,19,1,0.0054277387733543325,0.004091630936472843,0.0006739839957299791,0.005225471683434601,0.0063479328474820304,0.03296703296703297,1.9824029136394807
SARS-CoV-2,S,2323,19,1,0.01019858092428975,0.004110056966850718,0.0006852308317990781,0.005263910226379507,0.00672103523852505,0.000999000999000999,8.88536194650432
SARS-CoV-2,S,2332,19,1,0.03143903324630331,0.004362031582684224,0.0007182914710386884,0.0055420893831269104,0.007413689441188884,0.000999000999000999,37.69639868403877
SARS-CoV-2,S,2341,19,1,0.008000789826167419,0.0042586266755722645,0.0006901163316392855,0.005512096219932961,0.006748042711437314,0.000999000999000999,5.422510639193411
SARS-CoV-2,S,2350,19,1,0.007674501883976028,0.004074306183372379,0.0006720765180565297,0.005222751539629563,0.007076967469964446,0.000999000999000999,5.356824117311043
SARS-CoV-2,S,2359,19,1,0.014059403708718327,0.004279607711526109,0.0006674512190245223,0.0053967022996408735,0.0065916305944421555,0.000999000999000999,14.65245057381925
SARS-CoV-2,S,2368,19,1,0.014341148953536855,0.004274786980438954,0.0006841352135123195,0.005428679881846481,0.006765960552202503,0.000999000999000999,14.71399479851015
SARS-CoV-2,S,2377,19,1,0.0062714111688271955,0.0041412826620520135,0.0006735901917172209,0.005295956194150154,0.006604121577678247,0.002997002997002997,3.1623508373017235
SARS-CoV-2,S,2386,19,2,0.7696594794813046,0.006062324879060826,0.0006820369663869689,0.007191187562489917,0.008214269911610872,0.000999000999000999,1119.5832370308794
SARS-CoV-2,S,2395,19,1,0.008285103245582914,0.004090440945980844,0.0006785010071480975,0.0052705394153888495,0.006407808383095392,0.000999000999000999,6.182249186678796
SARS-CoV-2,S,2404,19,1,0.010319555392721868,0.0040085839887277225,0.0006807518439945999,0.0051496521723506435,0.0062138949253328565,0.000999000999000999,9.270590244694525
SARS-CoV-2,S,2413,19,1,0.0107481580000098,0.004165325975427371,0.0006659663793307707,0.005319406969846702,0.006151466977482754,0.000999000999000999,9.88463115990557
SARS-CoV-2,S,2422,19,1,0.013421058751236744,0.004351455427492892,0.0006894035105988355,0.005544216382672219,0.006587285496544443,0.000999000999000999,13.155725470364573
SARS-CoV-2,S,2431,19,1,0.015971171786880872,0.004343717918627138,0.0006739873251685627,0.005477073989591658,0.006961574638860719,0.000999000999000999,17.251739660453904
SARS-CoV-2,S,2440,19,1,0.009678055782300271,0.004292774464716127,0.000664542656105656,0.005380519476871868,0.006838627366623939,0.000999000999000999,8.103740622374639
SARS-CoV-2,S,2449,19,1,0.010826968091583152,0.004253391246691019,0.0006676707093550214,0.005384697821606034,0.006304775292602463,0.000999000999000999,9.845537257793282
SARS-CoV-2,S,2458,19,1,0.0215088395527599,0.004367664027370552,0.00072065298309361,0.005617939529498061,0.0069786374961721305,0.000999000999000999,23.78561655542717
SARS-CoV-2,S,2467,19,1,0.013561105388759298,0.004301709427429687,0.000685293779691754,0.005458094207994102,0.0073056265624134795,0.000999000999000999,13.511571585392907
SARS-CoV-2,S,2476,19,1,0.009056149110581384,0.004225025190584832,0.0006876453757272947,0.005392411163166964,0.0070732905843617876,0.000999000999000999,7.025603734900227
SARS-CoV-2,S,2485,19,1,0.010471597334920698,0.004295853330121774,0.0006460107511211882,0.005394664859675002,0.006555508156688277,0.000999000999000999,9.559816139407232
SARS-CoV-2,S,2494,19,1,0.010009068112456686,0.0042287166250587075,0.0007022803375726541,0.0054292727593804645,0.006671377221607036,0.000999000999000999,8.230832016993462
SARS-CoV-2,S,2503,19,1,0.012374926983275412,0.004183883656335372,0.0006915795610619593,0.005410023809116026,0.0062452828995885855,0.000999000999000999,11.84396385914331
SARS-CoV-2,S,2512,19,1,0.03316314904530003,0.004305834941320471,0.0007012393905022883,0.0055043394202811645,0.0064552679043821575,0.000999000999000999,41.15187266264301
SARS-CoV-2,S,2521,19,1,0.0063770520534901405,0.004196079809300192,0.0006746103022859817,0.005317322794870795,0.0067589419926473255,0.002997002997002997,3.232936462428034
SARS-CoV-2,S,2530,19,1,0.028677988139852957,0.004361731209622315,0.000704583303775619,0.005538171951919589,0.007103977720739632,0.000999000999000999,34.51154292179251
SARS-CoV-2,S,2539,19,1,0.013855444904641629,0.004345162217219466,0.0006970075532815896,0.005475451070620584,0.007016392480992322,0.000999000999000999,13.644447097662983
SARS-CoV-2,S,2548,19,1,0.006258394276469728,0.004129817674856497,0.000677194277334844,0.005317396844924392,0.006825118874941524,0.002997002997002997,3.1432288677784253
SARS-CoV-2,S,2557,19,1,0.01254806493685379,0.004262516540062405,0.0006610545091518734,0.005360139037510573,0.006870361541276046,0.000999000999000999,12.533835382836529
SARS-CoV-2,S,2566,19,2,0.4882770592489394,0.006193228029841062,0.0007064754728274215,0.007429560290953384,0.008209383367114142,0.000999000999000999,682.3787233401409
SARS-CoV-2,S,2575,19,2,0.08279413446752835,0.006143393481335153,0.0006966378458024782,0.007329164751793996,0.008340850322517423,0.000999000999000999,110.02953894630416
SARS-CoV-2,S,2584,19,1,0.004291453158966358,0.003889942748412513,0.0006614884873283655,0.0050149106177298135,0.006080891022380311,0.27472527472527475,0.6069801942819509
SARS-CoV-2,S,2593,19,1,0.05457742866068117,0.004369857406383152,0.0007256836898015489,0.005546138069503327,0.006571351189419525,0.000999000999000999,69.18657806409865
SARS-CoV-2,S,2602,19,1,0.02053001635841387,0.004326632747889871,0.0007002454414289427,0.005547604134480871,0.006840650502278786,0.000999000999000999,23.13957742796421
SARS-CoV-2,S,2611,19,1,0.01308316314312809,0.0043185841707624436,0.0006911783453244907,0.005519169188295175,0.006636657277678567,0.000999000999000999,12.68063305462919
SARS-CoV-2,S,2620,19,1,0.009835995821356988,0.004125300855710957,0.0006845919755443364,0.005289791974437499,0.006259227134817284,0.000999000999000999,8.341749786221659
SARS-CoV-2,S,2629,19,1,0.010692719972318387,0.004363003915852074,0.0006862198595946771,0.005571756344184435,0.006571245023978192,0.000999000999000999,9.22403507850243
SARS-CoV-2,S,2638,19,1,0.029967119349134055,0.004328484885675626,0.0006740865094366667,0.005458483912746184,0.006777202646703067,0.000999000999000999,38.03463517595776
SARS-CoV-2,S,2647,19,1,0.00822633998753119,0.00428108997789657,0.0006681063600015616,0.005373736357194847,0.0073400070606259495,0.000999000999000999,5.905122665836317
SARS-CoV-2,S,2656,19,2,0.10598869388961363,0.005991733147510857,0.0007114042889470033,0.007226698518176025,0.008403032719591154,0.000999000999000999,140.56277463566448
SARS-CoV-2,S,2665,19,1,0.007954639062044685,0.0040286750448545565,0.0006595494584270374,0.005121548078229416,0.006613980683120539,0.000999000999000999,5.95249373193813
SARS-CoV-2,S,2674,19,1,0.009718939857305157,0.004287653196018697,0.0006611995438726877,0.005431369280105934,0.006767201633563153,0.000999000999000999,8.214292813142412
SARS-CoV-2,S,2683,19,1,0.006570098739871738,0.003928431508574673,0.0006551543229148371,0.0050246956874166315,0.00636657986511676,0.000999000999000999,4.032129742415592
SARS-CoV-2,S,2692,19,1,0.006170194297081722,0.004100205601993233,0.0006705836680951137,0.005218938233295958,0.0064646863821479555,0.004995004995004995,3.086846270754818
SARS-CoV-2,S,2701,19,1,0.009897791080292715,0.004098523373337318,0.0006561417656339456,0.00519656114247522,0.006038827281035008,0.000999000999000999,8.83843707365939
SARS-CoV-2,S,2710,19,1,0.019455872506333082,0.0042419633368106936,0.0006670565432095895,0.005359381572961187,0.006446766846521331,0.000999000999000999,22.807525575447613
SARS-CoV-2,S,2719,19,1,0.02297092701249677,0.00427224861348221,0.0006787945446594758,0.005433171558323478,0.006765772523956358,0.000999000999000999,27.546889623862466
SARS-CoV-2,S,2728,19,1,0.00831540858014026,0.004129069351665896,0.0006843490592209734,0.005311128293735574,0.006914398967176578,0.000999000999000999,6.117257227239956
SARS-CoV-2,S,2737,19,1,0.006971607322543366,0.00402568632555691,0.0006898282549476073,0.005159073684854893,0.006367307420058584,0.000999000999000999,4.2705136762051
SARS-CoV-2,S,2746,19,1,0.009258019114321722,0.004020501860151972,0.0006758606174409169,0.005247405124985447,0.006958508045035812,0.000999000999000999,7.749404417143166
SARS-CoV-2,S,2755,19,1,0.01170035096267174,0.004193173145890101,0.000670875719237136,0.005303973345410289,0.0069477876908702,0.000999000999000999,11.190117038843164
SARS-CoV-2,S,2764,19,1,0.013217748909673968,0.004253840762107723,0.0007097942090238428,0.005506708982393428,0.006733040923647576,0.000999000999000999,12.628883179948762
SARS-CoV-2,S,2773,19,1,0.022167802949801103,0.004271498359786994,0.000684635736599121,0.005390382978456221,0.0068012067418874314,0.000999000999000999,26.139892549157192
SARS-CoV-2,S,2782,19,2,0.31663536614201293,0.006050157322192826,0.0007033798640762117,0.007212828228523781,0.0088680939975902,0.000999000999000999,441.5611317331768
SARS-CoV-2,S,2791,19,1,0.009139096180169008,0.004235792080720577,0.0006676274658507125,0.005408330909272604,0.006247574718946209,0.000999000999000999,7.344371450027872
SARS-CoV-2,S,2800,19,1,0.0379795565585125,0.004363161646306349,0.0007129389970063104,0.005553619503187605,0.006789508693219789,0.000999000999000999,47.15185317869294
SARS-CoV-2,S,2809,19,2,0.37672260047462397,0.006172676567266913,0.0006934294849148876,0.007334672197159337,0.008466509711683024,0.000999000999000999,534.3728987134702
SARS-CoV-2,S,2818,19,1,0.016907087344130895,0.0043535708762980265,0.0006931515928301315,0.005532012636494507,0.006530977728449961,0.000999000999000999,18.110780668593687
SARS-CoV-2,S,2827,19,1,0.009419674054130765,0.004219660929940136,0.0006842066731829612,0.00536420007630089,0.006435897503596314,0.000999000999000999,7.600061981272305
SARS-CoV-2,S,2836,19,1,0.016709777313079505,0.004258844949042211,0.0006758552860000897,0.005409148205462875,0.00655704031097538,0.000999000999000999,18.42248277397603
SARS-CoV-2,S,2845,19,2,0.30963176395240494,0.006185484972602009,0.0007286303604657215,0.007420183369803164,0.008496891958569775,0.000999000999000999,416.46120645569584
SARS-CoV-2,S,2854,19,2,0.7705402517331421,0.006173668344317356,0.0007103886688711601,0.00737863324554655,0.008829262023877278,0.000999000999000999,1075.9836366808017
SARS-CoV-2,S,2863,19,2,0.19179500714479877,0.006101851532141724,0.0007197786027144116,0.007333077888050539,0.008715495747462004,0.000999000999000999,257.98649044633385
SARS-CoV-2,S,2872,19,1,0.016419624141093665,0.00434958792155595,0.0006720987519487022,0.0054823712065965105,0.006429457955652791,0.000999000999000999,17.95872434600051
SARS-CoV-2,S,2881,19,1,0.032410979490232986,0.004322561751818632,0.0006741470058186881,0.005452820309313625,0.006653183235109118,0.000999000999000999,41.66512273432649
SARS-CoV-2,S,2890,19,1,0.007144573598604493,0.004064472680950115,0.0006732910360027825,0.005170870717815606,0.00658447113562031,0.000999000999000999,4.574694675783042
SARS-CoV-2,S,2899,19,2,0.7704485714815753,0.006069120353757614,0.0006902281315187637,0.007245417793924606,0.008685871638534117,0.000999000999000999,1107.4301614538558
SARS-CoV-2,S,2908,19,1,0.01793981485743433,0.004009039619698553,0.0006732638978024771,0.005209014836464221,0.0068055377285927785,0.000999000999000999,20.691403895568456
SARS-CoV-2,S,2917,19,1,0.004099376015721692,0.003753471858098079,0.0006201035997505677,0.004815746640082567,0.006111452638309557,0.2777222777222777,0.5578167225004832
SARS-CoV-2,S,2926,19,1,0.028959845413508618,0.004287951433773426,0.0006933078760871852,0.005471515463582638,0.007283612215963548,0.000999000999000999,35.585769079929854
SARS-CoV-2,S,2935,19,2,0.4872400621190039,0.006147667474341418,0.0007022699485756992,0.007318485008582651,0.00841191318818077,0.000999000999000999,685.0533696057827
SARS-CoV-2,S,2944,19,2,0.810814350170984,0.005981601771909403,0.000702372093608391,0.0071415186164885,0.008530139773658553,0.000999000999000999,1145.8780263667632
SARS-CoV-2,S,2953,19,1,0.00982495236291669,0.0042004663742196925,0.0006843440588059735,0.005361571053527235,0.00683940597708071,0.000999000999000999,8.218798594540969
SARS-CoV-2,S,2962,19,1,0.0258335284910421,0.004290963325853606,0.0006993246789754421,0.005545349975125079,0.0069500376033867824,0.000999000999000999,30.80481186042198
SARS-CoV-2,S,2971,19,1,0.005821020378260813,0.00406071613120531,0.0006623479425472488,0.0051526970021913325,0.006760316376770713,0.007992007992007992,2.6576730053478363
SARS-CoV-2,S,2980,19,1,0.011723973241010332,0.004114799486480895,0.0006438239214361289,0.005180450052231374,0.006220875526037743,0.000999000999000999,11.818718598644539
SARS-CoV-2,S,2989,19,1,0.00708887873784113,0.004103400500185419,0.0006718682261885018,0.005203213693140297,0.006730889561804017,0.000999000999000999,4.443547292885516
SARS-CoV-2,S,2998,19,1,0.0054568245263987725,0.0038556587725316394,0.0006421048781901666,0.004949994967518753,0.0060954692182107655,0.013986013986013986,2.4936202920310624
SARS-CoV-2,S,3007,19,1,0.007019363642863556,0.004056642272362156,0.0006942852299429359,0.005208769370319107,0.0065585270285287815,0.000999000999000999,4.267297131965358
SARS-CoV-2,S,3016,19,1,0.009112085986740159,0.004261876428333707,0.0006930557935370591,0.005446247358809462,0.007168985524766875,0.000999000999000999,6.998295957751201
SARS-CoV-2,S,3025,19,1,0.004870701290321108,0.004066039545701237,0.0006843729176276334,0.005201025193205709,0.006738500467861757,0.12487512487512488,1.1757650308682823
SARS-CoV-2,S,3034,19,1,0.006136126334906622,0.0039553888470476315,0.0006723875464552832,0.005103082927415467,0.006489186014736703,0.002997002997002997,3.243274655153089
SARS-CoV-2,S,3043,19,1,0.00803155741194126,0.004077404910955392,0.00068232369817264,0.005252453143729997,0.006464711735745123,0.000999000999000999,5.795127021933507
SARS-CoV-2,S,3052,19,1,0.014174298185415116,0.0043287268519274285,0.0006830777741024681,0.005502581116735696,0.0066239679346324866,0.000999000999000999,14.413543679450413
SARS-CoV-2,S,3061,19,1,0.008862198878598019,0.004098184617650347,0.0006761990255208189,0.005226277983292845,0.006410374861032771,0.000999000999000999,7.045284126634691
SARS-CoV-2,S,3070,19,1,0.02050099455165833,0.004403617489513145,0.0007008544821225323,0.005571299069017781,0.006457019123342745,0.000999000999000999,22.968215903242008
SARS-CoV-2,S,3079,19,2,0.3099041028798304,0.0058541798984633395,0.0007124778337177325,0.007027871444200542,0.008296206776542499,0.000999000999000999,426.75001044569296
SARS-CoV-2,S,3088,19,1,0.01127379350063955,0.003991259530536272,0.0006664432778461754,0.005100369507791634,0.006469607820169021,0.000999000999000999,10.927462564614824
SARS-CoV-2,S,3097,19,1,0.004705695854683215,0.003850134729067832,0.0006405586445587225,0.0049480107454543615,0.006314942785396742,0.0969030969030969,1.3356483951672755
SARS-CoV-2,S,3106,19,1,0.005458072110892033,0.003880988389618326,0.0006472811170833353,0.004963313904962516,0.0059898149068379715,0.01098901098901099,2.4364741681019293
SARS-CoV-2,S,3115,19,1,0.007102706885255455,0.004094467340443978,0.0006678562549342735,0.0052603457730644254,0.006533359237683232,0.000999000999000999,4.504321884516198
SARS-CoV-2,S,3124,19,1,0.005556449119861872,0.003954692415925231,0.0006564982008841338,0.00507079373028231,0.005896826210249183,0.015984015984015984,2.43984934273923
SARS-CoV-2,S,3133,19,1,0.011837628786790204,0.004238931235105955,0.0006795450210771497,0.005464264566287114,0.006524337203020735,0.000999000999000999,11.182036974738658
SARS-CoV-2,S,3142,19,1,0.01136237169525123,0.004186883991354947,0.0006878793978802495,0.00537989553690212,0.006513275757994307,0.000999000999000999,10.431316486593538
SARS-CoV-2,S,3151,19,1,0.011578046517482737,0.004206308488635218,0.0006892626963402507,0.005389761882569175,0.006630603702995525,0.000999000999000999,10.695106623336686
SARS-CoV-2,S,3160,19,1,0.00897372356146767,0.004070367575629979,0.0006773603460619631,0.005293174605154932,0.006035110628920753,0.000999000999000999,7.2389179767384055
SARS-CoV-2,S,3169,19,1,0.0068976671655789565,0.004075632060109529,0.0006774402655776839,0.005192358147445983,0.006136410149196036,0.000999000999000999,4.165732757356769
SARS-CoV-2,S,3178,19,2,0.11494200715730292,0.006197708432276417,0.0007102758071961089,0.00742583605117434,0.008332506206142598,0.000999000999000999,153.10151017856916
SARS-CoV-2,S,3187,19,1,0.008904039845791252,0.004287343173979804,0.0006896925052296216,0.005492895309942658,0.006916183333819016,0.000999000999000999,6.693847818854281
SARS-CoV-2,S,3196,19,1,0.006998437781387735,0.004211021028002042,0.0006792365490684085,0.005427778904492707,0.006505328403751089,0.000999000999000999,4.1037496542385865
SARS-CoV-2,S,3205,19,2,0.04582033443388907,0.005998541476663617,0.0006651593083864923,0.0071344020660270005,0.00843531790964202,0.000999000999000999,59.86805334472883
SARS-CoV-2,S,3214,19,1,0.01668531514817487,0.004290314214987646,0.0006614209598592152,0.005394017036113208,0.006355762846693661,0.000999000999000999,18.739957886767794
SARS-CoV-2,S,3223,19,1,0.022734554248524715,0.004346239202004724,0.0006684166985498117,0.005469607492895738,0.0068633830771042525,0.000999000999000999,27.51025682993116
SARS-CoV-2,S,3232,19,1,0.0190433135823008,0.004355566926104109,0.0006808994943309814,0.005501772566811173,0.0075486150279222685,0.000999000999000999,21.571093499824308
SARS-CoV-2,S,3241,19,1,0.009417127731920574,0.004141789194337105,0.0006760920999931578,0.005335669634523808,0.006579386310087693,0.000999000999000999,7.802692174094115
SARS-CoV-2,S,3250,19,1,0.008352861904406296,0.004304255859493093,0.0006652212190096637,0.005481131486355735,0.0067666117251981754,0.000999000999000999,6.08610478622509
SARS-CoV-2,S,3259,19,1,0.011027472072592073,0.004160033526787488,0.0006467112718483718,0.005217048896904504,0.006271793759854625,0.000999000999000999,10.619017859665089
SARS-CoV-2,S,3268,19,1,0.010988090197836935,0.004236356118043229,0.0006911427423512287,0.005417075509389611,0.006614816770935458,0.000999000999000999,9.768943036028544
SARS-CoV-2,S,3277,19,1,0.012539970165702477,0.004204901767064137,0.0006617502109431134,0.005333048785005311,0.0063248898762328235,0.000999000999000999,12.595490353919745
SARS-CoV-2,S,3286,19,1,0.006396371842698454,0.004050993022005212,0.0006515405815298409,0.005164355857558156,0.006326622839516155,0.000999000999000999,3.5997432657014357
SARS-CoV-2,S,3295,19,1,0.022505905177723027,0.004351855414240254,0.0006701956634999392,0.0055368853985047475,0.006588888169718858,0.000999000999000999,27.087686107483176
SARS-CoV-2,S,3304,19,2,0.28939526603533067,0.005992921033542998,0.0006890278587546308,0.00725834808225243,0.008122675642779296,0.000999000999000999,411.30752755631306
SARS-CoV-2,S,3313,19,1,0.007135452426543099,0.0039558252542772595,0.0006437979534429635,0.005043888566660246,0.00609612973322718,0.000999000999000999,4.938858775896272
SARS-CoV-2,S,3322,19,1,0.03344218687148439,0.004382517548523543,0.0006929177974676165,0.005589002211057684,0.006565486163528534,0.000999000999000999,41.938119397660515
SARS-CoV-2,S,3331,19,1,0.025019264969442123,0.004360378634830321,0.0006639648704839875,0.005469787513929438,0.006868891726220209,0.000999000999000999,31.114426761091757
SARS-CoV-2,S,3340,19,1,0.027098417197986373,0.004361355824921614,0.0006811630405095134,0.005437848520261146,0.006726223383934413,0.000999000999000999,33.3797637582587
SARS-CoV-2,S,3349,19,2,0.810480409391241,0.006165835034310801,0.0006858391502383933,0.007374441132972551,0.008837915667337272,0.000999000999000999,1172.7452042907664
SARS-CoV-2,S,3358,19,1,0.015254452561557065,0.004325162459690644,0.0006973669472829234,0.005511872085358147,0.006914338119040625,0.000999000999000999,15.672222700615581
SARS-CoV-2,S,3367,19,1,0.01187921781372122,0.0042133921747216346,0.0006695100781936507,0.005306394410707475,0.006374053536577296,0.000999000999000999,11.449903278053872
SARS-CoV-2,S,3376,19,1,0.006852987148253106,0.004145351559150859,0.0006830511951565206,0.005283019793734168,0.006590663463470951,0.000999000999000999,3.964030234193199
SARS-CoV-2,S,3385,19,1,0.0074299296268261926,0.004174396876257377,0.0006667412596872219,0.005316198866980403,0.006071848052302352,0.000999000999000999,4.882752796933602
SARS-CoV-2,S,3394,19,1,0.02476753658681244,0.004319292855493274,0.0006664282641185401,0.005462572343492238,0.006733833990575,0.000999000999000999,30.683338075952246
SARS-CoV-2,S,3403,19,1,0.006629548541086487,0.004121399152325896,0.000682786993580329,0.005293183360003184,0.006350701065795133,0.000999000999000999,3.673399482331396
SARS-CoV-2,S,3412,19,1,0.02182360671866423,0.004317490929587105,0.0006860239664886726,0.005533280375804936,0.0066960060705264016,0.000999000999000999,25.518227706649924
SARS-CoV-2,S,3421,19,2,0.3804742848060052,0.006129810842927377,0.0007034067992152921,0.007357538677363071,0.008598499123919433,0.000999000999000999,532.1877388457003
SARS-CoV-2,S,3430,19,2,0.7605682536108339,0.006126532983983198,0.0007115207109132554,0.007354933253907045,0.008616772678837318,0.000999000999000999,1060.3229239223479
SARS-CoV-2,S,3439,19,2,0.16964154248214527,0.00611949886642838,0.0006999242250635689,0.00726608156007775,0.008446278081595012,0.000999000999000999,233.62820968350596
SARS-CoV-2,S,3448,19,1,0.010244656038803845,0.0040817027249167226,0.0006720411625970369,0.005208509512305191,0.006654742704172464,0.000999000999000999,9.170499750448315
SARS-CoV-2,S,3457,19,1,0.011950766345784718,0.004261416167324831,0.0006770697968765801,0.005356996866472032,0.007013240743644628,0.000999000999000999,11.356805773838916
SARS-CoV-2,S,3466,19,1,0.005835420067542998,0.003933406493688883,0.0006704894360130527,0.005087764228998664,0.006067298149790896,0.003996003996003996,2.836753976563902
SARS-CoV-2,S,3475,19,1,0.020879428135471906,0.004165401324726579,0.0006718351744452672,0.00537945474473777,0.006757189772461313,0.000999000999000999,24.878165726505852
SARS-CoV-2,S,3484,19,1,0.015649177384205248,0.004359134612725205,0.0007018476705077893,0.005554055312625645,0.0072075808172589444,0.000999000999000999,16.08617260681603
SARS-CoV-2,S,3493,19,1,0.028261123996421143,0.004322204288042435,0.0006686417643249918,0.005410485053328568,0.0066425719228392415,0.000999000999000999,35.802309974677634
SARS-CoV-2,S,3502,19,1,0.014420076932335154,0.0042867834701410795,0.0006731059818347068,0.0054608349772718836,0.006869598708377352,0.000999000999000999,15.054528908766237
SARS-CoV-2,S,3511,19,1,0.012245472479151611,0.004229330885980096,0.0006716395919367033,0.005383285941053369,0.0064316984545125635,0.000999000999000999,11.935183228339186
SARS-CoV-2,S,3520,19,2,0.3100671099106581,0.006072465981461687,0.0006839046501387112,0.0072049873835718726,0.008576137265356968,0.000999000999000999,444.4985772030348
SARS-CoV-2,S,3529,19,1,0.020376375653616857,0.004407544058694264,0.0007015233860368735,0.005633129549143297,0.006786479418777313,0.000999000999000999,22.76307805664976
SARS-CoV-2,S,3538,19,1,0.01334864950294855,0.004307496688549701,0.0006815506115061879,0.005436580567203683,0.007395199053833889,0.000999000999000999,13.265563351808046
SARS-CoV-2,S,3547,19,1,0.010491997536147775,0.004279991543311354,0.0006842006931454496,0.005487650807638452,0.0067229040225556275,0.000999000999000999,9.079216164307294
SARS-CoV-2,S,3556,19,1,0.010561427338417355,0.004161627155444608,0.0006805285990969542,0.005351960508873338,0.006414539933978973,0.000999000999000999,9.404160517963733
SARS-CoV-2,S,3565,19,1,0.16708290963071976,0.004204203366251171,0.0007003419717899954,0.005381670726149325,0.006554056639578457,0.000999000999000999,232.5702482862321
SARS-CoV-2,S,3574,19,1,0.009434627585436213,0.004195979945682959,0.0006595935196477209,0.005287491761662258,0.006757068849403947,0.000999000999000999,7.942236367863556
SARS-CoV-2,S,3583,19,1,0.012341022343023,0.00424436304985571,0.0006701725740376506,0.005414851368372721,0.006701978800670093,0.000999000999000999,12.081454250487454
SARS-CoV-2,S,3592,19,1,0.033337817473430495,0.004376878017224761,0.0006951130254374393,0.005549260057181294,0.006806011853567564,0.000999000999000999,41.663640870461926
SARS-CoV-2,S,3601,19,1,0.012993157109206892,0.004396673567316589,0.0006948903958811929,0.005555886256518878,0.007260522861049383,0.000999000999000999,12.370992019524275
SARS-CoV-2,S,3610,19,1,0.020139633688602297,0.004336482439894915,0.0006913308698712243,0.005527982113783355,0.006661162634960074,0.000999000999000999,22.859027330359297
SARS-CoV-2,S,3619,19,1,0.00802011350974254,0.0042635459252860315,0.0006618293022255468,0.0053975248820479944,0.006315464573053771,0.000999000999000999,5.6760369657617495
SARS-CoV-2,S,3628,19,1,0.005847853599637428,0.00388226351431116,0.0006352496514154449,0.00492778437770863,0.006560472822983586,0.004995004995004995,3.0942009664178443
SARS-CoV-2,S,3637,19,2,0.37802090744790073,0.005851332341135234,0.0007087734557510967,0.007020064061542912,0.008253480055438016,0.000999000999000999,525.0896066816899
SARS-CoV-2,S,3646,19,1,0.008414460744447069,0.004208705048471472,0.0006979464515153206,0.005384156455162881,0.006989521865323969,0.000999000999000999,6.025900249001088
SARS-CoV-2,S,3655,19,1,0.03746806578467518,0.004373930771214345,0.0007276223783000807,0.005652299402645888,0.006893822928774264,0.000999000999000999,45.482568981423476
SARS-CoV-2,S,3664,19,1,0.016714723526059433,0.004303398308325006,0.0006735250294307799,0.005423115876370004,0.006756044351615768,0.000999000999000999,18.427414981479874
SARS-CoV-2,S,3673,19,1,0.009743742938335688,0.004215851129388943,0.0006817256053105371,0.00538858039667911,0.006263867938739587,0.000999000999000999,8.108675640001376
SARS-CoV-2,S,3682,19,1,0.0273204197431294,0.004406013500740247,0.0007059071397939509,0.005568976112166036,0.006838469663837475,0.000999000999000999,32.46093565377126
SARS-CoV-2,S,3691,19,1,0.00993524596367782,0.004178623170207382,0.0006928929795624409,0.005409866246309758,0.00626265545282519,0.000999000999000999,8.308098022736097
SARS-CoV-2,S,3700,19,1,0.014869279639030534,0.004261966897920036,0.0006865281421336121,0.005458280916373631,0.006435318534695056,0.000999000999000999,15.450659761950593
SARS-CoV-2,S,3709,19,1,0.014051387052085274,0.004389088125266518,0.0006990686463474233,0.0055192448114344764,0.007339452277380338,0.000999000999000999,13.821673990535093
SARS-CoV-2,S,3718,19,1,0.009818907331135381,0.004223613845311116,0.0006743995240817435,0.005386122043157766,0.006620907401389314,0.000999000999000999,8.29670438074933
SARS-CoV-2,S,3727,19,1,0.01638862264778503,0.004346106190808257,0.0006711138903969265,0.005477763468217902,0.006369575891302845,0.000999000999000999,17.944072726395653
SARS-CoV-2,S,3736,19,1,0.009066669831260343,0.0043134641587502095,0.0006646360871285372,0.005460844436543456,0.006834921710807336,0.000999000999000999,7.151591321268248
SARS-CoV-2,S,3745,19,1,0.03930925576341671,0.00437143978970844,0.0006775206724383893,0.005475657334287398,0.006957749726876964,0.000999000999000999,51.56715860486952
SARS-CoV-2,S,3754,19,1,0.0419311391135138,0.004341054185640505,0.0007112978835491687,0.005531347248900541,0.006524564157923632,0.000999000999000999,52.84717668539902
SARS-CoV-2,S,3763,19,1,0.017397990108815962,0.004266622444448976,0.0007003289403861958,0.0054377393697665165,0.006956583339032615,0.000999000999000999,18.750285625959858
SARS-CoV-2,S,3772,19,1,0.051125854688828,0.004368542153598911,0.0007245113052540095,0.005564938187714648,0.006752812160337884,0.000999000999000999,64.53634635671592
SARS-CoV-2,S,3781,19,1,0.0183749744813047,0.004346191188169939,0.0007044696576491286,0.005556657631626274,0.006968180549882056,0.000999000999000999,19.91396384615049
SARS-CoV-2,S,3790,19,1,0.03196809788819615,0.004343758866786222,0.0006766632396084551,0.005528307224769576,0.006806703973497045,0.000999000999000999,40.82435309681444
SARS-CoV-2,S,3799,19,1,0.011268040284535244,0.00420114048187884,0.0006868511531539264,0.005361568552983649,0.006612237487437871,0.000999000999000999,10.288837356108624
SARS-CoV-2,S,3808,19,1,0.03608427102750188,0.004401900748725971,0.0007083833708440743,0.0055915254265204535,0.00690331913755538,0.000999000999000999,44.724892738553095
SARS-CoV-2,M,1,19,4,0.7361042483524312,0.008706302736660598,0.0007193193905669104,0.009870755049959209,0.01091415893692896,0.000999000999000999,1011.2308317484578
SARS-CoV-2,M,10,19,1,0.014659006708965553,0.004303709631453396,0.0006653655136532693,0.005380692574296076,0.006663467522692617,0.000999000999000999,15.563321009312842
SARS-CoV-2,M,19,19,1,0.00764953697804188,0.0042212465994076,0.0006512403845683802,0.005334376659412196,0.006426639113305978,0.000999000999000999,5.2642472117364685
SARS-CoV-2,M,28,19,1,0.007068921626156374,0.004290291010571209,0.0006825751650799588,0.0054104825534518316,0.006582964301091404,0.000999000999000999,4.070805323337055
SARS-CoV-2,M,37,19,1,0.007315018877442888,0.004180360745653841,0.0006818355403227438,0.005361644769976119,0.006440071870945722,0.000999000999000999,4.597381547910029
SARS-CoV-2,M,46,19,1,0.020301896882387132,0.00435650390021784,0.0006743772612373206,0.005422317211227683,0.007082352918973332,0.000999000999000999,23.644618374162437
SARS-CoV-2,M,55,19,2,0.7603438192775054,0.006210451143777043,0.000705586305433474,0.007412440533136594,0.008206479328854602,0.000999000999000999,1068.8038618754508
SARS-CoV-2,M,64,19,1,0.021629309305327762,0.004319932824627979,0.00068741644741024,0.005485360314331781,0.0067055839718392725,0.000999000999000999,25.180335073318087
SARS-CoV-2,M,73,19,1,0.026034378443419676,0.004346673671666842,0.0006819288592024045,0.005522573558981878,0.006456600255635795,0.000999000999000999,31.80347110858329
SARS-CoV-2,M,82,19,2,0.37805989420620956,0.0061945557810234204,0.000699099310158012,0.007405478748019096,0.008301195147407642,0.000999000999000999,531.9206198918095
SARS-CoV-2,M,91,19,1,0.042148452434544965,0.004375729967995745,0.0006704511002085473,0.005552037526736014,0.007000926590019652,0.000999000999000999,56.33926539131611
SARS-CoV-2,M,100,19,1,0.02247434425278976,0.004343810278590646,0.000703209067804984,0.0054975116414587785,0.007369359329658036,0.000999000999000999,25.78256567537199
SARS-CoV-2,M,109,19,1,0.011206362967765372,0.0042318081013226405,0.0006677476573363788,0.005327606366233291,0.0065052573858621265,0.000999000999000999,10.444896046904871
SARS-CoV-2,M,118,19,1,0.03210268152925156,0.004402625061135733,0.0006942189456113252,0.005599248679178799,0.0070896081258113725,0.000999000999000999,39.90103791207156
SARS-CoV-2,M,127,19,1,0.004117985800996768,0.003950800040652328,0.0006702541647068292,0.005074909770746296,0.00622899921773327,0.3926073926073926,0.24943636182785658
SARS-CoV-2,M,136,19,1,0.007106626512078092,0.004083170558835588,0.0006800563855348104,0.005287157640379095,0.006149500119230798,0.000999000999000999,4.445890101987346
SARS-CoV-2,M,145,19,1,0.00859535341355046,0.0038928673746730365,0.0006438956910842138,0.004953779490310345,0.006850665848076615,0.000999000999000999,7.303179853493372
SARS-CoV-2,M,154,19,2,0.4786870803903966,0.0061331769095247755,0.0007037801716389897,0.007318977646114494,0.00828356295894009,0.000999000999000999,671.4510049073571
SARS-CoV-2,M,163,19,1,0.048344379759885044,0.004376022469944472,0.0006822028414921133,0.005500684096012332,0.006768846504684545,0.000999000999000999,64.45056311077953
SARS-CoV-2,M,172,19,1,0.021113465538783793,0.004358292443932082,0.0006845810139272846,0.0054722674857410674,0.006341827006822399,0.000999000999000999,24.475077096764803
SARS-CoV-2,M,181,19,2,0.7623033924984582,0.006021417470263649,0.0007305322346005512,0.007264636912324718,0.008760813371247003,0.000999000999000999,1035.2479181725953
SARS-CoV-2,M,190,19,1,0.012097106250845332,0.004236400352920167,0.0006739191453938601,0.005388391780604532,0.006468399991587085,0.000999000999000999,11.664167655203082
SARS-CoV-2,M,199,19,1,0.017909560360020463,0.0043448259639038995,0.0007057319012449857,0.005551169117783642,0.006531625470119739,0.000999000999000999,19.220803781417473
SARS-CoV-2,M,208,19,1,0.04761501140952928,0.004346743391638823,0.0007433502198066923,0.005672081268929866,0.007114168306521401,0.000999000999000999,58.207110006831414
SARS-CoV-2,M,217,19,1,0.006680292747731662,0.004062921543326856,0.0006789985387758177,0.00523299747880846,0.006744088929664752,0.001998001998001998,3.8547523373521915
SARS-CoV-2,M,226,19,1,0.012910262809435014,0.0043692697880164215,0.0006601327996140272,0.0054416488619604166,0.006833501915684433,0.000999000999000999,12.938295183048657
SARS-CoV-2,M,235,19,1,0.03186238074391956,0.004399408400605221,0.0007320805331293278,0.005630112776118767,0.006902125900959919,0.000999000999000999,37.51359461222388
SARS-CoV-2,M,244,19,3,0.3269982025099155,0.007497669478337972,0.0006973588259948309,0.008655822110572258,0.009906675494633949,0.000999000999000999,458.15801151693717
SARS-CoV-2,M,253,19,1,0.012145542571061438,0.004325221293383318,0.000685246735142971,0.0055056125079954625,0.006709498456597831,0.000999000999000999,11.41241669111561
SARS-CoV-2,M,262,19,1,0.04907823781357317,0.0043325918141425305,0.000703677407441697,0.005516322482618447,0.006660132700728743,0.000999000999000999,63.588294190243744
SARS-CoV-2,M,271,19,1,0.01312796214738052,0.004351308225223173,0.0006862721673951621,0.005521196020998848,0.006683242351276967,0.000999000999000999,12.788882223608617
SARS-CoV-2,M,280,19,1,0.009102447488016073,0.004139159560453931,0.0007046471296587082,0.005302022151565298,0.006991146622973308,0.000999000999000999,7.043650245146222
SARS-CoV-2,M,289,19,1,0.006870236889984723,0.004186547943213073,0.0006766297782486899,0.00541631454710572,0.006732609473199886,0.000999000999000999,3.9662589987065
SARS-CoV-2,M,298,19,1,0.016976785030961235,0.004377989754114817,0.0006720637649818482,0.005514178307168494,0.006433863752016518,0.000999000999000999,18.746428439251886
SARS-CoV-2,M,307,19,2,0.3770502723079569,0.006105765452007222,0.0006805943483283398,0.00727185208884941,0.00842672126073691,0.000999000999000999,545.0302485864819
SARS-CoV-2,M,316,19,1,0.024222077194172163,0.004280108908187917,0.0006571843494147998,0.0054422970162850675,0.00665237882499811,0.000999000999000999,30.34455751075309
SARS-CoV-2,M,325,19,1,0.016477595563748927,0.004254186496718716,0.0006486334579608158,0.0054045947871803,0.0061870014948890465,0.000999000999000999,18.844863639101135
SARS-CoV-2,M,334,19,2,0.7362962008279221,0.006162758437715313,0.0006862086917664877,0.00732155204800933,0.008412695029809661,0.000999000999000999,1064.0107756587065
SARS-CoV-2,M,343,19,1,0.013977410074080812,0.0043612626954075305,0.000661303431168178,0.005425303870387178,0.006985877964090826,0.000999000999000999,14.541202911478274
SARS-CoV-2,M,352,19,1,0.015486976494894814,0.004369758994083059,0.0006933821900034151,0.005535612497677366,0.00657568594346348,0.000999000999000999,16.033318509027467
SARS-CoV-2,M,361,19,1,0.012207313447260077,0.004330570886236568,0.0006930261763513048,0.0055326109723578265,0.006745727862521489,0.000999000999000999,11.365721569845402
SARS-CoV-2,M,370,19,2,0.10723995575333703,0.006252422828523225,0.0007150339522628104,0.00745836297828947,0.008422826171098664,0.000999000999000999,141.2345981686977
SARS-CoV-2,M,379,19,1,0.01032926555086673,0.004321899411316479,0.0006847228853916269,0.005478580262022572,0.006553997120354013,0.000999000999000999,8.773426838383445
SARS-CoV-2,M,388,19,1,0.02236420867352911,0.004359467173764821,0.0006805630201307693,0.005521391366843563,0.006948540697811029,0.000999000999000999,26.455656518487743
SARS-CoV-2,M,397,19,1,0.021161230640849606,0.004348025898359208,0.0007089164151546127,0.005629359538789593,0.006719914879393044,0.000999000999000999,23.71676601510699
SARS-CoV-2,M,406,19,1,0.011116883121671738,0.004332706962642168,0.000685323309587186,0.0055030891742425415,0.0064305132594215065,0.000999000999000999,9.899234513292877
SARS-CoV-2,M,415,19,1,0.007466221657991672,0.004159616863679597,0.0006950137283784243,0.005362161304409656,0.0063089894672073545,0.000999000999000999,4.7576107626347195
SARS-CoV-2,M,424,19,1,0.006149957483949749,0.0043327199522560445,0.0006854572162207601,0.0055154121059433495,0.006536731878831758,0.00999000999000999,2.6511319578966117
SARS-CoV-2,M,433,19,1,0.007571461524966434,0.004186865496686545,0.0006766300789405044,0.005342627372464324,0.006727854404565314,0.000999000999000999,5.0021365198242895
SARS-CoV-2,M,442,19,1,0.055635083288116095,0.0043196764969419535,0.000653698256932385,0.005398211358978861,0.0065453348855276094,0.000999000999000999,78.50014321895604
SARS-CoV-2,M,451,19,1,0.009189584686807474,0.004179290875869895,0.0006698881054087023,0.005346986003395529,0.006581376637989711,0.000999000999000999,7.479299558365456
SARS-CoV-2,M,460,19,1,0.010035756859729782,0.004310940740050794,0.0006475515706906039,0.0054008906482566656,0.006551628998133732,0.000999000999000999,8.840710730689075
SARS-CoV-2,M,469,19,1,0.024242794985062568,0.004321645621702152,0.0006578320772935566,0.0053920079099809256,0.006589772295946826,0.000999000999000999,30.283031264330752
SARS-CoV-2,M,478,19,1,0.01244397574345939,0.004361921264873221,0.0006663208446602018,0.005504651615176849,0.006518937901756497,0.000999000999000999,12.129373624365163
SARS-CoV-2,M,487,19,1,0.029590487547622737,0.004316284428954537,0.0006910718516886058,0.005515223820405433,0.006403408238709132,0.000999000999000999,36.57246790896159
SARS-CoV-2,M,496,19,1,0.020704601433175752,0.004238138043755311,0.0006881163840747092,0.005478784658991496,0.006541012807385214,0.000999000999000999,23.929765037585078
SARS-CoV-2,M,505,19,1,0.008043203926625758,0.003949474004816421,0.0006652919532311328,0.0050823280516381795,0.006420738253808452,0.000999000999000999,6.15328338472645
SARS-CoV-2,M,514,19,1,0.050803318517046114,0.004369606612961339,0.0006874192179910246,0.005523249068062712,0.007397457821313309,0.000999000999000999,67.54788153841088
SARS-CoV-2,M,523,19,1,0.005190222515108869,0.004272718066692128,0.0006639791650749357,0.005386679019455048,0.0065330012314178485,0.0959040959040959,1.381827166690076
SARS-CoV-2,M,532,19,1,0.010447236721839141,0.004323692659891,0.0006635546737031222,0.005491024060586159,0.006739417494176928,0.000999000999000999,9.228394139361976
SARS-CoV-2,M,541,19,1,0.008127527293807335,0.004138415185236962,0.0006846712404379425,0.005325501525432526,0.006386178201130095,0.000999000999000999,5.826317614887373
SARS-CoV-2,M,550,19,1,0.01902889016570434,0.00427701323982286,0.0006768509363264507,0.005386563220175853,0.0067722226992394784,0.000999000999000999,21.794868166905406
SARS-CoV-2,M,559,19,1,0.010972724310430134,0.004144469523360828,0.0006732126474465321,0.005269497750758833,0.0064265833295896494,0.000999000999000999,10.142790413948097
SARS-CoV-2,M,568,19,1,0.006030593985433209,0.0041605352493909705,0.000679171529756338,0.005306072364774391,0.006358707304077029,0.007992007992007992,2.7534409999682223
SARS-CoV-2,M,577,19,1,0.01197814459054565,0.004132734093335786,0.0006884739542765212,0.005305438377586713,0.0063313662633600835,0.000999000999000999,11.3953628143481
SARS-CoV-2,M,586,19,1,0.021850948196105113,0.004296381343043221,0.0006623484160057971,0.00541314731715465,0.006386455475010261,0.000999000999000999,26.50352356682959
SARS-CoV-2,M,595,19,1,0.01175714378560442,0.004196655299635882,0.0006812242628026245,0.0053358806780691445,0.006143266567243777,0.000999000999000999,11.098384040028073
SARS-CoV-2,M,604,19,1,0.06441752898372965,0.004408646992378255,0.0006923987571292706,0.005530204027811658,0.006546947553689563,0.000999000999000999,86.66809605515766
SARS-CoV-2,M,613,19,1,0.009013321299824087,0.0043651626771837124,0.000693543647748204,0.0055589230817361885,0.007183410782294343,0.000999000999000999,6.702041951839666
SARS-CoV-2,M,622,19,1,0.013141030672435593,0.004362447903735881,0.0006738624412039378,0.005531929937677582,0.006308016710460541,0.000999000999000999,13.02726228963837
SARS-CoV-2,M,631,19,1,0.005007883569008675,0.004094767123054568,0.0006974612154319432,0.005259489823118148,0.00643521046897864,0.1018981018981019,1.309200319316116
SARS-CoV-2,M,640,19,1,0.0092824240173663,0.004077718755106161,0.0006513478646688841,0.00516828084137309,0.006457230192927243,0.000999000999000999,7.990669110285603
SARS-CoV-2,M,649,19,1,0.005859500223594639,0.0038563430526403976,0.0006419124104200958,0.004995746486554693,0.006387734300629626,0.001998001998001998,3.120608261247491
SARS-CoV-2,M,658,19,1,0.00856446714285299,0.00380157317289489,0.0005999119653181166,0.004782794097627329,0.006191842790136751,0.000999000999000999,7.939321509335908
SARS-CoV-2,N,1,19,3,0.8159128551285227,0.007587672997062516,0.0006904526727205607,0.008713134044659784,0.009627201952835509,0.000999000999000999,1170.717724860781
SARS-CoV-2,N,10,19,2,0.17615309962391795,0.006245356766802362,0.0007451392275992268,0.007520779554364954,0.008562337342204789,0.000999000999000999,228.02147110754515
SARS-CoV-2,N,19,19,1,0.026145234770111582,0.004376472761068904,0.0007177352235074897,0.005633081090713545,0.0066454854386365095,0.000999000999000999,30.32979474333339
SARS-CoV-2,N,28,19,2,0.10732468575093575,0.006178658794205802,0.0006903509611057931,0.007305598782893086,0.008905396859385841,0.000999000999000999,146.513922128414
SARS-CoV-2,N,37,19,3,0.818029700843894,0.007579130412753302,0.0007052358255570889,0.008739959570319472,0.009909109728453262,0.000999000999000999,1149.1908678787545
SARS-CoV-2,N,46,19,1,0.013757732116266656,0.004343557717739831,0.0006795432841796342,0.005578319412885666,0.0066100793789066695,0.000999000999000999,13.853678812957309
SARS-CoV-2,N,55,19,1,0.0679981131980113,0.0043822700979340955,0.000742645401298498,0.0056581080753298155,0.007129377354975258,0.000999000999000999,85.66112843201668
SARS-CoV-2,N,64,19,1,0.014988400141092822,0.004387359095118566,0.0006839412322770109,0.005564109317422896,0.0066905304428119955,0.000999000999000999,15.499929739110403
SARS-CoV-2,N,73,19,1,0.012689081003174098,0.004298278625554855,0.0006760220884849944,0.005491305299603658,0.00655625458956086,0.000999000999000999,12.412023986410754
SARS-CoV-2,N,82,19,2,0.7633513303157623,0.006182009144244274,0.0007188077102710103,0.0073854456006685176,0.008759996420239823,0.000999000999000999,1053.3683909512383
SARS-CoV-2,N,91,19,2,0.764953545957568,0.00617595389088232,0.0007001014667937252,0.007262471512178052,0.008565269422427127,0.000999000999000999,1083.8108875013236
SARS-CoV-2,N,100,19,1,0.02135439299667837,0.004398671794785655,0.0007264405270959888,0.005649167599478142,0.006806994583968046,0.000999000999000999,23.340824980779548
SARS-CoV-2,N,109,19,1,0.052453946063212284,0.004350520691630226,0.0006700983489083934,0.005503942558152442,0.007133632481020839,0.000999000999000999,71.78561990183039
SARS-CoV-2,N,118,19,1,0.03100410497551103,0.004380550516254735,0.0006995376638761601,0.005554483925637396,0.006608574481988547,0.000999000999000999,38.05878630141849
SARS-CoV-2,N,127,19,1,0.008329144135632321,0.004198448429881267,0.0006835911079223014,0.0054264119318521995,0.006884972401022547,0.000999000999000999,6.042641072827646
SARS-CoV-2,N,136,19,1,0.00767730903572621,0.004222611045655805,0.0006919691602643135,0.005412982765225049,0.007174189137564118,0.000999000999000999,4.992560634856623
SARS-CoV-2,N,145,19,1,0.028665880075850688,0.004406137068004437,0.0007113718433941787,0.005605628301776424,0.006888269457155386,0.000999000999000999,34.102759665177906
SARS-CoV-2,N,154,19,1,0.016203929444619465,0.004385274707882513,0.0006987661232286146,0.00552465112118181,0.006913984505296055,0.000999000999000999,16.913605774317503
SARS-CoV-2,N,163,19,1,0.005853471911990652,0.004186972405295022,0.0006830540246997399,0.0053342678617258376,0.006645258041261669,0.012987012987012988,2.439777010944629
SARS-CoV-2,N,172,19,1,0.02012291546132706,0.004347145170923733,0.0006881038488576946,0.005538504845131743,0.0065117645580055564,0.000999000999000999,22.926438090111432
SARS-CoV-2,N,181,19,2,0.31408503550438965,0.0061521622970883046,0.000682056532993032,0.007298491249402871,0.00846523223282578,0.000999000999000999,451.47705257805546
SARS-CoV-2,N,190,19,1,0.010801578267956854,0.00426015671637278,0.0006687026534215886,0.005380203848498456,0.0068114677509158415,0.000999000999000999,9.782257507298967
SARS-CoV-2,N,199,19,1,0.017835518223910076,0.004377532864905009,0.0006858805883123018,0.005528149706437812,0.007008910407222934,0.000999000999000999,19.62146995896208
SARS-CoV-2,N,208,19,1,0.007073240334615255,0.004279899013389891,0.0006593752021519252,0.005433155781056909,0.0060790540079298395,0.000999000999000999,4.236345728667176
SARS-CoV-2,N,217,19,1,0.01855515466014626,0.004328877672046696,0.0007035849885773326,0.005530563709718069,0.007422623239346909,0.000999000999000999,20.219699423754722
SARS-CoV-2,N,226,19,1,0.012727741617796795,0.004302925871609875,0.0006874944032029075,0.005469491235993819,0.00650831289918164,0.000999000999000999,12.25437720938132
SARS-CoV-2,N,235,19,2,0.3135802036759954,0.00614961652016012,0.0007027751311462826,0.007294958281557304,0.00858196658314963,0.000999000999000999,437.45228527707195
SARS-CoV-2,N,244,19,1,0.01586042241443866,0.0042172719015552175,0.0007081791863120757,0.005376747325137513,0.006598162285696779,0.000999000999000999,16.44096683145474
SARS-CoV-2,N,253,19,1,0.08729293721925566,0.004354353014520811,0.0007006462835537114,0.0055471395417650525,0.007024177701443611,0.000999000999000999,118.37440110873976
SARS-CoV-2,N,262,19,1,0.01619813423105501,0.004374619932810918,0.0007318982694203854,0.005605459999624082,0.0068664034796010525,0.000999000999000999,16.154587040638212
SARS-CoV-2,N,271,19,1,0.006319132903467221,0.004029486944623706,0.0006615533542815057,0.005172522666709309,0.006421613387072327,0.002997002997002997,3.4610148131290703
SARS-CoV-2,N,280,19,1,0.010741677770539684,0.004157031657574818,0.0006654978604570517,0.005274757600578273,0.006128109987810715,0.000999000999000999,9.894315976376923
SARS-CoV-2,N,289,19,1,0.008907243237346922,0.004210018883748079,0.0006829574165336703,0.0054069622998619594,0.006256030726905905,0.000999000999000999,6.877770472776272
SARS-CoV-2,N,298,19,1,0.005470223580228576,0.004052290682067189,0.0006864255948480853,0.005205182863312925,0.0071456743437714075,0.025974025974025976,2.065676030735994
SARS-CoV-2,N,307,19,1,0.010930456866444376,0.0042211365303677405,0.0006778416199276619,0.005359925494876426,0.006469255254280683,0.000999000999000999,9.89806488541179
SARS-CoV-2,N,316,19,1,0.004865327506099287,0.0038654493869338504,0.0006466679589260233,0.004987740256013898,0.006036304216561833,0.06993006993006994,1.5462001872274904
SARS-CoV-2,N,325,19,1,0.00964974836380643,0.004415757261458527,0.0006703148881828359,0.005515443387821383,0.006885740924999851,0.000999000999000999,7.808257275228944
SARS-CoV-2,N,334,19,1,0.01196465097668957,0.004195293553526037,0.0006751218830975042,0.005309238039860837,0.006934674188638111,0.000999000999000999,11.508081159385922
SARS-CoV-2,N,343,19,1,0.012403938518013885,0.00428169994632256,0.0006759862507785106,0.005474509814807213,0.006684988470886775,0.000999000999000999,12.015390198154497
SARS-CoV-2,N,352,19,1,0.01575672163451659,0.004370132870370736,0.0006676205615002917,0.005455927805163729,0.007001749184222849,0.000999000999000999,17.055479445626506
SARS-CoV-2,N,361,19,1,0.01631223395531789,0.004154199699824071,0.0006671937438492264,0.005260952415240303,0.007013341793732134,0.000999000999000999,18.22264427323724
SARS-CoV-2,N,370,19,1,0.027374791428129534,0.004387140645553808,0.0007238995420222267,0.005565962888692686,0.006915598302373156,0.000999000999000999,31.75530505014453
SARS-CoV-2,N,379,19,1,0.015093826050324121,0.00441134153279729,0.0007177652991038889,0.0056047639738488215,0.0068364346023073175,0.000999000999000999,14.88297711085174
SARS-CoV-2,N,388,19,1,0.016670705439396645,0.00424437373903059,0.0006828919996541739,0.00533191763886459,0.007056470969157502,0.000999000999000999,18.19662802706566
SARS-CoV-2,N,397,19,1,0.018103451283951726,0.004366322622007731,0.0007079624543946465,0.005524108001300679,0.006457725516514606,0.000999000999000999,19.403753089830342
SARS-CoV-2,N,406,19,2,0.33564244414215244,0.006153926663771351,0.0006968456258568492,0.007396222161658341,0.008907765104398335,0.000999000999000999,472.82856525537966
SARS-CoV-2,N,415,19,1,0.01709933368630383,0.004395693620620685,0.0006884525121635449,0.00549626615898659,0.006710012100911496,0.000999000999000999,18.452456547453693
SARS-CoV-2,N,424,19,2,0.11188538906295663,0.006225745142124854,0.0007046979272361591,0.007421576117189166,0.008578411179405243,0.000999000999000999,149.93607876105332
SARS-CoV-2,N,433,19,1,0.027108447221618225,0.004380339556745754,0.0007227111023746639,0.005669426477174621,0.007065670198719888,0.000999000999000999,31.44839976886074
SARS-CoV-2,N,442,19,1,0.017658962528932936,0.004292137356393873,0.0006802216710605852,0.005439666954197789,0.0064069872872062495,0.000999000999000999,19.650689975369104
SARS-CoV-2,N,451,19,2,0.18830598472589316,0.006165800754603236,0.0007543126173402609,0.007456714124857489,0.008875138190828084,0.000999000999000999,241.4651164308031
SARS-CoV-2,N,460,19,1,0.016624516352318045,0.0043892917067063835,0.0006901449048742265,0.005589680256538464,0.0065318755499784225,0.000999000999000999,17.72848652391549
SARS-CoV-2,N,469,19,1,0.020650440275908673,0.004367025302271829,0.0006882309622409078,0.0055625753582564655,0.006739125979634993,0.000999000999000999,23.659811701318098
SARS-CoV-2,N,478,19,1,0.009142116569088516,0.004304188839869777,0.0006509430928895842,0.005357957446180169,0.006410625925706101,0.000999000999000999,7.432182293759079
SARS-CoV-2,N,487,19,1,0.01278878272651954,0.004308008500026375,0.000686082356920049,0.005431563029849179,0.007559806798164522,0.000999000999000999,12.36116064048773
SARS-CoV-2,N,496,19,1,0.011174176422055844,0.004382242444836258,0.0006753573740389054,0.005527445728918637,0.0064900678798382625,0.000999000999000999,10.056799908174723
SARS-CoV-2,N,505,19,1,0.004108181330514272,0.004004257801558895,0.0006680095133057459,0.005156266990595653,0.006333711508659598,0.4145854145854146,0.15557192956892982
SARS-CoV-2,N,514,19,1,0.027103255896388918,0.004396568806101985,0.0006877093304060726,0.005558636704472787,0.007097887539014646,0.000999000999000999,33.017855198909814
SARS-CoV-2,N,523,19,1,0.03724595163433472,0.004410082959959114,0.0006782344186677797,0.005546667644527878,0.0072106157754648495,0.000999000999000999,48.41374570590708
SARS-CoV-2,N,532,19,1,0.006295131943795236,0.004344983919525524,0.0006642528691244725,0.005436205690294777,0.006764811347083889,0.003996003996003996,2.935851864426467
SARS-CoV-2,N,541,19,1,0.01242632959106773,0.004323238859278067,0.0006987508852639643,0.0055230187124306876,0.007176086744630776,0.000999000999000999,11.596537339238704
SARS-CoV-2,N,550,19,1,0.016374998988406046,0.004279602547963338,0.0006671813248548997,0.00531570377802014,0.006675874722632163,0.000999000999000999,18.129099226620657
SARS-CoV-2,N,559,19,1,0.010084798609061732,0.004195509799962904,0.000664375881893955,0.005286765350620129,0.006533085229285292,0.000999000999000999,8.864392837846651
SARS-CoV-2,N,568,19,2,0.04318593080704731,0.006127398230187401,0.0006767175747941618,0.007336938926311443,0.008719866205974404,0.000999000999000999,54.76218433979945
SARS-CoV-2,N,577,19,1,0.024239738194889494,0.004362426267385102,0.0006897682388538753,0.005579890155336013,0.007275378184397917,0.000999000999000999,28.817377791318286
SARS-CoV-2,N,586,19,1,0.017720522719658693,0.004338725843485881,0.0006892194657606434,0.005489498267163987,0.006773962986499098,0.000999000999000999,19.41587192608418
SARS-CoV-2,N,595,19,2,0.3668719161348565,0.00615759009273768,0.0006995124242520527,0.007337548614830098,0.008401223874837351,0.000999000999000999,515.6653599509821
SARS-CoV-2,N,604,19,6,0.7188755320758892,0.010760728953650586,0.0007089401089154137,0.01189116789439223,0.01300199097623282,0.000999000999000999,998.8358596406152
SARS-CoV-2,N,613,19,2,0.42726101129991795,0.006189185164773877,0.000722117166283109,0.007367094441933146,0.009027188437469877,0.000999000999000999,583.1073484964919
SARS-CoV-2,N,622,19,1,0.018602098807988215,0.004361256011059312,0.0007064234235686211,0.0055316951607629426,0.0071311321475315765,0.000999000999000999,20.15907502753632
SARS-CoV-2,N,631,19,1,0.012062673626411467,0.004361560422728206,0.0006655666813136583,0.005491881846805036,0.006406706279386607,0.000999000999000999,11.570761307466945
SARS-CoV-2,N,640,19,3,0.18604583063264127,0.007628134945611569,0.0007153075965932598,0.008859376476958659,0.010098144088118457,0.000999000999000999,249.4279335725859
SARS-CoV-2,N,649,19,1,0.015539519408305679,0.004355438278426252,0.0007006158977004991,0.005533226906015577,0.006635723177898393,0.000999000999000999,15.963213462022273
SARS-CoV-2,N,658,19,1,0.021063531723883096,0.004328797119996102,0.0006876556572421326,0.005475956818212641,0.006719716327613266,0.000999000999000999,24.335922241957903
SARS-CoV-2,N,667,19,1,0.02473662200610107,0.004364232861043416,0.0007332804603698655,0.005631352892880589,0.007150465630616713,0.000999000999000999,27.782533759022918
SARS-CoV-2,N,676,19,1,0.025460443925066467,0.004370685264326625,0.0006728345233956277,0.005469855855049661,0.006413999387280803,0.000999000999000999,31.344644080248884
SARS-CoV-2,N,685,19,2,0.38156753242245606,0.006175108188595159,0.0007303028818320222,0.007414041037403463,0.008508685004905212,0.000999000999000999,514.0229260661815
SARS-CoV-2,N,694,19,3,0.4304694721380914,0.007594062177205555,0.0006861419423886,0.0087230287149638,0.010068140264063991,0.000999000999000999,616.3089352747776
SARS-CoV-2,N,703,19,2,0.8100533834034566,0.006139220017725656,0.0006901445330869119,0.007293558674058246,0.008545151695421412,0.000999000999000999,1164.8489915437635
SARS-CoV-2,N,712,19,1,0.01278175239359543,0.004292386298140167,0.0007127911585366037,0.00552243478518424,0.006367050084134517,0.000999000999000999,11.910032824880098
SARS-CoV-2,N,721,19,1,0.012145964653345226,0.004375062032313777,0.0006811787329361709,0.005540127663979496,0.006772837379847548,0.000999000999000999,11.408022953881051
SARS-CoV-2,N,730,19,1,0.007768974443831988,0.004249455211068424,0.0006910775153478135,0.005396605443036095,0.006783775137836311,0.000999000999000999,5.092799511777228
SARS-CoV-2,N,739,19,1,0.012753430424174756,0.004284516154656049,0.0006935412428166112,0.005482078258193098,0.00707695671937441,0.000999000999000999,12.211118455082403
SARS-CoV-2,N,748,19,1,0.010556359810978893,0.004314391444880974,0.0006560224455478018,0.00548960299289393,0.00656349686843358,0.000999000999000999,9.514870121380765
SARS-CoV-2,N,757,19,1,0.06575332711065233,0.004406019584458152,0.0006837066390061766,0.005580427131528853,0.006870299357918651,0.000999000999000999,89.72752936166819
SARS-CoV-2,N,766,19,1,0.03573819557265308,0.004378191394977112,0.0007094287420978305,0.005550542486328403,0.00666708436712133,0.000999000999000999,44.204586474664445
SARS-CoV-2,N,775,19,1,0.019900805764646343,0.004211453331635686,0.0006737895617656516,0.0053662466820112035,0.006649316029517919,0.000999000999000999,23.28524115437027
SARS-CoV-2,N,784,19,1,0.00889111140063578,0.00409617034838589,0.0006637721248739642,0.0052471227462202435,0.006421219414369666,0.000999000999000999,7.223775860066953
SARS-CoV-2,N,793,19,1,0.00989061442254895,0.004289165383020868,0.0006640042761150049,0.005402532065094119,0.006686263498813889,0.000999000999000999,8.4358629018195
SARS-CoV-2,N,802,19,1,0.018557474832668147,0.004303636713719764,0.0006838666827721759,0.005492763229905476,0.007073059309065635,0.000999000999000999,20.84300709192017
SARS-CoV-2,N,811,19,1,0.08684010065175836,0.00434007077040886,0.0007212437854949411,0.005536680155831137,0.007170571084188037,0.000999000999000999,114.38577571207117
SARS-CoV-2,N,820,19,1,0.014087285279949622,0.004399112674622854,0.0007053617419365238,0.005592346404520624,0.007003865007599739,0.000999000999000999,13.735041226829987
SARS-CoV-2,N,829,19,1,0.020562460956036685,0.004336296981770684,0.0007046180075667154,0.005520092963041728,0.006602908854965367,0.000999000999000999,23.028312929867408
SARS-CoV-2,N,838,19,1,0.011184859245222136,0.004286247980845047,0.0006759874048777389,0.005446429727128361,0.006723972975534118,0.000999000999000999,10.205236391386304
SARS-CoV-2,N,847,19,1,0.006739063590166917,0.004009336871134466,0.000645272705911719,0.005068589595493247,0.00700268547478615,0.001998001998001998,4.230345858462376
SARS-CoV-2,N,856,19,1,0.017272611004893402,0.004303024308479149,0.0006796311361031775,0.005457737744738381,0.0062546130997559865,0.000999000999000999,19.08327327493908
SARS-CoV-2,N,865,19,1,0.034189060621164,0.004357968443187474,0.0006963028810598479,0.0055727407551490245,0.006749849040658634,0.000999000999000999,42.84212084914886
SARS-CoV-2,N,874,19,1,0.0256216593552357,0.004353048576109722,0.0006787639848288896,0.005483376738818868,0.006600530510532462,0.000999000999000999,31.334324234199915
SARS-CoV-2,N,883,19,1,0.01273684517248873,0.004328005645636675,0.0006737823611296001,0.005421552386537158,0.006507470244697008,0.000999000999000999,12.480052925034407
SARS-CoV-2,N,892,19,1,0.033066154766813675,0.004405148682106634,0.0007041290166292001,0.005549576251236009,0.006972424866129849,0.000999000999000999,40.70419682732682
SARS-CoV-2,N,901,19,1,0.01869080134394312,0.004376865677398758,0.0006850842629329752,0.005596582909134037,0.006347989189426212,0.000999000999000999,20.893686282127835
SARS-CoV-2,N,910,19,1,0.015282251282834503,0.004235591986543049,0.0006866679870332977,0.005379658424086459,0.0068257864412997115,0.000999000999000999,16.087336973459028
SARS-CoV-2,N,919,19,1,0.02138413919188639,0.004404381839155614,0.0007162244104005533,0.005622687980253828,0.006940559380471548,0.000999000999000999,23.707314503892334
SARS-CoV-2,N,928,19,1,0.009440720757567293,0.004270639336593026,0.0006634425349233451,0.0053877967610193,0.006411269515962001,0.000999000999000999,7.792809699142405
SARS-CoV-2,N,937,19,1,0.02828446712630901,0.004381508390177321,0.0006835301389720123,0.005544267739932003,0.006864899055463462,0.000999000999000999,34.969868003304555
SARS-CoV-2,N,946,19,1,0.019505943649270264,0.004366443135774201,0.0006971539056893958,0.005563049085151817,0.0069918297384145385,0.000999000999000999,21.716152473570432
SARS-CoV-2,N,955,19,1,0.016496657348190454,0.004263776068666996,0.0006388261800263163,0.005296643250932716,0.006450737512222247,0.000999000999000999,19.148998056121503
SARS-CoV-2,N,964,19,1,0.011564228091560649,0.004298154468436241,0.000685189425737703,0.005505836627828646,0.006604194486332863,0.000999000999000999,10.604474252213473
SARS-CoV-2,N,973,19,1,0.018774410761434063,0.004400273293311856,0.000704294336419847,0.005570927303147405,0.007230611816273792,0.000999000999000999,20.409275958671678
SARS-CoV-2,N,982,19,1,0.010443653935966217,0.004285869535922796,0.000690632180904074,0.005441520360417504,0.006904844988314549,0.000999000999000999,8.91615619761963
SARS-CoV-2,N,991,19,1,0.06896538584876526,0.004347672053812012,0.0006995113575995343,0.005493944665751449,0.0071896033358267155,0.000999000999000999,92.37550340382961
SARS-CoV-2,N,1000,19,1,0.015402056093553409,0.0043534988425588126,0.0006869080628192788,0.00548991772633536,0.006605689892921582,0.000999000999000999,16.084477456339602
SARS-CoV-2,N,1009,19,1,0.01840736222747868,0.0043810702611797436,0.0007063194391007598,0.005618625977171721,0.00660122567156339,0.000999000999000999,19.858283929090643
SARS-CoV-2,N,1018,19,1,0.010382302124227506,0.0043733203461479775,0.0006891837773516289,0.0055241435270713115,0.006712765712285813,0.000999000999000999,8.718983202376922
SARS-CoV-2,N,1027,19,1,0.029566179721246602,0.004314947510095954,0.0007022449342400723,0.005478200783941139,0.007083463067481107,0.000999000999000999,35.95787022440543
SARS-CoV-2,N,1036,19,2,0.08107306790522169,0.006241061524112884,0.0006848205027124758,0.007353080464424451,0.008754763821707836,0.000999000999000999,109.27243866781144
SARS-CoV-2,N,1045,19,1,0.012700848579131407,0.004116499873062161,0.0006646688568120734,0.005279333338135211,0.006358737275804617,0.000999000999000999,12.915226308694589
SARS-CoV-2,N,1054,19,1,0.021101301839158083,0.004372298919412771,0.0006907850063787777,0.005492945937309512,0.00705739345756839,0.000999000999000999,24.2173798870387
SARS-CoV-2,N,1063,19,1,0.016811105318145222,0.004229570052764983,0.0006638676738705703,0.0053406958867448515,0.006695194167188642,0.000999000999000999,18.9518721284103
SARS-CoV-2,N,1072,19,1,0.01917764558937932,0.004398010193054067,0.000706029041582182,0.0055693672445142235,0.00693656787071443,0.000999000999000999,20.93346665061355
SARS-CoV-2,N,1081,19,2,0.39227096877472956,0.0061383195441273705,0.0007142959867505593,0.007311325324939856,0.008405057339384757,0.000999000999000999,540.5779346278819
SARS-CoV-2,N,1090,19,2,0.06868509540764108,0.006228013022908182,0.0006961069728716845,0.007325353107453069,0.008649355752676743,0.000999000999000999,89.7233971483946
SARS-CoV-2,N,1099,19,1,0.027780645574406813,0.004316866889599562,0.0006992487993694882,0.005538365321254668,0.006325919726668241,0.000999000999000999,33.555693918909135
SARS-CoV-2,N,1108,19,1,0.006032219500597995,0.004254721729287384,0.0006723062609451412,0.005389114689786111,0.006740875897843295,0.007992007992007992,2.6438810324505524
SARS-CoV-2,N,1117,19,1,0.013097288115345839,0.004316660335276001,0.0006849340991670124,0.005495636616269962,0.007385555442031604,0.000999000999000999,12.819668039229558
SARS-CoV-2,N,1126,19,2,0.3077272059014057,0.006148093702846442,0.0007129584682446784,0.007411345741878132,0.00878865771276224,0.000999000999000999,422.9967461373375
SARS-CoV-2,N,1135,19,1,0.009521031899787497,0.0043445533743656575,0.0007117647690936829,0.005534174036258973,0.006583940281505039,0.000999000999000999,7.272737778259588
SARS-CoV-2,N,1144,19,1,0.034952988716057176,0.0043088691958218656,0.0007028966225245177,0.005551204590475032,0.006372118127567841,0.000999000999000999,43.596908191384024
SARS-CoV-2,N,1153,19,1,0.04420248960502471,0.004349987555132337,0.0007114611156711848,0.005544264682590914,0.006695490098871961,0.000999000999000999,56.01501076035048
SARS-CoV-2,N,1162,19,1,0.023730696876984442,0.004341115479868463,0.0007115845014758709,0.005593134245364394,0.007153717667416545,0.000999000999000999,27.248459398568645
SARS-CoV-2,N,1171,19,1,0.02621403254036972,0.004336319027500672,0.0007061257501681859,0.00548148415674469,0.006711496001813741,0.000999000999000999,30.982744231687043
SARS-CoV-2,N,1180,19,1,0.007790117086523779,0.004074908868368782,0.0007020577869028551,0.005306135139992418,0.006829724859970966,0.000999000999000999,5.291883784303181
SARS-CoV-2,N,1189,19,1,0.03900150287756154,0.004387308927657679,0.0007126147860779693,0.005643106379232474,0.006922725702542513,0.000999000999000999,48.57349949249666
SARS-CoV-2,N,1198,19,1,0.05178098852710943,0.0044075986901486,0.0006988289818334249,0.005543763363659927,0.0067807266570716375,0.000999000999000999,67.78967539765388
SARS-CoV-2,N,1207,19,1,0.010798636580188505,0.004199515836700698,0.0006705347800038179,0.005394168000639944,0.0063358643157301,0.000999000999000999,9.841578603052078
SARS-CoV-2,N,1216,19,1,0.12154455311274434,0.004404749453587685,0.0007305068439218083,0.005699459939281218,0.007079071087806169,0.000999000999000999,160.35414949746183
SARS-CoV-2,N,1225,19,1,0.011562862313903808,0.0042988975348235365,0.0006884221742975647,0.005416159892024272,0.006947131556315617,0.000999000999000999,10.551613603225515
SARS-CoV-2,N,1234,19,2,0.7546428236041756,0.006179154005923802,0.0007091478201314035,0.0073620393927988775,0.008754430617110103,0.000999000999000999,1055.4409790889058
SARS-CoV-2,N,1243,19,1,0.017907018095944284,0.004409447056243087,0.000680695690260245,0.005570881990696872,0.0067327063270700566,0.000999000999000999,19.829082558963723
SARS-CoV-2,E,1,19,1,0.006394997196848715,0.00390837578879731,0.0006389699771385324,0.00498669446330728,0.006010973322047579,0.000999000999000999,3.89160914756452
SARS-CoV-2,E,10,19,1,0.009531417682415716,0.004343875179471102,0.0006939686588552565,0.005559441102823136,0.006703376627374254,0.000999000999000999,7.475182685485799
SARS-CoV-2,E,19,19,2,0.7661288468205102,0.006070354817746491,0.000709591225500018,0.007307660277361431,0.008595649313336373,0.000999000999000999,1071.1216045085444
SARS-CoV-2,E,28,19,2,0.1125540613763232,0.006086664467374394,0.0007038904615442326,0.007219952753305684,0.008289641840722884,0.000999000999000999,151.25563241100744
SARS-CoV-2,E,37,19,1,0.007135558894080122,0.0041139706433322145,0.0006680275595082982,0.0052441364651647756,0.006418037146355467,0.000999000999000999,4.523149094285793
SARS-CoV-2,E,46,19,1,0.04533230120466257,0.004317941949555399,0.0006658568534297745,0.005437755247597792,0.0067606015026680875,0.000999000999000999,61.596361205633826
SARS-CoV-2,E,55,19,2,0.0998586595719335,0.006089396613374232,0.0007175883042868561,0.0072223869828672484,0.008793460073981327,0.000999000999000999,130.67278605069762
SARS-CoV-2,E,64,19,1,0.00761574120419138,0.004294750409434218,0.0006927539431075018,0.005515926034267504,0.006588618696659981,0.000999000999000999,4.793896632129035
SARS-CoV-2,E,73,19,1,0.020410197985471612,0.004264031481161409,0.00067406474667373,0.005442335216280651,0.006543035801627423,0.000999000999000999,23.953435606869807
SARS-CoV-2,E,82,19,1,0.011243928090503206,0.004122834605810384,0.000654270415962754,0.005231415405443922,0.00618271557345439,0.000999000999000999,10.884021821793953
SARS-CoV-2,E,91,19,1,0.018689488410183322,0.004231592383034318,0.0006814788302027296,0.005414840006523056,0.006861391903901998,0.000999000999000999,21.215473447426092
SARS-CoV-2,E,100,19,1,0.004016796634675984,0.003352089061897391,0.0005834756396312342,0.004411760888181205,0.006193697341210336,0.1258741258741259,1.139220779120614
SARS-CoV-2,E,109,19,1,0.00536110376397946,0.0038402733669945757,0.0006331414836940382,0.004943338708100368,0.0062075878364733755,0.013986013986013986,2.402038779881649
SARS-CoV-2,E,118,19,1,0.005692442585017248,0.004089064366507176,0.0006620252996492778,0.005300917348997539,0.006398407630776188,0.01098901098901099,2.4219289192716595
SARS-CoV-2,E,127,19,1,0.00610706749925824,0.003954653727998771,0.000638762001866121,0.005003852938847666,0.006348909588607415,0.001998001998001998,3.3696647029273286
SARS-CoV-2,E,136,19,1,0.004912101062077677,0.004044313329756681,0.0006806044703032311,0.005195392076609248,0.00627946887965876,0.10589410589410589,1.2750250258191345
SARS-CoV-2,E,145,19,1,0.018084019823968882,0.004311163058418811,0.0006777200052223195,0.005501164496024486,0.006463243555204079,0.000999000999000999,20.322340582276333
SARS-CoV-2,E,154,19,1,0.019017939608536424,0.004048555967400004,0.000666509715655705,0.005214726615274099,0.006064025357431097,0.000999000999000999,22.459362991295187
SARS-CoV-2,E,163,19,1,0.026200579101862513,0.004362044256154025,0.0007305171482878349,0.005596648539590517,0.006889564395327485,0.000999000999000999,29.89462314046018
SARS-CoV-2,E,172,19,1,0.007685833896440963,0.004259059338480766,0.0006648467889569423,0.0053696152809153954,0.0065302894920078215,0.000999000999000999,5.154231944680606
SARS-CoV-2,E,181,19,1,0.02243672553067622,0.004342940333721054,0.000678465894246425,0.005479983899252653,0.006943231804402946,0.000999000999000999,26.668673179293723
SARS-CoV-2,E,190,19,1,0.008002540689368386,0.004190505369658227,0.0006940793864990196,0.005474567745290235,0.006631095859781764,0.000999000999000999,5.492218028456811
SARS-CoV-2,E,199,19,1,0.017254239357753068,0.004344253003923173,0.0006631681837202877,0.00543059464957554,0.006963872769871358,0.000999000999000999,19.467137704656672
SARS-CoV-2,E,208,19,2,0.09825486872433739,0.006123564022860743,0.0006874592289665989,0.007265299324434768,0.00836801037408463,0.000999000999000999,134.01711813509303
SARS-CoV-2,E,217,19,1,0.015257516516255423,0.004395500230918925,0.0007008130147970915,0.005570214980262667,0.007291136675515455,0.000999000999000999,15.499164621652197
HIV-1,gag,1,15,1,0.11070861928589945,0.0313638734067565,0.005500316321150807,0.04040482672402332,0.05307552330463703,0.000999000999000999,14.425487780408599
HIV-1,gag,10,15,3,0.2320538070998831,0.048041185193483875,0.005151048220497112,0.056824770864139076,0.06838897220098537,0.000999000999000999,35.72333514063681
HIV-1,gag,19,15,4,0.8060828324197005,0.0503962681445124,0.004819246419702957,0.058771489015951354,0.06613230128521058,0.000999000999000999,156.80596061360276
HIV-1,gag,28,15,3,0.5897294947241467,0.045921842022491575,0.004875597130806246,0.05424299339993607,0.06198956623774683,0.000999000999000999,111.53662579412692
HIV-1,gag,37,15,5,0.6813924299835138,0.05532210397742543,0.004410052052757952,0.06259799179016366,0.068185322442113,0.000999000999000999,141.96438466402168
HIV-1,gag,46,15,3,0.40707359003406307,0.0476969958612474,0.005199028533063654,0.05672751959759468,0.06341087380222611,0.000999000999000999,69.12379724160589
HIV-1,gag,55,15,3,0.6480879910981393,0.04931402989618504,0.0052389545648142246,0.05836141466064343,0.06519679973631162,0.000999000999000999,114.29264250990637
HIV-1,gag,64,15,4,0.6333670168471598,0.051799541620835374,0.004863563410719767,0.06009474517497061,0.07104561219580159,0.000999000999000999,119.57641468074482
HIV-1,gag,73,15,3,0.22147306372954323,0.04682486375836155,0.004605239250445066,0.05512646667572107,0.06033749066853822,0.000999000999000999,37.92380601166445
HIV-1,gag,82,15,4,0.5073638906217108,0.038337062781833256,0.0035216735513831847,0.04451950955490019,0.04885056136035483,0.000999000999000999,133.18293731560127
HIV-1,gag,91,15,5,0.8442034103696212,0.06378655658293927,0.0052716795577835655,0.0726708733415759,0.08033642451673624,0.000999000999000999,148.0395090848052
HIV-1,gag,100,15,4,0.6377011484322122,0.05901339131647194,0.0053570351341374915,0.06771463750844195,0.07626867239152704,0.000999000999000999,108.02388683771656
HIV-1,gag,109,15,2,0.7158775170649013,0.0441898802241176,0.005570209619837198,0.05292956481588218,0.0717606586450511,0.000999000999000999,120.58570191841638
HIV-1,gag,118,15,6,0.922457019062866,0.07135274079272867,0.00504978964310894,0.08016811744030194,0.08963527511586465,0.000999000999000999,168.54252125760803
HIV-1,gag,127,15,5,0.8939455961776124,0.06556779030117467,0.005712421939117268,0.0751144340188977,0.08347911031353548,0.000999000999000999,145.01341369829655
HIV-1,gag,136,15,6,0.7216677388180492,0.059031695010085934,0.0043836256760621806,0.0663236650420263,0.07371396882770684,0.000999000999000999,151.1616394224633
HIV-1,gag,145,15,5,0.7510911602316189,0.0616600880030029,0.00493956983629859,0.06949777300378945,0.07883518433856468,0.000999000999000999,139.57309949589322
HIV-1,gag,154,15,5,0.5923893999540748,0.062331518194517724,0.005070671872459182,0.07058886353467862,0.08055451347688573,0.000999000999000999,104.53405290105842
HIV-1,gag,163,15,5,0.6406425447124721,0.05704308032592572,0.004432700134330365,0.06464460570705895,0.07098719213519414,0.000999000999000999,131.6577811945109
HIV-1,gag,172,15,7,0.8397716972062182,0.07066463375508858,0.004682917699365655,0.07862203532305924,0.08597447478053274,0.000999000999000999,164.23672437277992
HIV-1,gag,181,15,6,0.7077960821787468,0.05051925788187493,0.003715435680854814,0.056688276027667815,0.06118293539170791,0.000999000999000999,176.9043742793716
HIV-1,gag,190,15,6,0.7074632661678759,0.06178815870959587,0.0048093146289800975,0.069933979241263,0.07675356208643244,0.000999000999000999,134.2551189243377
HIV-1,gag,199,15,6,0.8423945236259217,0.0567475812759981,0.0041522254648383656,0.06386399723383203,0.06907828469364612,0.000999000999000999,189.2110505565975
HIV-1,gag,208,15,4,0.7739157975745227,0.05888696470604224,0.00554341598676441,0.06831205243602599,0.07865057874845209,0.000999000999000999,128.98704238969256
HIV-1,gag,217,15,6,0.6844840351640826,0.06635835428580814,0.004823327728822473,0.07396960371916166,0.08619743930684487,0.000999000999000999,128.15336540052576
HIV-1,gag,226,15,4,0.2762794321758519,0.054880382079689156,0.005191105315555163,0.06292284253164682,0.07368331826670001,0.000999000999000999,42.64969339626761
HIV-1,gag,235,15,4,0.5674345016240626,0.04990390984487695,0.004613815298427632,0.05750939139668069,0.06536691743448725,0.000999000999000999,112.16976803461506
HIV-1,gag,244,15,5,0.6511003909204555,0.05708693734488284,0.004473902660976258,0.06438449287587872,0.07208682863248428,0.000999000999000999,132.77299453939213
HIV-1,gag,253,15,6,0.7931863635971423,0.07198117035491847,0.004969470966763741,0.08039024570322463,0.08833038920780413,0.000999000999000999,145.12715700840343
HIV-1,gag,262,15,6,0.8341132399394379,0.06607269903007765,0.004998363693749061,0.07490021214629755,0.08134597026732487,0.000999000999000999,153.6583946201973
HIV-1,gag,271,15,5,0.26505354819816745,0.039965550996238844,0.003173115026191867,0.04538100879443877,0.051178735990161685,0.000999000999000999,70.93597154341494
HIV-1,gag,280,15,5,0.5944368265210638,0.057744796457033704,0.0044191511345968255,0.06508178461018446,0.07104361679611415,0.000999000999000999,121.44686020406822
HIV-1,gag,289,15,5,0.3842973784336636,0.06444487702599869,0.005627871968797298,0.07366632141716566,0.08228501824944316,0.000999000999000999,56.83364923385398
HIV-1,gag,298,15,7,0.7150560500676977,0.07063549768596503,0.004864434951987235,0.07949182215020704,0.08793906180960212,0.000999000999000999,132.4759316842076
HIV-1,gag,307,15,6,0.613047127249154,0.062078406375865994,0.004416937091352686,0.06935635482710419,0.0774165964814168,0.000999000999000999,124.7399973053621
HIV-1,gag,316,15,7,0.9105892833872817,0.06995134922127293,0.005133175718889144,0.07877805968700145,0.0872388517511126,0.000999000999000999,163.76566480524244
HIV-1,gag,325,15,5,0.6831149087851469,0.05179433125206006,0.003910435661108627,0.05813257363808386,0.06562282777544046,0.000999000999000999,161.44507472962857
HIV-1,gag,334,15,5,0.8432682065083449,0.050826841567827574,0.0044005892478547436,0.057884784831072636,0.06807999229037767,0.000999000999000999,180.0761944157426
HIV-1,gag,343,15,7,0.8268399563276819,0.0656894606763419,0.004550612160606499,0.07303369320745064,0.0796743950000222,0.000999000999000999,167.26331948049267
HIV-1,gag,352,15,7,0.5286334012020814,0.05941655397152949,0.004009162638460838,0.06644452734989341,0.0721730507428262,0.000999000999000999,117.03612188970448
HIV-1,gag,361,15,7,0.6832857416176368,0.06335298324358618,0.004145514880158663,0.07039977131243431,0.07911909622902939,0.000999000999000999,149.54300642875117
HIV-1,gag,370,15,4,0.5894644482311268,0.040963403221236996,0.0037512550194352223,0.04738801998750108,0.05286296875582352,0.000999000999000999,146.21801028405432
HIV-1,gag,379,15,9,0.8927970881662863,0.07805754539253416,0.004596136053300906,0.08567726036080708,0.09075014010942803,0.000999000999000999,177.26619345582972
HIV-1,gag,388,15,2,0.6610509111984358,0.04103994344234469,0.005592572730672681,0.05046416626242896,0.05810671570055063,0.000999000999000999,110.86328200179088
HIV-1,gag,397,15,5,0.4239127638455017,0.06732267383075843,0.005289209520818629,0.07639942360616817,0.08428877127058051,0.000999000999000999,67.4184088588634
HIV-1,gag,406,15,5,0.5862875965407945,0.04154834168397714,0.003244342012230594,0.046841682028352837,0.05223205289256153,0.000999000999000999,167.90438640662637
HIV-1,gag,415,15,4,0.8339126611597117,0.06257890977121562,0.005577357866664071,0.07190575049257152,0.08148429727055972,0.000999000999000999,138.297338960221
HIV-1,gag,424,15,4,0.6422747387501078,0.05625129147102573,0.005058341911507814,0.06479238433808811,0.07195832199493205,0.000999000999000999,115.85287383319597
HIV-1,gag,433,15,3,0.48327768342874905,0.03478305671227543,0.003603168535188803,0.040963134039421326,0.04765693064451723,0.000999000999000999,124.4722866378419
HIV-1,gag,442,15,3,0.5274726716983299,0.047516793890847536,0.005236520405020679,0.05674986967470297,0.06395952251822916,0.000999000999000999,91.6554965292047
HIV-1,gag,451,15,2,0.7258571780769553,0.04103330342061613,0.0054670356264145525,0.049741678128894504,0.06282204648014734,0.000999000999000999,125.26420558657806
HIV-1,gag,460,15,2,0.5493175686487217,0.04341568410716611,0.005730457541521408,0.05275371330995069,0.06447163316154333,0.000999000999000999,88.28298279429205
HIV-1,gag,469,15,8,0.6620245620655929,0.0840425626309741,0.0049840955547491754,0.09244630773481335,0.10121952399498213,0.000999000999000999,115.96527255258567
HIV-1,gag,478,15,3,0.7316247603251738,0.050000691191242536,0.005305504823190869,0.05854777095649984,0.06933103866459848,0.000999000999000999,128.47487503064502
HIV-1,gag,487,15,7,0.7906525687175371,0.07449269957694511,0.005247022312018061,0.0835181332137723,0.09398833817033671,0.000999000999000999,136.4888171907066
HIV-1,gag,496,15,4,0.5306507982298555,0.05113183891136831,0.005037516687222989,0.0599336886792232,0.06765313231949152,0.000999000999000999,95.1895525298656
HIV-1,gag,505,15,2,0.20703120559651597,0.04150841170745347,0.005166456453583716,0.05086031522944812,0.059438416980573276,0.000999000999000999,32.037973294877474
HIV-1,gag,514,15,4,0.7899502054105518,0.057590879477383866,0.005539515616329378,0.06710273978341158,0.08013202670176221,0.000999000999000999,132.20638349214505
HIV-1,gag,523,15,4,0.5987520369283112,0.05933469641298033,0.005372457397236284,0.06793420363131383,0.07799950763070025,0.000999000999000999,100.40420996038416
HIV-1,gag,532,15,3,0.2980820204829297,0.05063870959520833,0.00520973531929267,0.059525247182025696,0.0671613293619209,0.000999000999000999,47.496330566236324
HIV-1,gag,541,15,3,0.2823015400753199,0.049063274309658345,0.005055210742161151,0.057568548520667055,0.06625915199568364,0.000999000999000999,46.13818842811485
HIV-1,gag,550,15,6,0.8432723715829621,0.06912665887420288,0.005073917422541644,0.0771345005307141,0.08781774063757139,0.000999000999000999,152.57357348180324
HIV-1,gag,559,15,4,0.8587788092642205,0.05904936270848385,0.0053454254641130735,0.06781840990927625,0.0780128232836976,0.000999000999000999,149.6100641426547
HIV-1,gag,568,15,5,0.8323359203168151,0.06492937133539099,0.005114498147158115,0.07310800606737848,0.08102122781982897,0.000999000999000999,150.0453274008586
HIV-1,gag,577,15,4,0.7856884016515385,0.06089742921409591,0.005890503759529869,0.07052089875932067,0.08241231737678827,0.000999000999000999,123.04397077496975
HIV-1,gag,586,15,4,0.8264507843097829,0.060142070706365375,0.005454346224431718,0.06920029628659945,0.07799123007210015,0.000999000999000999,140.4950624826275
HIV-1,gag,595,15,6,0.5080610226883497,0.07504620458790615,0.005683709257345774,0.08490090861212837,0.09470812870338437,0.000999000999000999,76.18525130236104
HIV-1,gag,604,15,6,0.845401313920061,0.06923736707055644,0.005144013308386771,0.07777211850538501,0.08900794841434265,0.000999000999000999,150.88684657639806
HIV-1,gag,613,15,2,0.35088936579396385,0.04215462249341786,0.0054576994531433266,0.051313659545361594,0.05974275248244419,0.000999000999000999,56.56865973496072
HIV-1,gag,622,15,5,0.6610229205914085,0.06878751707682781,0.005264248339775209,0.07780353206044702,0.0852123576812055,0.000999000999000999,112.50141811126448
HIV-1,gag,631,15,5,0.5517453062453852,0.07014012172067935,0.005282608195737753,0.07901093110051881,0.09064903984181713,0.000999000999000999,91.16806824956026
HIV-1,gag,640,15,8,0.7744892544174492,0.0684677310781612,0.004496969466587999,0.07635497986394787,0.08539881022647323,0.000999000999000999,156.99940339487566
HIV-1,gag,649,15,6,0.5949395937340961,0.06300686656127143,0.0045274044414417665,0.06994779033056255,0.0770977456918532,0.000999000999000999,117.49176245527316
HIV-1,gag,658,15,3,0.3033550602307879,0.0535037718868638,0.005393517615808628,0.062392195396065525,0.07556109044619272,0.000999000999000999,46.324366793871114
HIV-1,gag,667,15,8,0.8254237346923838,0.07999986004440436,0.004829536963127204,0.08802406284901547,0.09681706755030837,0.000999000999000999,154.34686189156017
HIV-1,gag,676,15,7,0.6778280892198223,0.07445869197750352,0.005030665405724697,0.0827271169275009,0.09104432242424325,0.000999000999000999,119.93828819458126
HIV-1,gag,685,15,4,0.6808208200959867,0.05868594288356383,0.005372632612945847,0.06739583663711567,0.07966008326863872,0.000999000999000999,115.79702578459063
HIV-1,gag,694,15,2,0.2019186461657416,0.04164287105542328,0.005016848002302905,0.05037056115900544,0.05793002525933817,0.000999000999000999,31.9475046955272
HIV-1,gag,703,15,4,0.3656742277057416,0.060284823983595234,0.005367603288117457,0.06953711423619993,0.07692962957829796,0.000999000999000999,56.894928207194965
HIV-1,gag,712,15,4,0.21164220088249197,0.0577110935459935,0.004881995446451542,0.06563973465841706,0.07291252588014578,0.000999000999000999,31.53036683972794
HIV-1,gag,721,15,6,0.5061746593120159,0.06782192123517726,0.004529189495064201,0.07514239465443642,0.08115510881513122,0.000999000999000999,96.78392536999051
HIV-1,gag,730,15,4,0.7603584552944485,0.06263304479763188,0.005505390697184197,0.07166835456788845,0.08263259729662903,0.000999000999000999,126.73494922961184
HIV-1,gag,739,15,6,0.5331471156679246,0.06430207356784823,0.00482945855357253,0.07234492033894187,0.08020227367668979,0.000999000999000999,97.08024965930275
HIV-1,gag,748,15,6,0.6669680435848095,0.06324300310851735,0.00462879199090016,0.07107727783109176,0.07790522325097007,0.000999000999000999,130.42820711390098
HIV-1,gag,757,15,2,0.7046126164763019,0.041191459469927465,0.005387929200037743,0.0499894505601554,0.06285696227339313,0.000999000999000999,123.1310086631664
HIV-1,gag,766,15,4,0.8507528552430638,0.057281038303789444,0.005081817270694523,0.0656953305836449,0.07677547034231649,0.000999000999000999,156.1393837427043
HIV-1,gag,775,15,5,0.709874253472051,0.06711571914413814,0.005586146320704208,0.07640018730745671,0.08606531615385231,0.000999000999000999,115.06296065780185
HIV-1,gag,784,15,3,0.5529603874598169,0.04970171536210127,0.005205323185496338,0.05882744930861099,0.06657516336754138,0.000999000999000999,96.68154198378154
HIV-1,gag,793,15,7,0.7181331027544707,0.08012173465226477,0.005011087043353658,0.0883467069050717,0.09693339079606274,0.000999000999000999,127.31995325214274
HIV-1,gag,802,15,4,0.5129450759994312,0.053174122422683594,0.004896143981665222,0.061245050736828434,0.06801735079025298,0.000999000999000999,93.90470445690926
HIV-1,gag,811,15,3,0.2665956202111865,0.052659944512563034,0.005476406564685047,0.061586447575822725,0.077761167110523,0.000999000999000999,39.06497320308561
HIV-1,gag,820,15,3,0.44658036606590656,0.05260974655060294,0.005459870451903819,0.06186484073687759,0.07529585542746484,0.000999000999000999,72.15750318360188
HIV-1,gag,829,15,4,0.2974177606897675,0.04956424749082249,0.0046752467370315375,0.057478297355652616,0.06429657669962799,0.000999000999000999,53.013996295800865
HIV-1,gag,838,15,6,0.7493411769646017,0.06520326958221853,0.00453775960048217,0.07286109810397905,0.08085467270687213,0.000999000999000999,150.76556883041766
HIV-1,gag,847,15,5,0.7198637275800418,0.06519887976639421,0.005333346033394679,0.07390891719319186,0.08309827506972446,0.000999000999000999,122.74936666671766
HIV-1,gag,856,15,4,0.7046099472679029,0.05219620887821815,0.005016510793040631,0.060690944207564976,0.0698157387612374,0.000999000999000999,130.0532910832712
HIV-1,gag,865,15,2,0.5440039029829509,0.04275434212582202,0.005734615929789287,0.05232725142041236,0.061136955754522694,0.000999000999000999,87.40769512624479
HIV-1,gag,874,15,4,0.7243033196164758,0.05899829329347465,0.005430774634320541,0.06828209726497789,0.07489861506863188,0.000999000999000999,122.50646935678621
HIV-1,gag,883,15,2,0.29477190778097634,0.044015789420215286,0.005641303613214408,0.053172677401661664,0.06144909596190167,0.000999000999000999,44.450030622953925
HIV-1,gag,892,15,4,0.8003081501890975,0.05990411224396187,0.0057064403290039215,0.0694699879104758,0.07838644762881662,0.000999000999000999,129.74884433328958
HIV-1,gag,901,15,5,0.7782785859685863,0.06213501787734703,0.004748145295087818,0.06991066413726979,0.08086215747153006,0.000999000999000999,150.82595910283618
HIV-1,gag,910,15,9,0.9477664511972879,0.08775562355060165,0.00526908169435004,0.09624526054018784,0.10318343585213924,0.000999000999000999,163.21835141953926
HIV-1,gag,919,15,4,0.7297361845513528,0.0589961311822036,0.005181187100430296,0.0669623686567012,0.0793846728732151,0.000999000999000999,129.45682917211084
HIV-1,gag,928,15,7,0.7219679089089812,0.06130275706901873,0.004175662766312527,0.06875168272130139,0.0746319278800635,0.000999000999000999,158.21803359455373
HIV-1,gag,937,15,6,0.7514245052113363,0.07297142412703354,0.0050623076814266125,0.0812410064497884,0.08955239429694573,0.000999000999000999,134.02051470982647
HIV-1,gag,946,15,2,0.16930788564770444,0.04337695181610312,0.004399841822686858,0.051156021240703294,0.05909954612552082,0.000999000999000999,28.621695712392427
HIV-1,gag,955,15,5,0.7957920841500618,0.06587113083880328,0.005165911646824714,0.07444369671017509,0.08232743828403961,0.000999000999000999,141.29567116385212
HIV-1,gag,964,15,6,0.8431565220730081,0.07191439909712545,0.005642241388782775,0.0813648026065246,0.09042263063935364,0.000999000999000999,136.690735087863
HIV-1,gag,973,15,5,0.7109682277452976,0.06488102540890416,0.005650630033693442,0.0741659359105583,0.08657399189166227,0.000999000999000999,114.33896724505409
HIV-1,gag,982,15,3,0.619748390816641,0.05454744884071958,0.005473138557027851,0.06352238989139988,0.07507897087768892,0.000999000999000999,103.26815886109227
HIV-1,gag,991,15,8,0.765831959936475,0.07000203151957925,0.004518043752553887,0.07717632446857806,0.0867567124242866,0.000999000999000999,154.01133024078578
HIV-1,gag,1000,15,4,0.708841559005467,0.05656214485961499,0.004978072224910997,0.0649218934901256,0.07553849478793663,0.000999000999000999,131.03052440295082
HIV-1,gag,1009,15,4,0.7925772189865733,0.057032907805639896,0.005496433508469682,0.06587758463714932,0.07652437964522073,0.000999000999000999,133.8221066528873
HIV-1,gag,1018,15,6,0.868050566182965,0.07002726367965163,0.005216389536708201,0.07855568019271424,0.08734074684126297,0.000999000999000999,152.98384004636767
HIV-1,gag,1027,15,4,0.7771353227773133,0.05996547120476052,0.0053082873788008866,0.06866132253112806,0.07622706710355344,0.000999000999000999,135.10381039968445
HIV-1,gag,1036,15,2,0.19957679252859908,0.04256738711360572,0.004908155464024567,0.05070754293811926,0.061877686637304606,0.000999000999000999,31.989493113213147
HIV-1,gag,1045,15,3,0.6031073614326862,0.04942678423061458,0.0053481819149907295,0.05835519929781498,0.06636138248780016,0.000999000999000999,103.52687810602109
HIV-1,gag,1054,15,3,0.41560767577865243,0.05172002246046766,0.005749520300227067,0.06113683501962689,0.06937567162255473,0.000999000999000999,63.29008931472312
HIV-1,gag,1063,15,6,0.6855416486197242,0.06637088144092164,0.004966260876624558,0.07475345862388191,0.08514201133342411,0.000999000999000999,124.67544145599483
HIV-1,gag,1072,15,4,0.5740400091890255,0.06069242260821586,0.005594769959713672,0.07008758440514924,0.08179814324128326,0.000999000999000999,91.75490507693398
HIV-1,gag,1081,15,5,0.7284059139838884,0.06007531420057031,0.004827170626001167,0.06823173356430419,0.07875060155667664,0.000999000999000999,138.45182852733834
HIV-1,gag,1090,15,4,0.8005340108926967,0.05948582804971148,0.005585224082123438,0.0688198156671882,0.07882849738983837,0.000999000999000999,132.68011666977688
HIV-1,gag,1099,15,4,0.6142505127484766,0.055973808794561083,0.005264280893135604,0.06476831053862922,0.07304912401757721,0.000999000999000999,106.04994590655001
HIV-1,gag,1108,15,7,0.582432288090116,0.04556836704214781,0.003018307430599262,0.050564617612362854,0.05386780781317103,0.000999000999000999,177.8691976852
HIV-1,gag,1117,15,2,0.022955768702822763,0.0033139848623217677,0.00047969416221917767,0.004220229029769488,0.0051712317500830505,0.000999000999000999,40.946472539155984
HIV-1,gag,1126,15,3,0.20846027780797222,0.04008681560733946,0.0041696838845068735,0.047159525657632866,0.05697910677454196,0.000999000999000999,40.38039018407397
HIV-1,gag,1135,15,7,0.521019153943501,0.05960639015140803,0.0041473501137720345,0.06658651709908234,0.07282365496040354,0.000999000999000999,111.25483769983332
HIV-1,gag,1144,15,5,0.7520622292970225,0.057525256208637285,0.004930336447803842,0.06581850867152099,0.07323849898601821,0.000999000999000999,140.87009688715224
HIV-1,gag,1153,15,7,0.8298729157265349,0.06223614216029699,0.004208685225426854,0.06911887950629388,0.07896694023080486,0.000999000999000999,182.39348690858262
HIV-1,gag,1162,15,6,0.46125958042740073,0.03476290124383965,0.0025841106562032997,0.03926784701824708,0.043621740047443965,0.000999000999000999,165.04582656308946
HIV-1,gag,1171,15,6,0.7575194606681618,0.07537961642773314,0.0053029670880999575,0.08429269841433774,0.09420675065006212,0.000999000999000999,128.63361829477958
HIV-1,gag,1180,15,4,0.8320050306654356,0.060672398707367334,0.0055035312190160985,0.06990973871103648,0.08081721483245102,0.000999000999000999,140.15231335345536
HIV-1,gag,1189,15,6,0.8178422586726768,0.06621332710108038,0.005161033809130835,0.07491962507401678,0.08171905237585864,0.000999000999000999,145.63534349296918
HIV-1,gag,1198,15,5,0.7020038229269834,0.061275904824065974,0.0050184136800269005,0.06935215183261108,0.07679553430531631,0.000999000999000999,127.67538886899473
HIV-1,gag,1207,15,3,0.4185631705890337,0.050086665157072566,0.005068984147328621,0.05829130233916753,0.06453951403244035,0.000999000999000999,72.69237676076577
HIV-1,gag,1216,15,3,0.2784757422659669,0.04677722652585372,0.0048563414704044525,0.055154473317455995,0.06623175363866385,0.000999000999000999,47.71050741636101
HIV-1,gag,1225,15,3,0.4988937773837167,0.048341333545812264,0.005133529759568233,0.05680912467575227,0.06387437450258511,0.000999000999000999,87.76659821600005
HIV-1,gag,1234,15,3,0.7121756906253967,0.05210180084647159,0.005389171601906838,0.06118835234944867,0.06796448660422996,0.000999000999000999,122.48151265871229
HIV-1,gag,1243,15,2,0.46764236694506295,0.041506781310900194,0.0055594134740321165,0.05108247243680832,0.060962100528233955,0.000999000999000999,76.65117689566203
HIV-1,gag,1252,15,6,0.4850025523124167,0.06570599105306146,0.0048562101420108715,0.07361963934270094,0.08176296912541914,0.000999000999000999,86.34234289658063
HIV-1,gag,1261,15,2,0.6483381781118274,0.04296967620423568,0.005714785235694857,0.05277303258349091,0.06453160050145795,0.000999000999000999,105.93022781091184
HIV-1,gag,1270,15,4,0.7984255479781878,0.05887704889387008,0.005479901154631773,0.06812096114769828,0.07651263152068298,0.000999000999000999,134.95653994766485
HIV-1,gag,1279,15,6,0.4842663206619842,0.06595347759625338,0.004746510284620112,0.07412215949878612,0.0807363355903846,0.000999000999000999,88.13060922277357
HIV-1,gag,1288,15,4,0.30854154286276264,0.0634067381001028,0.005411873053563458,0.07186735671702536,0.08077103379094742,0.000999000999000999,45.295741850642706
HIV-1,gag,1297,15,2,0.1992309337550346,0.04508212909391351,0.004994449754373283,0.05324262396474487,0.0651152500308617,0.000999000999000999,30.864021512308533
HIV-1,gag,1306,15,6,0.6888783394674031,0.06309622354525103,0.004622545082932889,0.07071446410882068,0.0773285681920335,0.000999000999000999,135.3760979492944
HIV-1,gag,1315,15,5,0.6776330712553807,0.062349076978854084,0.005053566425772097,0.07094803045105438,0.0806419853779086,0.000999000999000999,121.75243035071455
HIV-1,gag,1324,15,4,0.5095770214991766,0.057122362928827414,0.005160819722890582,0.06597175097614255,0.07532488199044962,0.000999000999000999,87.67108383257548
HIV-1,gag,1333,15,4,0.43399968155337204,0.05037545312119126,0.004492877901788408,0.05779961402491001,0.06533605997087011,0.000999000999000999,85.38496634406148
HIV-1,gag,1342,15,7,0.815635814714162,0.07565677177528742,0.005384667098127832,0.08456000043542557,0.09105935702652942,0.000999000999000999,137.42335959750497
HIV-1,gag,1351,15,5,0.36237393042170163,0.05828604144814251,0.004789115816362635,0.06570297001704324,0.07322835019004073,0.000999000999000999,63.49562228890006
HIV-1,gag,1360,15,6,0.4010599030329213,0.06642548209065509,0.0050845309993187695,0.07466766578224487,0.0839009918994399,0.000999000999000999,65.8142159005621
HIV-1,gag,1369,15,2,0.1538463058262207,0.038497077140916644,0.004767328091345833,0.046340769826506596,0.05644490249948983,0.000999000999000999,24.195781468176772
HIV-1,gag,1378,15,6,0.8633029478404732,0.06532164843838745,0.005164036279374557,0.07402374001719295,0.08693676994370145,0.000999000999000999,154.52666407268802
HIV-1,gag,1387,15,7,0.93076763915289,0.06928616558144475,0.004747614406461963,0.07686148843296273,0.0856062446518784,0.000999000999000999,181.45565326427638
HIV-1,gag,1396,15,5,0.6078942836906928,0.05170611512805205,0.004144465087582691,0.05883479664093758,0.06282486681573796,0.000999000999000999,134.20023014044597
HIV-1,gag,1405,15,6,0.6625521241812972,0.04652934902999295,0.003440357600724699,0.052539026486732456,0.05591503132400658,0.000999000999000999,179.05777440738754
HIV-1,gag,1414,15,9,0.6868833902420308,0.055058419142629926,0.0031981161827280345,0.06035786599453154,0.0655276420144199,0.000999000999000999,197.56160658317486
HIV-1,gag,1423,15,6,0.4007538232761865,0.06435453818473781,0.004834346359215201,0.07259075683677937,0.0836179213082719,0.000999000999000999,69.58526760297316
HIV-1,gag,1432,15,5,0.3713793747460114,0.031058220895546787,0.002482280811677284,0.035333139322050476,0.04159630402036725,0.000999000999000999,137.1001831257394
HIV-1,gag,1441,15,7,0.7012228719392257,0.04729293422942961,0.00311932524426848,0.05257250429718169,0.05764065131722471,0.000999000999000999,209.63826677302794
HIV-1,gag,1450,15,7,0.7280620743655051,0.05059909254814271,0.003465103872524928,0.056405421425468186,0.06188995848744742,0.000999000999000999,195.5101511354444
HIV-1,gag,1459,15,7,0.8322517958252468,0.07437194402999017,0.005032652329327291,0.08256599881215751,0.09081196756869371,0.000999000999000999,150.59253097592014
HIV-1,gag,1468,15,3,0.5399446923240581,0.05184410200084521,0.0050378517827858755,0.060185153847510775,0.07021067351561103,0.000999000999000999,96.88665156665222
HIV-1,gag,1477,15,3,0.580244553474462,0.050903928841624625,0.005119525055373336,0.05903122387182508,0.07336677342546423,0.000999000999000999,103.39643207278644
HIV-1,gag,1486,15,5,0.7313343138137522,0.06424237314100051,0.0050938572919187654,0.07289569487846319,0.08104734225030029,0.000999000999000999,130.96007650843907
HIV-1,pol,1,15,1,0.11067619948508574,0.031228628314397888,0.004641035075505235,0.03912348611760869,0.049006516481442906,0.000999000999000999,17.118502635328387
HIV-1,pol,10,15,6,0.6789356194891458,0.06182853978292933,0.004531494905823697,0.06904692068288895,0.0765819330195052,0.000999000999000999,136.18178824677372
HIV-1,pol,19,15,5,0.6948364982623444,0.0631997212632801,0.005149633547500318,0.07173162854072168,0.0799059560613891,0.000999000999000999,122.65664559872748
HIV-1,pol,28,15,4,0.4977771776593465,0.05613831031288671,0.0051982526965912625,0.06489563914948122,0.07418495063757706,0.000999000999000999,84.95909935968734
HIV-1,pol,37,15,4,0.5325942111470552,0.05572926567641201,0.004876301857459923,0.06399828153156373,0.07407547894588963,0.000999000999000999,97.79233513633285
HIV-1,pol,46,15,8,0.7873162867250515,0.07736940891505983,0.005127012421240912,0.08576533802628246,0.0939799470807286,0.000999000999000999,138.47184665844057
HIV-1,pol,55,15,4,0.31137127011843807,0.051132939792053536,0.004460408448453487,0.05821283208820291,0.06487603030176961,0.000999000999000999,58.34405824798722
HIV-1,pol,64,15,7,0.42189407836491927,0.07306736617220629,0.004993142912422132,0.08127154585119001,0.08965787274415463,0.000999000999000999,69.86115124501816
HIV-1,pol,73,15,1,0.08644864840532085,0.02803790405550615,0.005516371111076027,0.0371378197841799,0.04692280501078343,0.000999000999000999,10.588617620836802
HIV-1,pol,82,15,7,0.8755573031141343,0.0719879873772978,0.0049805526164285845,0.07995688850651633,0.08973301606966085,0.000999000999000999,161.34139675308833
HIV-1,pol,91,15,6,0.812747295364004,0.0640424337455517,0.004771825070034476,0.07191295660505632,0.07821664842969944,0.000999000999000999,156.90115430259118
HIV-1,pol,100,15,8,0.9088343903671691,0.07568338846396958,0.0045552163546947475,0.083140574104996,0.09065025679710356,0.000999000999000999,182.90042382828383
HIV-1,pol,109,15,5,0.666022573840528,0.04222080410959521,0.0033160613944527846,0.04764776967117726,0.0531203939225735,0.000999000999000999,188.11526552989903
HIV-1,pol,118,15,8,0.6470588018223337,0.04985570513311732,0.0028608674305237143,0.05461016617870926,0.06079537715726422,0.000999000999000999,208.74895855621367
HIV-1,pol,127,15,4,0.3200371644717676,0.05168405929821193,0.004674897074972268,0.05939783276016047,0.06615023733106444,0.000999000999000999,57.40299751415332
HIV-1,pol,136,15,7,0.41726725724466124,0.039962297876274526,0.002576569078004848,0.04435776445769959,0.04888002873112918,0.000999000999000999,146.43696634772576
HIV-1,pol,145,15,7,0.6850822517268552,0.04998355208312695,0.003475595486179137,0.05568647454252042,0.06095142840540903,0.000999000999000999,182.7309024221107
HIV-1,pol,154,15,7,0.7305832593562777,0.04875317965009141,0.003250019109643158,0.05410122812054728,0.06024152225360217,0.000999000999000999,209.79263712115497
HIV-1,pol,163,15,7,0.828651278140863,0.07198650445592196,0.004973681771673863,0.0800412109524213,0.08839780394030235,0.000999000999000999,152.13373280017674
HIV-1,pol,172,15,3,0.539252822492907,0.05242234893894018,0.004990026007876021,0.060705342701933146,0.07138643518049399,0.000999000999000999,97.5607086587478
HIV-1,pol,181,15,3,0.5795924002113878,0.051658872598793495,0.005061877313351002,0.06004928591980137,0.0718433205822368,0.000999000999000999,104.29599433793827
HIV-1,pol,190,15,5,0.7294877955779276,0.061970521191853034,0.0049160411235337105,0.07023512525316974,0.07898779488293306,0.000999000999000999,135.78350091307925
HIV-1,pol,199,15,3,0.7112114672597936,0.050249076028899636,0.005466118641081567,0.05933757042731803,0.06830185671912725,0.000999000999000999,120.91987653969234
HIV-1,pol,208,15,6,0.823545632083679,0.06060264030251527,0.004241475827215242,0.06754349930865643,0.07421517768514943,0.000999000999000999,179.87677470322328
HIV-1,pol,217,15,6,0.8376746043878398,0.059919431543132375,0.004541084477064651,0.06747316017523101,0.07314578773631691,0.000999000999000999,171.27080035019455
HIV-1,pol,226,15,6,0.8681743654736767,0.07125491152368961,0.0051462429389189995,0.07957300030549747,0.08815300577566469,0.000999000999000999,154.85461207499563
HIV-1,pol,235,15,4,0.667489179321358,0.053325362064102134,0.005138253840839315,0.06186573064048793,0.06919301881828044,0.000999000999000999,119.52772990229197
HIV-1,pol,244,15,2,0.17198432915442202,0.04516349837220646,0.005325552436552232,0.05381426020132075,0.06396499953338385,0.000999000999000999,23.813647934770785
HIV-1,pol,253,15,1,0.12615061315530177,0.030372939388296095,0.0056836789322597505,0.03949829023504709,0.04827940823507309,0.000999000999000999,16.851351898747353
HIV-1,pol,262,15,3,0.2282968430835621,0.04807467524043793,0.004937119547130919,0.055907726627066605,0.06508069464158996,0.000999000999000999,36.503504953177746
HIV-1,pol,271,15,7,0.7657252073335734,0.06527843284458776,0.00464293900934182,0.07316341627162078,0.0782499210828653,0.000999000999000999,150.86279898996142
HIV-1,pol,280,15,4,0.3596782158142208,0.060311902147095184,0.005289076871235071,0.06921976472339014,0.07714650253067043,0.000999000999000999,56.60086267515706
HIV-1,pol,289,15,3,0.5746470726137928,0.048226505077604724,0.005322391811015872,0.05716842980867363,0.06601165955204259,0.000999000999000999,98.90676715055885
HIV-1,pol,298,15,1,0.15156028534982338,0.0299732553631235,0.005644571844927044,0.03981121356886333,0.049573850100741744,0.000999000999000999,21.54052305950787
HIV-1,pol,307,15,3,0.6191413826047979,0.053191981723167414,0.005317249036768612,0.06207707653326714,0.06980360204969437,0.000999000999000999,106.43650447216369
HIV-1,pol,316,15,4,0.2944665870528957,0.06028312739152929,0.005061084520146193,0.06824512092126134,0.07834185169807895,0.000999000999000999,46.2713986951164
HIV-1,pol,325,15,3,0.5856508649507406,0.050344424312389814,0.005283247160923251,0.0591683071001858,0.07007403815007283,0.000999000999000999,101.3214836128934
HIV-1,pol,334,15,5,0.7658357101321103,0.06578193868254434,0.005607601162310818,0.07540135973042031,0.0853765892233656,0.000999000999000999,124.84015021515602
HIV-1,pol,343,15,5,0.6293650499187149,0.06316825388837433,0.004963777841907679,0.07136274394170079,0.07957426923025286,0.000999000999000999,114.0657003724284
HIV-1,pol,352,15,7,0.6665869376694952,0.06401270533484257,0.004446629542669706,0.07112704416431832,0.07584265515352616,0.000999000999000999,135.51257790926155
HIV-1,pol,361,15,4,0.6112549728824052,0.05240221477011613,0.005233842354070252,0.061318222602415526,0.07247602783498472,0.000999000999000999,106.77676557790869
HIV-1,pol,370,15,6,0.8199457000894266,0.06478038705637407,0.004759634439043665,0.07271624462271047,0.08496003550621449,0.000999000999000999,158.66035988780368
HIV-1,pol,379,15,5,0.3612724939020426,0.06355708866289492,0.0045742091671444165,0.07140498504034615,0.07726204169954,0.000999000999000999,65.08565619989021
HIV-1,pol,388,15,5,0.4775208941038031,0.06736253918441817,0.005141235029236785,0.07560891262256474,0.08567828269035338,0.000999000999000999,79.7781763694769
HIV-1,pol,397,15,4,0.5368449610411423,0.05859762830281703,0.005252965923330252,0.06725973139003535,0.07456068506987949,0.000999000999000999,91.04329624798484
HIV-1,pol,406,15,5,0.45934353690893037,0.06779143314179378,0.00523230340682537,0.07675233998064744,0.08799531575068428,0.000999000999000999,74.83360067697328
HIV-1,pol,415,15,3,0.23416107241086012,0.05234074225956731,0.005555070866330237,0.06214396498572736,0.07248082413761636,0.000999000999000999,32.730514970262846
HIV-1,pol,424,15,4,0.7398444253440729,0.05671106965798896,0.004966457074545737,0.0649080124869722,0.07349622431114428,0.000999000999000999,137.54943321413234
HIV-1,pol,433,15,6,0.8726751957933062,0.06919200840475653,0.00525295526614293,0.0776905367807753,0.08785472330884331,0.000999000999000999,152.95831521110986
HIV-1,pol,442,15,4,0.6736285118015309,0.05050934670633766,0.004866002134429319,0.058513683082427805,0.06690162708436412,0.000999000999000999,128.0556703184168
HIV-1,pol,451,15,4,0.8678982421867322,0.05813628708425116,0.005452018938402476,0.0671260102534176,0.07761233677536912,0.000999000999000999,148.52515448887152
HIV-1,pol,460,15,5,0.9324047973960424,0.0649474124580744,0.005314254454749209,0.0734799080575989,0.08370238086222155,0.000999000999000999,163.23218850816306
HIV-1,pol,469,15,6,0.7382486380035322,0.07508521029247966,0.005461139191902645,0.08406475612437563,0.09099636504584048,0.000999000999000999,121.4331670385439
HIV-1,pol,478,15,4,0.7378114733697078,0.058716362123207806,0.005499383964323774,0.06832454757439639,0.07718991775213334,0.000999000999000999,123.48566960445072
HIV-1,pol,487,15,2,0.30721131301531046,0.04298170716997778,0.005715891986071954,0.052742391117901126,0.06532253937470409,0.000999000999000999,46.227186673433835
HIV-1,pol,496,15,4,0.5041263170140559,0.05711498343734061,0.005164337156929794,0.06559886174170403,0.0759815260908447,0.000999000999000999,86.55734898657626
HIV-1,pol,505,15,3,0.20409667604141066,0.05526018434358565,0.0053358379799122065,0.06422032906139502,0.07069457152172942,0.000999000999000999,27.893742699487643
HIV-1,pol,514,15,2,0.7376936359051034,0.04169191403825445,0.005520741528519396,0.05082087709315909,0.060311132378221555,0.000999000999000999,126.07033281152526
HIV-1,pol,523,15,6,0.6408075221745404,0.06561340956084505,0.004333218486630257,0.07330191439584603,0.08253901561049096,0.000999000999000999,132.74062094685587
HIV-1,pol,532,15,3,0.611945690647234,0.05455327606665125,0.005316759724564235,0.06358546891715593,0.07818508119141544,0.000999000999000999,104.8368637020299
HIV-1,pol,541,15,4,0.3244130206165238,0.057644545518408905,0.005165599798308285,0.06663323410664275,0.0746890542165564,0.000999000999000999,51.64327193629684
HIV-1,pol,550,15,2,0.447638261903343,0.04369519067267228,0.005745801892777034,0.05375546405090393,0.06352982639560792,0.000999000999000999,70.30229701070303
HIV-1,pol,559,15,4,0.2524461448009652,0.06045108622825225,0.005120473689394798,0.06914064845792443,0.07957888069885491,0.000999000999000999,37.495565882969196
HIV-1,pol,568,15,8,0.9072760869992244,0.07965777266179365,0.004955367521763536,0.0882653573624925,0.09501875457064611,0.000999000999000999,167.01451722856163
HIV-1,pol,577,15,7,0.91595326951034,0.07092746011504843,0.004668796227377267,0.07871874461140245,0.08538762785770264,0.000999000999000999,180.99436519421437
HIV-1,pol,586,15,5,0.7912456055673895,0.06607086473716721,0.005410930355040455,0.07518071570519015,0.08236649828447372,0.000999000999000999,134.02034275948478
HIV-1,pol,595,15,3,0.508297614686095,0.05288184702930874,0.005547006302701962,0.062141190343975646,0.06954311856114456,0.000999000999000999,82.10118085406754
HIV-1,pol,604,15,4,0.8355775471901943,0.06070850776879602,0.0060302224417149,0.07100962395771045,0.08008993843893632,0.000999000999000999,128.49758809246146
HIV-1,pol,613,15,3,0.23147763991927478,0.05185964549818698,0.005438680545577367,0.06114414746903384,0.06903816015584842,0.000999000999000999,33.0260240357654
HIV-1,pol,622,15,3,0.24933320257456296,0.05062255835498342,0.004825851759072859,0.059022621894775765,0.06653144698509479,0.000999000999000999,41.17628434109956
HIV-1,pol,631,15,5,0.7020085372258971,0.061244489467654546,0.005023475789600117,0.06938280489079782,0.0764870377512622,0.000999000999000999,127.55392373638752
HIV-1,pol,640,15,3,0.3929674749597768,0.049574332748276176,0.0056936590290332404,0.05877031517379448,0.07271777570020271,0.000999000999000999,60.311504510625284
HIV-1,pol,649,15,5,0.8971127312710453,0.06814539490056332,0.005412311110287202,0.07709358755220153,0.0884792595095518,0.000999000999000999,153.16328264922916
HIV-1,pol,658,15,6,0.8678134520843704,0.0735755460924147,0.005409314541486853,0.08208313299709964,0.09112529538199517,0.000999000999000999,146.8278281657558
HIV-1,pol,667,15,6,0.8830553397480485,0.06854117755353385,0.005194238943278084,0.07774276002351663,0.08793626531696741,0.000999000999000999,156.81106916511524
HIV-1,pol,676,15,3,0.6406518381154843,0.054257962854789225,0.005471467333054645,0.0632317815485763,0.07354183082085392,0.000999000999000999,107.17305606818262
HIV-1,pol,685,15,3,0.239311474415333,0.05011840645624934,0.005116095543469826,0.05842989005151298,0.06986222600195983,0.000999000999000999,36.979971611470255
HIV-1,pol,694,15,6,0.855560173511621,0.07654203821710183,0.005591342687642292,0.08563505364514219,0.09742328271501594,0.000999000999000999,139.32577178935327
HIV-1,pol,703,15,5,0.8326237136732157,0.06651404796053981,0.005445488176592919,0.07577530134053377,0.08483970527382331,0.000999000999000999,140.68704969478202
HIV-1,pol,712,15,3,0.6629402936550978,0.050878919766355016,0.0054699433475056645,0.06030597710596759,0.07599355660866741,0.000999000999000999,111.89537715556914
HIV-1,pol,721,15,4,0.7241597003223301,0.06300968753031837,0.005553748586710739,0.07246873589595566,0.08099462985844941,0.000999000999000999,119.04572244664469
HIV-1,pol,730,15,4,0.41228354546375195,0.054832252316705084,0.005018346795224808,0.06328010374242303,0.07380103281394876,0.000999000999000999,71.22889424205967
HIV-1,pol,739,15,3,0.23572921201704125,0.04915344858320576,0.005077241899458475,0.05768709571424453,0.06757454442075253,0.000999000999000999,36.74746390431686
HIV-1,pol,748,15,10,0.9426058987012721,0.09093802104615949,0.004791532575480798,0.09907602020869574,0.10682980811734133,0.000999000999000999,177.7443572048873
HIV-1,pol,757,15,7,0.7640949958853024,0.07120870790582884,0.004860533252082646,0.07909613420911209,0.08697899380110641,0.000999000999000999,142.55355370371862
HIV-1,pol,766,15,3,0.1924746715953336,0.047504942762988764,0.005235283570280086,0.05591056116474794,0.06395966096416915,0.000999000999000999,27.690902868245015
HIV-1,pol,775,15,4,0.6282431388808388,0.05857361305535589,0.005637758035246875,0.06748409096453713,0.0752630207915362,0.000999000999000999,101.04540178275623
HIV-1,pol,784,15,5,0.4858084477279875,0.05886066345001713,0.004753573195980097,0.06687125282070516,0.07406268779092338,0.000999000999000999,89.8161796770107
HIV-1,pol,793,15,5,0.9256736698628955,0.06907333422191554,0.0054951352408364185,0.07843003994008321,0.08687815658441661,0.000999000999000999,155.8833946934118
HIV-1,pol,802,15,3,0.47712989139319634,0.05317304162095148,0.005516276692502774,0.062452975743632205,0.07144399347205517,0.000999000999000999,76.85561718621706
HIV-1,pol,811,15,5,0.3333533762201664,0.06148011080954711,0.005227147389556489,0.07031804430504277,0.08030512010218607,0.000999000999000999,52.01178485110348
HIV-1,pol,820,15,5,0.686344385018374,0.06504871020743469,0.005173796066794561,0.07396295420486017,0.08011451395259137,0.000999000999000999,120.0850723124587
HIV-1,pol,829,15,7,0.6793308370541173,0.05779464393877522,0.004022033354113938,0.06441638968231184,0.07068087981242048,0.000999000999000999,154.5328291421561
HIV-1,pol,838,15,5,0.8091914723236804,0.06953260516257473,0.0058988502114848225,0.07943012703981536,0.08915527624997034,0.000999000999000999,125.3903456848285
HIV-1,pol,847,15,5,0.7983615301762407,0.06900319344854691,0.005521235762714152,0.07781047708658005,0.08743723847930251,0.000999000999000999,132.10056010525312
HIV-1,pol,856,15,4,0.46538166131163117,0.058556064551731915,0.0050660367739868255,0.06713352940499202,0.07649272981601436,0.000999000999000999,80.30450920705402
HIV-1,pol,865,15,7,0.4068219829512018,0.07575562431673659,0.005349431095777922,0.08477764402484642,0.09260466179241107,0.000999000999000999,61.88814337579968
HIV-1,pol,874,15,3,0.64820859014606,0.05159001921598189,0.005319904994802258,0.0604304673126437,0.07097259489256076,0.000999000999000999,112.14835067787794
HIV-1,pol,883,15,5,0.7670133644844401,0.06511599868250868,0.005399181124591927,0.07410978467901902,0.08102444439418012,0.000999000999000999,130.0007074415347
HIV-1,pol,892,15,5,0.6959434560153488,0.06761901197952944,0.005300293248081529,0.07643981446816517,0.08299289976227085,0.000999000999000999,118.54522280691639
HIV-1,pol,901,15,4,0.7176081485062449,0.060886543086342185,0.0054674727307353075,0.07009041719030344,0.08186492324538651,0.000999000999000999,120.11429004998105
HIV-1,pol,910,15,5,0.6789404429172551,0.06468236600403389,0.005478168531350371,0.07361700710366002,0.08389041117168015,0.000999000999000999,112.12836432430937
HIV-1,pol,919,15,1,0.09355510101253654,0.030346224344302435,0.005699484295594418,0.03979856190137871,0.04923901887646195,0.000999000999000999,11.090279995524023
HIV-1,pol,928,15,4,0.4352491456265111,0.057226220068736296,0.004959223074313276,0.06555776720760953,0.07207623559334332,0.000999000999000999,76.22623945185633
HIV-1,pol,937,15,4,0.3717691379571396,0.06080310005821957,0.005410854291459611,0.07000987744080502,0.08215956931954088,0.000999000999000999,57.4707839369733
HIV-1,pol,946,15,5,0.7007814046465389,0.05820183566311269,0.004724729014268759,0.06615011437673843,0.07344181972698463,0.000999000999000999,136.00347597562217
HIV-1,pol,955,15,1,0.1363805969052817,0.027941450916978933,0.005466736083590757,0.03693348197725361,0.05064453266097977,0.000999000999000999,19.836177260102133
HIV-1,pol,964,15,5,0.26366002919253695,0.058779812056671835,0.004764648709564237,0.06696424934462981,0.07486527311074183,0.000999000999000999,43.00006771214891
HIV-1,pol,973,15,4,0.8116445528728121,0.05710653179124975,0.005053871939905101,0.06612806117734803,0.07699267029518878,0.000999000999000999,149.2989988772313
HIV-1,pol,982,15,7,0.8195573343654198,0.06255554671962235,0.004302461755044583,0.06997690455848148,0.07556139013394528,0.000999000999000999,175.94619795474586
HIV-1,pol,991,15,5,0.6109725800902082,0.06137522758669476,0.0049098342015260685,0.06936684808141884,0.07769530559017825,0.000999000999000999,111.9380675487348
HIV-1,pol,1000,15,8,0.6889876123045757,0.08091139068756067,0.005240705773775982,0.08933539907840365,0.10365180982692715,0.000999000999000999,116.02945249469518
HIV-1,pol,1009,15,3,0.6337833093180661,0.0544829897100856,0.005732537533494226,0.06401183786543924,0.07520273536930919,0.000999000999000999,101.05478005564359
HIV-1,pol,1018,15,4,0.8206504843257446,0.06107968123754408,0.005829326944513582,0.07077366804203568,0.08149025904092934,0.000999000999000999,130.30163007121942
HIV-1,pol,1027,15,3,0.3446399097762477,0.05338313442520533,0.005666693576241552,0.06361651336366371,0.07177569063531829,0.000999000999000999,51.39801039748811
HIV-1,pol,1036,15,3,0.6594952524962062,0.050143732291140525,0.005351397263934248,0.05932008195689672,0.06858809514197915,0.000999000999000999,113.86774147974239
HIV-1,pol,1045,15,3,0.36049030023781287,0.050094192910223115,0.005441020259648393,0.05916468852116272,0.06876728928475472,0.000999000999000999,57.04740885262722
HIV-1,pol,1054,15,4,0.792072535241389,0.058184377588864127,0.005618452941359576,0.06728185699540222,0.08052789737040388,0.000999000999000999,130.62103844460353
HIV-1,pol,1063,15,3,0.49635101694541656,0.042614748318874525,0.00478733089499834,0.050641854659823994,0.060869055763914826,0.000999000999000999,94.77854749931576
HIV-1,pol,1072,15,7,0.8834016984472408,0.06997862401980542,0.004590497290716959,0.07720305308289027,0.0870663852281702,0.000999000999000999,177.19715815372854
HIV-1,pol,1081,15,4,0.8061356050618452,0.052637490163839964,0.0048503724644685265,0.0605077444762755,0.07341083297560033,0.000999000999000999,155.34850579368214
HIV-1,pol,1090,15,8,0.6379808737537208,0.053293078175401916,0.0033973890520435424,0.05903150468415882,0.06401197341364112,0.000999000999000999,172.09915809513393
HIV-1,pol,1099,15,2,0.15748943728861461,0.0361188286339687,0.004886077837391469,0.04450852008225464,0.05002339077062664,0.000999000999000999,24.840089064042022
HIV-1,pol,1108,15,3,0.7528534407402598,0.048900838858061645,0.005485959249004496,0.058289208791741494,0.06762870724651329,0.000999000999000999,128.31896299811928
HIV-1,pol,1117,15,6,0.8150482110700854,0.07553352421156481,0.00553064931304347,0.08435071175249435,0.10236823051083174,0.000999000999000999,133.71209147440445
HIV-1,pol,1126,15,5,0.63411213726576,0.07069880073352207,0.005435815834686549,0.07992884679735508,0.0885681452163219,0.000999000999000999,103.64834896300835
HIV-1,pol,1135,15,4,0.5423897112088877,0.06042469677991278,0.0049482195398219,0.0688068733716734,0.07614437449144122,0.000999000999000999,97.40170389576573
HIV-1,pol,1144,15,4,0.6401818822564321,0.06096785494975371,0.0053044934783290625,0.06990580664971398,0.07672439150392593,0.000999000999000999,109.19308877897484
HIV-1,pol,1153,15,3,0.9122019176218852,0.05320316922188668,0.005874978679416669,0.06294318906122313,0.07134362287882327,0.000999000999000999,146.21308353161362
HIV-1,pol,1162,15,3,0.34314020174139775,0.04985766594049839,0.0056293839339489095,0.058914278334406635,0.06963412984358834,0.000999000999000999,52.098513663673145
HIV-1,pol,1171,15,6,0.8737104209444659,0.07277843338233603,0.0053230371752364565,0.08192140627222763,0.09126356113329225,0.000999000999000999,150.46522524550122
HIV-1,pol,1180,15,4,0.8258429629696755,0.06214927722423624,0.0052786446896387566,0.0710127257412225,0.08225781945384104,0.000999000999000999,144.67609218791776
HIV-1,pol,1189,15,3,0.2811116165723169,0.050766010668648234,0.005200674289112673,0.060008602507997555,0.06478201474461805,0.000999000999000999,44.29148858367936
HIV-1,pol,1198,15,6,0.7663881060489438,0.0534443293826202,0.003934297335571857,0.0596619701979217,0.0687210328131161,0.000999000999000999,181.21247985510882
HIV-1,pol,1207,15,7,0.5909807998980962,0.06600761169231052,0.004623473568483052,0.07375919260640915,0.07925381608886992,0.000999000999000999,113.5451907380597
HIV-1,pol,1216,15,2,0.19599629729678747,0.03836476092659639,0.005195744946761814,0.047495354719501066,0.05464343675262594,0.000999000999000999,30.33858243338774
HIV-1,pol,1225,15,3,0.8211635767262943,0.05172462454277915,0.005516525001712129,0.060564494415308055,0.069185857230686,0.000999000999000999,139.478920506063
HIV-1,pol,1234,15,4,0.7361120898512254,0.06298486727341655,0.005631737396533792,0.07229819583753888,0.08117326941068884,0.000999000999000999,119.52390091769966
HIV-1,pol,1243,15,2,0.2307357212200691,0.04126678383312488,0.005685520958822777,0.05057691517946411,0.06481942438152985,0.000999000999000999,33.324815572604095
HIV-1,pol,1252,15,5,0.8966808445785417,0.0655173709039178,0.005231939739995844,0.07407298389420597,0.08176914018606167,0.000999000999000999,158.86334991986817
HIV-1,pol,1261,15,2,0.21922044091614543,0.04433544289256938,0.0057036809016040016,0.053969597490627345,0.06468900028788958,0.000999000999000999,30.661778076398786
HIV-1,pol,1270,15,4,0.7277033614032685,0.05885289796041548,0.005072338318443154,0.06726781257980469,0.07477793090059227,0.000999000999000999,131.86235251913212
HIV-1,pol,1279,15,6,0.5411258934649836,0.06952098905846804,0.005052625036166109,0.07825016458700652,0.08953207813942511,0.000999000999000999,93.3385915303079
HIV-1,pol,1288,15,5,0.5467060813537691,0.05797100432829893,0.004760885409179939,0.06635462300008675,0.07389729758690897,0.000999000999000999,102.65634120978656
HIV-1,pol,1297,15,7,0.9035161585601865,0.07575127185791995,0.0051491184367795486,0.08401776296442343,0.091525860884497,0.000999000999000999,160.75856418248978
HIV-1,pol,1306,15,4,0.6877728143492435,0.051578121663454574,0.004456627570571065,0.058858164404943396,0.0691495374430056,0.000999000999000999,142.75249224028565
HIV-1,pol,1315,15,6,0.8005362729540046,0.0679598602326726,0.00521341193949279,0.07665173783917284,0.08612971922634986,0.000999000999000999,140.5176535488972
HIV-1,pol,1324,15,5,0.36591645662474526,0.06242150047002228,0.005423130846431374,0.07122276890415737,0.07975872239875598,0.000999000999000999,55.963052478151845
HIV-1,pol,1333,15,3,0.8204274712042279,0.04735990736590832,0.005275934715697031,0.05659754009178652,0.06617542098675631,0.000999000999000999,146.52712846091114
HIV-1,pol,1342,15,6,0.5586622009131824,0.05669203720067156,0.004147575404558757,0.06353820783721008,0.07202215228240423,0.000999000999000999,121.02737497208044
HIV-1,pol,1351,15,6,0.8528392043509021,0.06484809874117159,0.004854108380866951,0.07255170119475854,0.08319646998528281,0.000999000999000999,162.3348808435534
HIV-1,pol,1360,15,5,0.8563200681764324,0.06848130649064103,0.0053777091216246995,0.07738795998599926,0.08607952246466852,0.000999000999000999,146.50081361183246
HIV-1,pol,1369,15,4,0.8116038595545171,0.054333902222866624,0.005365636166957678,0.06364819737008214,0.07464126197145471,0.000999000999000999,141.13330344592177
HIV-1,pol,1378,15,5,0.7512092098740992,0.0688658045505861,0.005509232851468677,0.07846803173485237,0.0858899975694544,0.000999000999000999,123.85452271119941
HIV-1,pol,1387,15,3,0.45330520431390986,0.050897213477199145,0.005481605149385439,0.05985511437786468,0.06677344238090167,0.000999000999000999,73.41061237908133
HIV-1,pol,1396,15,6,0.7922661421654144,0.0644788165467335,0.0048187287620135915,0.07236178130885595,0.07984183385479737,0.000999000999000999,151.03305489113316
HIV-1,pol,1405,15,4,0.7364168699514472,0.057755918049519385,0.005577061446995822,0.06675008174895047,0.07883736156889673,0.000999000999000999,121.68791008524748
HIV-1,pol,1414,15,6,0.7464524471242518,0.07336563526758635,0.005344450896447044,0.08180820374035298,0.09224736107662314,0.000999000999000999,125.94124726716626
HIV-1,pol,1423,15,3,0.2904263000426829,0.04732011878406988,0.004947127075714785,0.05562895903576296,0.0646925834313221,0.000999000999000999,49.140880664256606
HIV-1,pol,1432,15,5,0.5199554627031419,0.0681040346717428,0.005565390071484662,0.07739730994916455,0.08751086447195712,0.000999000999000999,81.18953428737117
HIV-1,pol,1441,15,5,0.8446570149134284,0.06427060697901317,0.005358414791058768,0.07329508835466692,0.08193284174108675,0.000999000999000999,145.63755109749889
HIV-1,pol,1450,15,4,0.8389408060681243,0.05348389899727393,0.005034966936438431,0.06203148338688554,0.07169780968001317,0.000999000999000999,156.00041012909938
HIV-1,pol,1459,15,6,0.7633217679877439,0.05508669453595637,0.004166548266539801,0.06210357514229819,0.07085772793358393,0.000999000999000999,169.98124782074262
HIV-1,pol,1468,15,4,0.7231083175130142,0.049966654898890316,0.004451967653954486,0.05753187175718334,0.06445618946250033,0.000999000999000999,151.20093292146942
HIV-1,pol,1477,15,3,0.22062091559655697,0.04198855259196164,0.004682445875324749,0.04980395613281427,0.05920240227514328,0.000999000999000999,38.1493705983748
HIV-1,pol,1486,15,5,0.7073767184324542,0.06802341493611125,0.00543305831677571,0.07703847059971074,0.08416790042006905,0.000999000999000999,117.67834361766471
HIV-1,pol,1495,15,7,0.7269503582261159,0.07326318765624393,0.004826894548289303,0.08160952884399171,0.08946007509737045,0.000999000999000999,135.42603096675165
HIV-1,pol,1504,15,4,0.6485551298556078,0.05500069705185922,0.005296729663961957,0.06371867951382716,0.07173292760299076,0.000999000999000999,112.06054876505999
HIV-1,pol,1513,15,2,0.44752227784766635,0.04183774816173536,0.005627493031500118,0.051414664377837226,0.05835151749581099,0.000999000999000999,72.0897435883253
HIV-1,pol,1522,15,5,0.7850742209094245,0.06835701684407999,0.005165226272807006,0.07704378742667249,0.08626731007932568,0.000999000999000999,138.75814266619716
HIV-1,pol,1531,15,8,0.7901053454482478,0.06508852973992756,0.004216131697153168,0.07220318087066402,0.07800258465990295,0.000999000999000999,171.96256374009113
HIV-1,pol,1540,15,6,0.9071278584770001,0.06420647040420734,0.0047839361444195665,0.07188025009039697,0.08256427464516594,0.000999000999000999,176.19829417164266
HIV-1,pol,1549,15,2,0.16850969635206373,0.044026970500050555,0.005404701519254019,0.053187859819981434,0.0626040488948167,0.000999000999000999,23.032303524727272
HIV-1,pol,1558,15,4,0.6990537146184678,0.056154617178014406,0.005088923946944445,0.06469990813051492,0.07209909866374886,0.000999000999000999,126.33301345100094
HIV-1,pol,1567,15,5,0.7549341060753657,0.06276650243930437,0.005218380507718607,0.07164997408450796,0.07955709123065902,0.000999000999000999,132.64030911740969
HIV-1,pol,1576,15,4,0.7674246725230733,0.05672020531795686,0.004944229287505361,0.06500833606386344,0.07344245921133047,0.000999000999000999,143.74423714554436
HIV-1,pol,1585,15,6,0.402702642962836,0.059093212448266985,0.004236522288243012,0.06629205516783802,0.07285273332580423,0.000999000999000999,81.10648478544228
HIV-1,pol,1594,15,6,0.5829341597280683,0.06159515045899947,0.004638779256953851,0.06933436038824281,0.08135874968737289,0.000999000999000999,112.38711315860645
HIV-1,pol,1603,15,4,0.28608697434021896,0.059151835910733495,0.005753861874268782,0.06911072193613294,0.07814179443945657,0.000999000999000999,39.440491167217154
HIV-1,pol,1612,15,3,0.23105301668063297,0.05376812871735697,0.005828564626241069,0.06356052749986313,0.07421668997909492,0.000999000999000999,30.41656039380827
HIV-1,pol,1621,15,7,0.6137148158432555,0.07622146864291457,0.00517745641653951,0.08469102133240235,0.09365746305634533,0.000999000999000999,103.81417127593878
HIV-1,pol,1630,15,6,0.4519585825882776,0.06998815088384046,0.0051165312765674535,0.07841279200159182,0.08755984050365236,0.000999000999000999,74.65417703078931
HIV-1,pol,1639,15,7,0.7346823856092157,0.07141571764090125,0.004820644927529607,0.07936906959721464,0.08733353738337568,0.000999000999000999,137.5887828162886
HIV-1,pol,1648,15,5,0.48255750971353945,0.06453936411231495,0.0053845551455351665,0.07381307897018105,0.08651639538493645,0.000999000999000999,77.63280982419543
HIV-1,pol,1657,15,6,0.6320182419766613,0.06948966341918174,0.005100640033005532,0.07768136697680382,0.08807385132843713,0.000999000999000999,110.28588077524299
HIV-1,pol,1666,15,5,0.6546823092912991,0.0673932322144063,0.0054176941588002904,0.07645658544704143,0.08353376608796616,0.000999000999000999,108.40203597003043
HIV-1,pol,1675,15,4,0.7376804165149593,0.05980029134655176,0.005693964158495075,0.06912303035307174,0.07591848909750984,0.000999000999000999,119.05240466908252
HIV-1,pol,1684,15,4,0.7775697725002754,0.06097486137239429,0.00557351123024215,0.07048897066952785,0.07682945104945707,0.000999000999000999,128.57153803505435
HIV-1,pol,1693,15,2,0.16613370589903528,0.041845619003207345,0.00493926505941344,0.05036978250017369,0.05759102386002552,0.000999000999000999,25.16327538627532
HIV-1,pol,1702,15,5,0.7368407142100579,0.07091418828511763,0.005706412664065923,0.0807024425613732,0.09011974079697313,0.000999000999000999,116.69792654820998
HIV-1,pol,1711,15,3,0.6716628873041939,0.04793550440138135,0.005376151909801754,0.05648968072280745,0.06672914735835246,0.000999000999000999,116.01744023743788
HIV-1,pol,1720,15,5,0.7647746299010862,0.06513027972877018,0.005273183537295174,0.07360585548844419,0.08350956168504753,0.000999000999000999,132.6796886973503
HIV-1,pol,1729,15,5,0.776166662596806,0.061476433252376714,0.004983690857399657,0.06979043771065419,0.07724365076889168,0.000999000999000999,143.4058110332577
HIV-1,pol,1738,15,6,0.40128597985416437,0.07489786784461297,0.005446444245373584,0.08421332193834888,0.09205003734164034,0.000999000999000999,59.92682515510883
HIV-1,pol,1747,15,7,0.89873113431213,0.07644505938116665,0.0051676757074030286,0.08447421446744212,0.09284605054308946,0.000999000999000999,159.1210674758452
HIV-1,pol,1756,15,7,0.7234286786365228,0.073988035014702,0.005115223842832954,0.082317676594696,0.09205196503408236,0.000999000999000999,126.96231163603242
HIV-1,pol,1765,15,4,0.4653860726339224,0.054995986114626375,0.004943075215679228,0.06379869726451605,0.07141407111206527,0.000999000999000999,83.02323323293885
HIV-1,pol,1774,15,4,0.7597626832480507,0.06090081538107798,0.00578866657860799,0.0703719606867685,0.07990130626641007,0.000999000999000999,120.72933522369658
HIV-1,pol,1783,15,3,0.28000555047788717,0.05184441500113197,0.00485980111523308,0.060199346098775156,0.0686820488279154,0.000999000999000999,46.948656964908
HIV-1,pol,1792,15,2,0.6411848780619341,0.04328783871317684,0.005609634675198568,0.053385326861611355,0.061850035615561426,0.000999000999000999,106.58395313908622
HIV-1,pol,1801,15,7,0.6555953868176964,0.07614476095093078,0.00510657026239029,0.08412786845233282,0.09687189439705872,0.000999000999000999,113.47158583803281
HIV-1,pol,1810,15,7,0.7655552032726491,0.07440134933469633,0.005108073949945241,0.08290726551715773,0.08921493007393363,0.000999000999000999,135.30615662785422
HIV-1,pol,1819,15,8,0.7073148840123966,0.0726385923261758,0.004461975584103198,0.07994844519971514,0.08906375081407716,0.000999000999000999,142.24109471764018
HIV-1,pol,1828,15,2,0.7707364554707103,0.044433850816254665,0.005574507060113848,0.053845762924893424,0.06435169995548559,0.000999000999000999,130.29001431377188
HIV-1,pol,1837,15,3,0.5417967807886144,0.04246678326662572,0.0047642067844963915,0.05060737593766647,0.055975602259052924,0.000999000999000999,104.8086323933085
HIV-1,pol,1846,15,5,0.47762971539207033,0.05678253750373995,0.004617000817451709,0.06443723864080225,0.07160596532050441,0.000999000999000999,91.15163599226115
HIV-1,pol,1855,15,10,0.9047634881089638,0.0913619197181331,0.00507290723425079,0.09987400928557684,0.10819784587101812,0.000999000999000999,160.34229108290813
HIV-1,pol,1864,15,9,0.7979994809054248,0.06867923741647487,0.004226290653434761,0.07550040652360115,0.08373129203001974,0.000999000999000999,172.5674600482629
HIV-1,pol,1873,15,7,0.8776144406456697,0.06592022580486195,0.004797684694676494,0.07402309807274575,0.08110139259997762,0.000999000999000999,169.1845684943537
HIV-1,pol,1882,15,5,0.7492722421852315,0.06646574157772679,0.005206580520217776,0.07506837421570665,0.083101494576177,0.000999000999000999,131.1429829916363
HIV-1,pol,1891,15,4,0.7604485090152755,0.05750563716022853,0.005173252556188792,0.06624399906407799,0.07567867602071658,0.000999000999000999,135.8802540993504
HIV-1,pol,1900,15,8,0.8518623108092793,0.08282491426141304,0.005129056294305001,0.09126901760348465,0.10131181690910063,0.000999000999000999,149.9374061075835
HIV-1,pol,1909,15,10,0.7848170286609011,0.07057383976187344,0.0040508759777380275,0.07764901099748489,0.08407939473049203,0.000999000999000999,176.31820693208547
HIV-1,pol,1918,15,5,0.763520419836543,0.06587202428236227,0.005399897349957871,0.07456947300467427,0.08252823544409751,0.000999000999000999,129.19660325758298
HIV-1,pol,1927,15,4,0.526422199155388,0.0568782153076677,0.005377767852657385,0.0658766467269323,0.07505881523896611,0.000999000999000999,87.31205896433379
HIV-1,pol,1936,15,4,0.5235258028454052,0.057596829947792944,0.005003534664426669,0.06593391348191763,0.07571925079467967,0.000999000999000999,93.11996501397294
HIV-1,pol,1945,15,3,0.6893907662638763,0.05354358302439522,0.00556740032913881,0.062264851579942,0.0732471453705067,0.000999000999000999,114.20899264447841
HIV-1,pol,1954,15,2,0.2859144114745158,0.04305107734136361,0.00586079981205426,0.05278857775187218,0.06033060032353099,0.000999000999000999,41.43859915393127
HIV-1,pol,1963,15,3,0.6249920240595153,0.05207208022621556,0.005620503936082866,0.061083657696431294,0.07086603021049773,0.000999000999000999,101.93391025940433
HIV-1,pol,1972,15,4,0.3593084896781723,0.05693186585114075,0.00526616019417411,0.06549987741126505,0.07403121087823394,0.000999000999000999,57.41880472256564
HIV-1,pol,1981,15,4,0.7096557167569792,0.054385177778757975,0.00510180812286101,0.06316813352588362,0.07267473138770528,0.000999000999000999,128.4388834699562
HIV-1,pol,1990,15,3,0.6217064350328222,0.04704629731659331,0.005310200165002634,0.055896890191853975,0.0656199838226459,0.000999000999000999,108.21816878082672
HIV-1,pol,1999,15,4,0.7478414074258574,0.056221171954107446,0.005098351910525324,0.06462810932866979,0.07290092759949503,0.000999000999000999,135.6556486506807
HIV-1,pol,2008,15,5,0.7200662114702553,0.06097507770797513,0.005169281764106532,0.06968129747221787,0.07929994705952181,0.000999000999000999,127.50149127848879
HIV-1,pol,2017,15,6,0.7496027708611683,0.0637523350671883,0.004890453104758449,0.07161823093819362,0.08126722025308317,0.000999000999000999,140.2427180268107
HIV-1,pol,2026,15,2,0.4953655060532807,0.04432108762450497,0.0052249940343176695,0.05310715770995346,0.06481610796561,0.000999000999000999,86.32438916988687
HIV-1,pol,2035,15,8,0.8417627945947889,0.07683177826451779,0.00487665610124203,0.08519396610489617,0.09300003508329838,0.000999000999000999,156.8556405147067
HIV-1,pol,2044,15,4,0.5346992284387444,0.05171711535871031,0.0042224239996310415,0.0587614859667147,0.06715812494694513,0.000999000999000999,114.38503407574356
HIV-1,pol,2053,15,6,0.6048534667064172,0.06606131992350606,0.0046970065716176205,0.07375268819989805,0.08097097664849921,0.000999000999000999,114.70968553432412
HIV-1,pol,2062,15,4,0.8389938564468187,0.05574403852521742,0.005349790108728726,0.06432261462830446,0.07703634455637458,0.000999000999000999,146.40757898962235
HIV-1,pol,2071,15,3,0.24271997962339115,0.04764655878598287,0.004969028926343936,0.056185492630095216,0.06369785870970636,0.000999000999000999,39.25785575592081
HIV-1,pol,2080,15,6,0.8233385946965679,0.0729468239193749,0.005436343042496368,0.0820035653255926,0.09031048947199474,0.000999000999000999,138.0324539697578
HIV-1,pol,2089,15,2,0.19522019846838004,0.042155118066461335,0.005352380153752024,0.05100473881783169,0.06014389057143144,0.000999000999000999,28.59757266953842
HIV-1,pol,2098,15,2,0.1796064838604296,0.042725617782936216,0.005492114980782523,0.052136558735120346,0.06106408308788591,0.000999000999000999,24.92316103294517
HIV-1,pol,2107,15,2,0.20545557977071646,0.04075002333431389,0.005114146476851495,0.04921992460736583,0.0562926729906521,0.000999000999000999,32.205873879819514
HIV-1,pol,2116,15,4,0.7077060037111534,0.05612855925130981,0.004768279832617267,0.06415822518640033,0.0729921804516003,0.000999000999000999,136.64832336448646
HIV-1,pol,2125,15,6,0.8233172648723465,0.061711936398913946,0.005030419047653568,0.06974542679385172,0.08044944458650345,0.000999000999000999,151.39997707123072
HIV-1,pol,2134,15,8,0.8363278050079388,0.07975735210627305,0.00520721940979429,0.0884936624396227,0.09473823777846303,0.000999000999000999,145.29260116802988
HIV-1,pol,2143,15,8,0.7510452945780023,0.08100579104247567,0.00485862097407175,0.08932392432651681,0.09645700853665244,0.000999000999000999,137.90734183860457
HIV-1,pol,2152,15,5,0.695113340758327,0.06904294408017313,0.005211914132293566,0.07780297436192454,0.08756694566002374,0.000999000999000999,120.12293003811328
HIV-1,pol,2161,15,7,0.8014179199362058,0.07461548552164879,0.00514665051851013,0.0828896052457441,0.0896522713471719,0.000999000999000999,141.2185326749084
HIV-1,pol,2170,15,4,0.45174150919626643,0.05589654046873558,0.0054378800299467196,0.06503098736038115,0.071426414941627,0.000999000999000999,72.79398709563097
HIV-1,pol,2179,15,5,0.8605781034804445,0.06837597186375856,0.0056111901767152425,0.07767681180823202,0.08772678354896803,0.000999000999000999,141.1825489187815
HIV-1,pol,2188,15,5,0.7794520042972405,0.06362675289175618,0.005046300559245372,0.07194066439737572,0.07875187849893049,0.000999000999000999,141.85148962124632
HIV-1,pol,2197,15,2,0.2487415642743982,0.042874178642781896,0.005776239205991646,0.05226710856277139,0.06242719355424408,0.000999000999000999,35.640384390257196
HIV-1,pol,2206,15,3,0.5320156898568654,0.04798752489487475,0.005319645381744554,0.0572152010482463,0.06589284410368225,0.000999000999000999,90.98880286701664
HIV-1,pol,2215,15,4,0.6050922329754439,0.05838789964854949,0.005400645423630262,0.06747496023634532,0.07730686271293292,0.000999000999000999,101.22944397253264
HIV-1,pol,2224,15,4,0.8294179152729411,0.05139498680349165,0.004801376244735567,0.0594569832693746,0.06556180808974466,0.000999000999000999,162.04164989621606
HIV-1,pol,2233,15,6,0.7005760527821947,0.06877958672806603,0.005437400749168456,0.07791023913312983,0.09188981184320257,0.000999000999000999,116.19457442984124
HIV-1,pol,2242,15,4,0.6913702636131958,0.060259730682445826,0.005592972701034324,0.06934914537807944,0.07853884159485977,0.000999000999000999,112.8399094124019
HIV-1,pol,2251,15,5,0.6903454096735742,0.0668669950336963,0.0054401298993904425,0.07622255852848447,0.08565569180941018,0.000999000999000999,114.60726603416907
HIV-1,pol,2260,15,3,0.4781783765464831,0.04655831011932398,0.0053758414286318775,0.05549593524503831,0.06525674097089325,0.000999000999000999,80.28883890219285
HIV-1,pol,2269,15,5,0.6844528605902027,0.06290937843421235,0.005176322040215025,0.07175519084365704,0.07756513544783006,0.000999000999000999,120.07434570863205
HIV-1,pol,2278,15,4,0.7362926429472714,0.05532943883983308,0.005027086116694624,0.06347859919860846,0.06944702016867607,0.000999000999000999,135.45883008568404
HIV-1,pol,2287,15,6,0.7181963217604156,0.07056435684784494,0.005498810717779757,0.07950517754451658,0.09212030005071127,0.000999000999000999,117.77673357959549
HIV-1,pol,2296,15,4,0.34568752502887495,0.05874087694840182,0.005228403565412432,0.0674595653739475,0.07499032008423734,0.000999000999000999,54.882268457377194
HIV-1,pol,2305,15,4,0.5632842455063448,0.062911107224829,0.005772269270407384,0.07243044792151597,0.08341225735411978,0.000999000999000999,86.6856889103861
HIV-1,pol,2314,15,3,0.6731041751148807,0.049651739331268825,0.00525222188555022,0.05851853808708323,0.07016565345213177,0.000999000999000999,118.70260803315232
HIV-1,pol,2323,15,3,0.36541758058885215,0.05014984955929974,0.005255813374645024,0.05881893568772623,0.06665594958956784,0.000999000999000999,59.98457489956928
HIV-1,pol,2332,15,6,0.8661791646634247,0.06764364064981512,0.005080157972886962,0.07608773250980289,0.08526190742234312,0.000999000999000999,157.18714423359089
HIV-1,pol,2341,15,2,0.5978838571834527,0.03988441774699112,0.005292629786037356,0.04877183561624569,0.05661384975747391,0.000999000999000999,105.42952407299231
HIV-1,pol,2350,15,2,0.18364160323091058,0.038724278229219936,0.004648730221979605,0.04692127241825499,0.05190856412014435,0.000999000999000999,31.17352870177512
HIV-1,pol,2359,15,10,0.8708889777060244,0.0853428537540743,0.0048284730170357485,0.09352979013804102,0.10217831131918972,0.000999000999000999,162.69038289753254
HIV-1,pol,2368,15,3,0.7743531801600573,0.050732877356043676,0.005439940810937062,0.05986295389959024,0.06599798721561856,0.000999000999000999,133.01988531734884
HIV-1,pol,2377,15,5,0.7754888496041632,0.06857896147165858,0.005654871600421567,0.07814331314246266,0.0877587659264702,0.000999000999000999,125.00900782253039
HIV-1,pol,2386,15,5,0.8148924211217661,0.0633653981996101,0.00513599808833621,0.07191277662486782,0.08143125994956535,0.000999000999000999,146.32540939391407
HIV-1,pol,2395,15,2,0.358246575299588,0.043503092477188275,0.005719220750576055,0.052633112300355195,0.06212215771613734,0.000999000999000999,55.032581631107334
HIV-1,pol,2404,15,5,0.840608806064661,0.059474602281764516,0.0053309406174363765,0.06858112935744158,0.077461639234932,0.000999000999000999,146.52840086568816
HIV-1,pol,2413,15,2,0.6226890545728767,0.04277622746276235,0.005750725096224257,0.05293476332237315,0.05966692301044244,0.000999000999000999,100.84168820569543
HIV-1,pol,2422,15,3,0.7797754652929882,0.05005791711463385,0.005408122347681404,0.05905562262938823,0.07152042993087523,0.000999000999000999,134.9299260012493
HIV-1,pol,2431,15,4,0.7264427314449654,0.05912891672728472,0.005269598945947287,0.0683247403623958,0.07742694997911997,0.000999000999000999,126.63464934668218
HIV-1,pol,2440,15,9,0.9015602788092251,0.08028373375002519,0.00484545357600062,0.08859608343065266,0.09505215629634237,0.000999000999000999,169.4942552183261
HIV-1,pol,2449,15,3,0.7637837343064231,0.04964656710780028,0.005245514662344721,0.05834302567182483,0.06660432108053047,0.000999000999000999,136.14244038342022
HIV-1,pol,2458,15,5,0.30340724710506917,0.06312596947789875,0.005003703106109754,0.07171409242805726,0.07801872269619943,0.000999000999000999,48.02069038304367
HIV-1,pol,2467,15,4,0.803647316314332,0.061079619521523174,0.005577685091800021,0.07085698426314543,0.07771660062308312,0.000999000999000999,133.13187900917666
HIV-1,pol,2476,15,3,0.7855116920111613,0.04576897951931647,0.0049141302276792895,0.054109833240138586,0.06088850471008698,0.000999000999000999,150.53380317948762
HIV-1,pol,2485,15,3,0.7665930124438425,0.05246279152618605,0.005619139958892538,0.061793997352958284,0.07099904292221967,0.000999000999000999,127.08888302159367
HIV-1,pol,2494,15,7,0.8640723053732996,0.0747376568378458,0.005494191835087915,0.08408622539450387,0.09203410202274477,0.000999000999000999,143.6671074159578
HIV-1,pol,2503,15,2,0.1898146230701516,0.03632905772687431,0.004740379206852273,0.044675485041665484,0.052276584766972195,0.000999000999000999,32.378330645238705
HIV-1,pol,2512,15,3,0.49564887129342,0.031159029876710365,0.0032277757251183755,0.0364771033008492,0.04464907414821674,0.000999000999000999,143.90400107481906
HIV-1,pol,2521,15,8,0.9107250069608382,0.07501470101888921,0.004659987036302351,0.08293581473815483,0.08944312612215477,0.000999000999000999,179.3374744246233
HIV-1,pol,2530,15,3,0.37797373143286056,0.0541865298748612,0.005873398498657839,0.06415262736757003,0.07073632893759427,0.000999000999000999,55.12774275949259
HIV-1,pol,2539,15,8,0.9518355414854918,0.07964154447870647,0.005083112871513814,0.08817408490843716,0.09925789733023943,0.000999000999000999,171.586588583274
HIV-1,pol,2548,15,8,0.8930865731746014,0.06975554803790991,0.004528003334091213,0.0776164969364603,0.0868535842484356,0.000999000999000999,181.8309229010179
HIV-1,pol,2557,15,4,0.879945975938829,0.058126674130275495,0.005315891772410449,0.06683557645745736,0.08238563544094808,0.000999000999000999,154.59669552977113
HIV-1,pol,2566,15,3,0.5950002981263655,0.05095929667086909,0.005437890516413938,0.06038053034864026,0.0785678594061751,0.000999000999000999,100.04633227045342
HIV-1,pol,2575,15,3,0.22025379972973683,0.052751271426465865,0.005051744121693063,0.061043444786028044,0.07012086021369285,0.000999000999000999,33.15736590536843
HIV-1,pol,2584,15,3,0.7308221837986073,0.05331056867590879,0.005783794811252198,0.06270039681942216,0.07127018262997531,0.000999000999000999,117.13963534885784
HIV-1,pol,2593,15,3,0.5394092879373085,0.052631825696830885,0.005439641803109641,0.06178105991314084,0.07330148793814192,0.000999000999000999,89.4870434230072
HIV-1,pol,2602,15,3,0.6042278839028098,0.050080324005393334,0.005189481842427157,0.05920630294761481,0.06447882434421878,0.000999000999000999,106.78283048741487
HIV-1,pol,2611,15,3,0.5198228222838647,0.04808517203670561,0.005109250352508475,0.056756747469509615,0.06553370812481758,0.000999000999000999,92.33011062289232
HIV-1,pol,2620,15,4,0.7220739405043399,0.05808202296050562,0.005241439802601379,0.06686086331848257,0.07385131557397313,0.000999000999000999,126.68120641475049
HIV-1,pol,2629,15,5,0.6518613132245287,0.05622212719396573,0.004592681977878977,0.06409552777520754,0.07192175527052108,0.000999000999000999,129.69310500912258
HIV-1,pol,2638,15,6,0.6883781601239578,0.06645007945576514,0.004712265927260594,0.07432094757026854,0.08272617316391,0.000999000999000999,131.9806840845549
HIV-1,pol,2647,15,5,0.8962939093998579,0.0671520404484144,0.005385882413228448,0.07582374506015806,0.08458255375475178,0.000999000999000999,153.94726533853768
HIV-1,pol,2656,15,3,0.7867365482689138,0.04553786413256758,0.005205334742472042,0.054076600117356814,0.0616918025049243,0.000999000999000999,142.39212669430495
HIV-1,pol,2665,15,1,0.08842945449943217,0.03034608293401007,0.00594231572657996,0.04058769248540333,0.049239911585489814,0.000999000999000999,9.774534750083262
HIV-1,pol,2674,15,2,0.2973481885170421,0.04436631985889785,0.005202262597154195,0.05271664871146965,0.063463693633842,0.000999000999000999,48.62920007085638
HIV-1,pol,2683,15,3,0.7090712703442978,0.04866025363244837,0.00523192294297378,0.05751052775863775,0.06436552617794004,0.000999000999000999,126.22720630829427
HIV-1,pol,2692,15,1,0.08438826312561383,0.03069038865049245,0.00439642849077257,0.0382204530375258,0.04687890913070027,0.000999000999000999,12.213976546604815
HIV-1,pol,2701,15,1,0.12181168052379511,0.029913954448517386,0.00552597636664692,0.03933702716713069,0.04768274138678051,0.000999000999000999,16.630133749746726
HIV-1,pol,2710,15,1,0.041819455998793095,0.030076536238295815,0.004451286396288881,0.037995108974476104,0.04433653596261367,0.008991008991008992,2.638095758180729
HIV-1,pol,2719,15,2,0.19366827621569083,0.04122753295493882,0.00551581894162473,0.05029764654622531,0.06161931033498579,0.000999000999000999,27.637010002335092
HIV-1,pol,2728,15,2,0.19686599550452813,0.040068248185011826,0.0051244429734811385,0.04850931156595444,0.057112377288890966,0.000999000999000999,30.598008043204036
HIV-1,pol,2737,15,1,0.23420856358397532,0.029559650638624545,0.005769425358702305,0.03954309867468348,0.04483335188348619,0.000999000999000999,35.471281838609606
HIV-1,pol,2746,15,3,0.5479783117295957,0.05174259172700825,0.005621609276939,0.061585611156029,0.07132786704736858,0.000999000999000999,88.27289403378649
HIV-1,pol,2755,15,5,0.36691838311719666,0.06419536072723121,0.005293216798286995,0.07309417020281232,0.08705846029047029,0.000999000999000999,57.19074693633056
HIV-1,pol,2764,15,3,0.30587457341037566,0.04996417929675338,0.005429395147709293,0.059199643886226755,0.0669979625279558,0.000999000999000999,47.13423634704374
HIV-1,pol,2773,15,3,0.2783444057311412,0.0504746713303546,0.005428381626067873,0.05970075368599401,0.06575295849643913,0.000999000999000999,41.977471389727505
HIV-1,pol,2782,15,2,0.3448994929152083,0.04130433835667627,0.005449715586584364,0.05039331862834408,0.057950800213319345,0.000999000999000999,55.70844014427031
HIV-1,pol,2791,15,4,0.5754345420799731,0.05945163973381952,0.0051723149446341555,0.06788207187825665,0.07955747129786384,0.000999000999000999,99.75860091068947
HIV-1,pol,2800,15,1,0.17824203865601992,0.028712962713110288,0.005374674399645767,0.03790645824446197,0.04536692885674596,0.000999000999000999,27.82104827648067
HIV-1,pol,2809,15,2,0.261200179049276,0.04363716497674494,0.0054412484303904265,0.052678384272177234,0.06327957616688316,0.000999000999000999,39.98402514713342
HIV-1,pol,2818,15,3,0.22347540534461147,0.054265384719485436,0.005397989689217603,0.06320959275991682,0.0750163913536228,0.000999000999000999,31.346858806181178
HIV-1,pol,2827,15,2,0.7276139825676187,0.04277206363828708,0.005503062815631273,0.052065855693912685,0.060629142302895955,0.000999000999000999,124.4474108098603
HIV-1,pol,2836,15,5,0.9012829201177875,0.06594886693652913,0.005479960557448337,0.07488827182773937,0.08724187745434385,0.000999000999000999,152.43431853644935
HIV-1,pol,2845,15,4,0.8282772144771903,0.06174652221764204,0.005088227060400228,0.07078949190009602,0.07796496672546444,0.000999000999000999,150.64789427837655
HIV-1,pol,2854,15,3,0.7700520886854365,0.05379365642673868,0.005118283038253957,0.06251090806223127,0.07129746840076669,0.000999000999000999,139.9411534894407
HIV-1,pol,2863,15,5,0.746541596876174,0.054925944776859255,0.004361146902261964,0.06209108252774209,0.06867366979063774,0.000999000999000999,158.58572701153443
HIV-1,pol,2872,15,1,0.03446008434413992,0.030312309892184836,0.004526400452626432,0.038337010892334246,0.04457449158310518,0.17882117882117882,0.9163516342325279
HIV-1,pol,2881,15,3,0.28923692015152536,0.053021944053472145,0.005203832839011016,0.06182845092875621,0.06882328587398098,0.000999000999000999,45.3924988380191
HIV-1,pol,2890,15,3,0.38927242320066086,0.052745394842105324,0.005535589775520265,0.06185070131386881,0.0724480808901143,0.000999000999000999,60.79334669031303
HIV-1,pol,2899,15,6,0.800528975815117,0.0702447742724987,0.005313864138638283,0.07923911969248981,0.08960389079861472,0.000999000999000999,137.4299723307866
HIV-1,pol,2908,15,7,0.7796037783362376,0.07690141797209156,0.005311667322537442,0.0859069337893002,0.09741895209343057,0.000999000999000999,132.294121166545
HIV-1,pol,2917,15,3,0.9097217387085909,0.052653613663132155,0.005840908413203171,0.062480695519069165,0.0739350130861346,0.000999000999000999,146.73541586580708
HIV-1,pol,2926,15,4,0.7352253979173919,0.06251076305377029,0.005849521244680759,0.07197894745503841,0.08215476720124242,0.000999000999000999,115.00336638239452
HIV-1,pol,2935,15,4,0.5945893408297642,0.05954208830405266,0.005286623982298745,0.06849468542561869,0.07716429408264096,0.000999000999000999,101.2077375499403
HIV-1,pol,2944,15,3,0.49421126571543184,0.04633119777816244,0.0050708204057466,0.0550407955824921,0.06295524875945505,0.000999000999000999,88.32497152328668
HIV-1,pol,2953,15,2,0.5767158526066786,0.04336624859930042,0.005727303597335119,0.05296997207355212,0.06280199642347166,0.000999000999000999,93.12403209348682
HIV-1,pol,2962,15,1,0.08064960044450388,0.03143615747046293,0.005741673809807568,0.040547159613093915,0.0521840317556488,0.000999000999000999,8.571271131769558
HIV-1,pol,2971,15,4,0.7497170186594035,0.06000433113308896,0.005410193499064601,0.06973895291272506,0.07710829918706126,0.000999000999000999,127.48392227478793
HIV-1,pol,2980,15,2,0.2030747626275161,0.03984498897168915,0.005285440382965723,0.04905644088793272,0.06043452066170775,0.000999000999000999,30.882908864490265
HIV-1,pol,2989,15,3,0.769413053938891,0.054239622530097745,0.0053541542767702125,0.06319398189048757,0.07087705345732535,0.000999000999000999,133.57355698764204
HIV-1,pol,2998,15,3,0.4714744957010457,0.05164650737397905,0.00555105810445729,0.06084152889495063,0.06885549921607965,0.000999000999000999,75.63026371313978
HIV-1,env,1,15,2,0.3043787883022783,0.03653576571822771,0.0042782934854322914,0.04393576283380718,0.052853174206515335,0.000999000999000999,62.605107269069684
HIV-1,env,10,15,4,0.3994709722776381,0.024154230285045798,0.0022052978084521582,0.0278987142688866,0.030408148979074588,0.000999000999000999,170.18868859984832
HIV-1,env,19,15,6,0.7089358978730671,0.04658921092987426,0.003440551515633995,0.05231821690645448,0.06323047743467093,0.000999000999000999,192.51177723497662
HIV-1,env,28,15,5,0.7132598940823854,0.05087296324781103,0.00411189556322808,0.057819204213756414,0.06363982127743782,0.000999000999000999,161.09040724627786
HIV-1,env,37,15,5,0.8152018660108222,0.057254642492958176,0.004742700233559138,0.06501395711979963,0.07288552249951265,0.000999000999000999,159.8134366904876
HIV-1,env,46,15,8,0.8470839327687656,0.06558815891888034,0.0040382479356030855,0.07265031822282356,0.0822073130176616,0.000999000999000999,193.52347510905716
HIV-1,env,55,15,8,0.8694838128809631,0.06138982996257023,0.003990489376801251,0.06809388004680751,0.07694708293389153,0.000999000999000999,202.50498287660034
HIV-1,env,64,15,8,0.8833733639259246,0.06836214781772304,0.004233533262558508,0.07522089498078943,0.08408887187940936,0.000999000999000999,192.51324261844934
HIV-1,env,73,15,7,0.7216651833173576,0.05691215768507044,0.0036777585305200794,0.06291407671905895,0.073559593989976,0.000999000999000999,180.7495027516891
HIV-1,env,82,15,6,0.7991619138761584,0.058209101205855616,0.004248117720310283,0.06555873796620855,0.07284673003938057,0.000999000999000999,174.41908662930922
HIV-1,env,91,15,5,0.2961914449066482,0.02255336737928587,0.0018642866587859324,0.025585407104520442,0.029246976434625902,0.000999000999000999,146.77897105457052
HIV-1,env,100,15,5,0.6909280458499518,0.061034316940666994,0.004935130254057166,0.06929149388826844,0.07817353482041982,0.000999000999000999,127.6346715249207
HIV-1,env,109,15,6,0.7603257070723592,0.07088736540914453,0.005033178614794095,0.07894088252628069,0.08924008988886177,0.000999000999000999,136.97871552516307
HIV-1,env,118,15,3,0.7668728498685548,0.05274585714172569,0.005907778324052419,0.06320620919252803,0.07088493213847193,0.000999000999000999,120.87911115747083
HIV-1,env,127,15,3,0.31810570587986575,0.053871697891989895,0.005492524720179477,0.0632423973834774,0.07245115004670748,0.000999000999000999,48.107932408038685
HIV-1,env,136,15,6,0.7309447913069836,0.06520675148901264,0.00482187153798212,0.07319987176877653,0.08408347571847417,0.000999000999000999,138.06631607124322
HIV-1,env,145,15,7,0.8622357311886952,0.06151728078885013,0.004187719211664529,0.06844992157568044,0.07671097283218187,0.000999000999000999,191.20633689324566
HIV-1,env,154,15,4,0.5202344715744243,0.061666765591384926,0.005701696704681998,0.07149642986983548,0.08386447008108967,0.000999000999000999,80.42653436940665
HIV-1,env,163,15,4,0.3054563741019816,0.060298175790108544,0.004791930647532696,0.06832150963150731,0.07681809778535661,0.000999000999000999,51.16063155840995
HIV-1,env,172,15,4,0.6170805299528935,0.055714413225505056,0.004710559126678605,0.06361505799392421,0.07038953466392407,0.000999000999000999,119.17186508668352
HIV-1,env,181,15,7,0.6970473310883607,0.0589262049232465,0.004020452448338641,0.06535857416856099,0.0724284972346574,0.000999000999000999,158.71873486000388
HIV-1,env,190,15,9,0.8850037111800728,0.07904800048213118,0.004647872914901029,0.08682297494291347,0.09344936639109754,0.000999000999000999,173.4031298734646
HIV-1,env,199,15,4,0.7602970087205632,0.0609700974552242,0.005720006278184592,0.07038393759738425,0.08031838603806857,0.000999000999000999,122.25981533140737
HIV-1,env,208,15,4,0.70043578341705,0.057006358579224606,0.005078687153605575,0.06560442095757812,0.07289709591729432,0.000999000999000999,126.69207718003021
HIV-1,env,217,15,3,0.22174485818300035,0.050397781422038074,0.004769197129153501,0.0585460585943514,0.07565255798762308,0.000999000999000999,35.927866288759425
HIV-1,env,226,15,4,0.26891856169359524,0.061218723083156304,0.005383285151352393,0.06998674795081654,0.0781087043125041,0.000999000999000999,38.582358684503355
HIV-1,env,235,15,4,0.3404925232861463,0.053598964054728825,0.004707699480473198,0.0612454967928369,0.06928911720224074,0.000999000999000999,60.94134946833527
HIV-1,env,244,15,7,0.6867317863641182,0.07339158461717822,0.005197464943738082,0.08183138835591201,0.08937831385184701,0.000999000999000999,118.00756876405559
HIV-1,env,253,15,1,0.00887536857960533,0.0019271466258726612,0.0003721078210526084,0.0026085558777625526,0.0035707015591380236,0.000999000999000999,18.672603908398727
HIV-1,env,262,15,3,0.8165045291702155,0.051972386135344405,0.005379331116931769,0.06090590912542319,0.07019286759471853,0.000999000999000999,142.12401624217927
HIV-1,env,271,15,3,0.333874877239402,0.04603736174887369,0.004961127254437786,0.05421708325620544,0.06026103582420484,0.000999000999000999,58.018571330347214
HIV-1,env,280,15,3,0.1984819747579879,0.0442382427461877,0.004649354269661299,0.05209803803779925,0.05941278402130131,0.000999000999000999,33.17530200232229
HIV-1,env,289,15,6,0.5833675927552042,0.067643690488731,0.004807102448690462,0.07547550643766672,0.08186643578186381,0.000999000999000999,107.28373438493398
HIV-1,env,298,15,7,0.8739012741284601,0.07538940243658417,0.005042192328647187,0.08341576175473062,0.09150301737048408,0.000999000999000999,158.36600820542589
HIV-1,env,307,15,5,0.6460471907245741,0.06988052102216193,0.005778755702603276,0.07945660314910694,0.08730896304706746,0.000999000999000999,99.7042788022436
HIV-1,env,316,15,7,0.8057995283120079,0.0805111006080377,0.005714997048525332,0.09005485383304056,0.09563999433616993,0.000999000999000999,126.9096766884805
HIV-1,env,325,15,6,0.5440328700713734,0.06973818693712838,0.005102756305493082,0.07819144151341914,0.0854025933032827,0.000999000999000999,92.94872314863831
HIV-1,env,334,15,4,0.5423797809350385,0.05830021145289615,0.00530585151718711,0.0671232777571366,0.0748020412137837,0.000999000999000999,91.2350388837825
HIV-1,env,343,15,5,0.6053832117725726,0.06484154923935942,0.005226831988799277,0.07380208125743096,0.08259201549036374,0.000999000999000999,103.41668982120619
HIV-1,env,352,15,3,0.24845415486162478,0.05142439146444791,0.005450774687579544,0.06057751074132858,0.06810380726358604,0.000999000999000999,36.147112051088904
HIV-1,env,361,15,6,0.8943496943599549,0.06559692744130163,0.004928482517789024,0.0738443736138938,0.08450852596085219,0.000999000999000999,168.15576882485152
HIV-1,env,370,15,4,0.8017142279782339,0.05625730554175935,0.005476937034429029,0.06553378357193222,0.07333716770433624,0.000999000999000999,136.1083608868234
HIV-1,env,379,15,3,0.48922050349167795,0.04343469234859833,0.0047794621849769695,0.051710702466251306,0.05837696304403373,0.000999000999000999,93.27112421650591
HIV-1,env,388,15,5,0.6664060377828572,0.04766686232428002,0.003977412514508819,0.05438674863903805,0.06347721421079669,0.000999000999000999,155.5632394682569
HIV-1,env,397,15,1,0.011368325123845844,0.0011022811492277169,0.00027840415151645075,0.001649693920060146,0.0023348902786716023,0.000999000999000999,36.87460807857785
HIV-1,env,406,15,1,0.010716426971322964,0.001250007969713897,0.00029494702238712806,0.0018034000696426921,0.002747966914408431,0.000999000999000999,32.09531977978089
HIV-1,env,415,15,1,0.011168758804049184,0.0011219940159133944,0.00027799257119556515,0.0016384823635036203,0.0024041898219353598,0.000999000999000999,36.14040743940594
HIV-1,env,424,15,1,0.011368325123845844,0.00109510980242869,0.00028434373756907894,0.0016527913747223025,0.0030283817973741595,0.000999000999000999,36.12956420016587
HIV-1,env,433,15,2,0.06404795100204531,0.013903258328209947,0.00196052960387987,0.01726008080570479,0.021022999045997644,0.000999000999000999,25.57711578269437
HIV-1,env,442,15,3,0.06841339287881758,0.0180620530571074,0.0022582864788352674,0.0219143247291812,0.026047876354957058,0.000999000999000999,22.296258819952445
HIV-1,env,451,15,1,0.011912642852665287,0.001127519914825769,0.00027748458058573106,0.0016544551376471038,0.0024465648262898595,0.000999000999000999,38.86746757269768
HIV-1,env,460,15,6,0.5633712811451969,0.05547432594456331,0.004099894527980208,0.06246481578526137,0.06798601710201271,0.000999000999000999,123.88049295766797
HIV-1,env,469,15,5,0.7568836632176356,0.06303275874940927,0.005447977049483144,0.07223797825122415,0.07994635186975518,0.000999000999000999,127.35936626863227
HIV-1,env,478,15,7,0.7628552006310573,0.06208231731291831,0.00418725342640255,0.06939794970977621,0.07561909402705098,0.000999000999000999,167.358602873054
HIV-1,env,487,15,6,0.2980233165273371,0.041547527088147365,0.0030176332995769674,0.04667622932858155,0.05046944667119208,0.000999000999000999,84.99236453784636
HIV-1,env,496,15,6,0.3305987261555907,0.054847967010964525,0.004062618074414184,0.06140119668198938,0.0687833728463022,0.000999000999000999,67.8751371883237
HIV-1,env,505,15,2,0.020525726911094496,0.004254321728584806,0.0005434191298401299,0.005235663641739935,0.0063823751246603775,0.000999000999000999,29.942643328174007
HIV-1,env,514,15,6,0.5853847757990158,0.04422042720810986,0.0033515800294666048,0.04976625625020002,0.05570460146122251,0.000999000999000999,161.4654413241121
HIV-1,env,523,15,4,0.27286731752789645,0.047683230431235006,0.004444358228910962,0.054813667176964134,0.06404047204721174,0.000999000999000999,50.667402468103965
HIV-1,env,532,15,4,0.47205143124592497,0.04587136550744201,0.004527482848019661,0.053501518984888724,0.06145569219478844,0.000999000999000999,94.13179023414651
HIV-1,env,541,15,5,0.152997953903953,0.03532415239753162,0.0027702004359192803,0.03990479688902824,0.04322299685238887,0.000999000999000999,42.4784430688214
HIV-1,env,550,15,1,0.010833020798778988,0.0010704486192274461,0.00027417929566236275,0.0016119840115706517,0.0025888827910540047,0.000999000999000999,35.606525853701335
HIV-1,env,559,15,1,0.015945092120101926,0.004015819781803705,0.0006779073947685703,0.005206742941070106,0.006664503157138047,0.000999000999000999,17.597200488380473
HIV-1,env,568,15,3,0.3541312859727024,0.02215803581958186,0.0023550474876434806,0.02628104637151071,0.02906726490545905,0.000999000999000999,140.96244423729274
HIV-1,env,577,15,3,0.33034126936047825,0.033208193430165386,0.00345943659255503,0.03880729256100025,0.04453039092768906,0.000999000999000999,85.89059749491167
HIV-1,env,586,15,7,0.8623037851350204,0.07661234387625677,0.004850558064432263,0.08496404662411523,0.08990449351928084,0.000999000999000999,161.97959715604918
HIV-1,env,595,15,9,0.8049353751052949,0.07769266456690802,0.004807568428194568,0.08550857184507053,0.09296426059181871,0.000999000999000999,151.27038156615384
HIV-1,env,604,15,6,0.8644172868821414,0.06842438517304729,0.005402677752358043,0.07701013863721357,0.08397638716067538,0.000999000999000999,147.33303339472292
HIV-1,env,613,15,3,0.3545670124391358,0.05237608755028442,0.005490506146132199,0.06150500858918328,0.07409801834388537,0.000999000999000999,55.03881005610576
HIV-1,env,622,15,8,0.7557919374415515,0.07728946349864532,0.0049388263650936865,0.08585445141662817,0.09729629366568264,0.000999000999000999,137.3813177030036
HIV-1,env,631,15,4,0.8969320876488069,0.0611208709342103,0.005978092714417327,0.07144478243363821,0.07954264765033749,0.000999000999000999,139.81235431475932
HIV-1,env,640,15,5,0.7583374146886778,0.06717239397966,0.0054086060527182645,0.07618657269308021,0.08511040455713868,0.000999000999000999,127.78986192970204
HIV-1,env,649,15,4,0.8664641150775697,0.0548793535065909,0.0051135818318448,0.06305817437032782,0.07238075652536426,0.000999000999000999,158.71160142912734
HIV-1,env,658,15,5,0.7636711443846845,0.06781719021036572,0.0054360060198203365,0.07704937508545515,0.08498342270312435,0.000999000999000999,128.00831191818975
HIV-1,env,667,15,5,0.8049686790304186,0.06356874224701192,0.00543525225913512,0.07229649480264741,0.08077922620521773,0.000999000999000999,136.40580076799992
HIV-1,env,676,15,6,0.6664595132771112,0.07005995235178164,0.005024534511000234,0.07837925188153944,0.09521235125810962,0.000999000999000999,118.69747528246239
HIV-1,env,685,15,5,0.42703184383229903,0.05124054382105662,0.003948157240142995,0.05800614217465108,0.06502678356402304,0.000999000999000999,95.1814421650623
HIV-1,env,694,15,5,0.6480533012573573,0.050216436719851154,0.004300314531651717,0.057080479427904444,0.06428308147359353,0.000999000999000999,139.02165995934294
HIV-1,env,703,15,5,0.7878093794189078,0.059333788959387915,0.004693139338122175,0.06731079614017607,0.07591057102933413,0.000999000999000999,155.22138551100392
HIV-1,env,712,15,5,0.6715239079369004,0.04893101867600124,0.004315977196020896,0.05618968502058315,0.06209835896421975,0.000999000999000999,144.25305347648663
HIV-1,env,721,15,5,0.3407099539790846,0.06597573097214708,0.00573832878453884,0.07541413992444106,0.08651155925957296,0.000999000999000999,47.87704457562142
HIV-1,env,730,15,4,0.7334096990668476,0.05339767231453746,0.0048906027863645125,0.06131258279812891,0.07237444483828158,0.000999000999000999,139.04462424309975
HIV-1,env,739,15,2,0.6844935273169499,0.0433579606107793,0.005945877599492129,0.053151199154714814,0.06469007606488404,0.000999000999000999,107.8285847594531
HIV-1,env,748,15,7,0.6998836779501589,0.07326203431159309,0.004875454326361879,0.08160021813337326,0.09286793321187799,0.000999000999000999,128.52579507316568
HIV-1,env,757,15,5,0.7073279851915175,0.06571032890806251,0.005543272188462739,0.07440650533615599,0.0857713134488705,0.000999000999000999,115.74709566289376
HIV-1,env,766,15,4,0.2437343421662493,0.053570558161123924,0.00526551885192262,0.062216804179722765,0.06900152987904892,0.000999000999000999,36.11491846348439
HIV-1,env,775,15,6,0.6149277092655686,0.060053657235505625,0.004503880409306843,0.06789756061488565,0.07388023074773886,0.000999000999000999,123.19910868047657
HIV-1,env,784,15,5,0.710161250082316,0.06713313597533031,0.005593959188752307,0.07614462984146318,0.08460053752572302,0.000999000999000999,114.95044786882124
HIV-1,env,793,15,3,0.309149519423491,0.050305122296296675,0.00554599593748493,0.05882523662997681,0.06788929109545506,0.000999000999000999,46.672301971533436
HIV-1,env,802,15,6,0.5190847553548724,0.049366927571005983,0.0036673285855592704,0.055482100613145874,0.06297351548122047,0.000999000999000999,128.08174038003037
HIV-1,env,811,15,8,0.8256486386548693,0.07338968567313427,0.004797168015432226,0.0811387293530592,0.08905050075447958,0.000999000999000999,156.81313444969183
HIV-1,env,820,15,3,0.24544730803757345,0.04193777189570111,0.004607830243691352,0.049407438798807456,0.0581020940649404,0.000999000999000999,44.16602291729393
HIV-1,env,829,15,7,0.45739419065453285,0.043711426964281645,0.0029171005607645352,0.04857187221388133,0.05383407320808817,0.000999000999000999,141.81299378374194
HIV-1,env,838,15,6,0.7604883664651143,0.0658910238865302,0.004598850355646334,0.07354696732664734,0.08187457807427338,0.000999000999000999,151.03716991481963
HIV-1,env,847,15,5,0.7127254198190959,0.058550919333669536,0.004654651655954003,0.06657012336687912,0.07164034843242836,0.000999000999000999,140.54209613057472
HIV-1,env,856,15,10,0.8832848351700057,0.07831781485456427,0.004360949565387151,0.0858788943920661,0.09100341535078532,0.000999000999000999,184.5852625089873
HIV-1,env,865,15,5,0.33533927378661066,0.04120152895652666,0.0033997432559311016,0.046950059219787656,0.05396639638735333,0.000999000999000999,86.5176346234202
HIV-1,env,874,15,6,0.48306717186891784,0.04705148285770166,0.003327409612119582,0.052745667624876494,0.058681463867265644,0.000999000999000999,131.0375757234984
HIV-1,env,883,15,5,0.7829257710055466,0.05172174762289049,0.0040376064879644735,0.05852446365074788,0.06562849707328125,0.000999000999000999,181.09838726539363
HIV-1,env,892,15,6,0.7485170588151352,0.0608807958957292,0.0046889731138317955,0.06859053894493441,0.08019120963292692,0.000999000999000999,146.64964934240675
HIV-1,env,901,15,2,0.5453982601476084,0.04008116660843294,0.005280211361851148,0.048915670075785705,0.059348156507980844,0.000999000999000999,95.70016404836117
HIV-1,env,910,15,3,0.4527276371649036,0.03951472396125219,0.004141424816327466,0.04611472124357102,0.05810478563444416,0.000999000999000999,99.77554381153307
HIV-1,env,919,15,4,0.5096733199832678,0.0356166766559202,0.0034297630862485805,0.04111555461189222,0.04867924239261269,0.000999000999000999,138.2184808122893
HIV-1,env,928,15,3,0.24407488941822825,0.05134812128409445,0.005174253433522977,0.060273029878824554,0.0670657461679776,0.000999000999000999,37.24726100300668
HIV-1,env,937,15,4,0.7376875809469552,0.05019304488354529,0.004514597777819862,0.05772514549339454,0.06651428027661456,0.000999000999000999,152.28256644280876
HIV-1,env,946,15,7,0.7818807825486588,0.06486545794497207,0.004458827093440107,0.07212765233538232,0.08086719046473946,0.000999000999000999,160.80805771961204
HIV-1,env,955,15,4,0.726601529365166,0.05056398526773522,0.004662919588334168,0.05830123934521225,0.06530899615246251,0.000999000999000999,144.98160032370316
HIV-1,env,964,15,3,0.18480700389180027,0.033132916870072304,0.0034377777138021337,0.038964246473493905,0.045354365351931755,0.000999000999000999,44.11980635419809
HIV-1,env,973,15,4,0.4202972168902504,0.05541492816624679,0.005050824281266473,0.06394050486895678,0.0722951227835128,0.000999000999000999,72.24212690933507
HIV-1,env,982,15,5,0.5576286939710671,0.051389499712528354,0.004382287940605284,0.059073388884324854,0.06429987314398056,0.000999000999000999,115.5193819118642
HIV-1,env,991,15,4,0.6546451606709223,0.045746669192798184,0.004067333088602886,0.052502806616321514,0.06129847133309647,0.000999000999000999,149.7046045194392
HIV-1,env,1000,15,2,0.2890091776213907,0.013925153909562407,0.0019158022420386793,0.01712254141160522,0.020127980885380526,0.000999000999000999,143.58685759710812
HIV-1,env,1009,15,4,0.1902526872547577,0.03953292942377317,0.0036122697837179425,0.045515464432920684,0.052945858953301374,0.000999000999000999,41.72439127064746
HIV-1,env,1018,15,5,0.42330758122650414,0.04530008447376317,0.003768161814991726,0.05167604348048354,0.0568915889570392,0.000999000999000999,100.31615289153154
HIV-1,env,1027,15,4,0.12709492185484927,0.020850052028751023,0.0018678380736227365,0.024231864078470996,0.028444840356324518,0.000999000999000999,56.88119935366381
HIV-1,env,1036,15,4,0.06536151418863889,0.010803899521416034,0.0009736582096399331,0.012457859284238171,0.013867057663823828,0.000999000999000999,56.03364109403311
HIV-1,env,1045,15,6,0.48501102481320574,0.04110982764941685,0.0030718179748925396,0.0460051114828148,0.05052348203527736,0.000999000999000999,144.507650125108
HIV-1,env,1054,15,5,0.512168335127411,0.03617298591248515,0.0029598208378082617,0.04135456526138995,0.04556283453209595,0.000999000999000999,160.8189736130782
HIV-1,env,1063,15,3,0.1766204571287954,0.011769712860967996,0.0014442987560985532,0.014122486851184524,0.01664750219954144,0.000999000999000999,114.13895052650632
HIV-1,env,1072,15,3,0.23681143858846604,0.026239428773997556,0.0029255724832087326,0.031124201741976342,0.03606679338587086,0.000999000999000999,71.97634344151189
HIV-1,env,1081,15,5,0.33831871168072064,0.028794187955254763,0.002210152983974858,0.03265486746264982,0.03707871812455082,0.000999000999000999,140.0466510552588
HIV-1,env,1090,15,4,0.48691180302468257,0.05338647081327988,0.004895766409421688,0.06155956271745861,0.06783910754216174,0.000999000999000999,88.55106554452888
HIV-1,env,1099,15,5,0.8813758299409898,0.061204610131310136,0.005147584160288788,0.07006088224756507,0.08022326613996682,0.000999000999000999,159.33128906117133
HIV-1,env,1108,15,3,0.6952058562156614,0.04534439061883918,0.004884879146616772,0.053768839351090766,0.062064507468758835,0.000999000999000999,133.03532105741266
HIV-1,env,1117,15,8,0.8672924039692594,0.06673856099832,0.004303224891576331,0.07381093147391443,0.08096162310906638,0.000999000999000999,186.03579016705436
HIV-1,env,1126,15,4,0.34907840021987047,0.06159718669861457,0.005329198472696629,0.07048809042614472,0.07700225713109629,0.000999000999000999,53.944550009560345
HIV-1,env,1135,15,6,0.8703354562238004,0.06725976442024127,0.005347586557947931,0.07632760734573547,0.08527608098645877,0.000999000999000999,150.17535164717918
HIV-1,env,1144,15,4,0.7483008376782274,0.059789044328086995,0.005540105737973486,0.06939103749733652,0.07674937040264282,0.000999000999000999,124.27773510366086
HIV-1,env,1153,15,4,0.5902964613410991,0.05301379468772206,0.004994815535284551,0.06130551208155264,0.06710846599283753,0.000999000999000999,107.56806990325991
HIV-1,env,1162,15,3,0.06527688934905895,0.0104915405281415,0.0010798613386773796,0.01237047841523182,0.014083998935881128,0.000999000999000999,50.73368853821442
HIV-1,env,1171,15,6,0.6403624214974234,0.059307242769875215,0.004505888093565976,0.06712291696619894,0.07326792100455579,0.000999000999000999,128.95464038648575
HIV-1,env,1180,15,4,0.10449253158167927,0.017195667859566846,0.0015885342338023553,0.01987776305734736,0.022463366410849384,0.000999000999000999,54.954348395222475
HIV-1,env,1189,15,3,0.0661135469830075,0.019734606488155823,0.0021044060510020048,0.02326430811334505,0.02779621048629849,0.000999000999000999,22.038969367517513
HIV-1,env,1198,15,2,0.07458078481488639,0.0171360741895878,0.0025192255637011157,0.02130345389307127,0.026033640524502924,0.000999000999000999,22.802527670806814
HIV-1,env,1207,15,2,0.05025796876403261,0.014804423863600247,0.001872988735119102,0.017965279243949524,0.021277773579442806,0.000999000999000999,18.928861789538683
HIV-1,env,1216,15,1,0.010429890683088954,0.001174832270045679,0.0002849987850570253,0.0016939047614519585,0.002548774328326743,0.000999000999000999,32.47402760398236
HIV-1,env,1225,15,2,0.06516641314141208,0.015684942880554352,0.0020334524256711453,0.01899050489226775,0.022676774591719774,0.000999000999000999,24.333724082345455
HIV-1,env,1234,15,3,0.05481045174969696,0.01071325165900831,0.0013035397166878567,0.013002668048315492,0.015859353802997102,0.000999000999000999,33.82881206161829
HIV-1,env,1243,15,7,0.6926809252355756,0.06223439187053869,0.004278016378882378,0.069312196945987,0.07652309551108705,0.000999000999000999,147.3688919184876
HIV-1,env,1252,15,6,0.5581460136828891,0.07014375827912091,0.005289595950646354,0.07898224897149857,0.0863450849650045,0.000999000999000999,92.25700033745251
HIV-1,env,1261,15,3,0.6037989931245831,0.04750529275363125,0.00530255088085791,0.05664820519749856,0.0654570281256513,0.000999000999000999,104.91058225941022
HIV-1,env,1270,15,5,0.4721988688862025,0.05660854944508764,0.0044729293181145335,0.06395773063864273,0.07033783758515336,0.000999000999000999,92.91233772866725
HIV-1,env,1279,15,4,0.8262187472835223,0.05293149240265375,0.004920314262142912,0.06104773231245678,0.0685310185990303,0.000999000999000999,157.16216763440713
HIV-1,env,1288,15,5,0.879648674935371,0.06029544283640962,0.004796538563626167,0.06810849553051798,0.07662239233440153,0.000999000999000999,170.821775167702
HIV-1,env,1297,15,3,0.2823719172096778,0.04972291186796868,0.005593471329261188,0.05887095436368321,0.06768225298372266,0.000999000999000999,41.592955724050974
HIV-1,env,1306,15,5,0.7377939792669755,0.06729166330868704,0.005419452857704478,0.07702309837448575,0.08307159917979706,0.000999000999000999,123.72140390613042
HIV-1,env,1315,15,7,0.7512504993966895,0.06520914103095349,0.004495406269493697,0.07264289651435005,0.07890115109383784,0.000999000999000999,152.60942331759543
HIV-1,env,1324,15,4,0.37430541739910084,0.02308523990568181,0.0018633627845596338,0.026021527525193933,0.03330043081051773,0.000999000999000999,188.48727709050092
HIV-1,env,1333,15,8,0.818555428959751,0.07328026182472186,0.004552336497385455,0.0807102059980958,0.08771929676667155,0.000999000999000999,163.71267096864725
HIV-1,env,1342,15,4,0.7167460641074122,0.05545498481091722,0.005422939124273939,0.0645434236192324,0.07516634968138909,0.000999000999000999,121.94329756283834
HIV-1,env,1351,15,5,0.5787590811084514,0.041420319691896273,0.0036082076125836695,0.04720960861681611,0.0520028286902734,0.000999000999000999,148.92124265316093
HIV-1,env,1360,15,5,0.8469344528960991,0.06315657929903616,0.005254336577872296,0.07200986628650079,0.07913860486884532,0.000999000999000999,149.16780871971622
HIV-1,env,1369,15,6,0.7562754073419028,0.06612760347380854,0.005174534778611726,0.07482600843764868,0.08376819179330892,0.000999000999000999,133.373884493101
HIV-1,env,1378,15,1,0.011368325123845844,0.001093692206119071,0.00028185883068470354,0.0016371746279748968,0.0024038444035887393,0.000999000999000999,36.453116947825244
HIV-1,env,1387,15,2,0.02719321511577538,0.005675952487810401,0.0007117599512383542,0.006939661497195761,0.007883445268399044,0.000999000999000999,30.231066795101647
HIV-1,env,1396,15,7,0.6667915761110108,0.06963417987112294,0.004846493100697435,0.07781695849830483,0.08740457412509137,0.000999000999000999,123.21432917215003
HIV-1,env,1405,15,6,0.37823770769126996,0.06729699275087841,0.004867884627677082,0.075034512953661,0.08103533166073641,0.000999000999000999,63.875941753527165
HIV-1,env,1414,15,5,0.43270510802092965,0.06708033995176842,0.005433439671388439,0.07637327151997413,0.08553711686081525,0.000999000999000999,67.2915851066643
HIV-1,env,1423,15,6,0.6402183124222656,0.06973184365580576,0.00512337444631264,0.07827207330001115,0.08399634482218493,0.000999000999000999,111.34975097848772
HIV-1,env,1432,15,2,0.23035190503926462,0.04126117364810941,0.005082355645486877,0.04948482957229531,0.059418123757161316,0.000999000999000999,37.205332444428095
HIV-1,env,1441,15,4,0.40460259371719653,0.058787136812380604,0.005550911364266294,0.06837370022539226,0.07728849557675921,0.000999000999000999,62.298861252043245
HIV-1,env,1450,15,3,0.4888037269656573,0.051657402754567545,0.005834606186971479,0.06123838326418343,0.06909676220772512,0.000999000999000999,74.9230214006947
HIV-1,env,1459,15,2,0.6118789288407964,0.041273052301102196,0.0054799738219728725,0.050343050023087324,0.05972549123710332,0.000999000999000999,104.12565736203965
HIV-1,env,1468,15,6,0.8238009905143668,0.06569215731791724,0.004877849728001156,0.07368757344660329,0.08225485718945767,0.000999000999000999,155.41865278148026
HIV-1,env,1477,15,6,0.8440353684219445,0.07157570694386874,0.0053021138693300374,0.08020484206661574,0.08956605854579221,0.000999000999000999,145.68899886257665
HIV-1,env,1486,15,5,0.44652942397112966,0.06458003624046427,0.004927196114374892,0.07266829367924452,0.08028021975718187,0.000999000999000999,77.51860873090554
HIV-1,env,1495,15,6,0.6410522588236351,0.06157098541356284,0.0042380370614718815,0.06857965540904376,0.07665999724439247,0.000999000999000999,136.73341337152368
HIV-1,env,1504,15,7,0.7765267844937637,0.07335907550148695,0.005209677304841212,0.08168758259779504,0.09273226588737833,0.000999000999000999,134.97337125638128
HIV-1,env,1513,15,3,0.7900431305506236,0.048841236551111535,0.0052221105947070886,0.05743203082872364,0.06927528004337105,0.000999000999000999,141.93531151001724
HIV-1,env,1522,15,1,0.12389729861947824,0.02760655290778525,0.005389905465023773,0.03673378040298259,0.046144321666895576,0.000999000999000999,17.86501569211999
HIV-1,env,1531,15,6,0.6288993902272926,0.07231580923084475,0.005372130525301828,0.08170572299729445,0.08978547497914084,0.000999000999000999,103.6057441968383
HIV-1,env,1540,15,4,0.3434539234402224,0.047644963734880814,0.0042806145764312,0.05480171418899767,0.06306131520248046,0.000999000999000999,69.10432005115516
HIV-1,env,1549,15,8,0.8419852495902548,0.07359276808398335,0.004629218715151577,0.0813916201357525,0.08749654248053627,0.000999000999000999,165.98750864617801
HIV-1,env,1558,15,4,0.7814879266928262,0.05876788609254299,0.005567623111528664,0.0677402856526702,0.0765310227754056,0.000999000999000999,129.8076443255964
HIV-1,env,1567,15,5,0.7674776397714311,0.06559419072212312,0.005149757418382774,0.07398216869628056,0.0850470245369779,0.000999000999000999,136.29446826831835
HIV-1,env,1576,15,2,0.23493098617765665,0.040460884567188216,0.005251951517132125,0.04969890816153206,0.058907040521480825,0.000999000999000999,37.02816009936447
HIV-1,env,1585,15,2,0.24287888982155562,0.04388213832142902,0.004577730625094915,0.05181816143700779,0.0607405535768689,0.000999000999000999,43.4706119248772
HIV-1,env,1594,15,4,0.5815182576993412,0.053819585259978604,0.00486405938005039,0.06217666904828971,0.07257206647375405,0.000999000999000999,108.4893565657695
HIV-1,env,1603,15,3,0.2301167731389008,0.036078620387366304,0.0038327840758884384,0.04246721017954006,0.048493757358777964,0.000999000999000999,50.6259024535726
HIV-1,env,1612,15,2,0.20440171235026983,0.043590108317750086,0.005897939126464281,0.05358107477999342,0.0630213559956447,0.000999000999000999,27.265728008441428
HIV-1,env,1621,15,5,0.33211337407704367,0.0562793869445419,0.004436643977655384,0.06351306174590649,0.06964259743526363,0.000999000999000999,62.171765082279755
HIV-1,env,1630,15,4,0.4788733786545544,0.05424793081138353,0.00504972511829891,0.06267158639289526,0.07105216952918765,0.000999000999000999,84.08882422222094
HIV-1,env,1639,15,3,0.6088125991263541,0.0551215239253243,0.005307913241124647,0.06413016766559085,0.07646981880725406,0.000999000999000999,104.31426627533065
HIV-1,env,1648,15,2,0.6666538399363011,0.04123619326755736,0.0056623859622361855,0.05110080830315861,0.059745545763909266,0.000999000999000999,110.4512569153365
HIV-1,env,1657,15,5,0.7324598583909993,0.06410014584428707,0.0052638656303547315,0.07305740305517901,0.08762779006319404,0.000999000999000999,126.97127158651872
HIV-1,env,1666,15,4,0.3397213708625236,0.056963501471472305,0.0054425565111566295,0.06607888917313831,0.07452758143218453,0.000999000999000999,51.95313430580453
HIV-1,env,1675,15,5,0.9295040284381989,0.06604418345189812,0.005321760808681412,0.07506999518607992,0.08373903886569142,0.000999000999000999,162.2507805269517
HIV-1,env,1684,15,4,0.6361427317899423,0.05949696752098383,0.00557473789605386,0.06877863126837175,0.077446984988435,0.000999000999000999,103.43908090766806
HIV-1,env,1693,15,8,0.7207535549900271,0.08448441185149229,0.004943082952684363,0.09299540959620482,0.0996695495561504,0.000999000999000999,128.71909074336008
HIV-1,env,1702,15,3,0.5967938220245019,0.05168357997804199,0.005365481636524608,0.060709352870211654,0.07501525748962598,0.000999000999000999,101.59577070131304
HIV-1,env,1711,15,3,0.7902567372642698,0.05307760931981072,0.005332088886989368,0.06190848199886557,0.06926487787623835,0.000999000999000999,138.25334565281207
HIV-1,env,1720,15,4,0.6336588130582748,0.05856003775993939,0.005301068169829224,0.06769045772045985,0.07410949727200664,0.000999000999000999,108.48733818808114
HIV-1,env,1729,15,4,0.5066659980574033,0.059385354802715125,0.005371212581180049,0.068242558652226,0.08154627801590872,0.000999000999000999,83.27368103468756
HIV-1,env,1738,15,3,0.25013550932234296,0.04795096480798697,0.004973213081648109,0.056636354904446504,0.06402228977005166,0.000999000999000999,40.65471179194932
HIV-1,env,1747,15,5,0.6995569162647001,0.0642035444722276,0.005358968799087412,0.07264519045937645,0.08808072330340543,0.000999000999000999,118.55888616120845
HIV-1,env,1756,15,4,0.4963115415988731,0.05096680609005308,0.004783595450398758,0.05885159584836081,0.06519583047957996,0.000999000999000999,93.09832742476087
HIV-1,env,1765,15,5,0.734306321898784,0.0678573541574199,0.005419582884696503,0.0764020748269426,0.08530315730473123,0.000999000999000999,122.97052779158396
HIV-1,env,1774,15,5,0.8160200763936036,0.060911664569996096,0.005149295875977107,0.06946417358256038,0.07913162162048301,0.000999000999000999,146.64304208006337
HIV-1,env,1783,15,4,0.8678278883991659,0.05775193005639136,0.005248847273103225,0.06631875903611552,0.07336903745667069,0.000999000999000999,154.3340692143708
HIV-1,env,1792,15,4,0.2536989581600471,0.053653015221495765,0.00517499249271212,0.06265011575837397,0.07436992219738808,0.000999000999000999,38.65627693571994
HIV-1,env,1801,15,6,0.7966176824872101,0.06996527756679612,0.00488928333795943,0.07815069314794719,0.08490124204961803,0.000999000999000999,148.62145527112904
HIV-1,env,1810,15,4,0.3170030175173547,0.05510276518848096,0.004943978178016337,0.06344895511874521,0.07239688646804734,0.000999000999000999,52.97358582475692
HIV-1,env,1819,15,7,0.6364085769137742,0.057332277726702796,0.003974235201534592,0.06391214177714695,0.07235236479312178,0.000999000999000999,145.70760657634696
HIV-1,env,1828,15,4,0.7222316434682408,0.04632151312473878,0.0044868033680256995,0.053511464826317946,0.06534501526255106,0.000999000999000999,150.64402758548312
HIV-1,env,1837,15,3,0.6159871360498564,0.050913470023226666,0.005385759629746924,0.05968282711248068,0.06926499881001023,0.000999000999000999,104.91995649148242
HIV-1,env,1846,15,3,0.2816109261953957,0.04507397202882025,0.004662413695161659,0.0530248632054065,0.059608845684476594,0.000999000999000999,50.73272550053584
HIV-1,env,1855,15,2,0.01568919154452603,0.0033596207815280482,0.000492282852860776,0.004255241160586538,0.005598127845445435,0.000999000999000999,25.04570429651944
HIV-1,env,1864,15,5,0.5950092660582387,0.05546412742019537,0.004649382777880642,0.06294031384225833,0.07718331791181149,0.000999000999000999,116.04661616697165
HIV-1,env,1873,15,4,0.6677283143394306,0.054691631397542136,0.00541752360232348,0.06356551524537742,0.07360980881149345,0.000999000999000999,113.15810099636074
HIV-1,env,1882,15,8,0.8525553612283101,0.08009802428601002,0.005237287081772346,0.08885247196835344,0.09687700118907382,0.000999000999000999,147.49188365685188
HIV-1,env,1891,15,10,0.8784421500648368,0.0907481646820209,0.0051237020641319575,0.09932180453137333,0.10911850959414239,0.000999000999000999,153.73532175045872
HIV-1,env,1900,15,6,0.7948012390998705,0.06396350932557479,0.004486291394294395,0.07172901339364234,0.07757626572374175,0.000999000999000999,162.90465008665404
HIV-1,env,1909,15,3,0.24316095104054697,0.04589763721716683,0.004761279982408275,0.05378076027951264,0.06126193516453745,0.000999000999000999,41.430731767973775
HIV-1,env,1918,15,4,0.3411308425409112,0.025945847903084695,0.002342212848008287,0.02989289086264667,0.03495272739256269,0.000999000999000999,134.56718713922422
HIV-1,env,1927,15,5,0.5109071620204015,0.03679245169686613,0.0028283426202428633,0.0415680329517638,0.04674654035519657,0.000999000999000999,167.6298716181791
HIV-1,env,1936,15,6,0.7100349003898103,0.05755738200132396,0.004491971573661635,0.06508902452066292,0.07396029425548278,0.000999000999000999,145.25415125381542
HIV-1,env,1945,15,5,0.4518084370643963,0.05175203718325874,0.004177386913747123,0.05867156415178263,0.06823752344414638,0.000999000999000999,95.76714059322943
HIV-1,env,1954,15,5,0.8740970466604754,0.06528638800265571,0.005714356458929877,0.07495546907353373,0.08109802969554032,0.000999000999000999,141.54011295425644
HIV-1,env,1963,15,4,0.5530889570435347,0.053682199381524486,0.004767123095931379,0.06177655143811355,0.07152030388734303,0.000999000999000999,104.76061717144276
HIV-1,env,1972,15,6,0.6812683218178743,0.05403797305601604,0.00399601091269352,0.06054685236154499,0.06659535657986763,0.000999000999000999,156.96412308821056
HIV-1,env,1981,15,6,0.4275451097634354,0.04250676409452657,0.0033817407024535583,0.0480029258407192,0.051547248753462394,0.000999000999000999,113.8580333464217
HIV-1,env,1990,15,6,0.8113728447372236,0.07157947775127707,0.005471438905132077,0.08060394084553361,0.09064426014667118,0.000999000999000999,135.21002058380625
HIV-1,env,1999,15,6,0.648052298011622,0.05322755879273466,0.004064299752900209,0.06007651444788504,0.0679427907172028,0.000999000999000999,146.35356036287223
HIV-1,env,2008,15,3,0.25398267470650954,0.05381839304762763,0.005821678242323082,0.0633098711468264,0.07212795624766956,0.000999000999000999,34.38257377463863
HIV-1,env,2017,15,4,0.22444800747110655,0.05319750500881048,0.004907251864052477,0.061491139759646506,0.0692495021892389,0.000999000999000999,34.89743489971901
HIV-1,env,2026,15,4,0.18808866726730342,0.03732893902525903,0.0035154749250027885,0.04329911656868887,0.0487325671351396,0.000999000999000999,42.8845978020807
HIV-1,env,2035,15,4,0.47193595845373454,0.061384655784479596,0.005198521125122639,0.0698499742270632,0.07880832867160309,0.000999000999000999,78.9746338983223
HIV-1,env,2044,15,2,0.193706400284668,0.04055327424017344,0.005510287230239869,0.0497091224614496,0.05742509694722397,0.000999000999000999,27.794036797937963
HIV-1,env,2053,15,4,0.7096267852030852,0.05778218373799287,0.005401463878896663,0.06632616384979474,0.07617862875806097,0.000999000999000999,120.67924845555798
HIV-1,env,2062,15,1,0.09039919429866737,0.029170969550241586,0.005525498419531642,0.03888889812941314,0.04568084304475509,0.000999000999000999,11.081031990163101
HIV-1,env,2071,15,4,0.5428921357228803,0.04914171722508028,0.0045906995735544055,0.0571872011923008,0.06323448510227901,0.000999000999000999,107.55450462106971
HIV-1,env,2080,15,5,0.5207172125497777,0.06418386577886219,0.0054946795482461366,0.07376951993309919,0.08219721032728153,0.000999000999000999,83.08643711836439
HIV-1,env,2089,15,4,0.6011981009730863,0.05594728601128181,0.005209067111567911,0.06450249685016322,0.0745085734335838,0.000999000999000999,104.67340951529533
HIV-1,env,2098,15,3,0.25506543574692414,0.026833127259353013,0.0029158692644354464,0.031918826806047934,0.0371589782344266,0.000999000999000999,78.27247650342106
HIV-1,env,2107,15,4,0.5564756010562909,0.053187512377458064,0.004943934846049164,0.06176802647203687,0.07232152045293674,0.000999000999000999,101.7990941124607
HIV-1,env,2116,15,4,0.3471900567120871,0.054411381121596256,0.005157086298704852,0.06315850688212611,0.07190168104489662,0.000999000999000999,56.77211096196298
HIV-1,env,2125,15,2,0.2879022437247128,0.04316184396494788,0.005958516373910216,0.053433647018082765,0.06323468054769818,0.000999000999000999,41.074050048998444
HIV-1,env,2134,15,5,0.839390210493892,0.06360087425369787,0.005073285097642243,0.07254250624048232,0.07945680747026665,0.000999000999000999,152.91656615172963
HIV-1,env,2143,15,11,0.5516967136455909,0.06613230829503859,0.0035006343085223113,0.07199908371014091,0.07601563870577956,0.000999000999000999,138.70754913429357
HIV-1,env,2152,15,7,0.9333457997567794,0.0771617791919362,0.005277736123150822,0.08635725988788698,0.09157238121107072,0.000999000999000999,162.22562109711905
HIV-1,env,2161,15,7,0.5463808458917998,0.044644933419608124,0.002824943729905247,0.049296199204393355,0.055297749256519285,0.000999000999000999,177.60917046266994
HIV-1,env,2170,15,5,0.7261888990012475,0.05449291295348907,0.004356266441720727,0.06133866653854533,0.07166430087742026,0.000999000999000999,154.19074912746575
HIV-1,env,2179,15,5,0.6020160941336776,0.06173389590914862,0.005162853580808773,0.07015719152040795,0.07834080514709114,0.000999000999000999,104.64797999169534
HIV-1,env,2188,15,9,0.8249686866833447,0.08564682802941971,0.005111951421808402,0.09390236871694936,0.10186065551042378,0.000999000999000999,144.62615108192534
HIV-1,env,2197,15,6,0.3963333663587934,0.06909757916444449,0.00476039322639476,0.07685227184675399,0.08308717411384496,0.000999000999000999,68.74133535438582
HIV-1,env,2206,15,4,0.7314238188481114,0.0619942917918301,0.005845890110272891,0.0717829120103419,0.08074230401385454,0.000999000999000999,114.51284824528317
HIV-1,env,2215,15,4,0.8341289915761718,0.05376407641478132,0.005011397330349695,0.062052504367677196,0.0710227552505827,0.000999000999000999,155.71802906853858
HIV-1,env,2224,15,4,0.2741944456056021,0.05118759994086757,0.004469624443458875,0.05861711362624296,0.06742819577435458,0.000999000999000999,49.89386658449493
HIV-1,env,2233,15,5,0.5270408391373118,0.03745345140678762,0.0031790463294435775,0.04276983252151529,0.04891267204284998,0.000999000999000999,154.00448341884209
HIV-1,env,2242,15,5,0.6442185309147088,0.053434367856334056,0.004562414469222715,0.061079055652223165,0.06778520145608385,0.000999000999000999,129.48936731717512
HIV-1,env,2251,15,4,0.29030526181449,0.054365155954949604,0.005069960031540789,0.06320623129054113,0.07496559032779047,0.000999000999000999,46.53687689680601
HIV-1,env,2260,15,4,0.40305502565089785,0.034232479818005306,0.0028856409663009373,0.039083772500075054,0.043558523106992,0.000999000999000999,127.81304054803498
HIV-1,env,2269,15,3,0.31845516344183833,0.04150375359602558,0.004365010312932095,0.04895589791249291,0.05526794169242355,0.000999000999000999,63.448053954259045
HIV-1,env,2278,15,7,0.43054161378122546,0.07128085653468569,0.00491190444978783,0.07968126779190533,0.08603738341556746,0.000999000999000999,73.14082774188697
HIV-1,env,2287,15,4,0.29493348660690866,0.05455201486210531,0.005047336369537729,0.0627291114974609,0.07066637635934514,0.000999000999000999,47.625411533017996
HIV-1,env,2296,15,3,0.26821457071369464,0.04766750082949483,0.005086210891204884,0.056077329665313105,0.06441152788244307,0.000999000999000999,43.3617627349215
HIV-1,env,2305,15,5,0.5994447181922642,0.06062783476266645,0.00513623617228522,0.0690120030969179,0.07756224470490956,0.000999000999000999,104.90500540785429
HIV-1,env,2314,15,4,0.7769764257104695,0.05802927855218577,0.005413646396356195,0.06678887332676954,0.07817255185561561,0.000999000999000999,132.80275336087544
HIV-1,env,2323,15,12,0.8771568701470944,0.09428661638157829,0.004617434862262459,0.10178182033400797,0.1136380974132287,0.000999000999000999,169.54657231091377
HIV-1,env,2332,15,4,0.28688883183719316,0.03444618334910896,0.0031306229160918894,0.03950448560464394,0.04466245969840433,0.000999000999000999,80.63655548884206
HIV-1,env,2341,15,9,0.8432797369730454,0.07345739042712429,0.004215054275095601,0.08033097508238177,0.08655376902083176,0.000999000999000999,182.63640188321438
HIV-1,env,2350,15,2,0.2166064208356697,0.03676205539395272,0.004749128468676192,0.04450180818874841,0.05055502307640063,0.000999000999000999,37.868919871912446
HIV-1,env,2359,15,4,0.7328432890336813,0.03893649908902647,0.0036787549695427935,0.04516189950719612,0.05260305491524273,0.000999000999000999,188.62544412162782
HIV-1,env,2368,15,5,0.6200578046752002,0.05059488433156531,0.004148313201500133,0.05780933086145374,0.06543324557894468,0.000999000999000999,137.27577757091797
HIV-1,env,2377,15,6,0.7467195291576764,0.0644855343102526,0.005059744477312217,0.07298206617845193,0.081458148397003,0.000999000999000999,134.8356617427117
HIV-1,env,2386,15,6,0.853842407907141,0.05689272845720323,0.004589069245153908,0.06443348390879618,0.0736684885320462,0.000999000999000999,173.6625962424783
HIV-1,env,2395,15,7,0.722019244752085,0.047344629399120736,0.0032332223787973876,0.052749837516095695,0.05842217565465321,0.000999000999000999,208.66941283633966
HIV-1,env,2404,15,6,0.7757253870358098,0.06681835241431434,0.0051588069662793085,0.07555400809223811,0.08427900251114516,0.000999000999000999,137.41685611717728
HIV-1,env,2413,15,5,0.6876563650080538,0.059502200781532864,0.004583141878815281,0.06696969090480727,0.07323410251970462,0.000999000999000999,137.0575428026888
HIV-1,env,2422,15,5,0.8865512182553879,0.05983767826477047,0.004903796132306827,0.06822310113830035,0.0736083287893616,0.000999000999000999,168.5864415415079
HIV-1,env,2431,15,7,0.8570829296370697,0.06807880520146348,0.004744959107336141,0.07591089221522077,0.0854783281010825,0.000999000999000999,166.28259729693636
HIV-1,env,2440,15,4,0.5283203291613584,0.03431890031058479,0.003192345135303991,0.03967106486292956,0.0436534482024636,0.000999000999000999,154.74562051190378
HIV-1,env,2449,15,6,0.5077261010369571,0.03960800932183929,0.0028405094135407357,0.04445289757576648,0.048692060389021366,0.000999000999000999,164.80075351399802
HIV-1,env,2458,15,3,0.2771787620808667,0.044839832757194546,0.005124124421443803,0.05304010253794527,0.06416982481882741,0.000999000999000999,45.342171698907926
HIV-1,env,2467,15,9,0.9098908620532518,0.0734798629969243,0.00440141563437654,0.08094215459946719,0.08743267787632591,0.000999000999000999,190.0322688281642
HIV-1,env,2476,15,3,0.33410539969761727,0.04960885087714035,0.005456750071864272,0.05838181500376175,0.06814575166217164,0.000999000999000999,52.1366280430139
HIV-1,env,2485,15,5,0.41662739522129677,0.05748852394320245,0.004741234276151939,0.06587195397799903,0.07130719831925166,0.000999000999000999,75.74796990828663
HIV-1,env,2494,15,6,0.3359284090511306,0.03601010980919938,0.0027573169419833773,0.04081649526326643,0.0438551579773721,0.000999000999000999,108.77178995106587
HIV-1,env,2503,15,5,0.29711874215767375,0.025910910898197196,0.0022678453722488967,0.029756215490230567,0.03505565222959019,0.000999000999000999,119.58832580835737
HIV-1,env,2512,15,7,0.6443220394194925,0.06886109699475375,0.0050179167327468474,0.07734754582211657,0.08236733292362933,0.000999000999000999,114.68124583839534
HIV-1,env,2521,15,8,0.5171936598616953,0.06887869707087935,0.004147424718113561,0.07584590249626103,0.08092928329059314,0.000999000999000999,108.09478007710051
HIV-1,env,2530,15,3,0.29206020274140854,0.04348700672249097,0.004289968493519139,0.050743107828048604,0.05893279375595662,0.000999000999000999,57.94289547684031
HIV-1,env,2539,15,4,0.7862496790875613,0.06046264980287991,0.00568770735565202,0.07003404637343986,0.08029869570750645,0.000999000999000999,127.60625396161569
HIV-1,env,2548,15,5,0.6241886124850193,0.0623008754771075,0.0050101380550181445,0.07064786679905494,0.07946697890858496,0.000999000999000999,112.15015052232467
HIV-1,env,2557,15,4,0.6269428025857917,0.04866535151813153,0.004486409913642918,0.05563592855005285,0.06449950246659983,0.000999000999000999,128.89536671830885
HCMV,UL55,19,4,1,0.030030123902940686,0.03866361055475725,0.008982009533159209,0.0546421524598654,0.0546421524598654,1.0,-0.9611976718510493
HCMV,UL55,37,4,2,0.5253025320585893,0.040739918273551654,0.017550948374687476,0.07134198694154291,0.11318198229482235,0.000999000999000999,27.608913401163495
HCMV,UL55,46,4,1,0.11044636678764229,0.04036549999675328,0.017159106982719403,0.0691882674585173,0.10353363099721676,0.000999000999000999,4.084179139477717
HCMV,UL55,55,4,1,0.16667164678701618,0.04297618600627127,0.017086334785369917,0.07338388918882957,0.09081113960020787,0.000999000999000999,7.239437968092402
HCMV,UL55,64,4,2,0.251904280621634,0.06161758990252859,0.01444001292835432,0.08757729509607362,0.12876501692121597,0.000999000999000999,13.17773686652729
HCMV,UL55,73,4,4,0.7752904076695274,0.0886474112993795,0.017143128061992627,0.118919314747801,0.14907817205616708,0.000999000999000999,40.053541797455146
HCMV,UL55,82,4,4,0.8686105291056351,0.08429532072084583,0.017585835041922036,0.11445084338495959,0.1464885707912754,0.000999000999000999,44.59925880773347
HCMV,UL55,91,4,3,0.7260416629793749,0.07239403229845524,0.015575760293659278,0.09933451601906963,0.13591143357411542,0.000999000999000999,41.96569659248111
HCMV,UL55,100,4,5,0.8497960957714796,0.09783347890910869,0.016966814458810268,0.12600658894945843,0.18067116383078033,0.000999000999000999,44.31961100817622
HCMV,UL55,109,4,3,0.7538846677184124,0.07261660476059376,0.01760413465367774,0.104200403958265,0.12573035532966273,0.000999000999000999,38.69932128788237
HCMV,UL55,118,4,2,0.548563022913916,0.062129948904169154,0.01538843575402649,0.08926080086604299,0.11735276782893171,0.000999000999000999,31.610300214072655
HCMV,UL55,127,4,2,0.6090836129322599,0.061550572087769456,0.014704368575592595,0.08702128827727224,0.12307398875629791,0.000999000999000999,37.23607974254171
HCMV,UL55,136,4,2,0.613403367241444,0.057573394436000354,0.01742828307517317,0.08798605338673683,0.11279480456247654,0.000999000999000999,31.8924113412658
HCMV,UL55,145,4,5,0.8733715440665917,0.09718352653345752,0.016948783642326135,0.1260420360273552,0.15004409873407593,0.000999000999000999,45.79608979105513
HCMV,UL55,154,4,4,0.8195311200515656,0.08697078974762769,0.018300646024921874,0.11791399893264051,0.1468719871279598,0.000999000999000999,40.02920603493096
HCMV,UL55,163,4,2,0.5921280534590632,0.05737900748473032,0.014418082010355373,0.08527573838138164,0.11147079177828878,0.000999000999000999,37.08877821545644
HCMV,UL55,172,4,2,0.6545832889596321,0.06118288265502237,0.016330794479409265,0.0880759179775852,0.11255740295032508,0.000999000999000999,36.33628523418139
HCMV,UL55,181,4,2,0.6659172401397014,0.06181540930214207,0.01692216261225703,0.09119008868899374,0.12225407880062647,0.000999000999000999,35.698855086051324
HCMV,UL55,190,4,2,0.6601017388483831,0.062301989946567264,0.01527172344908933,0.08960563740375953,0.120951819215929,0.000999000999000999,39.14422304035786
HCMV,UL55,199,4,2,0.6589532866392305,0.060761028487616775,0.01490217387312197,0.08818007134574649,0.11365606641418673,0.000999000999000999,40.14127490691355
HCMV,UL55,208,4,2,0.657809542282559,0.05724762433811603,0.013907523072771133,0.0825648201756143,0.11821545119275105,0.000999000999000999,43.18252177630782
HCMV,UL55,217,4,2,0.42573135924533756,0.05738904218203872,0.014088668479519463,0.08228134047179714,0.10786913272039275,0.000999000999000999,26.14457978046356
HCMV,UL55,226,4,2,0.5329278857170372,0.06208829384828927,0.016228240885537305,0.08898595796206372,0.11696963866555048,0.000999000999000999,29.01359396805372
HCMV,UL55,235,4,1,0.030030123902940686,0.038750739924403185,0.0089044924002752,0.0546421524598654,0.0546421524598654,1.0,-0.9793501560170889
HCMV,UL55,244,4,3,0.5435615838327748,0.07815775662038865,0.01706390519530294,0.10727279094748497,0.14732507537965175,0.000999000999000999,27.274168596558688
HCMV,UL55,253,4,3,0.6740688640266144,0.06152171310986114,0.01802366765995091,0.09165077418738034,0.130248580030881,0.000999000999000999,33.98571048210404
HCMV,UL55,262,4,1,0.045043660505123345,0.038600858845147724,0.00858602685188316,0.0546421524598654,0.0546421524598654,0.5214785214785215,0.7503821931983047
HCMV,UL55,271,4,2,0.42575968049641066,0.04211975313800004,0.017657261564042695,0.07565244805462555,0.10147615460476937,0.000999000999000999,21.72703428371114
HCMV,UL55,280,4,2,0.5693539751248394,0.04065307554315402,0.01778949285985429,0.07117968870593049,0.1047511883249379,0.000999000999000999,29.71984101777345
HCMV,UL55,289,4,2,0.41865608446082214,0.05956078217625216,0.017776505134683346,0.08910185623966144,0.12141667773818271,0.000999000999000999,20.200556834084733
HCMV,UL55,307,4,2,0.23978619530648357,0.057736276605030966,0.014475591577552164,0.08612093384243523,0.1120770572172723,0.000999000999000999,12.576337051659026
HCMV,UL55,316,4,2,0.4398303348604312,0.061879684448443405,0.014766654864387005,0.09064754061012836,0.12470155608847332,0.000999000999000999,25.594872629108295
HCMV,UL55,325,4,2,0.30310449868872513,0.061558166000727214,0.014761181270997896,0.0884320040302229,0.11067088237219318,0.000999000999000999,16.363618077272534
HCMV,UL55,334,4,2,0.5806644983320569,0.040265018004092795,0.01743221124575188,0.07138213153564879,0.09771799772759157,0.000999000999000999,31.000053447588645
HCMV,UL55,343,4,2,0.40758628813549924,0.057397122076105804,0.013992974692663964,0.08165359738674113,0.11034251104581615,0.000999000999000999,25.02607013525048
HCMV,UL55,352,4,1,0.04291680580306752,0.04492908911476681,0.013182901719837496,0.0679000038094253,0.0907030049124224,0.5944055944055944,-0.1526434281665949
HCMV,UL55,361,4,3,0.5824521267050946,0.060721599526136615,0.017455024419531368,0.0899038838974744,0.13680260828090005,0.000999000999000999,29.88999125060894
HCMV,UL55,370,4,2,0.42575968049641066,0.04011982061950854,0.017272511285924906,0.07020938707840228,0.10175940477641875,0.000999000999000999,22.326797388817102
HCMV,UL55,379,4,1,0.1293268715980366,0.04353930534412667,0.01653122919037239,0.06969947913102559,0.10379709102249358,0.000999000999000999,5.189424528931683
HCMV,UL55,388,4,2,0.3501807345335786,0.06254925983467895,0.015299726815497752,0.09011441998892757,0.11815549908876567,0.000999000999000999,18.79977846451123
HCMV,UL55,397,4,2,0.29109707406130625,0.05873441879502316,0.01516021104871484,0.08655935493690588,0.11450119571384242,0.000999000999000999,15.327138554972882
HCMV,UL55,406,4,1,0.030030123902940686,0.03911696850278989,0.00897944843379127,0.0546421524598654,0.0546421524598654,1.0,-1.011960218586899
HCMV,UL55,415,4,2,0.6566704343972368,0.040379022300485706,0.017510889191406715,0.07240885561215775,0.1026684646444898,0.000999000999000999,35.19475255426718
HCMV,UL55,424,4,2,0.6249925571926229,0.06255807652094876,0.015280690690778252,0.08909825286933803,0.1318970687970783,0.000999000999000999,36.8068755564235
HCMV,UL55,433,4,1,0.045043660505123345,0.03854350226193978,0.008996276016989636,0.0546421524598654,0.0546421524598654,0.4985014985014985,0.722538773922442
HCMV,UL55,451,4,1,0.03399459925368037,0.04343040932188843,0.009864032441136202,0.06383658086153605,0.07749139213863426,1.0,-0.9565874934532538
HCMV,UL55,460,4,2,0.42573135924533756,0.05824349473898815,0.014684235462383555,0.08519686172598404,0.11015127489916335,0.000999000999000999,25.026012790910293
HCMV,UL55,469,4,2,0.33589290584818815,0.06070075788039485,0.017692040220384453,0.08988066784313979,0.12062126670508637,0.000999000999000999,15.554573951890625
HCMV,UL55,478,4,1,0.07659661400988321,0.04347621611920518,0.01771406341678098,0.0733666245927109,0.09980860729534824,0.03696303696303696,1.8697233441821284
HCMV,UL55,487,4,2,0.6413312576478113,0.06086340388277725,0.014190926305161984,0.08700008623025762,0.11157737847758882,0.000999000999000999,40.9041553231016
HCMV,UL55,496,4,1,0.0423306500101477,0.04307380462246507,0.010150133224360234,0.06383658086153605,0.07749139213863426,0.5854145854145855,-0.07321624218033006
HCMV,UL55,523,4,1,0.08067578576762104,0.04367332465961802,0.01766703944215764,0.07057434815179266,0.11107890425823687,0.017982017982017984,2.0944347370225818
HCMV,UL55,532,4,2,0.6285507058806096,0.041006702156243184,0.017538461138080438,0.07405989704427016,0.10887359711838816,0.000999000999000999,33.50031676659817
HCMV,UL55,541,4,3,0.7801722044923949,0.07067098242215807,0.017487072734215448,0.10036991181018118,0.12903827279480268,0.000999000999000999,40.572898211946985
HCMV,UL55,550,4,3,0.7654753771218824,0.0608634647316664,0.017351378190064853,0.09159836120580156,0.12177995993278184,0.000999000999000999,40.60841188936027
HCMV,UL55,559,4,2,0.5505722816669038,0.0580079419483155,0.01455059282148418,0.08440451226209013,0.11042685623746648,0.000999000999000999,33.85183997392252
HCMV,UL55,577,4,2,0.6281401303255602,0.05740865764454804,0.013684537799607568,0.0790542797983008,0.11123621163815528,0.000999000999000999,41.706302473539075
HCMV,UL55,586,4,1,0.051674481307182045,0.0446991666753899,0.011707872575633677,0.06801323761239783,0.09517459604881551,0.26973026973026976,0.5957798555400327
HCMV,UL55,595,4,3,0.8594461893218783,0.060354636502761266,0.017126301734895735,0.09162953298288078,0.1251888593362892,0.000999000999000999,46.65873375282921
HCMV,UL55,604,4,1,0.12357342698697178,0.04576649930452699,0.014259897413857464,0.07131280802054102,0.10158283190756787,0.000999000999000999,5.456345541927509
HCMV,UL55,613,4,2,0.34800518272250913,0.04127585305274718,0.017610383729872846,0.07265159442891077,0.10537189716632735,0.000999000999000999,17.417526748690367
HCMV,UL55,631,4,1,0.030030123902940686,0.038824576010073955,0.008933897314221912,0.0546421524598654,0.0546421524598654,1.0,-0.984391447295162
HCMV,UL55,640,4,3,0.7243634996362683,0.07513854056261506,0.01558180533914306,0.1020711203952869,0.1582724001623124,0.000999000999000999,41.665580139339504
HCMV,UL55,667,4,2,0.6195793354674877,0.06255444914645936,0.017109924135043298,0.09135244316784291,0.12209988517514717,0.000999000999000999,32.55566079221652
HCMV,UL55,685,4,1,0.0423306500101477,0.04300841872579782,0.009737307619510898,0.06383658086153605,0.07749139213863426,0.6063936063936064,-0.06960535110260406
HCMV,UL55,694,4,2,0.6172859690467637,0.04004743124688087,0.017086450729498066,0.07097109434763804,0.09934840273055646,0.000999000999000999,33.78340808974081
HCMV,UL55,703,4,2,0.6338422110453862,0.06164083400592084,0.014920923013386789,0.08833722271261887,0.11783523063952654,0.000999000999000999,38.348926304766564
HCMV,UL55,721,4,1,0.045043660505123345,0.03891342563234691,0.008960301003496957,0.0546421524598654,0.0546421524598654,0.5224775224775224,0.6841550155942275
HCMV,UL55,730,4,1,0.045043660505123345,0.03885632333590534,0.009034570720586565,0.0546421524598654,0.0546421524598654,0.5154845154845155,0.6848512630621472
HCMV,UL55,739,4,2,0.6004364154741809,0.04021450153023476,0.01760299639205341,0.07201924978335944,0.10838375278849807,0.000999000999000999,31.82537230973071
HCMV,UL55,748,4,2,0.34800518272250913,0.04074344129600472,0.017245399386742376,0.07254267518710546,0.10681606788159252,0.000999000999000999,17.817026705842245
HCMV,UL55,757,4,2,0.2679321482601245,0.06311296305708733,0.01543052906008957,0.08954727011767852,0.12352142800647173,0.000999000999000999,13.273633354075564
HCMV,UL55,766,4,2,0.627447991017437,0.057321806074572546,0.01358855338053218,0.08095750635180057,0.12529415097167862,0.000999000999000999,41.956356131305576
HCMV,UL55,775,4,2,0.5765574872421982,0.06212737923013495,0.016031029919339957,0.08883803245162313,0.11772132741262233,0.000999000999000999,32.08964805133642
HCMV,UL55,784,4,3,0.6752835759110094,0.06064216127220601,0.017908833197877755,0.08925901052944532,0.1283126013220409,0.000999000999000999,34.320572861867966
HCMV,UL55,793,4,3,0.5334658225381302,0.07465283608604636,0.01544920276940909,0.1016469116049071,0.13307758657986943,0.000999000999000999,29.698165873036363
HCMV,UL55,802,4,3,0.7546150509128645,0.07524595300894653,0.01778250573206048,0.10506817804492341,0.1358420461785989,0.000999000999000999,38.20435140808464
HCMV,UL55,811,4,2,0.4820074138116261,0.059572145316239104,0.01780505832820381,0.08890102416499751,0.11997912586114717,0.000999000999000999,23.72557622157493
HCMV,UL55,820,4,1,0.1115177359008647,0.04490229981454379,0.01589362626519573,0.07235577916448062,0.09930017715505188,0.000999000999000999,4.1913302209828025
HCMV,UL55,838,4,1,0.10158283190756787,0.04454589232942966,0.014213306906179978,0.06627190220591439,0.08953688360456936,0.000999000999000999,4.0129253490852586
HCMV,UL55,847,4,2,0.26163558471874127,0.04093049058623188,0.017613428703290197,0.07274762956921003,0.10592134946477788,0.000999000999000999,12.530501462857233
HCMV,UL55,856,4,2,0.6323794078268147,0.06041132686047517,0.013681321697530795,0.08509071286651151,0.10706305424556398,0.000999000999000999,41.80649308681692
HCMV,UL55,865,4,2,0.26163558471874127,0.04088375359303709,0.017311065494230376,0.07134552170758858,0.12690887340791868,0.000999000999000999,12.752064926291151
HCMV,UL55,883,4,1,0.047830873065463374,0.042862297471351646,0.009924401966439556,0.06383658086153605,0.07749139213863426,0.25574425574425574,0.5006423168784886
HCMV,UL55,892,4,2,0.662061495062503,0.040719653033378676,0.017241901480237375,0.07219426397880149,0.10341687704089032,0.000999000999000999,36.03673543438958
HCMV,UL55,901,4,1,0.08092333793434058,0.04480063294763176,0.013128236559074323,0.0648961067322056,0.0907030049124224,0.013986013986013986,2.751527581344546
HCMV,UL55,910,4,3,0.8584105910575568,0.0751705208908998,0.015619719153891641,0.1030537119129889,0.13694857358802162,0.000999000999000999,50.14431197192898
HCMV,UL55,919,4,2,0.5231635773693522,0.040814743442688664,0.016949499020045968,0.07087492515005349,0.1002692017518922,0.000999000999000999,28.457999458048604
HCMV,UL55,928,4,3,0.8586002274638318,0.07538666702723085,0.016149620912847665,0.10320098774537508,0.13306387174996948,0.000999000999000999,48.49733406519304
HCMV,UL55,937,4,2,0.627447991017437,0.057262308477389216,0.014398525302104056,0.0825658888724938,0.12285903651160274,0.000999000999000999,39.60028340240695
HCMV,UL55,946,4,4,0.8590240489005696,0.08643759494539249,0.016520264375531474,0.11441201450122374,0.14570872075822663,0.000999000999000999,46.76598608793888
HCMV,UL55,955,4,2,0.6304638020455641,0.05793830661151374,0.014507893452320017,0.08400494088566024,0.1256603903155465,0.000999000999000999,39.463034196911295
HCMV,UL55,973,4,2,0.6194505526342815,0.040871901612295314,0.016952283729467964,0.06987497719397484,0.12594800545445387,0.000999000999000999,34.12983526321291
HCMV,UL55,982,4,2,0.6010931145822989,0.05719435471996678,0.017014903019397187,0.08679171726973059,0.11428471672017228,0.000999000999000999,31.96602174236792
HCMV,UL55,991,4,3,0.7715598657493988,0.06016407179567998,0.01733379720205694,0.09154873997304798,0.11322939697159211,0.000999000999000999,41.04096671151201
HCMV,UL55,1009,4,2,0.5663663039699702,0.041183774688091,0.0171523051035765,0.07218435486507474,0.10465525233213509,0.000999000999000999,30.618772585404347
HCMV,UL55,1018,4,1,0.15561663935481976,0.03914151051046139,0.016310617104316034,0.06858216323204691,0.11390438936895046,0.000999000999000999,7.141062051756294
HCMV,UL55,1027,4,3,0.835553493331735,0.0727047487733407,0.015996556012179832,0.09974200683565777,0.1344828432896659,0.000999000999000999,47.688311407627914
HCMV,UL55,1036,4,2,0.655335664453808,0.0582574420046669,0.017294379498501,0.08952811001864586,0.12138267143390882,0.000999000999000999,34.524408493574064
HCMV,UL55,1054,4,2,0.5797058622191107,0.057348076162446596,0.014042390280322002,0.0831272057400386,0.12542454703403472,0.000999000999000999,37.1986375274485
HCMV,UL55,1063,4,3,0.8629046478936943,0.074767321701515,0.0161512582756734,0.10315804829101109,0.13290712012459438,0.000999000999000999,48.79727094571022
HCMV,UL55,1072,4,1,0.06383658086153605,0.043562155684616764,0.009812698069152765,0.06383658086153605,0.07749139213863426,0.0939060939060939,2.066141751640566
HCMV,UL55,1081,4,4,0.8752806205519378,0.0846891497379748,0.016559667250925697,0.11243780902273175,0.1541751625581709,0.000999000999000999,47.74199015199223
HCMV,UL55,1090,4,2,0.6847485818816712,0.0406502037870234,0.016617024430104557,0.07021460991729166,0.1104379759045,0.000999000999000999,38.76135470606605
HCMV,UL55,1099,4,2,0.621014791464498,0.04134792148911473,0.017356230719868592,0.0718951909265001,0.113627352448551,0.000999000999000999,33.398200296554485
HCMV,UL55,1108,4,2,0.6827581974057313,0.040140905953531474,0.016473680580183475,0.06993250230891997,0.11107233378226983,0.000999000999000999,39.00872596893843
HCMV,UL55,1117,4,3,0.818829932987567,0.07604607087216209,0.015435322000754663,0.10347405665123846,0.1404901140787046,0.000999000999000999,48.1223431606473
HCMV,UL55,1126,4,2,0.7270342846019628,0.061753074961514345,0.017287556748271506,0.09135122294291483,0.1268753222399915,0.000999000999000999,38.483240826206774
HCMV,UL55,1135,4,2,0.6941989052994397,0.04129460298130975,0.017172420512432413,0.07172308771861688,0.09803561584264295,0.000999000999000999,38.02051678419144
HCMV,UL55,1153,4,4,0.9184336971649316,0.08729409363047702,0.017936629904023577,0.11765237879511443,0.14662399128714534,0.000999000999000999,46.33755660800092
HCMV,UL55,1162,4,3,0.735191743822456,0.0720751668851813,0.01729041787955363,0.10321888074386065,0.1449754771299168,0.000999000999000999,38.35168019400082
HCMV,UL55,1171,4,2,0.6230550478554636,0.0606638854882718,0.016612082236414055,0.08817720166637578,0.11980539213013185,0.000999000999000999,33.854344949871354
HCMV,UL55,1180,4,2,0.5510704810552756,0.0554697012337463,0.01569105642878371,0.08204242320891897,0.10682049926607153,0.000999000999000999,31.584921134589646
HCMV,UL55,1189,4,2,0.6547833238017765,0.06134377521361579,0.017045859411531795,0.09137402140739116,0.13416629899792848,0.000999000999000999,34.81429326975966
HCMV,UL55,1198,4,2,0.6285507058806096,0.04120221458707572,0.017681468015460923,0.07286066193536767,0.1262700321006413,0.000999000999000999,33.21831031110924
HCMV,UL55,1207,4,3,0.7737980340615014,0.05959137716470998,0.01760798580130751,0.08975927931323868,0.11754649852038918,0.000999000999000999,40.561519355823016
HCMV,UL55,1216,4,4,0.8240528418570471,0.07517180751070325,0.018948051733659273,0.10797983584041629,0.13622666670851125,0.000999000999000999,39.522851471638816
HCMV,UL55,1225,4,2,0.4498518668053685,0.057586433001814,0.014330766154389057,0.0837857486704136,0.11811914731902408,0.000999000999000999,27.372258368992792
HCMV,UL55,1234,4,3,0.7764390823406926,0.06098883839873466,0.017002283046532694,0.09195615011033921,0.12050961362332077,0.000999000999000999,42.07965730154463
HCMV,UL55,1243,4,3,0.8723705530330247,0.06011000355457511,0.016684710280970155,0.08990601917186766,0.11752690353043992,0.000999000999000999,48.682928010136216
HCMV,UL55,1252,4,2,0.6285507058806096,0.04036610241089031,0.017116076217333864,0.07037403144730592,0.11907756782492801,0.000999000999000999,34.364453394642545
HCMV,UL55,1261,4,3,0.7764390823406926,0.0601455479426644,0.017482771947641904,0.09161373191728407,0.11380758880377922,0.000999000999000999,40.971393812332074
HCMV,UL55,1270,4,4,0.9209241304400577,0.07526783501651388,0.017525529069337922,0.10550693390581763,0.13159382068914993,0.000999000999000999,48.25282546836635
HCMV,UL55,1279,4,3,0.7939520456455099,0.07272807083078968,0.01734925621792001,0.1022012365979257,0.1453183601694583,0.000999000999000999,41.570887290820544
HCMV,UL55,1288,4,2,0.49601401635290754,0.0405118251973372,0.01707667752691917,0.069994435946908,0.10090361388309439,0.000999000999000999,26.673935280298533
HCMV,UL55,1297,4,2,0.6285507058806096,0.040809641268917146,0.01670479050811096,0.07075113918733597,0.09450218602222515,0.000999000999000999,35.18398296143352
HCMV,UL55,1315,4,3,0.853861088126852,0.07609199027647184,0.016901634954756568,0.10446551435974658,0.13643421888690266,0.000999000999000999,46.017388254589854
HCMV,UL55,1324,4,3,0.8531210630921763,0.06034594003961748,0.01817283776627304,0.09259794178680988,0.14114304011368284,0.000999000999000999,43.624178746803636
HCMV,UL55,1333,4,2,0.6941989052994397,0.03985663602026298,0.01695014602848111,0.06917839349718348,0.10281893726664448,0.000999000999000999,38.60393109178493
HCMV,UL55,1342,4,4,0.9185121567431854,0.08654058092712591,0.01673407119696541,0.11532784055316554,0.14145117042596816,0.000999000999000999,49.717224578734374
HCMV,UL55,1351,4,3,0.8589296648708213,0.07166869404098429,0.015518828346549374,0.09921372362107113,0.13651091029889023,0.000999000999000999,50.7294077393984
HCMV,UL55,1360,4,4,0.9221374911545227,0.08675497502802544,0.016470142109585674,0.114532248837875,0.15059305559276495,0.000999000999000999,50.72102660488291
HCMV,UL55,1369,4,4,0.9230769230769231,0.0747873620883611,0.01782304617829231,0.10535559566251523,0.13676881443070554,0.000999000999000999,47.595094155214696
HCMV,UL55,1378,4,2,0.6914613702700039,0.06156640882826752,0.014471464488268842,0.08737242105642236,0.11105531909028962,0.000999000999000999,43.52669088552543
HCMV,UL55,1387,4,4,0.9206418076659998,0.0875727150983488,0.017475217550171965,0.11767806345639235,0.1404567053024929,0.000999000999000999,47.67145760422611
HCMV,UL55,1396,4,4,0.9227778301058772,0.08517864438773985,0.016123921382388325,0.11251805137080557,0.1425211964865563,0.000999000999000999,51.9476103767798
HCMV,UL55,1405,4,4,0.9087576888470265,0.08674015205580671,0.017697707191759643,0.11716678907401157,0.14158746830917612,0.000999000999000999,46.44768544786215
HCMV,UL55,1414,4,4,0.9063000546879988,0.0842572848645476,0.01761589771555645,0.11290117499976975,0.15319204519791985,0.000999000999000999,46.66482418875038
HCMV,UL55,1423,4,3,0.774226383542015,0.0759324732342704,0.01591922213412221,0.1032132341577681,0.1503445002417881,0.000999000999000999,43.86482608412001
HCMV,UL55,1432,4,2,0.627447991017437,0.058555065952713564,0.014525760005515366,0.08578504336961316,0.12658326371642398,0.000999000999000999,39.16441720424386
HCMV,UL55,1441,4,2,0.6194505526342816,0.039716678482662346,0.017045927852940398,0.0693391217295932,0.11099040344321429,0.000999000999000999,34.01010957884677
HCMV,UL55,1459,4,3,0.7760261458009937,0.07575640453932736,0.01764416132185645,0.10633278444298477,0.13688248956762655,0.000999000999000999,39.68846852438474
HCMV,UL55,1477,4,3,0.7764390823406926,0.06023166503025829,0.01794366063276094,0.09199462232108849,0.13163930571882332,0.000999000999000999,39.91423110191944
HCMV,UL55,1486,4,2,0.627447991017437,0.057929972957192474,0.014361032825085022,0.08323096725272144,0.11979007404741812,0.000999000999000999,39.65717681986238
HCMV,UL55,1495,4,3,0.768841769541484,0.0765784295037437,0.01777759748701339,0.10527193199347715,0.14548721690148742,0.000999000999000999,38.94020778361314
HCMV,UL55,1504,4,2,0.6285507058806096,0.04034032548101806,0.01758233737004416,0.07232489907948074,0.11597492329622941,0.000999000999000999,33.45461800782829
HCMV,UL55,1513,4,1,0.15451010145520608,0.043011155043468204,0.01788318624269058,0.07471829010645598,0.09842349157728641,0.000999000999000999,6.234847912368581
HCMV,UL55,1531,4,1,0.09225221502008743,0.04234558929624129,0.01701194114077085,0.07086561006087089,0.10040644105736451,0.005994005994005994,2.9336232303461145
HCMV,UL55,1540,4,1,0.045043660505123345,0.03864318197350762,0.00899770153635664,0.0546421524598654,0.0546421524598654,0.5044955044955045,0.7113459482684079
HCMV,UL55,1549,4,1,0.08614526469781958,0.045703177115667,0.01581237108175277,0.07235577916448062,0.11778694009130421,0.013986013986013986,2.557623228866803
HCMV,UL55,1558,4,2,0.33205036132985877,0.04068438353928207,0.017644918638033927,0.07291223453837666,0.11538889105001694,0.000999000999000999,16.512741360140495
HCMV,UL55,1567,4,2,0.6281401303255602,0.05787626016218627,0.014346710585047174,0.08280601977766804,0.11205142306462716,0.000999000999000999,39.74875402851787
HCMV,UL55,1576,4,2,0.33205036132985877,0.040740971318508186,0.01780176466779477,0.07281397892397533,0.09492577648338499,0.000999000999000999,16.364073756033825
HCMV,UL55,1585,4,1,0.13576083133310526,0.04538147981062856,0.01543028621003595,0.07235577916448062,0.1115177359008647,0.000999000999000999,5.857269936036146
HCMV,UL55,1594,4,2,0.4842667266933917,0.0409991684654659,0.01744823156708188,0.0720416774238051,0.12074680729622371,0.000999000999000999,25.404726921678506
HCMV,UL55,1603,4,1,0.05947215752847603,0.04461402348986571,0.013144663753654742,0.0648961067322056,0.0907030049124224,0.1978021978021978,1.1303548205620066
HCMV,UL55,1612,4,1,0.045043660505123345,0.038633094826266,0.008839862784364648,0.0546421524598654,0.0546421524598654,0.5114885114885115,0.7251883694615623
HCMV,UL55,1621,4,1,0.11093346019464263,0.042512705322665385,0.017922216150705963,0.07375773428458121,0.10423586258469304,0.000999000999000999,3.8176503562190396
HCMV,UL55,1630,4,3,0.6534935752854494,0.07242020258281852,0.015499675188122125,0.09859689332448024,0.12769570297840233,0.000999000999000999,37.48939030334811
HCMV,UL55,1639,4,2,0.5244047019581042,0.062283106548210315,0.01537157888632767,0.08881578433099113,0.1277171923820121,0.000999000999000999,30.06337857856165
HCMV,UL55,1648,4,1,0.1626944562273013,0.04135859926016748,0.016969272732768922,0.07182417094186733,0.10027947285300358,0.000999000999000999,7.150327470005553
HCMV,UL55,1657,4,3,0.6022571743262323,0.07375972531131501,0.015550850419186931,0.10302438740715585,0.12354401780320644,0.000999000999000999,33.98511558974596
HCMV,UL55,1666,4,2,0.6212086622010958,0.06194487285604577,0.016589436781182097,0.08948708800479989,0.1193102170723182,0.000999000999000999,33.7120419892398
HCMV,UL55,1675,4,1,0.10158283190756787,0.04527450505705706,0.014278168292389289,0.06627190220591439,0.10158283190756787,0.001998001998001998,3.9436660009480984
HCMV,UL55,1684,4,1,0.056979846000277376,0.04313675368353828,0.010038370414252113,0.06383658086153605,0.07749139213863426,0.17182817182817184,1.379017882930996
HCMV,UL55,1693,4,2,0.33205036132985877,0.040992930848311356,0.017303201261560125,0.07184489287556975,0.10016224522472027,0.000999000999000999,16.821016301078643
HCMV,UL55,1702,4,3,0.6940696981428355,0.07192122058827882,0.015465816148106064,0.10030171487877537,0.12890422013209815,0.000999000999000999,40.22732920116503
HCMV,UL55,1720,4,1,0.030030123902940686,0.03856762563520983,0.00886109683111169,0.0546421524598654,0.0546421524598654,1.0,-0.9634813720005417
HCMV,UL55,1729,4,2,0.24464424905579593,0.04061349932668119,0.017421372825474565,0.07374331055942461,0.10205823979477376,0.000999000999000999,11.711519624375919
HCMV,UL55,1738,4,1,0.06383658086153605,0.04321873922091384,0.009803466522991567,0.06383658086153605,0.07749139213863426,0.08791208791208792,2.1031174628146325
HCMV,UL55,1747,4,2,0.6195793354674877,0.06118358653577262,0.01680015016307075,0.08991535476686802,0.11222486056220803,0.000999000999000999,33.23754511189743
HCMV,UL55,1756,4,1,0.09066410720331239,0.04450324316220549,0.012684570954350112,0.0648961067322056,0.09066410720331239,0.005994005994005994,3.639134836111761
HCMV,UL55,1765,4,2,0.29134933613339176,0.04128620195814443,0.017748923024066544,0.07106788677281725,0.10232031024749909,0.000999000999000999,14.088918738121505
HCMV,UL55,1783,4,2,0.6175423136472062,0.04063423098095245,0.016818962609277795,0.07243445245617852,0.10308343414397231,0.000999000999000999,34.301050312580855
HCMV,UL55,1792,4,2,0.24464424905579593,0.04152527822112967,0.01705906037145196,0.0717543380711469,0.10221950062245605,0.000999000999000999,11.906808840103663
HCMV,UL55,1801,4,1,0.1325484553437604,0.0404421034858416,0.016909035480654463,0.07097043652760734,0.11255504220749238,0.000999000999000999,5.447167697016023
HCMV,UL55,1810,4,1,0.03399459925368037,0.04243518540973677,0.009553495211189693,0.06383658086153605,0.07749139213863426,1.0,-0.8835076555196495
HCMV,UL55,1819,4,1,0.030030123902940686,0.038429551955823024,0.008809228041956623,0.0546421524598654,0.0546421524598654,1.0,-0.9534806015779717
HCMV,UL55,1837,4,2,0.6285257197029982,0.0607680739722043,0.014109078385417279,0.0864570675267544,0.11973638199569152,0.000999000999000999,40.24059050643671
HCMV,UL55,1855,4,1,0.045043660505123345,0.038696100822641896,0.008898499959649461,0.0546421524598654,0.0546421524598654,0.5124875124875125,0.7133291803410311
HCMV,UL55,1864,4,2,0.24836368758853128,0.05762143688870047,0.014621847206607903,0.08387818091871897,0.12403454952109205,0.000999000999000999,13.045017363717944
HCMV,UL55,1873,4,2,0.6285507058806096,0.04128192594949337,0.017286619614811056,0.07330727889290622,0.09809874097129062,0.000999000999000999,33.97244765124284
HCMV,UL55,1882,4,2,0.6281401303255602,0.05742909942179638,0.014566181490111596,0.08521594525833281,0.11761071194849325,0.000999000999000999,39.18055197178457
HCMV,UL55,1891,4,2,0.21571675892632533,0.059747588097375466,0.014442098159163317,0.08561493425308972,0.11992371493742698,0.000999000999000999,10.799619910489913
HCMV,UL55,1900,4,1,0.045043660505123345,0.03878199859494768,0.008860226849847224,0.0546421524598654,0.0546421524598654,0.5194805194805194,0.706715755283809
HCMV,UL55,1918,4,2,0.4837607961853936,0.05773472987525508,0.013889005250089709,0.08202827969708584,0.11560742783651451,0.000999000999000999,30.673619790545246
HCMV,UL55,1927,4,3,0.6129936690955357,0.07546119379504422,0.017632081658410077,0.10487186602796267,0.13302088019234418,0.000999000999000999,30.48604729232872
HCMV,UL55,1945,4,2,0.2517186652912272,0.06247427391954119,0.0160730049928575,0.08849520574328046,0.11587617680035078,0.000999000999000999,11.77405167582429
HCMV,UL55,1954,4,2,0.48084375197045487,0.06065952062637244,0.013495708075452632,0.08451924504305525,0.11449840243583467,0.000999000999000999,31.134656217731642
HCMV,UL55,1963,4,1,0.030030123902940686,0.03886076106997902,0.00872770330290277,0.0546421524598654,0.0546421524598654,1.0,-1.011793923391201
HCMV,UL55,1972,4,3,0.654802270668402,0.0757454131967751,0.016194284456595633,0.10320126531074628,0.13588483570330936,0.000999000999000999,35.75686588830961
HCMV,UL55,1981,4,1,0.07835002480508382,0.044214938706407365,0.011359021288676621,0.06662076208658337,0.09517459604881551,0.01898101898101898,3.005108030980137
HCMV,UL55,1990,4,1,0.03399459925368037,0.0434715652462126,0.0100651018057699,0.06383658086153605,0.07749139213863426,1.0,-0.9415668291700227
HCMV,UL55,1999,4,1,0.06383658086153605,0.04346155600861114,0.01013463878687039,0.06383658086153605,0.07749139213863426,0.0999000999000999,2.0104342425426287
HCMV,UL55,2008,4,2,0.49187501025913444,0.059263406475671986,0.01753639460195074,0.08884237230724386,0.13738041992612465,0.000999000999000999,24.669358417341897
HCMV,UL55,2017,4,1,0.030030123902940686,0.038490094757518634,0.008949405361047122,0.0546421524598654,0.0546421524598654,1.0,-0.9453109467362524
HCMV,UL55,2035,4,3,0.6257893549679758,0.059508705859744986,0.018144196245476,0.09108703280453716,0.12433829359508054,0.000999000999000999,31.210015668201617
HCMV,UL55,2053,4,3,0.4999962296584319,0.06019498898944164,0.01797232162131696,0.09170704095544502,0.12025883092458228,0.000999000999000999,24.471031062973093
HCMV,UL55,2062,4,2,0.24502572495041516,0.061860568446485846,0.015220946878579266,0.08865089008216201,0.12129136056534832,0.000999000999000999,12.033755716058716
HCMV,UL55,2080,4,1,0.05126121520013642,0.044323850457149705,0.01320698276853599,0.0648961067322056,0.0907030049124224,0.28471528471528473,0.5252800631734095
HCMV,UL55,2098,4,1,0.045043660505123345,0.03846425113162157,0.008978499605098939,0.0546421524598654,0.0546421524598654,0.4945054945054945,0.7327960865271175
HCMV,UL55,2107,4,3,0.5233451243945813,0.0611209903562442,0.018435053828673182,0.09440482142090997,0.1202269461109086,0.000999000999000999,25.073110083324586
HCMV,UL55,2116,4,1,0.045893633345256764,0.04300093341016346,0.009739801775502509,0.06383658086153605,0.07749139213863426,0.3546453546453546,0.2969978241619874
HCMV,UL55,2125,4,1,0.045043660505123345,0.03852307368069016,0.009011670636525797,0.0546421524598654,0.0546421524598654,0.4965034965034965,0.7235713651144953
HCMV,UL55,2143,4,1,0.06383658086153605,0.042881326871960224,0.009785131681112568,0.06383658086153605,0.07749139213863426,0.08091908091908091,2.141540315704083
HCMV,UL55,2152,4,1,0.045043660505123345,0.038790365489562294,0.008912272038225793,0.0546421524598654,0.0546421524598654,0.5174825174825175,0.7016499259380691
HCMV,UL55,2161,4,2,0.5708626131949698,0.0399905358466863,0.017465544238847643,0.07087129272883576,0.11480890777663132,0.000999000999000999,30.39539278526999
HCMV,UL55,2170,4,1,0.06383658086153605,0.04315390819421682,0.009994451558767263,0.06383658086153605,0.07749139213863426,0.0979020979020979,2.0694154697439227
HCMV,UL55,2188,4,2,0.2780806855172756,0.06171685834367253,0.017619415707792362,0.09017352854238234,0.12482782965370956,0.000999000999000999,12.279852565026548
HCMV,UL55,2206,4,2,0.46507925643405235,0.05757261715632642,0.01376829866506065,0.08251878905470061,0.10996823748695159,0.000999000999000999,29.59745784073103
HCMV,UL55,2224,4,1,0.10158283190756787,0.04489501632320722,0.013864357392092935,0.06627190220591439,0.10487766791498312,0.003996003996003996,4.088744539771501
HCMV,UL55,2233,4,2,0.5167706860415937,0.06126404363031569,0.017364529043912846,0.08881369624075494,0.12757012036716064,0.000999000999000999,26.2320182286174
HCMV,UL55,2242,4,1,0.0501929305914565,0.04449847816189384,0.01207897392333048,0.06801323761239783,0.09517459604881551,0.38161838161838163,0.4714351124282048
HCMV,UL55,2251,4,2,0.2714068119786101,0.0621083808527436,0.014750172547815694,0.08840643253356316,0.11718220130475868,0.000999000999000999,14.189558152447567
HCMV,UL55,2260,4,2,0.420107101337545,0.0621870891064315,0.015233871994648214,0.08955283868035938,0.13005619265600477,0.000999000999000999,23.49501245362005
HCMV,UL55,2269,4,1,0.030030123902940686,0.038399036227331776,0.00866342185578414,0.0546421524598654,0.0546421524598654,1.0,-0.9660054033734463
HCMV,UL55,2287,4,3,0.5443695597940623,0.058969182203024974,0.017649992716042246,0.0893073922335095,0.1257902951398134,0.000999000999000999,27.50144917339554
HCMV,UL55,2296,4,2,0.4649209192116479,0.040590726478749346,0.016730769086657403,0.070487562265553,0.1537984186012685,0.000999000999000999,25.362264611690627
HCMV,UL55,2314,4,1,0.10158283190756787,0.04491639646426106,0.014329491815840013,0.06627190220591439,0.10158283190756787,0.001998001998001998,3.9545321056443163
HCMV,UL55,2332,4,3,0.6304499784910446,0.07399290642282831,0.01721746855875397,0.10180964011898766,0.1377200313678121,0.000999000999000999,32.31933139121627
HCMV,UL55,2350,4,2,0.5218097783127074,0.04128841240384659,0.017590652224977132,0.0716107050436931,0.11317262970903919,0.000999000999000999,27.316858963680946
HCMV,UL55,2359,4,1,0.045043660505123345,0.038669514254691575,0.009111964209951032,0.0546421524598654,0.0546421524598654,0.5004995004995005,0.6995359182239396
HCMV,UL55,2368,4,1,0.07333850163262108,0.045001601281295524,0.014648332664130839,0.07131280802054102,0.09409203173721871,0.04595404595404595,1.9344795753248911
HCMV,UL55,2377,4,1,0.1207128424595577,0.04497571965501934,0.016748250347183285,0.0721366383890553,0.09790825231110324,0.000999000999000999,4.5220916355167695
HCMV,UL55,2395,4,1,0.06428888221474142,0.04464831738874781,0.012973888052387035,0.0648961067322056,0.09066410720331239,0.08491508491508491,1.5138534220957758
HCMV,UL55,2404,4,2,0.40212947469269755,0.05735114564392043,0.014520110693190168,0.08248081400976895,0.12272229428767965,0.000999000999000999,23.74488296500906
HCMV,UL55,2413,4,1,0.0423306500101477,0.0430203145916434,0.0101613891619746,0.06383658086153605,0.07749139213863426,0.5844155844155844,-0.0678710922790482
HCMV,UL55,2440,4,1,0.030030123902940686,0.0390185203885622,0.00894350689589192,0.0546421524598654,0.0546421524598654,1.0,-1.0050192380072083
HCMV,UL55,2449,4,1,0.030030123902940686,0.038029601512211526,0.008827267836990844,0.0546421524598654,0.0546421524598654,1.0,-0.9062235061848772
HCMV,UL55,2485,4,1,0.04802886991123639,0.04434988168866701,0.012850485412472938,0.06428888221474142,0.0907030049124224,0.4075924075924076,0.28629177065937716
HCMV,UL55,2521,4,2,0.4294031470233986,0.039639288464544266,0.016876950175792754,0.06921048917146812,0.1008566952109979,0.000999000999000999,23.094448611805902
HCMV,UL55,2539,4,1,0.06383658086153605,0.04346113956702203,0.010151890163389571,0.06383658086153605,0.07749139213863426,0.0959040959040959,2.0070588793398603
HCMV,UL55,2548,4,1,0.045043660505123345,0.03885041963597102,0.008903610477389095,0.0546421524598654,0.0546421524598654,0.5214785214785215,0.6955875804405626
HCMV,UL55,2557,4,2,0.23800238893058828,0.06202742307570077,0.015444108926732264,0.08879284917555333,0.1125080640930111,0.000999000999000999,11.39431006927773
HCMV,UL55,2593,4,1,0.030030123902940686,0.0387315429404937,0.008880502093294954,0.0546421524598654,0.0546421524598654,1.0,-0.9798341294376637
HCMV,UL55,2602,4,1,0.02329685176208204,0.04472837589940333,0.013170649335062564,0.0648961067322056,0.0907030049124224,1.0,-1.627218491063067
HCMV,UL55,2611,4,2,0.28575117465687455,0.060576140104671834,0.014391065235814378,0.0858158068366467,0.1241512716086173,0.000999000999000999,15.646863582538701
HCMV,UL55,2620,4,1,0.13588648639824777,0.04229854330926426,0.017687491075858527,0.0730785213086845,0.09812144133363766,0.000999000999000999,5.29119379835169
HCMV,UL55,2629,4,1,0.09770977002510398,0.042563340341744374,0.017111202060954393,0.07091773976634262,0.08942512704447723,0.000999000999000999,3.2228261630547164
HCMV,UL55,2638,4,2,0.27144028292724165,0.04161777656548702,0.01754928826011209,0.07474573246022917,0.10557011206158935,0.000999000999000999,13.09583060893244
HCMV,UL55,2647,4,2,0.42764022555129994,0.04035575281365331,0.017081539878336466,0.07021782028532,0.10385206647822959,0.000999000999000999,22.672690840292287
HCMV,UL55,2656,4,2,0.27144028292724165,0.041533817834000224,0.017714523555906553,0.07147612229372928,0.11102985974938302,0.000999000999000999,12.978416516123783
HCMV,UL55,2665,4,2,0.21621979497206867,0.040781120340886025,0.01762844833762406,0.07319284021721945,0.11402386290118638,0.000999000999000999,9.9520202386019
HCMV,UL55,2674,4,1,0.05445356163688761,0.044333573797639754,0.013936485052975938,0.06627190220591439,0.10158283190756787,0.23476523476523475,0.72615066143144
HCMV,UL55,2683,4,2,0.2881227239604883,0.06176464533236917,0.015071802975887387,0.0894062885333006,0.11529463430978844,0.000999000999000999,15.01864634179852
HCMV,UL55,2692,4,1,0.10158283190756787,0.04521207024491694,0.014602270746674853,0.07131280802054102,0.09891252009006016,0.000999000999000999,3.8604106608205
HCMV,UL55,2701,4,2,0.2027864638237485,0.061298160618847686,0.015146856206731828,0.08661486651084836,0.11414414099749923,0.000999000999000999,9.34110030978033
HCMV,UL73,1,8,2,0.18685147449714462,0.025535244450949356,0.004734210078498944,0.034207545512630624,0.048121878315393406,0.000999000999000999,34.07458211008311
HCMV,UL73,10,8,4,0.7112629045208793,0.04378479915388699,0.0069894603209125295,0.055536184931791334,0.06652888338058577,0.000999000999000999,95.49780308071735
HCMV,UL73,19,8,6,0.8783057147867893,0.05704096866538383,0.007544360527057237,0.07081060883497181,0.08492397848809477,0.000999000999000999,108.85809912927758
HCMV,UL73,28,8,5,0.8658446357904831,0.051278421019299913,0.007006141178672483,0.06292188271134218,0.07800763905794732,0.000999000999000999,116.26460186826074
HCMV,UL73,37,8,3,0.6075128244311342,0.03750822631969655,0.005961542977729082,0.04747965816353994,0.06862404524456274,0.000999000999000999,95.61360208939873
HCMV,UL73,46,8,8,0.9583956440417374,0.06878110792323583,0.007825653175339665,0.08217927484277532,0.09541142590939836,0.000999000999000999,113.67926947259436
HCMV,UL73,55,8,4,0.7210929382157226,0.04275692056758381,0.006515098436141015,0.05409246666754043,0.06947415044245958,0.000999000999000999,104.11753932760635
HCMV,UL73,64,8,5,0.8571641556917615,0.04991130206572812,0.006982063854630059,0.06202311008282239,0.08057702915416322,0.000999000999000999,115.61808520137134
HCMV,UL73,73,8,4,0.6604352424311534,0.041826317241161426,0.006547979613523517,0.052889821960749796,0.06627991721212867,0.000999000999000999,94.47325155264402
HCMV,UL73,82,8,4,0.7902120798593099,0.04458625268864793,0.006820472155236513,0.05662810842223247,0.07243672592217378,0.000999000999000999,109.3217317217837
HCMV,UL73,91,8,7,0.9572594210978417,0.06366167860709024,0.00798409761999863,0.07762746005663607,0.09799394947218408,0.000999000999000999,111.92219647370804
HCMV,UL73,100,8,6,0.9361265466666415,0.05706615502683974,0.0076233210668501345,0.0699250360863962,0.08205030050914139,0.000999000999000999,115.31199905279853
HCMV,UL73,109,8,9,0.9754451906218381,0.07302610619308184,0.008612636526923652,0.08700292412083316,0.10237564909443557,0.000999000999000999,104.77849397309832
HCMV,UL73,118,8,6,0.9148686722741164,0.05589676420129625,0.0074758590529975235,0.0691031660376944,0.08145354553262867,0.000999000999000999,114.89942520096153
HCMV,UL73,127,8,8,0.959048849935852,0.06870883165054811,0.008144897591200106,0.08216328705640528,0.09456032038379253,0.000999000999000999,109.31261054126
HCMV,UL73,136,8,7,0.946848021825462,0.06317040770062964,0.007791155312927623,0.07647607996268654,0.10721468392102039,0.000999000999000999,113.42061332785568
HCMV,UL73,145,8,4,0.8023368346794355,0.043262323341990525,0.006266492948776127,0.05374965090771535,0.0736362438755722,0.000999000999000999,121.13226928400125
HCMV,UL73,154,8,6,0.9126769268314091,0.05199711364310096,0.007235745016965898,0.0641201126274584,0.08258170028268383,0.000999000999000999,118.94833374728418
HCMV,UL73,163,8,7,0.9565825831564282,0.06276540469957094,0.007908994543792257,0.07659381894284255,0.08848281094774789,0.000999000999000999,113.01274435173448
HCMV,UL73,172,8,6,0.9070912413448349,0.05744908983236718,0.007595845233821921,0.07008851572749816,0.08707163225330278,0.000999000999000999,111.85616943974544
HCMV,UL73,181,8,5,0.8168670126869599,0.050992194265096456,0.006801623324732993,0.06281324370138229,0.07854132208266365,0.000999000999000999,112.6017689978339
HCMV,UL73,190,8,6,0.9366471512100809,0.057213109606466375,0.006977351298413116,0.06888016013317758,0.08176267241945354,0.000999000999000999,126.04124459142932
HCMV,UL73,199,8,7,0.9366210366617489,0.06308320230983606,0.007594614299927731,0.07668919177773903,0.09367329103650633,0.000999000999000999,115.02069754355074
HCMV,UL73,208,8,4,0.7568090478374797,0.0420044257557244,0.006600606771886957,0.05363682846650993,0.06432131444132237,0.000999000999000999,108.29377461572516
HCMV,UL73,217,8,5,0.8574906734684451,0.05074819185732472,0.007228160810152676,0.06346879667632956,0.07662864111069725,0.000999000999000999,111.61103118762519
HCMV,UL73,226,8,3,0.6125923747789127,0.03753009757636642,0.006347921367549149,0.04829420961786121,0.06012243279639525,0.000999000999000999,90.59064281140749
HCMV,UL73,235,8,6,0.8940643845168796,0.05701179607672518,0.007419819206089666,0.07021907383528325,0.08190348203061244,0.000999000999000999,112.81307066796998
HCMV,UL73,244,8,3,0.6656216337902955,0.036943950083011455,0.00595471618445659,0.047440294416723525,0.05397685145171433,0.000999000999000999,105.57643122409458
HCMV,UL73,253,8,2,0.412383056968775,0.02974307916575757,0.004801834989462916,0.038026541822808575,0.047128367576087245,0.000999000999000999,79.68619884745677
HCMV,UL73,262,8,3,0.6539256231517391,0.038235525518626204,0.0065491682929133994,0.04913809951972476,0.0616995772300177,0.000999000999000999,94.01042546109667
HCMV,UL73,271,8,2,0.43023937624854736,0.025706960041531578,0.004604729319894189,0.034057428647242406,0.04170897748105011,0.000999000999000999,87.85150833063764
HCMV,UL73,280,8,2,0.27393435837593066,0.029387679483614718,0.005030610410408629,0.03771993829968519,0.051937238609209915,0.000999000999000999,48.61173077253895
HCMV,UL73,289,8,4,0.47870057570799646,0.04385209354330184,0.006391309566996381,0.055074941956851156,0.06437325256555851,0.000999000999000999,68.03746205788202
HCMV,UL73,298,8,2,0.424224777991862,0.027673190734400565,0.004879349185983927,0.03619218917229821,0.04690885102573078,0.000999000999000999,81.27140980124305
HCMV,UL73,307,8,3,0.6142272093316442,0.030050767557509923,0.006446622504258591,0.04119275976166522,0.054855122452597514,0.000999000999000999,90.61744213938874
HCMV,UL73,325,8,3,0.5333508006741637,0.03621044842659337,0.005992989344318296,0.04691985665174014,0.060183139446122025,0.000999000999000999,82.95365195649622
HCMV,UL73,334,8,4,0.7639536478956249,0.04200390050730847,0.006405566562496397,0.05329865717858753,0.06664023333280611,0.000999000999000999,112.70661858628098
HCMV,UL73,343,8,2,0.26350808237542367,0.02914148391339509,0.004964150221990965,0.03800528691896186,0.05751897960526657,0.000999000999000999,47.21182639151308
HCMV,UL73,352,8,2,0.3598254281399459,0.020553951572625444,0.006339089602774571,0.03154723984991538,0.04579003927333121,0.000999000999000999,53.52053651660388
HCMV,UL73,361,8,2,0.37260052209284394,0.028591174877846823,0.004806444089738386,0.0371074083303079,0.052185562452289495,0.000999000999000999,71.57252654814954
HCMV,UL73,370,8,2,0.4085599564554086,0.028723538015365598,0.004692127827665709,0.03753333898123266,0.04576141263127462,0.000999000999000999,80.95184794422111
HCMV,UL73,379,8,2,0.1642887231955575,0.028660732640276004,0.0045575178707207235,0.03651455845276983,0.044843257337878306,0.000999000999000999,29.759179097598004
HCMV,UL73,388,8,2,0.2754596064118786,0.020174312744111498,0.005810795182325045,0.030656401227353566,0.04251645363459241,0.000999000999000999,43.93293614001053
HCMV,UL73,397,8,1,0.03039906651266146,0.020455192135281783,0.0049324513598244715,0.02866534433396853,0.03674206859390193,0.022977022977022976,2.016010630814116
HCMV,UL73,406,8,3,0.2572329047889429,0.037794570514913195,0.006195957945112718,0.04832689204153025,0.058470361410778215,0.000999000999000999,35.4163692229576
HCMV,US28,1,6,2,0.6041123298161298,0.05674314901017713,0.011092424910857192,0.07565047946105452,0.10118383510061456,0.000999000999000999,49.346214664945926
HCMV,US28,10,6,2,0.19952035221145914,0.06290818852786775,0.012226078252820712,0.08349507783963826,0.11070611238219644,0.000999000999000999,11.173833575952552
HCMV,US28,19,6,2,0.36316754186343936,0.05446040701685601,0.011983746053819763,0.0759930788649893,0.09888085270687515,0.000999000999000999,25.760487034701843
HCMV,US28,37,6,2,0.41209061959890786,0.04233514730395044,0.013397962973287181,0.06666351932654621,0.08895274513408619,0.000999000999000999,27.597887308106074
HCMV,US28,46,6,4,0.765935435306642,0.08436015033314691,0.013824224293261229,0.10812079393858944,0.14723629844129435,0.000999000999000999,49.30296778429271
HCMV,US28,55,6,5,0.9442027414101124,0.09809955246352339,0.01412048314752635,0.12279119669378198,0.14605002239185444,0.000999000999000999,59.92027185661921
HCMV,US28,64,6,4,0.7764103251230422,0.08592452866108229,0.013830018243762364,0.1091509103693361,0.14241158054307076,0.000999000999000999,49.926600550464485
HCMV,US28,73,6,3,0.6180579117425256,0.07257520034994888,0.013957375227565415,0.09689625511006449,0.119984367799477,0.000999000999000999,39.08204103557121
HCMV,US28,82,6,1,0.03995043450667339,0.03314065122381576,0.006890443366925113,0.04490168268015308,0.04490168268015308,0.33966033966033965,0.988293919596719
HCMV,US28,91,6,1,0.09038946789662344,0.04305639126931038,0.012586794848857935,0.06281254918047136,0.08458718185390053,0.000999000999000999,3.7605345281056866
HCMV,US28,100,6,4,0.8315604013550567,0.0827738943454539,0.013447405101280216,0.10764793569099357,0.13455829621798607,0.000999000999000999,55.68260206114539
HCMV,US28,109,6,1,0.046468348573859744,0.04079317181943885,0.008866682118036047,0.05627593789215635,0.07638738523700445,0.2817182817182817,0.6400564133089652
HCMV,US28,127,6,3,0.6969243519088956,0.07562510611249616,0.013081335559558161,0.09858466487657484,0.12350113126596056,0.000999000999000999,47.49509275774473
HCMV,US28,136,6,1,0.05342050785062853,0.042169995416644526,0.009064624167943609,0.05881373505206192,0.07877757886186665,0.15284715284715283,1.2411449416480644
HCMV,US28,145,6,2,0.342362516717675,0.06011827574251663,0.011956173924286365,0.07950351072395156,0.09918549150637171,0.000999000999000999,23.606568686813812
HCMV,US28,154,6,1,0.07933853752350217,0.04418326252622208,0.011454410298857196,0.06367027511726792,0.0815170499742536,0.004995004995004995,3.069147523097503
HCMV,US28,163,6,2,0.3393591475373027,0.06163097478400034,0.012211068841410473,0.08255452279091136,0.09971183529352842,0.000999000999000999,22.743969128358675
HCMV,US28,172,6,1,0.041417007103201876,0.03821590903654024,0.008553317577632585,0.05324025945955988,0.06372257014257351,0.38161838161838163,0.3742522170616801
HCMV,US28,181,6,1,0.039233954140737486,0.03805426036318431,0.008760463462312322,0.05232569101626596,0.06372257014257351,0.4955044955044955,0.13466111497733446
HCMV,US28,190,6,1,0.10993200547945219,0.042763482528239256,0.013146368889460846,0.06388438328851828,0.08772278637949081,0.000999000999000999,5.109283294572728
HCMV,US28,199,6,1,0.04246904486254252,0.038088677785344104,0.008309154354512821,0.05232569101626596,0.06372257014257351,0.23876123876123875,0.527173631672804
HCMV,US28,217,6,2,0.3352613238836625,0.06189685096999173,0.012481021740045036,0.08387339209983341,0.10995319247625418,0.000999000999000999,21.90241140567746
HCMV,US28,226,6,1,0.09028783546397802,0.043157061758179766,0.009315471290078113,0.060973513240786086,0.07556977533003348,0.000999000999000999,5.059408401161317
HCMV,US28,235,6,2,0.12091321614563323,0.05539869308786846,0.011525694021527345,0.07416500688703673,0.09458088291337341,0.000999000999000999,5.684215018670347
HCMV,US28,244,6,1,0.040984467216155146,0.0422421622337058,0.008876470435914238,0.059460907096912756,0.07298877025628335,0.45354645354645357,-0.14168863926612227
HCMV,US28,280,6,1,0.03609926460461458,0.038057959695811924,0.008761756668938227,0.05324025945955988,0.06372257014257351,0.7732267732267732,-0.22355050079640076
HCMV,US28,289,6,2,0.20127777732688965,0.05818282001356801,0.012244673393492821,0.07902983676965313,0.10651494651404741,0.000999000999000999,11.686302501899847
HCMV,US28,298,6,2,0.14570301589239457,0.05973201872589695,0.010778079589624132,0.07812717540700524,0.09736846666541349,0.000999000999000999,7.9764670924549845
HCMV,US28,316,6,1,0.050949478255429136,0.038379358125049515,0.008774658825545222,0.05328002356536876,0.06372257014257351,0.0959040959040959,1.4325480204181686
HCMV,US28,325,6,1,0.042830964307118434,0.033060725193431666,0.006868656258777878,0.04490168268015308,0.04490168268015308,0.22477522477522477,1.4224382099775017
HCMV,US28,334,6,1,0.0571647082296865,0.04397700490226961,0.00957754373236212,0.06258911110835824,0.082081746843288,0.11388611388611389,1.3769400272072043
HCMV,US28,361,6,3,0.25450197774862154,0.07625026854887833,0.012693567918790206,0.09787570744713343,0.12310348815108547,0.000999000999000999,14.042679752465684
HCMV,US28,370,6,1,0.08068668174011594,0.04405018226304134,0.01031936863823989,0.06285304902186316,0.07690513438757267,0.000999000999000999,3.550265598741461
HCMV,US28,379,6,1,0.027064245199612588,0.033365249578332,0.006917544642091389,0.04490168268015308,0.04490168268015308,1.0,-0.9108729621171513
HCMV,US28,406,6,1,0.0917743904867889,0.04330489499779138,0.0120147480385066,0.06192634122709832,0.0797917359303559,0.000999000999000999,4.034166620361533
HCMV,US28,415,6,1,0.03995043450667339,0.03314815721229034,0.006922866885508956,0.04490168268015308,0.04490168268015308,0.33266733266733267,0.9825809750324208
HCMV,US28,424,6,1,0.08849916795905428,0.04195388558494043,0.009251397743564342,0.05786895346158413,0.08053896332237599,0.000999000999000999,5.031162172925998
HCMV,US28,460,6,1,0.051190366859753235,0.04317775660767583,0.009659052576175152,0.06104877614308345,0.08089001813503063,0.21878121878121878,0.8295441182131222
HCMV,US28,469,6,1,0.056647390480558446,0.038037049609648474,0.008232861936928045,0.05101828889347092,0.06372257014257351,0.023976023976023976,2.2604947117398293
HCMV,US28,478,6,2,0.23520435913397478,0.06265345482068958,0.01325903057845607,0.08431585653543922,0.11977100353652158,0.000999000999000999,13.01384013652208
HCMV,US28,487,6,1,0.03810811881708066,0.0380954438742989,0.008272983131804926,0.05232569101626596,0.06372257014257351,0.7062937062937062,0.001532088556187018
HCMV,US28,496,6,1,0.043814687621972555,0.03310825335615208,0.006808872494094906,0.04490168268015308,0.04490168268015308,0.13486513486513488,1.57242396227948
HCMV,US28,505,6,1,0.06293275561795061,0.04265748556454413,0.01329704989894368,0.06422294061842215,0.08519759069259014,0.06893106893106893,1.5247946129026075
HCMV,US28,523,6,2,0.19285463628028507,0.05922181345320815,0.010443245354176492,0.07589151439625132,0.09800898776605907,0.000999000999000999,12.796101048572424
HCMV,US28,532,6,2,0.15914760899932745,0.04366790707866738,0.01417267553975712,0.06749321893840379,0.08671631308723436,0.000999000999000999,8.14805232764392
HCMV,US28,541,6,3,0.275935062725891,0.07618067803503827,0.012890030010719684,0.09805882701412673,0.11692001615966767,0.000999000999000999,15.496813003905485
HCMV,US28,559,6,1,0.03810811881708066,0.03791372264507513,0.008784042596505224,0.05232569101626596,0.06372257014257351,0.6853146853146853,0.02213060443068386
HCMV,US28,568,6,1,0.06298286623256112,0.04166537499870856,0.013171338921135077,0.06314096332859788,0.08448755155689931,0.052947052947052944,1.61847564332628
HCMV,US28,577,6,1,0.14079679447537635,0.03977631161141717,0.01325285383711661,0.06190029221158594,0.08779869344718255,0.000999000999000999,7.622545612103268
HCMV,US28,586,6,1,0.034896046741174386,0.04205563740161925,0.008887901506998431,0.05881373505206192,0.0770848666290849,0.7692307692307693,-0.8055434294368953
HCMV,US28,595,6,1,0.09290753806854689,0.04368515424245061,0.009750797450886858,0.06167365898721792,0.0829685030801182,0.000999000999000999,5.04803674509918
HCMV,US28,604,6,2,0.23683675646478797,0.056088931461893,0.012405328660386534,0.07770461624281033,0.09565124010258308,0.000999000999000999,14.570176248539884
HCMV,US28,613,6,2,0.19843167982885365,0.061126659284672945,0.012126568605670292,0.08237262119468947,0.11426149460654017,0.000999000999000999,11.322660598314506
HCMV,US28,622,6,1,0.05342050785062853,0.04199509747339391,0.009069637924737717,0.0588376670769628,0.07761455237939717,0.13286713286713286,1.2597427231434966
HCMV,US28,640,6,1,0.11800024835367229,0.04128710616780391,0.013277335540273967,0.0634715780006284,0.08454508798406193,0.000999000999000999,5.777751262907789
HCMV,US28,649,6,2,0.20175806588081452,0.04216779318268625,0.014188698282057197,0.06615244761891109,0.08691638741791595,0.000999000999000999,11.24770359659727
HCMV,US28,658,6,1,0.03263298704894125,0.042128036512827025,0.009110131129134256,0.0588376670769628,0.07877757886186665,0.8941058941058941,-1.042251678850214
HCMV,US28,667,6,2,0.13676369273550068,0.06302524590400745,0.01334549890297407,0.0858729641673764,0.1037913282392004,0.000999000999000999,5.525342092311025
HCMV,US28,676,6,1,0.04490168268015308,0.03274923312511588,0.006710847213947018,0.04490168268015308,0.04490168268015308,0.058941058941058944,1.8108666711679875
HCMV,US28,694,6,1,0.09361241153927109,0.04337399777489105,0.01124331879685308,0.061603996947032606,0.0903074361988794,0.000999000999000999,4.4682904284846385
HCMV,US28,703,6,2,0.15611156656459368,0.0609343258057143,0.01396327980749839,0.08541137001233148,0.11632641978009128,0.000999000999000999,6.816252490175587
HCMV,US28,712,6,1,0.05342050785062853,0.04202409300781871,0.009152790973317221,0.0588376670769628,0.08053896332237599,0.15584415584415584,1.2451300238400889
HCMV,US28,721,6,1,0.05797636392232493,0.04049284926659054,0.008873447127559515,0.05627593789215635,0.07638738523700445,0.03396603396603397,1.9703182319567076
HCMV,US28,730,6,2,0.2141725618636016,0.05395893926623164,0.01147918802897505,0.07362497797653461,0.10334906764726738,0.000999000999000999,13.956877628711085
HCMV,US28,739,6,1,0.030926559358075253,0.04073986721034599,0.009161794742660545,0.05647824374671159,0.07832083656338658,0.929070929070929,-1.0711119521785963
HCMV,US28,748,6,2,0.14798561950073394,0.06370695562748127,0.011417534920179067,0.08393952411848185,0.10909858098740476,0.000999000999000999,7.38151137372925
HCMV,US28,757,6,2,0.21621989364490649,0.061271567418135206,0.012339610895627837,0.08253458361663735,0.11070929779909224,0.000999000999000999,12.556986402356697
HCMV,US28,784,6,1,0.02474254275831802,0.03755417119525015,0.008393535095992938,0.050949478255429136,0.06372257014257351,1.0,-1.5263686027891135
HCMV,US28,793,6,3,0.27732767422433274,0.07586344514966901,0.013575290117652732,0.09926814801830962,0.1253618479672593,0.000999000999000999,14.840510024363175
HCMV,US28,802,6,3,0.320525098919912,0.07428413989616434,0.012912334236594854,0.0974073571183614,0.1196728101477966,0.000999000999000999,19.070212597647604
HCMV,US28,811,6,3,0.37164038181066106,0.061128506214439826,0.014074353581666461,0.08590404475895567,0.1288710002920848,0.000999000999000999,22.062247746901875
HCMV,US28,820,6,2,0.16240484312766104,0.06119060754903724,0.012620025671266412,0.08373234691213814,0.10291668448410922,0.000999000999000999,8.020129135638042
HCMV,US28,829,6,2,0.20234062923218712,0.06045206401939791,0.012192566522260652,0.0807120375732244,0.11315962217104701,0.000999000999000999,11.63730088769541
HCMV,US28,847,6,1,0.04741100959576809,0.04374681113870274,0.009579943682732297,0.061851993409554794,0.08459591118845985,0.3226773226773227,0.38248642981795533
HCMV,US28,856,6,1,0.08129291584945167,0.04434419647664825,0.01058495077897372,0.06212860085249474,0.07929970691217864,0.000999000999000999,3.4906840989945387
HCMV,US28,865,6,1,0.09404377415180216,0.043198146204309194,0.012958613018322643,0.06422804959208775,0.0806356778007398,0.000999000999000999,3.9236936758278476
HCMV,US28,883,6,1,0.06230588041300544,0.04220469315008771,0.009355212904030229,0.058575799651377006,0.0864612204014994,0.01998001998001998,2.1486616573160124
HCMV,US28,892,6,1,0.10189943027634772,0.044280020937919704,0.011574467691668491,0.06412435490597171,0.09499332055545481,0.000999000999000999,4.978147667205767
HCMV,US28,901,6,1,0.14298573365496753,0.04168252501859814,0.013362190470100987,0.0641509684816157,0.08741234682230588,0.000999000999000999,7.581332481604998
HCMV,US28,910,6,3,0.3745712008404349,0.06345876301776904,0.013504640713424273,0.08602633297637276,0.107757763633794,0.000999000999000999,23.037446491516423
HCMV,US28,928,6,1,0.1128385584113175,0.04196335368675975,0.012719619237693516,0.06255157267664707,0.09134522510882608,0.000999000999000999,5.5721168535080885
HCMV,US28,937,6,2,0.16282829338866936,0.05690808360001969,0.01145132692636126,0.07591640694181742,0.10214172899019655,0.000999000999000999,9.249601419100044
HCMV,US28,946,6,1,0.07388994915297196,0.04275772814567152,0.012888107012452448,0.06338052026273132,0.09109410175399588,0.01098901098901099,2.415577475980033
HCMV,US28,955,6,1,0.0402953307702627,0.037651940168996575,0.008668996449394744,0.05232569101626596,0.06372257014257351,0.4145854145854146,0.30492463766676015
HCMV,US28,982,6,3,0.38954536850546556,0.07663763023201627,0.013439638522748957,0.09937111348407289,0.13534612157882295,0.000999000999000999,23.282451960578985
HCMV,US28,991,6,2,0.2987885256250762,0.06012611682859764,0.012170523788814978,0.08073785879830435,0.11469483864951073,0.000999000999000999,19.6098715994307
HCMV,US28,1000,6,1,0.042435959805356985,0.03810895315498427,0.008439661259005748,0.05232569101626596,0.06372257014257351,0.2997002997002997,0.5126990903521722
HCMV,US28,1009,6,2,0.19311890241143548,0.06099321411319137,0.0119855141959643,0.082762591905687,0.1157675079720143,0.000999000999000999,11.023781386261492
HCMV,US28,1018,6,2,0.19007487901670003,0.060337600341779506,0.013597049073146579,0.08356460461529938,0.10748383965164386,0.000999000999000999,9.5415761153017
HCMV,US28,1027,6,3,0.23438724007366502,0.07779889231714739,0.011251267857887336,0.09645626313994432,0.12515765280299743,0.000999000999000999,13.917395775689977
HCMV,US28,1036,6,2,0.20725546463448474,0.04172863304533728,0.014014996450342808,0.06795834183723795,0.09763812540448202,0.000999000999000999,11.810693793297299
HCMV,US28,1045,6,1,0.07638738523700445,0.04030295308229697,0.009074898941984445,0.05647824374671159,0.07638738523700445,0.001998001998001998,3.9762902469100934
HCMV,US28,1054,6,1,0.04246904486254252,0.038536556240324954,0.00879437674240616,0.05324025945955988,0.06372257014257351,0.26573426573426573,0.4471594448820065
