{
    "(1, 'ATGGAGTGG')": [
        0.191078623230114,
        0.2748091603053435,
        0.14909208899496224,
        0.6264678409518838
    ],
    "(10, 'AACACACTA')": [
        0.4933333333333333,
        0.5305343511450382,
        0.42412213740458016,
        0.84863532988073
    ],
    "(19, 'GTATTAGGT')": [
        0.728427791928664,
        0.7404580152671756,
        0.6826627898877986,
        0.9035304800125515
    ],
    "(28, 'CTTTTAGTT')": [
        0.6540049545829892,
        0.7213740458015268,
        0.6408463133742224,
        0.9079985019479064
    ],
    "(37, 'TTATCGGTA')": [
        0.32065640157408254,
        0.4446564885496183,
        0.30474920045380965,
        0.724298957959605
    ],
    "(46, 'GTGGCAGAG')": [
        0.9795640655553469,
        0.9809160305343512,
        0.9805602987690518,
        0.9916215361167066
    ],
    "(55, 'AGTTCTGGT')": [
        0.46687852828549997,
        0.549618320610687,
        0.41068422031237717,
        0.815448431345855
    ],
    "(64, 'AACAATTCA')": [
        0.6206406472341467,
        0.7232824427480916,
        0.6356027055536302,
        0.8761860351213194
    ],
    "(73, 'TCCACGTCA')": [
        0.3995395852888962,
        0.5286259541984732,
        0.4176378621688537,
        0.7231480052008756
    ],
    "(82, 'ACCTCTGCA')": [
        0.4806597730451195,
        0.6354961832061069,
        0.5192566748648251,
        0.8211029402589135
    ],
    "(91, 'ACTACATCA')": [
        0.8112818608106226,
        0.8797709923664122,
        0.8371672864666933,
        0.9489014386305062
    ],
    "(100, 'AAGTCTTCT')": [
        0.8211987043902516,
        0.8854961832061069,
        0.8437719531035491,
        0.9550104687475685
    ],
    "(109, 'GCTAGCGTA')": [
        0.9979376928998721,
        0.9980916030534351,
        0.9980884895368861,
        0.9991301843810042
    ],
    "(118, 'TCAACTACC')": [
        0.8079013797299741,
        0.8244274809160306,
        0.7671171969258266,
        0.9502289303449573
    ],
    "(127, 'AAACTAACA')": [
        0.823606013788545,
        0.8874045801526718,
        0.8487444182140743,
        0.9536415379566356
    ],
    "(136, 'ACAGTTGCA')": [
        0.8453086757187955,
        0.8473282442748091,
        0.8107331295386752,
        0.95416543938795
    ],
    "(145, 'ACAACTTCT')": [
        0.44162798962732236,
        0.6164122137404581,
        0.48402464525717614,
        0.7653464890508386
    ],
    "(154, 'GCAACAACT')": [
        0.8053757759873201,
        0.8263358778625954,
        0.77022646175997,
        0.9497561844785034
    ],
    "(163, 'ACGACGACT')": [
        0.9833604785669959,
        0.9866412213740458,
        0.9869269662915219,
        0.9922964848243099
    ],
    "(172, 'ACGACCTTA')": [
        0.8040488125074592,
        0.8263358778625954,
        0.7657587432321261,
        0.9467664427562821
    ],
    "(181, 'TCGACAACT')": [
        0.6400291363201246,
        0.6354961832061069,
        0.5411841690817619,
        0.8993563658212675
    ],
    "(190, 'AGCACTAAA')": [
        0.8234514661224631,
        0.9083969465648855,
        0.8737299704895231,
        0.9539710236701197
    ],
    "(199, 'CTCAGTTCT')": [
        0.823734832165418,
        0.9103053435114504,
        0.8765406867705005,
        0.9538356580876147
    ],
    "(208, 'ACCACCCAC')": [
        0.43074480206676363,
        0.5858778625954199,
        0.45647500110015776,
        0.7399071238097065
    ],
    "(217, 'GATCCTAAT')": [
        0.6498355850572599,
        0.7404580152671756,
        0.6651393012047132,
        0.9027305311290336
    ],
    "(226, 'GTGATGAGA')": [
        0.31656976418805194,
        0.44083969465648853,
        0.3029387754338313,
        0.7078474081464666
    ],
    "(235, 'CGACATGCG')": [
        0.6483402719798752,
        0.8034351145038168,
        0.7286541608926914,
        0.8943861432902913
    ],
    "(244, 'AACGATGAT')": [
        0.310705310746839,
        0.5324427480916031,
        0.38021806579469014,
        0.620617808110215
    ],
    "(253, 'TTTTACAAG')": [
        0.17011973771243158,
        0.35877862595419846,
        0.2124465552840241,
        0.5123141241433301
    ],
    "(262, 'GCGCATTGC')": [
        0.29795863333602995,
        0.5305343511450382,
        0.37079178479964386,
        0.599244964567543
    ],
    "(271, 'ACATCGCAT')": [
        0.19826181423139597,
        0.38549618320610685,
        0.26633384610919225,
        0.6377809349835107
    ],
    "(280, 'ATGTATGAG')": [
        0.21628737018946986,
        0.29770992366412213,
        0.21176255276015002,
        0.4592619791752707
    ],
    "(289, 'CTCTCACTG')": [
        0.2544197581554497,
        0.3931297709923664,
        0.2858353961030381,
        0.450150985587801
    ],
    "(298, 'TCCAGCTTT')": [
        0.1953021468327591,
        0.3606870229007634,
        0.24159057273152149,
        0.6299578828002791
    ],
    "(307, 'GCGGCCTGG')": [
        0.292370143210393,
        0.4770992366412214,
        0.35842596158633133,
        0.6843888282818978
    ],
    "(316, 'TGGACTATG')": [
        0.04655408489274304,
        0.1946564885496183,
        0.06343438285003537,
        0.2003060561336785
    ],
    "(325, 'CTTAATGCT')": [
        0.3329033900462472,
        0.44083969465648853,
        0.32359996100454114,
        0.6921688276979948
    ],
    "(334, 'CTAATTCTC')": [
        0.45734367806240567,
        0.6030534351145038,
        0.48459035061243494,
        0.7970535257454713
    ],
    "(343, 'ATGGGAGCT')": [
        0.06968034525638213,
        0.20419847328244276,
        0.08131471253854904,
        0.21389821783115487
    ],
    "(352, 'TTTTGTATT')": [
        0.18854314974397401,
        0.3568702290076336,
        0.2425893016320643,
        0.4904999483863009
    ],
    "(361, 'GTACTACGA')": [
        0.17370850393870027,
        0.3568702290076336,
        0.21647083094299185,
        0.5310122950527368
    ],
    "(370, 'CATTGCTGC')": [
        0.16866259474955125,
        0.3606870229007634,
        0.2110502100047404,
        0.5008534157565145
    ],
    "(379, 'TTCCAGAAC')": [
        0.04624542124542125,
        0.19274809160305342,
        0.06301379917792133,
        0.1989779836775383
    ],
    "(388, 'TTTACTGCA')": [
        0.1568253968253968,
        0.3148854961832061,
        0.1958269720101781,
        0.4725761334896181
    ],
    "(397, 'ACCACCACC')": [
        0.05679194342897077,
        0.1984732824427481,
        0.07614723166241456,
        0.20182819755395706
    ],
    "(406, 'AAAGGCTAT')": [
        0.23702001726637376,
        0.2480916030534351,
        0.20459055614932703,
        0.6261828920065932
    ]
}