{
    "(1, 'ATGTACTCA')": [
        0.0029684549796443987,
        0.03265044814340589,
        0.0032307128459638144,
        0.048180004943359965
    ],
    "(10, 'TTCGTTTCG')": [
        0.003932208001506954,
        0.03329065300896287,
        0.004279611781409617,
        0.05806083051142983
    ],
    "(19, 'GAAGAGACA')": [
        0.007082954156985582,
        0.06402048655569782,
        0.00770872091349263,
        0.10203843234767113
    ],
    "(28, 'GGTACGTTA')": [
        0.029801900061866428,
        0.07426376440460948,
        0.032434846418164485,
        0.3503416597231078
    ],
    "(37, 'ATAGTTAAT')": [
        0.0018245511604145382,
        0.03201024327784891,
        0.0019857471016035307,
        0.04558045896661983
    ],
    "(46, 'AGCGTACTT')": [
        0.010522432903736749,
        0.034891165172855315,
        0.011452071662197486,
        0.14386172833003913
    ],
    "(55, 'CTTTTTCTT')": [
        0.031004225936686412,
        0.06370038412291934,
        0.033743395705740656,
        0.7278590861712445
    ],
    "(64, 'GCTTTCGTG')": [
        0.0029684549796443987,
        0.03265044814340589,
        0.0032307128459638144,
        0.048180004943359965
    ],
    "(73, 'GTATTCTTG')": [
        0.001827385194525154,
        0.03201024327784891,
        0.001988831517729041,
        0.0456512580641138
    ],
    "(82, 'CTAGTTACA')": [
        0.001826250525047026,
        0.03201024327784891,
        0.001987596602163857,
        0.04562291204855086
    ],
    "(91, 'CTAGCCATC')": [
        0.0029684549796443987,
        0.03265044814340589,
        0.0032307128459638144,
        0.048180004943359965
    ],
    "(100, 'CTTACTGCG')": [
        0.0018245511604145382,
        0.03201024327784891,
        0.0019857471016035307,
        0.04558045896661983
    ],
    "(109, 'CTTCGATTG')": [
        0.0018245511604145382,
        0.03201024327784891,
        0.0019857471016035307,
        0.04558045896661983
    ],
    "(118, 'TGTGCGTAC')": [
        0.0018251172637841983,
        0.03201024327784891,
        0.0019863632192273603,
        0.04559460121265353
    ],
    "(127, 'TGCTGCAAT')": [
        0.0018245511604145382,
        0.03201024327784891,
        0.0019857471016035307,
        0.04558045896661983
    ],
    "(136, 'ATTGTTAAC')": [
        0.0018245511604145382,
        0.03201024327784891,
        0.0019857471016035307,
        0.04558045896661983
    ],
    "(145, 'GTGAGTCTT')": [
        0.001826250525047026,
        0.03201024327784891,
        0.001987596602163857,
        0.04562291204855086
    ],
    "(154, 'GTAAAACCT')": [
        0.001826250525047026,
        0.03201024327784891,
        0.001987596602163857,
        0.04562291204855086
    ],
    "(163, 'TCTTTTTAC')": [
        0.0018245511604145382,
        0.03201024327784891,
        0.0019857471016035307,
        0.04558045896661983
    ],
    "(172, 'GTTTACTCT')": [
        0.005537901675914892,
        0.03297055057618438,
        0.0060271657164246584,
        0.06150292603535132
    ],
    "(181, 'CGTGTTAAA')": [
        0.00236187971363013,
        0.0323303457106274,
        0.002570547703694764,
        0.0463256760721784
    ],
    "(190, 'AATCTGAAT')": [
        0.001826817683595177,
        0.03201024327784891,
        0.0019882138681893737,
        0.04563708065477712
    ],
    "(199, 'TCTTCTAGA')": [
        0.004552401391734139,
        0.03361075544174136,
        0.004954598185626145,
        0.07241267790967737
    ],
    "(208, 'GTTCCTGAT')": [
        0.03172251375686771,
        0.06434058898847632,
        0.0345251430132363,
        0.7315686439029309
    ],
    "(217, 'CTTCTGGTC')": [
        0.001826817683595177,
        0.03201024327784891,
        0.0019882138681893737,
        0.04563708065477712
    ]
}