{
    "(1, 'ATGGCAGAT')": [
        0.08659519770418161,
        0.1386043533930858,
        0.09424573373694542,
        0.7365903240032075
    ],
    "(10, 'TCCAACGGT')": [
        0.0029280264974948407,
        0.03265044814340589,
        0.003186712577299122,
        0.04805094967707595
    ],
    "(19, 'ACTATTACC')": [
        0.0029684549796443987,
        0.03265044814340589,
        0.0032307128459638144,
        0.048180004943359965
    ],
    "(28, 'GTTGAAGAG')": [
        0.001826817683595177,
        0.03201024327784891,
        0.0019882138681893737,
        0.04563708065477712
    ],
    "(37, 'CTTAAAAAG')": [
        0.0018256837185525979,
        0.03201024327784891,
        0.001986979719295401,
        0.04560875223723846
    ],
    "(46, 'CTCCTTGAA')": [
        0.002388745364480887,
        0.0323303457106274,
        0.00259978688835948,
        0.046306937826842295
    ],
    "(55, 'CAATGGAAC')": [
        0.009925142502559199,
        0.06370038412291934,
        0.010802011686524093,
        0.10691298804386706
    ],
    "(64, 'CTAGTAATA')": [
        0.005127036942794455,
        0.03393085787451985,
        0.005580001794334555,
        0.08605181194653357
    ],
    "(73, 'GGTTTCCTA')": [
        0.001826817683595177,
        0.03201024327784891,
        0.0019882138681893737,
        0.04563708065477712
    ],
    "(82, 'TTCCTTACA')": [
        0.03674146842676346,
        0.07202304737516005,
        0.03809599927717824,
        0.45481466120063213
    ],
    "(91, 'TGGATTTGT')": [
        0.0045772843314695515,
        0.03361075544174136,
        0.004981679490075696,
        0.07300775166019556
    ],
    "(100, 'CTTCTACAA')": [
        0.001826250525047026,
        0.03201024327784891,
        0.001987596602163857,
        0.04562291204855086
    ],
    "(109, 'TTTGCCTAT')": [
        0.0018245511604145382,
        0.03201024327784891,
        0.0019857471016035307,
        0.04558045896661983
    ],
    "(118, 'GCCAACAGG')": [
        0.012904723864289477,
        0.03873239436619718,
        0.014044833911198535,
        0.23946435437748814
    ],
    "(127, 'AATAGGTTT')": [
        0.0018245511604145382,
        0.03201024327784891,
        0.0019857471016035307,
        0.04558045896661983
    ],
    "(136, 'TTGTATATA')": [
        0.0018245511604145382,
        0.03201024327784891,
        0.0019857471016035307,
        0.04558045896661983
    ],
    "(145, 'ATTAAGTTA')": [
        0.0018245511604145382,
        0.03201024327784891,
        0.0019857471016035307,
        0.04558045896661983
    ],
    "(154, 'ATTTTCCTC')": [
        0.01762375110514211,
        0.06434058898847632,
        0.019180779051691157,
        0.23498017068705682
    ],
    "(163, 'TGGCTGTTA')": [
        0.005490904096061734,
        0.03297055057618438,
        0.005976015981629289,
        0.05253022556282863
    ],
    "(172, 'TGGCCAGTA')": [
        0.002958039403052191,
        0.03265044814340589,
        0.0032193770711835623,
        0.04814577171755243
    ],
    "(181, 'ACTTTAGCT')": [
        0.007107555185761214,
        0.06402048655569782,
        0.007735495400636405,
        0.10466362918295054
    ],
    "(190, 'TGTTTTGTG')": [
        0.0018245511604145382,
        0.03201024327784891,
        0.0019857471016035307,
        0.04558045896661983
    ],
    "(199, 'CTTGCTGCT')": [
        0.001827385194525154,
        0.03201024327784891,
        0.001988831517729041,
        0.0456512580641138
    ],
    "(208, 'GTTTACAGA')": [
        0.001826817683595177,
        0.03201024327784891,
        0.0019882138681893737,
        0.04563708065477712
    ],
    "(217, 'ATAAATTGG')": [
        0.0018245511604145382,
        0.03201024327784891,
        0.0019857471016035307,
        0.04558045896661983
    ],
    "(226, 'ATCACCGGT')": [
        0.001826250525047026,
        0.03201024327784891,
        0.001987596602163857,
        0.04562291204855086
    ],
    "(235, 'GGAATTGCT')": [
        0.003483456753309923,
        0.03265044814340589,
        0.003210287498860091,
        0.04830706766322959
    ],
    "(244, 'ATCGCAATG')": [
        0.05319796244932636,
        0.08898847631241998,
        0.04968925630962589,
        0.7705293486592313
    ],
    "(253, 'GCTTGTCTT')": [
        0.00297908625603818,
        0.03265044814340589,
        0.0032422833772502604,
        0.04821563335340248
    ],
    "(262, 'GTAGGCTTG')": [
        0.0018256837185525979,
        0.03201024327784891,
        0.001986979719295401,
        0.04560875223723846
    ],
    "(271, 'ATGTGGCTC')": [
        0.03290504500977129,
        0.0649807938540333,
        0.035812148858265815,
        0.7353607299612017
    ],
    "(280, 'AGCTACTTC')": [
        0.0018251172637841983,
        0.03201024327784891,
        0.0019863632192273603,
        0.04559460121265353
    ],
    "(289, 'ATTGCTTCT')": [
        0.0029563389832412117,
        0.0323303457106274,
        0.0026142564527543966,
        0.048105507619491415
    ],
    "(298, 'TTCAGACTG')": [
        0.001834795053392536,
        0.03201024327784891,
        0.0019968960248190216,
        0.045836369216588374
    ],
    "(307, 'TTTGCGCGT')": [
        0.023057143916059647,
        0.06434058898847632,
        0.02301353691248489,
        0.4141595351985942
    ],
    "(316, 'ACGCGTTCC')": [
        0.0029684549796443987,
        0.03265044814340589,
        0.0032307128459638144,
        0.048180004943359965
    ],
    "(325, 'ATGTGGTCA')": [
        0.0018245511604145382,
        0.03201024327784891,
        0.0019857471016035307,
        0.04558045896661983
    ],
    "(334, 'TTCAATCCA')": [
        0.02016967294083862,
        0.07426376440460948,
        0.021951628680810274,
        0.31608927679177606
    ],
    "(343, 'GAAACTAAC')": [
        0.004481930892045601,
        0.0323303457106274,
        0.0048779017391021254,
        0.0510130263919703
    ],
    "(352, 'ATTCTTCTC')": [
        0.0018290898448931811,
        0.03201024327784891,
        0.0019906867710105048,
        0.04569384319290495
    ],
    "(361, 'AACGTGCCA')": [
        0.0018245511604145382,
        0.03201024327784891,
        0.0019857471016035307,
        0.04558045896661983
    ],
    "(370, 'CTCCATGGC')": [
        0.030203435792198502,
        0.06081946222791293,
        0.032871857136195545,
        0.6296090142782192
    ],
    "(379, 'ACTATTCTG')": [
        0.001827385194525154,
        0.03201024327784891,
        0.001988831517729041,
        0.0456512580641138
    ],
    "(388, 'ACCAGACCG')": [
        0.004480506210610017,
        0.03361075544174136,
        0.004876351189524346,
        0.07069608920308713
    ],
    "(397, 'CTTCTAGAA')": [
        0.002393563917893973,
        0.0323303457106274,
        0.0026050311526374867,
        0.0463049765427241
    ],
    "(406, 'AGTGAACTC')": [
        0.001826250525047026,
        0.03201024327784891,
        0.001987596602163857,
        0.04562291204855086
    ],
    "(415, 'GTAATCGGA')": [
        0.001826250525047026,
        0.03201024327784891,
        0.001987596602163857,
        0.04562291204855086
    ],
    "(424, 'GCTGTGATC')": [
        0.001826817683595177,
        0.03201024327784891,
        0.0019882138681893737,
        0.04563708065477712
    ],
    "(433, 'CTTCGTGGA')": [
        0.002937830971594989,
        0.03265044814340589,
        0.003197383259738465,
        0.048081291221439726
    ],
    "(442, 'CATCTTCGT')": [
        0.007918843863970904,
        0.03585147247119078,
        0.00861846003121033,
        0.1540384784950349
    ],
    "(451, 'ATTGCTGGA')": [
        0.002938399188274555,
        0.03265044814340589,
        0.003198001677379478,
        0.048094773236326965
    ],
    "(460, 'CACCATCTA')": [
        0.002929163991289456,
        0.03265044814340589,
        0.0031879505667042735,
        0.04807796470193687
    ],