accession	subtype
A04321	B
A07867	B
AB098330	A1
AB098331	A1
AB098332	A1
AB098333	A1
AB220944	01_AE
AB220945	01_AE
AB220946	01_AE
AB220947	01_AE
AB220948	01_AE
AB221005	B
AB221125	B
AB221126	B
AB231893	G
AB231895	02_AG
AB231896	02_AG
AB231898	02_AG
AB253421	A1
AB253422	A1
AB253423	01_AE
AB253424	01_AE
AB253425	01_AE
AB253426	01_AE
AB253427	01_AE
AB253428	A1
AB253429	A1
AB253432	B
AB253635	01_AE
AB253636	01_AE
AB253637	01_AE
AB253638	01_AE
AB253639	01_AE
AB253640	01_AE
AB253641	01_AE
AB253642	01_AE
AB253643	01_AE
AB253644	01_AE
AB253645	01_AE
AB253646	01_AE
AB253647	01_AE
AB253648	01_AE
AB253649	01_AE
AB253650	01_AE
AB253651	01_AE
AB253652	01_AE
AB253653	01_AE
AB253654	01_AE
AB253655	01_AE
AB253656	01_AE
AB253657	01_AE
AB253658	01_AE
AB253659	01_AE
AB253660	01_AE
AB253661	01_AE
AB253662	01_AE
AB253663	01_AE
AB253664	01_AE
AB253665	01_AE
AB253666	01_AE
AB253667	01_AE
AB253668	01_AE
AB253669	01_AE
AB253670	01_AE
AB253671	01_AE
AB253672	01_AE
AB253673	01_AE
AB253674	01_AE
AB253675	01_AE
AB253676	01_AE
AB253677	01_AE
AB253678	01_AE
AB253679	01_AE
AB253680	01_AE
AB253681	01_AE
AB253682	01_AE
AB253683	01_AE
AB253684	01_AE
AB253685	01_AE
AB253686	01_AE
AB253687	01_AE
AB253688	01_AE
AB253689	01_AE
AB253690	01_AE
AB253691	01_AE
AB253692	01_AE
AB253693	01_AE
AB253694	01_AE
AB253695	01_AE
AB253696	01_AE
AB253697	01_AE
AB253698	01_AE
AB253699	01_AE
AB253700	01_AE
AB253701	01_AE
AB253702	01_AE
AB253703	01_AE
AB253704	01_AE
AB253705	01_AE
AB253706	01_AE
AB253707	01_AE
AB253708	01_AE
AB253709	01_AE
AB253710	01_AE
AB253711	01_AE
AB253712	01_AE
AB253713	01_AE
AB253714	01_AE
AB253715	01_AE
AB253716	01_AE
AB253717	01_AE
AB253718	01_AE
AB253719	01_AE
AB253720	01_AE
AB253721	01_AE
AB253722	01_AE
AB253723	01_AE
AB253724	01_AE
AB253725	01_AE
AB254141	C
AB254142	C
AB254143	C
AB254144	C
AB254145	C
AB254146	C
AB254147	C
AB254148	C
AB254149	C
AB254150	C
AB254151	C
AB254152	C
AB254153	C
AB254154	C
AB254155	C
AB254156	C
AB286855	02_AG
AB286856	02_AG
AB286857	02_AG
AB286858	02_AG
AB286859	02_AG
AB286860	02_AG
AB286862	02_AG
AB286863	02_AG
AB286864	02_AG
AB286955	B
AB286956	B
AB287003	G
AB287004	G
AB287363	B
AB287364	B
AB287365	B
AB287366	B
AB287367	B
AB287368	B
AB287369	B
AB287370	B
AB287371	B
AB287372	B
AB287376	A1
AB287377	A1
AB287378	A1
AB287379	A1
AB289587	B
AB289588	B
AB289589	B
AB289590	B
AB428551	B
AB428552	B
AB428553	B
AB428554	B
AB428555	B
AB428556	B
AB428557	B
AB428558	B
AB428559	B
AB428560	B
AB428561	B
AB428562	B
AB480692	B
AB480693	B
AB480694	B
AB480695	B
AB480696	B
AB480697	B
AB480698	B
AB485632	A1
AB485633	02_AG
AB485634	02_AG
AB485635	02_AG
AB485636	02_AG
AB485637	02_AG
AB485638	B
AB485639	B
AB485640	B
AB485641	B
AB485642	B
AB485643	C
AB485644	C
AB485645	C
AB485646	C
AB485647	C
AB485648	D
AB485649	D
AB485650	D
AB485651	D
AB485652	01_AE
AB485653	01_AE
AB485654	01_AE
AB485655	01_AE
AB485656	F1
AB485657	F1
AB485658	F1
AB485659	F1
AB485662	G
AB485663	G
AB485666	O
AB485667	O
AB485668	O
AB485669	O
AB564744	B
AB564745	B
AB564746	B
AB565478	B
AB565479	B
AB565495	B
AB565496	B
AB565497	B
AB565498	B
AB565499	B
AB565500	B
AB565501	B
AB565502	B
AB565503	01_AE
AB565504	01_AE
AB604946	B
AB604947	B
AB604948	B
AB604949	B
AB604950	B
AB604951	B
AB641836	B
AB641837	B
AB703616	01_AE
AB731663	B
AB731664	B
AB731665	B
AB731666	B
AB731667	B
AB731668	B
AB731669	B
AB731670	B
AB746342	08_BC
AB746343	08_BC
AB746344	08_BC
AB746345	08_BC
AB773884	08_BC
AB773885	08_BC
AF004394	B
AF033819	B
AF049494	B
AF049495	B
AF063223	02_AG
AF063224	02_AG
AF067154	C
AF067157	C
AF067158	C
AF067159	C
AF069669	A1
AF069671	A1
AF070521	B
AF077336	F1
AF107770	02_AG
AF107771	A1
AF146728	B
AF164485	01_AE
AF286224	C
AF286226	07_BC
AF286227	C
AF286229	08_BC
AF286231	C
AF286232	C
AF286233	C
AF286235	C
AF321523	C
AF377954	02_AG
AF377955	02_AG
AF411966	C
AF411967	C
AF413987	A6
AF423760	G
AF443074	C
AF443075	C
AF443076	C
AF443077	C
AF443078	C
AF443079	C
AF443080	C
AF443081	C
AF443082	C
AF443084	C
AF443085	C
AF443087	C
AF443088	C
AF443089	C
AF443092	C
AF443093	C
AF443094	C
AF443095	C
AF443097	C
AF443099	C
AF443101	C
AF443102	C
AF443103	C
AF443104	C
AF443107	C
AF443108	C
AF443110	C
AF443112	C
AF450098	G
AF457052	A1
AF457053	A1
AF457054	C
AF457055	A1
AF457063	A1
AF457065	A1
AF457066	A1
AF457067	A1
AF457068	A1
AF457069	A1
AF457070	A1
AF457075	A1
AF457080	A1
AF457081	A1
AF457084	A1
AF457086	A1
AF457089	A1
AF457090	D
AF503396	07_BC
AF538302	B
AF538303	B
AF538304	B
AF538306	B
AF538307	B
AJ006287	B
AJ249238	F1
AJ271445	B
AJ320484	D
AY008714	01_AE
AY008716	08_BC
AY037268	B
AY037269	B
AY037270	B
AY037282	B
AY043173	C
AY043174	C
AY043175	C
AY043176	C
AY049709	C
AY049710	C
AY049711	C
AY118165	C
AY118166	C
AY158533	C
AY158534	C
AY158535	C
AY162223	C
AY162224	C
AY169802	O
AY169803	O
AY169804	O
AY169805	O
AY169806	O
AY169807	O
AY169808	O
AY169809	O
AY169810	O
AY169811	O
AY169812	O
AY169813	O
AY169815	O
AY169816	O
AY173951	B
AY173952	B
AY173953	B
AY173954	B
AY173955	B
AY173957	F1
AY180905	B
AY228556	C
AY228557	C
AY253303	C
AY253304	C
AY253305	A1
AY253307	C
AY253308	C
AY253310	C
AY253312	C
AY253313	C
AY253314	A1
AY253317	C
AY253320	C
AY253321	C
AY253322	C
AY271690	02_AG
AY308760	B
AY308761	B
AY308762	B
AY314044	B
AY314045	B
AY314046	B
AY314047	B
AY314048	B
AY314049	B
AY314050	B
AY314051	B
AY314052	B
AY314053	B
AY314054	B
AY314055	B
AY314056	B
AY314057	B
AY314058	B
AY314059	B
AY314060	B
AY314061	B
AY314062	B
AY314063	B
AY322184	A1
AY322185	A1
AY322189	D
AY322190	A1
AY322193	A1
AY331282	B
AY331283	B
AY331284	B
AY331285	B
AY331286	B
AY331287	B
AY331288	B
AY331289	B
AY331290	B
AY331292	B
AY331293	B
AY331297	B
AY332236	B
AY332237	B
AY352275	B
AY358036	01_AE
AY358037	01_AE
AY358038	01_AE
AY358039	01_AE
AY358040	01_AE
AY358041	01_AE
AY358043	01_AE
AY358044	01_AE
AY358045	01_AE
AY358046	01_AE
AY358047	01_AE
AY358048	01_AE
AY358049	01_AE
AY358050	01_AE
AY358051	01_AE
AY358052	01_AE
AY358056	01_AE
AY358057	01_AE
AY358059	01_AE
AY358060	01_AE
AY358062	01_AE
AY358063	01_AE
AY358064	01_AE
AY358065	01_AE
AY358066	01_AE
AY358067	01_AE
AY358068	01_AE
AY371121	G
AY371122	02_AG
AY371123	02_AG
AY371124	02_AG
AY371125	02_AG
AY371127	02_AG
AY371128	02_AG
AY371129	02_AG
AY371130	02_AG
AY371131	02_AG
AY371132	02_AG
AY371134	02_AG
AY371137	02_AG
AY371138	02_AG
AY371139	02_AG
AY371140	02_AG
AY371141	02_AG
AY371142	02_AG
AY371146	02_AG
AY371155	D
AY371156	D
AY371157	D
AY423381	B
AY423382	B
AY423383	B
AY423384	B
AY423385	B
AY423386	B
AY423387	B
AY444800	C
AY444801	C
AY444803	01_AE
AY444804	01_AE
AY444805	01_AE
AY444806	01_AE
AY444809	02_AG
AY444811	02_AG
AY463217	C
AY463218	C
AY463219	C
AY463223	C
AY463226	C
AY463228	C
AY463230	C
AY463231	C
AY463232	C
AY463234	C
AY500393	A6
AY560107	B
AY560108	B
AY561236	B
AY561237	B
AY563170	C
AY585265	C
AY585267	C
AY586542	B
AY586543	B
AY586544	20_BG
AY586545	20_BG
AY586547	G
AY586548	G
AY586549	G
AY612637	G
AY618998	O
AY623602	O
AY682547	B
AY703908	C
AY703909	C
AY703911	C
AY713406	A1
AY713407	A1
AY713409	B
AY713410	B
AY713411	B
AY713412	B
AY713413	C
AY713414	C
AY713416	C
AY713417	C
AY713418	D
AY713419	01_AE
AY713420	01_AE
AY713421	01_AE
AY713422	01_AE
AY713424	01_AE
AY713425	01_AE
AY727522	C
AY727523	C
AY727524	C
AY727525	C
AY734550	C
AY734551	C
AY734556	C
AY734558	C
AY751406	B
AY751407	B
AY772535	G
AY772690	C
AY772691	C
AY772692	C
AY772693	C
AY772696	C
AY773338	D
AY773339	D
AY773340	D
AY773341	D
AY779550	B
AY779551	B
AY779552	B
AY779553	B
AY779554	B
AY779555	B
AY779557	B
AY779558	B
AY779559	B
AY779560	B
AY779561	B
AY779562	B
AY779563	B
AY779564	B
AY795903	D
AY795904	B
AY795905	B
AY795906	C
AY795907	D
AY805330	C
AY819715	B
AY829203	A6
AY829205	A6
AY829206	A6
AY829208	A6
AY829209	A6
AY829212	A6
AY835748	B
AY835749	B
AY835751	B
AY835752	B
AY835754	B
AY835755	B
AY835756	B
AY835757	B
AY835758	B
AY835759	B
AY835760	B
AY835761	B
AY835762	B
AY835763	B
AY835764	B
AY835765	B
AY835766	B
AY835767	B
AY835768	B
AY835769	B
AY835770	B
AY835771	B
AY835772	B
AY835773	B
AY835774	B
AY835775	B
AY835776	B
AY835777	B
AY835778	B
AY835779	B
AY835780	B
AY835781	B
AY838566	C
AY838568	C
AY839827	B
AY878059	C
AY878060	C
AY878061	C
AY878070	C
AY878071	C
AY878072	C
AY901965	C
AY901966	C
AY901967	C
AY901969	C
AY901970	C
AY901971	C
AY901973	C
AY901974	C
AY901975	C
AY901977	C
AY901980	C
AY901981	C
AY945710	B
AY945711	B
AY945712	01_AE
AY945713	01_AE
AY945716	01_AE
AY945717	01_AE
AY945718	01_AE
AY945719	01_AE
AY945720	01_AE
AY945721	01_AE
AY945722	01_AE
AY945724	01_AE
AY945726	01_AE
AY945727	01_AE
AY945728	01_AE
AY945731	01_AE
AY945732	01_AE
AY945738	C
AY967806	C
AY970946	B
AY970947	B
AY970948	B
AY970949	B
AY970950	B
D86068	B
D86069	B
DQ007902	B
DQ007903	B
DQ011165	C
DQ011166	C
DQ011169	C
DQ011171	C
DQ011173	C
DQ011175	C
DQ011179	C
DQ011180	C
DQ020274	20_BG
DQ056404	C
DQ056405	C
DQ056406	C
DQ056408	C
DQ056410	C
DQ056412	C
DQ056414	C
DQ056415	C
DQ056416	C
DQ056417	C
DQ093587	C
DQ093588	C
DQ093589	C
DQ093591	C
DQ093592	C
DQ093593	C
DQ093595	C
DQ093596	C
DQ093604	C
DQ093605	C
DQ093607	C
DQ127534	B
DQ127535	B
DQ127536	B
DQ127537	B
DQ127538	B
DQ127539	B
DQ127548	B
DQ127549	B
DQ127550	B
DQ127551	B
DQ164106	C
DQ164107	C
DQ164110	C
DQ164112	C
DQ164114	C
DQ164115	C
DQ164116	C
DQ164117	C
DQ164122	C
DQ168573	G
DQ168575	G
DQ168576	G
DQ168577	02_AG
DQ168578	02_AG
DQ168579	G
DQ189088	F1
DQ207940	B
DQ207941	C
DQ207942	B
DQ207943	B
DQ207944	A6
DQ234790	01_AE
DQ275643	C
DQ275645	C
DQ275646	C
DQ275648	C
DQ275649	C
DQ275652	C
DQ275654	C
DQ275655	C
DQ275656	C
DQ275658	C
DQ275659	C
DQ275661	C
DQ275664	C
DQ295193	B
DQ295194	B
DQ295195	B
DQ295196	B
DQ314731	01_AE
DQ314732	01_AE
DQ351217	C
DQ351219	C
DQ351220	C
DQ351221	C
DQ351229	C
DQ351230	C
DQ351231	C
DQ351233	C
DQ351234	C
DQ351235	C
DQ351237	C
DQ354114	B
DQ354116	B
DQ354117	01_AE
DQ354118	B
DQ354119	B
DQ358805	B
DQ358808	B
DQ358809	B
DQ358810	B
DQ369976	C
DQ369977	C
DQ369980	C
DQ369981	C
DQ369983	C
DQ369985	C
DQ369986	C
DQ369987	C
DQ369990	C
DQ369992	C
DQ369994	C
DQ369997	C
DQ396364	C
DQ396367	C
DQ396369	C
DQ396370	C
DQ396372	C
DQ396375	C
DQ396376	C
DQ396380	C
DQ396381	C
DQ396384	C
DQ396385	C
DQ396386	C
DQ396387	C
DQ396390	C
DQ396391	C
DQ396392	C
DQ396393	C
DQ396394	C
DQ396395	C
DQ396396	C
DQ396399	C
DQ445634	C
DQ445635	C
DQ445637	C
DQ487188	B
DQ487189	B
DQ487190	B
DQ487191	B
DQ676870	B
DQ676871	B
DQ676872	A1
DQ676873	A1
DQ676874	B
DQ676875	B
DQ676876	B
DQ676877	B
DQ676878	B
DQ676879	B
DQ676880	B
DQ676881	B
DQ676882	B
DQ676883	B
DQ676884	B
DQ676885	B
DQ676886	B
DQ676887	B
DQ823357	A6
DQ823358	A6
DQ823359	A6
DQ823360	A6
DQ823361	A6
DQ823362	B
DQ823363	B
DQ823364	B
DQ823365	A6
DQ823366	A6
DQ823367	A6
DQ837381	B
DQ853440	B
DQ853442	B
DQ853444	B
DQ853445	B
DQ853446	B
DQ853447	B
DQ853453	B
DQ853454	B
DQ853459	B
DQ853460	B
DQ853461	B
DQ853462	B
DQ853464	B
DQ854714	B
DQ854715	B
DQ854716	B
DQ859178	01_AE
DQ859179	01_AE
DQ859180	01_AE
DQ886031	B
DQ886032	B
DQ886034	B
DQ886035	B
DQ886036	B
DQ886037	B
DQ979023	F1
DQ979024	F1
DQ979025	F1
DQ990880	B
EF036528	01_AE
EF036531	01_AE
EF036532	01_AE
EF036533	01_AE
EF036534	01_AE
EF057102	B
EF175209	B
EF175210	B
EF175211	B
EF175212	B
EF363122	B
EF363123	B
EF363124	B
EF363125	B
EF363126	B
EF363127	B
EF368372	07_BC
EF420986	07_BC
EF469243	C
EF514698	B
EF514699	B
EF514700	B
EF514702	B
EF514703	B
EF514704	B
EF514705	B
EF514706	B
EF514707	B
EF514708	B
EF514709	B
EF514710	B
EF514711	B
EF514712	B
EF514713	C
EF545108	A6
EF589039	A6
EF589040	A6
EF589042	A6
EF589043	A6
EF633445	D
EF637046	B
EF637047	B
EF637048	B
EF637049	B
EF637050	B
EF637051	B
EF637054	B
EF637056	B
EF637057	B
EF694033	C
EU110085	A1
EU110087	A1
EU110088	A1
EU110092	A1
EU110094	A1
EU110095	A1
EU110097	A1
EU293444	C
EU293445	C
EU293446	C
EU293447	C
EU293448	C
EU293449	C
EU293450	C
EU446022	F1
EU547186	B
EU616639	B
EU616640	B
EU616641	B
EU616642	B
EU616643	B
EU616644	B
EU616645	B
EU616649	B
EU786672	B
EU786674	B
EU786675	B
EU786676	B
EU786678	B
EU786680	B
EU786681	C
EU839596	B
EU839597	B
EU839600	B
EU839601	B
EU839603	B
EU839604	B
EU839605	B
EU839607	B
EU839608	B
EU839609	B
EU839610	B
EU861977	A6
EU884500	C
FJ185228	01_AE
FJ185229	01_AE
FJ185230	01_AE
FJ185231	01_AE
FJ185232	01_AE
FJ185233	01_AE
FJ185234	01_AE
FJ185235	01_AE
FJ185236	01_AE
FJ185237	01_AE
FJ185238	01_AE
FJ185239	01_AE
FJ185240	01_AE
FJ185241	01_AE
FJ185242	01_AE
FJ185243	01_AE
FJ185244	01_AE
FJ185246	01_AE
FJ185247	01_AE
FJ185248	01_AE
FJ185249	01_AE
FJ185250	01_AE
FJ185251	01_AE
FJ185252	01_AE
FJ185253	01_AE
FJ185254	01_AE
FJ185255	01_AE
FJ185256	01_AE
FJ185257	01_AE
FJ185258	01_AE
FJ185259	01_AE
FJ185260	01_AE
FJ195086	B
FJ195088	B
FJ195089	B
FJ195090	B
FJ388890	B
FJ388892	A6
FJ388893	A1
FJ388905	B
FJ388906	A6
FJ388914	B
FJ388915	B
FJ388916	B
FJ388919	B
FJ388920	B
FJ388924	B
FJ388925	A1
FJ388931	B
FJ388932	A1
FJ388934	B
FJ388936	B
FJ388942	A1
FJ388945	D
FJ388952	C
FJ388959	B
FJ388960	B
FJ388964	B
FJ389363	G
FJ389364	G
FJ389365	G
FJ389366	G
FJ389367	G
FJ441290	01_AE
FJ460499	B
FJ460500	B
FJ460501	B
FJ469682	B
FJ469683	B
FJ469684	B
FJ469685	B
FJ469686	B
FJ469687	B
FJ469688	B
FJ469689	B
FJ469690	B
FJ469691	B
FJ469692	B
FJ469693	B
FJ469694	B
FJ469695	B
FJ469696	B
FJ469697	B
FJ469698	B
FJ469699	B
FJ469701	B
FJ469702	B
FJ469703	B
FJ469704	B
FJ469705	B
FJ469706	B
FJ469707	B
FJ469708	B
FJ469709	B
FJ469710	B
FJ469711	B
FJ469713	B
FJ469716	B
FJ469718	B
FJ469719	B
FJ469720	B
FJ469721	B
FJ469722	B
FJ469723	B
FJ469724	B
FJ469725	B
FJ469726	B
FJ469727	B
FJ469728	B
FJ469729	B
FJ469730	B
FJ469731	B
FJ469732	B
FJ469733	B
FJ469734	B
FJ469735	B
FJ469737	B
FJ469738	B
FJ469739	B
FJ469740	B
FJ469741	B
FJ469742	B
FJ469743	B
FJ469744	B
FJ469745	B
FJ469746	B
FJ469747	B
FJ469748	B
FJ469749	B
FJ469750	B
FJ469752	B
FJ469753	B
FJ469754	B
FJ469755	B
FJ469756	B
FJ469757	B
FJ469758	B
FJ469759	B
FJ469760	B
FJ469761	B
FJ469762	B
FJ469763	B
FJ469764	B
FJ469765	B
FJ469766	B
FJ469767	B
FJ469768	B
FJ469769	B
FJ469770	B
FJ469771	B
FJ469772	B
FJ495818	B
FJ495821	B
FJ495822	B
FJ495823	B
FJ495824	B
FJ495825	B
FJ496000	B
FJ496001	B
FJ496002	B
FJ496004	B
FJ496005	B
FJ496006	B
FJ496076	B
FJ496077	B
FJ496081	B
FJ496083	B
FJ496084	B
FJ496085	B
FJ496147	B
FJ496149	B
FJ496150	B
FJ496151	B
FJ496152	B
FJ496155	B
FJ496157	B
FJ496161	B
FJ496164	B
FJ496167	B
FJ496168	B
FJ496171	B
FJ496175	B
FJ496176	B
FJ496179	B
FJ496180	B
FJ496182	B
FJ496186	C
FJ496188	C
FJ496189	C
FJ496190	C
FJ496191	C
FJ496193	C
FJ496194	C
FJ496195	C
FJ496200	C
FJ496201	C
FJ496202	C
FJ496203	C
FJ623475	A1
FJ623476	A1
FJ623477	A1
FJ623478	A1
FJ623479	A1
FJ623480	A1
FJ623481	A1
FJ623482	A1
FJ623483	A1
FJ623484	A1
FJ623485	A1
FJ623486	A1
FJ623487	A1
FJ647145	B
FJ670516	F1
FJ670519	A1
FJ670520	G
FJ670521	C
FJ670523	A1
FJ670525	B
FJ670530	G
FJ670531	B
FJ694790	B
FJ771006	F1
FJ771008	F1
FJ771009	F1
FJ771010	F1
FJ853620	B
FJ853622	B
FJ864679	A6
FJ900266	F1
FJ900267	F1
GQ372988	B
GQ372990	B
GQ386774	B
GQ386775	B
GQ386776	B
GQ386777	B
GQ386778	B
GQ386779	B
GQ386780	B
GQ386781	B
GQ386782	B
GQ386783	B
GQ386784	B
GQ386785	B
GQ386786	B
GQ386787	B
GQ386788	B
GQ386789	B
GQ386790	B
GQ386791	B
GQ386792	B
GQ386793	B
GQ386794	B
GQ386795	B
GQ477441	01_AE
GQ845124	01_AE
GQ845125	01_AE
GQ845126	01_AE
GQ999972	C
GQ999973	C
GQ999975	C
GQ999976	C
GQ999977	C
GQ999978	C
GQ999979	C
GQ999980	C
GQ999983	C
GQ999985	C
GQ999986	C
GQ999988	C
GQ999989	C
GQ999991	C
GU177863	B
GU201495	02_AG
GU201499	02_AG
GU201511	02_AG
GU201512	02_AG
GU201513	02_AG
GU362881	B
GU362882	G
GU362883	B
GU362885	B
GU362886	B
GU564221	01_AE
GU564222	01_AE
GU564223	01_AE
GU564224	01_AE
GU564225	01_AE
GU564227	01_AE
GU564228	01_AE
GU564229	01_AE
GU564230	01_AE
GU647196	B
GU647197	B
GU647198	B
GU733713	B
GU733714	B
GU733715	B
GU733716	B
HM469972	B
HM469973	B
HM469974	B
HM469975	B
HM469976	B
HM469977	B
HM469978	B
HM469979	B
HM469980	B
HM469981	B
HM469982	B
HM469983	B
HQ215552	07_BC
HQ215553	01_AE
HQ215554	B
HQ215555	01_AE
HQ215556	B
JF320003	B
JF320005	B
JF320006	B
JF320008	B
JF320009	B
JF320010	B
JF320012	B
JF320014	B
JF320016	B
JF320017	B
JF320018	B
JF320019	B
JF320020	B
JF320021	B
JF320022	B
JF320023	B
JF320024	B
JF320025	B
JF320027	B
JF320028	B
JF320029	B
JF320030	B
JF320031	B
JF320032	B
JF320036	B
JF320038	B
JF320039	B
JF320040	B
JF320041	B
JF320042	B
JF320043	B
JF320044	B
JF320045	B
JF320046	B
JF320047	B
JF320048	B
JF320049	B
JF320050	B
JF320051	B
JF320052	B
JF320053	B
JF320055	B
JF320056	B
JF320058	B
JF320059	B
JF320060	B
JF320061	B
JF320062	B
JF320064	B
JF320065	B
JF320066	B
JF320068	B
JF320069	B
JF320070	B
JF320071	B
JF320081	B
JF320082	B
JF320097	B
JF320098	B
JF320120	B
JF320121	B
JF320122	B
JF320123	B
JF320124	B
JF320125	B
JF320127	B
JF320128	B
JF320129	B
JF320144	B
JF320146	B
JF320148	B
JF320149	B
JF320150	B
JF320151	B
JF320156	B
JF320157	B
JF320158	B
JF320160	B
JF320161	B
JF320162	B
JF320163	B
JF320164	B
JF320166	B
JF320179	B
JF320182	B
JF320186	B
JF320187	B
JF320188	B
JF320189	B
JF320190	B
JF320191	B
JF320193	B
JF320194	B
JF320195	B
JF320196	B
JF320197	B
JF320198	B
JF320200	B
JF320201	B
JF320202	B
JF320204	B
JF320205	B
JF320206	B
JF320207	B
JF320208	B
JF320209	B
JF320211	B
JF320212	B
JF320213	B
JF320214	B
JF320215	B
JF320216	B
JF320217	B
JF320218	B
JF320219	B
JF320220	B
JF320221	B
JF320222	B
JF320223	B
JF320225	B
JF320227	B
JF320241	B
JF320242	B
JF320243	B
JF320244	B
JF320245	B
JF320247	B
JF320250	B
JF320251	B
JF320253	B
JF320255	B
JF320256	B
JF320257	B
JF320263	B
JF320267	B
JF320268	B
JF320269	B
JF320271	B
JF320297	02_AG
JF320356	B
JF320364	B
JF320365	B
JF320366	B
JF320374	B
JF320411	B
JF320412	B
JF320413	B
JF320414	B
JF320416	B
JF320417	B
JF320418	B
JF320419	B
JF320420	B
JF320423	B
JF320424	B
JF320425	B
JF320426	B
JF320427	B
JF320428	B
JF320429	B
JF320430	B
JF320431	B
JF320460	B
JF320461	B
JF320462	B
JF320463	B
JF320464	B
JF320465	B
JF320466	B
JF320467	B
JF320468	B
JF320469	B
JF320470	B
JF320478	B
JF320482	B
JF320483	B
JF320484	B
JF320485	B
JF320486	B
JF320487	B
JF320488	B
JF320489	B
JF320490	B
JF320491	B
JF320492	B
JF320515	B
JF320516	B
JF320518	B
JF320519	B
JF320526	B
JF320529	B
JF320530	B
JF320531	B
JF320532	B
JF320533	B
JF320534	B
JF320535	B
JF320536	B
JF320561	B
JF320562	B
JF320563	B
JF320564	B
JF320565	B
JF320566	B
JF320567	B
JF320568	B
JF320577	B
JF320613	B
JF320615	B
JF320616	B
JF320617	B
JF320619	B
JF320620	B
JF320621	B
JF320622	B
JF320624	B
JF320626	B
JF320627	B
JF320628	B
JF320629	B
JF683738	B
JF683740	C
JF683747	B
JF683750	B
JF683753	B
JF683754	B
JF683755	C
JF683759	A1
JF683760	A1
JF683761	A1
JF683763	A6
JF683764	B
JF683765	B
JF683767	A1
JF683769	B
JF683775	B
JF683776	C
JF683779	A1
JF683780	A6
JF683781	B
JF683782	A1
JF683783	A1
JF683784	B
JF683785	B
JF683787	B
JF683790	B
JF683791	B
JF683794	B
JF683796	B
JF683797	B
JF683798	A6
JF683801	B
JF683807	B
JF683808	B
JF689852	B
JF689856	B
JF689857	B
JF689859	B
JF689860	B
JF689862	B
JF689863	B
JF689864	B
JF689865	B
JF689866	B
JF689867	B
JF689871	B
JF689872	B
JF689873	B
JF689876	B
JF689877	B
JF689879	B
JF689883	B
JF689884	B
JF689885	B
JF689886	B
JF689887	B
JF689889	B
JF689890	B
JF689894	B
JF689895	B
JF689896	B
JF689897	B
JF719819	08_BC
JF932468	B
JF932469	B
JF932470	B
JF932471	B
JF932472	B
JF932473	B
JF932474	B
JF932475	B
JF932476	B
JF932477	B
JF932478	B
JF932479	B
JF932480	B
JF932481	B
JF932482	B
JF932483	B
JF932484	B
JF932485	B
JF932486	B
JF932487	B
JF932488	B
JF932489	B
JF932490	B
JF932491	B
JF932492	B
JF932493	B
JF932494	B
JF932495	B
JF932496	B
JF932497	B
JF932498	B
JF932499	B
JF932500	B
JN024100	B
JN024101	B
JN024103	B
JN024104	B
JN024105	B
JN024106	B
JN024107	B
JN024108	B
JN024111	B
JN024114	B
JN024115	B
JN024117	B
JN024119	B
JN024120	B
JN024122	B
JN024124	B
JN024125	B
JN024126	B
JN024127	B
JN024128	B
JN024131	B
JN024135	B
JN024136	B
JN024138	B
JN024140	B
JN024141	B
JN024143	B
JN024144	B
JN024148	B
JN024149	B
JN024150	B
JN024151	B
JN024152	B
JN024153	B
JN024154	B
JN024157	B
JN024158	B
JN024159	B
JN024160	B
JN024163	B
JN024164	B
JN024165	B
JN024169	B
JN024170	B
JN024171	B
JN024175	B
JN024177	B
JN024183	B
JN024185	B
JN024186	B
JN024187	B
JN024188	B
JN024189	B
JN024192	B
JN024195	B
JN024196	B
JN024198	B
JN024199	B
JN024201	B
JN024202	B
JN024204	B
JN024206	B
JN024208	B
JN024209	B
JN024210	B
JN024211	B
JN024212	B
JN024213	B
JN024214	B
JN024215	B
JN024217	B
JN024219	B
JN024221	B
JN024223	B
JN024224	B
JN024226	B
JN024227	B
JN024228	B
JN024229	B
JN024230	B
JN024231	B
JN024232	B
JN024233	B
JN024235	B
JN024236	B
JN024237	B
JN024238	B
JN024239	B
JN024241	B
JN024243	B
JN024244	B
JN024245	B
JN024251	B
JN024252	B
JN024253	B
JN024254	B
JN024256	B
JN024258	B
JN024259	B
JN024260	B
JN024261	B
JN024262	B
JN024264	B
JN024266	B
JN024268	B
JN024269	B
JN024270	B
JN024272	B
JN024273	B
JN024274	B
JN024277	B
JN024280	B
JN024281	B
JN024282	B
JN024284	B
JN024286	B
JN024287	B
JN024289	B
JN024290	B
JN024291	B
JN024293	B
JN024294	B
JN024296	B
JN024298	B
JN024299	B
JN024300	B
JN024301	B
JN024302	B
JN024307	B
JN024309	B
JN024310	B
JN024313	B
JN024317	B
JN024318	B
JN024319	B
JN024320	B
JN024322	B
JN024323	B
JN024324	B
JN024325	B
JN024327	B
JN024328	B
JN024331	B
JN024332	B
JN024333	B
JN024334	B
JN024335	B
JN024336	B
JN024340	B
JN024341	B
JN024344	B
JN024345	B
JN024346	B
JN024349	B
JN024350	B
JN024351	B
JN024352	B
JN024353	B
JN024354	B
JN024356	B
JN024357	B
JN024359	B
JN024360	B
JN024361	B
JN024362	B
JN024365	B
JN024366	B
JN024367	B
JN024369	B
JN024370	B
JN024372	B
JN024376	B
JN024377	B
JN024378	B
JN024380	B
JN024382	B
JN024383	B
JN024384	B
JN024385	B
JN024389	B
JN024390	B
JN024391	B
JN024392	B
JN024393	B
JN024394	B
JN024395	B
JN024396	B
JN024397	B
JN024398	B
JN024400	B
JN024403	B
JN024404	B
JN024406	B
JN024407	B
JN024408	B
JN024409	B
JN024411	B
JN024412	B
JN024413	B
JN024414	B
JN024415	B
JN024418	B
JN024420	B
JN024421	B
JN024423	B
JN024424	B
JN024425	B
JN024426	B
JN024428	B
JN024429	B
JN024430	B
JN024431	B
JN024434	B
JN024435	B
JN024437	B
JN024439	B
JN024442	B
JN024443	B
JN024444	B
JN024449	B
JN024453	B
JN024457	B
JN024459	B
JN024460	B
JN024462	B
JN024467	B
JN024468	B
JN024469	B
JN024470	B
JN024472	B
JN024474	B
JN024475	B
JN024476	B
JN024478	B
JN024479	B
JN024481	B
JN024482	B
JN024483	B
JN024484	B
JN024485	B
JN024487	B
JN024488	B
JN024489	B
JN024490	B
JN024491	B
JN024493	B
JN024494	B
JN024495	B
JN024496	B
JN024497	B
JN024500	B
JN024501	B
JN024502	B
JN024504	B
JN024505	B
JN024506	B
JN024507	B
JN024508	B
JN024510	B
JN024512	B
JN024513	B
JN024514	B
JN024516	B
JN024517	B
JN024518	B
JN024519	B
JN024520	B
JN024521	B
JN024523	B
JN024524	B
JN024525	B
JN024527	B
JN024528	B
JN024530	B
JN024532	B
JN024533	B
JN024537	B
JN024538	B
JN024539	B
JN024540	B
JN024541	B
JN024542	B
JN024544	B
JN024545	B
JN024546	B
JN024548	B
JN024549	B
JN024550	B
JN024551	B
JN024552	B
JN024553	B
JN024555	B
JN024556	B
JN024557	B
JN024558	B
JN024559	B
JN024560	B
JN024562	B
JN024563	B
JN024568	B
JN024569	B
JN024570	B
JN024571	B
JN024572	B
JN024573	B
JN106043	G
JN188292	C
JN230353	63_02A6
JN235958	B
JN235959	B
JN248318	01_AE
JN248321	B
JN248327	01_AE
JN248328	01_AE
JN248329	B
JN248330	01_AE
JN248333	B
JN248334	01_AE
JN248335	B
JN248336	01_AE
JN248337	B
JN248338	01_AE
JN248341	01_AE
JN248342	01_AE
JN248343	B
JN248344	B
JN248345	B
JN248348	B
JN248353	B
JN248355	01_AE
JN248356	01_AE
JN251901	B
JN251906	B
JN860761	01_AE
JN860763	01_AE
JN860767	01_AE
JN860768	01_AE
JN860769	B
JN944897	B
JN944898	B
JN944900	B
JN944901	B
JN944903	B
JN944905	B
JN944909	B
JN944911	B
JN944912	B
JN944913	B
JN944914	B
JN944915	B
JN944917	B
JN944920	B
JN944921	B
JN944922	B
JN944923	B
JN944924	B
JN944925	B
JN944926	B
JN944928	B
JN944930	B
JN944932	B
JN944933	B
JN944934	B
JN944936	B
JN944938	B
JN944939	B
JN944941	B
JN944942	B
JN944943	B
JN944944	B
JN944945	B
JN944946	B
JN944947	B
JN944948	B
JQ292891	A6
JQ292892	A6
JQ292893	A6
JQ292894	A6
JQ292895	A6
JQ292896	A6
JQ292897	A6
JQ292898	A6
JQ292899	A6
JQ292900	A6
JQ316126	B
JQ316127	B
JQ316128	B
JQ316129	B
JQ316130	B
JQ316131	B
JQ316132	B
JQ316133	B
JQ316134	B
JQ316136	02_AG
JQ316137	02_AG
JQ316138	02_AG
JQ341411	B
JQ403019	B
JQ403021	B
JQ403022	B
JQ403023	B
JQ403024	B
JQ403025	B
JQ403026	B
JQ403029	B
JQ403030	B
JQ403031	B
JQ403032	B
JQ403033	B
JQ403034	B
JQ403035	B
JQ403036	B
JQ403037	B
JQ403038	B
JQ403039	B
JQ403040	B
JQ403042	B
JQ403045	B
JQ403049	B
JQ403050	B
JQ403051	B
JQ403052	B
JQ403053	B
JQ403054	B
JQ403055	B
JQ403056	B
JQ403059	B
JQ403060	B
JQ403062	B
JQ403064	B
JQ403066	B
JQ403067	B
JQ403068	B
JQ403069	B
JQ403070	B
JQ403071	B
JQ403074	B
JQ403078	B
JQ403079	D
JQ403082	B
JQ403083	B
JQ403085	B
JQ403086	B
JQ403087	B
JQ403088	B
JQ403089	B
JQ403091	B
JQ403092	B
JQ403093	B
JQ403094	B
JQ403095	B
JQ403096	B
JQ403097	B
JQ403099	B
JQ403100	B
JQ403101	B
JQ403102	B
JQ403104	B
JQ403105	B
JQ416158	B
JQ416159	B
JQ416160	B
JQ416161	B
JQ416162	B
JQ423923	07_BC
JQ429433	B
JX112798	01_AE
JX112799	01_AE
JX112800	01_AE
JX112801	01_AE
JX112803	01_AE
JX112804	01_AE
JX112805	01_AE
JX112806	01_AE
JX112807	01_AE
JX112810	01_AE
JX112811	01_AE
JX112814	01_AE
JX112815	01_AE
JX112816	01_AE
JX112817	01_AE
JX112820	01_AE
JX112821	01_AE
JX112822	01_AE
JX112823	01_AE
JX112824	01_AE
JX112825	01_AE
JX112826	01_AE
JX112827	01_AE
JX112828	01_AE
JX112829	01_AE
JX112830	01_AE
JX112831	01_AE
JX112834	01_AE
JX112835	01_AE
JX112836	01_AE
JX112837	01_AE
JX112839	01_AE
JX112841	01_AE
JX112842	01_AE
JX112844	01_AE
JX112845	01_AE
JX112846	01_AE
JX112847	01_AE
JX112848	01_AE
JX112849	01_AE
JX112850	01_AE
JX112852	01_AE
JX112853	01_AE
JX112854	01_AE
JX112855	01_AE
JX112856	01_AE
JX112857	01_AE
JX112858	01_AE
JX112859	01_AE
JX112860	01_AE
JX112861	01_AE
JX112862	01_AE
JX112863	01_AE
JX112864	01_AE
JX112865	01_AE
JX112867	01_AE
JX112868	01_AE
JX112869	01_AE
JX112870	01_AE
JX140651	A1
JX140652	B
JX140653	B
JX140654	B
JX140656	B
JX140657	B
JX140658	B
JX140662	C
JX140663	C
JX140664	C
JX140665	C
JX140666	C
JX140668	C
JX140669	C
JX140670	D
JX236669	A1
JX236670	D
JX236671	A1
JX236672	D
JX236673	D
JX236676	A1
JX236677	A1
JX236678	A1
JX236679	D
JX245014	O
JX245015	O
JX392378	07_BC
JX392379	07_BC
JX392380	07_BC
JX392381	07_BC
JX392382	07_BC
JX392383	07_BC
JX392384	07_BC
JX446710	01_AE
JX446711	01_AE
JX446712	01_AE
JX446714	01_AE
JX446716	01_AE
JX446717	01_AE
JX446718	01_AE
JX446736	01_AE
JX446755	01_AE
JX446756	01_AE
JX446757	01_AE
JX446758	01_AE
JX446759	01_AE
JX446760	01_AE
JX446761	01_AE
JX446763	01_AE
JX446764	01_AE
JX446795	B
JX446796	B
JX446797	B
JX446798	B
JX446799	B
JX446800	B
JX446801	B
JX446806	B
JX446848	01_AE
JX446849	01_AE
JX446850	01_AE
JX446851	01_AE
JX446852	01_AE
JX446853	01_AE
JX446854	01_AE
JX446855	01_AE
JX446856	01_AE
JX446877	01_AE
JX446899	01_AE
JX446902	01_AE
JX446903	01_AE
JX446916	01_AE
JX446919	01_AE
JX446922	01_AE
JX446926	01_AE
JX446987	01_AE
JX446988	01_AE
JX446990	01_AE
JX446991	01_AE
JX446992	01_AE
JX446993	01_AE
JX446994	01_AE
JX446995	01_AE
JX446996	01_AE
JX447020	01_AE
JX447021	01_AE
JX447022	01_AE
JX447024	01_AE
JX447025	01_AE
JX447027	01_AE
JX447028	01_AE
JX447029	01_AE
JX447030	01_AE
JX447031	01_AE
JX447054	01_AE
JX447055	01_AE
JX447056	01_AE
JX447057	01_AE
JX447059	01_AE
JX447060	01_AE
JX447061	01_AE
JX447062	01_AE
JX447063	01_AE
JX447064	01_AE
JX447065	01_AE
JX447066	01_AE
JX447072	01_AE
JX447073	01_AE
JX447074	01_AE
JX447075	01_AE
JX447076	01_AE
JX447077	01_AE
JX447078	01_AE
JX447079	01_AE
JX447080	01_AE
JX447081	01_AE
JX447082	01_AE
JX447083	01_AE
JX447084	01_AE
JX447085	01_AE
JX447086	01_AE
JX447089	01_AE
JX447090	01_AE
JX447093	01_AE
JX447122	01_AE
JX447123	01_AE
JX447124	01_AE
JX447125	01_AE
JX447126	01_AE
JX447127	01_AE
JX447128	01_AE
JX447129	01_AE
JX447130	01_AE
JX447133	01_AE
JX447134	01_AE
JX447135	01_AE
JX447137	01_AE
JX447156	B
JX447157	B
JX447158	B
JX447159	B
JX447160	B
JX447162	B
JX447163	B
JX447164	B
JX447165	B
JX447268	01_AE
JX447283	01_AE
JX447284	01_AE
JX447300	01_AE
JX447301	01_AE
JX447303	01_AE
JX447304	01_AE
JX447305	01_AE
JX447306	01_AE
JX447307	01_AE
JX447309	01_AE
JX447313	01_AE
JX447314	01_AE
JX447315	01_AE
JX447316	01_AE
JX447317	01_AE
JX447351	01_AE
JX447352	01_AE
JX447353	01_AE
JX447354	01_AE
JX447356	01_AE
JX447357	01_AE
JX447358	01_AE
JX447359	01_AE
JX447360	01_AE
JX447361	01_AE
JX447362	01_AE
JX447363	01_AE
JX447366	01_AE
JX447368	01_AE
JX447403	01_AE
JX447406	01_AE
JX447407	01_AE
JX447408	01_AE
JX447409	01_AE
JX447410	01_AE
JX447411	01_AE
JX447413	01_AE
JX447414	01_AE
JX447416	01_AE
JX447454	01_AE
JX447455	01_AE
JX447456	01_AE
JX447458	01_AE
JX447459	01_AE
JX447460	01_AE
JX447461	01_AE
JX447463	01_AE
JX447465	01_AE
JX447466	01_AE
JX447467	01_AE
JX447468	01_AE
JX447470	01_AE
JX447471	01_AE
JX447472	01_AE
JX447499	01_AE
JX447500	01_AE
JX447501	01_AE
JX447502	01_AE
JX447503	01_AE
JX447504	01_AE
JX447505	01_AE
JX447506	01_AE
JX447507	01_AE
JX447508	01_AE
JX447535	01_AE
JX447538	01_AE
JX447539	01_AE
JX447540	01_AE
JX447541	01_AE
JX447542	01_AE
JX447543	01_AE
JX447544	01_AE
JX447590	01_AE
JX447591	01_AE
JX447593	01_AE
JX447594	01_AE
JX447595	01_AE
JX447618	01_AE
JX447619	01_AE
JX447620	01_AE
JX447638	01_AE
JX447640	01_AE
JX447642	01_AE
JX447643	01_AE
JX447644	01_AE
JX447645	01_AE
JX447678	01_AE
JX447679	01_AE
JX447681	01_AE
JX447682	01_AE
JX447683	01_AE
JX447684	01_AE
JX447685	01_AE
JX447686	01_AE
JX447687	01_AE
JX447709	01_AE
JX447710	01_AE
JX447711	01_AE
JX447712	01_AE
JX447713	01_AE
JX447714	01_AE
JX447715	01_AE
JX447716	01_AE
JX447718	01_AE
JX447719	01_AE
JX447720	01_AE
JX447721	01_AE
JX447722	01_AE
JX447723	01_AE
JX447724	01_AE
JX447725	01_AE
JX447726	01_AE
JX447727	01_AE
JX447729	01_AE
JX447730	01_AE
JX447732	01_AE
JX447733	01_AE
JX447734	01_AE
JX447735	01_AE
JX447884	01_AE
JX447885	01_AE
JX447886	01_AE
JX447887	01_AE
JX447888	01_AE
JX447890	01_AE
JX447936	01_AE
JX448019	01_AE
JX448020	01_AE
JX448021	01_AE
JX448023	01_AE
JX448024	01_AE
JX448026	01_AE
JX448027	01_AE
JX448030	01_AE
JX448031	01_AE
JX448057	01_AE
JX448058	01_AE
JX448059	01_AE
JX448060	01_AE
JX448063	01_AE
JX448064	01_AE
JX448065	01_AE
JX500694	A6
JX500695	A6
JX500696	A6
JX500698	63_02A6
JX500699	63_02A6
JX500700	63_02A6
JX500701	63_02A6
JX500702	63_02A6
JX500704	63_02A6
JX500705	63_02A6
JX500707	B
JX500708	B
JX500709	B
JX863919	B
JX863920	01_AE
JX863921	B
JX863922	B
JX863923	B
JX974235	B
JX974236	B
JX974237	B
JX974238	B
JX974239	B
JX974240	B
JX974242	B
JX974243	B
JX974244	C
JX974245	C
JX974246	C
JX976632	C
JX976634	C
JX976642	C
JX976646	C
JX976650	C
JX976651	C
JX976652	C
JX976659	C
JX976661	C
JX976662	C
JX976663	C
JX976664	C
JX976665	C
JX976666	C
JX976667	C
JX976668	C
JX976669	C
JX976670	C
JX976671	C
JX976672	C
JX976674	C
JX976675	C
JX976677	C
JX976678	C
JX976681	C
JX976684	C
JX976685	C
JX976686	C
JX976688	C
JX976691	C
JX976692	C
JX976693	C
JX976707	C
JX976708	C
JX976709	C
JX976710	C
JX976711	C
JX976712	C
JX976713	C
JX976715	C
JX976716	C
JX976718	C
JX976719	C
JX976720	C
JX976729	C
JX976730	C
KC113005	B
KC156114	C
KC156115	C
KC156116	C
KC156117	C
KC156118	C
KC156119	C
KC156120	C
KC156121	C
KC156122	C
KC156123	C
KC156124	C
KC156125	C
KC156126	C
KC156127	C
KC156128	C
KC156129	C
KC156130	C
KC156210	C
KC156211	C
KC156212	C
KC156213	C
KC156214	C
KC156215	C
KC156218	C
KC156219	C
KC156220	C
KC156221	C
KC473824	B
KC473825	B
KC473826	B
KC473827	B
KC473829	B
KC473830	B
KC473832	B
KC473833	B
KC473834	B
KC473835	B
KC473842	B
KC473843	B
KC492737	07_BC
KC492738	07_BC
KC503852	07_BC
KC503853	07_BC
KC503854	07_BC
KC503855	07_BC
KC596061	01_AE
KC596062	01_AE
KC596063	01_AE
KC596065	01_AE
KC596066	B
KC596069	B
KC596072	D
KC797171	B
KC797172	B
KC797173	B
KC797174	B
KC797177	B
KC797215	B
KC797216	B
KC797218	B
KC797221	B
KC797222	B
KC797223	B
KC797225	B
KC797227	B
KC797228	B
KC797229	B
KC870029	01_AE
KC870039	01_AE
KC870041	01_AE
KC898980	08_BC
KC898995	C
KC898996	C
KC899011	B
KC914396	08_BC
KF234628	07_BC
KF250369	08_BC
KF250382	08_BC
KF250403	C
KF250404	C
KF312642	08_BC
KF384798	B
KF384799	B
KF384800	B
KF384801	B
KF384802	B
KF384803	B
KF384804	B
KF384805	B
KF384806	B
KF384807	B
KF384808	B
KF384809	B
KF384810	B
KF384811	B
KF384812	B
KF384813	B
KF384814	B
KF526122	B
KF526123	B
KF526141	B
KF526145	B
KF526175	B
KF526176	B
KF526177	B
KF526178	B
KF526179	B
KF526181	B
KF526192	B
KF526201	B
KF526202	B
KF526203	B
KF526204	B
KF526209	C
KF526210	C
KF526212	C
KF526213	C
KF526214	C
KF526216	C
KF526218	C
KF526225	C
KF526227	C
KF526228	B
KF526236	B
KF526245	B
KF526261	B
KF526265	B
KF526270	B
KF526276	B
KF526279	B
KF526280	B
KF526287	B
KF526298	B
KF526312	B
KF526318	B
KF526323	B
KF527172	C
KF527173	C
KF561435	02_AG
KF561436	02_AG
KF561437	02_AG
KF561438	02_AG
KF561439	02_AG
KF561440	B
KF561442	B
KF561443	B
KF716466	C
KF716467	C
KF716472	A1
KF716474	A1
KF716475	A1
KF716476	D
KF716477	G
KF716478	A1
KF716479	D
KF716480	D
KF716486	A1
KF716488	02_AG
KF716491	A6
KF716494	B
KF716495	B
KF716496	B
KF716497	B
KF716498	B
KF716499	A1
KF716500	A1
KF716501	D
KF716502	D
KF716503	D
KF766537	C
KF766538	C
KF766539	C
KF766540	C
KF766541	C
KF766542	C
KF835493	08_BC
KF835494	07_BC
KF835495	08_BC
KF835496	08_BC
KF835497	08_BC
KF835499	01_AE
KF835500	08_BC
KF835501	08_BC
KF835502	01_AE
KF835503	01_AE
KF835504	01_AE
KF835505	01_AE
KF835506	08_BC
KF835507	08_BC
KF835508	08_BC
KF835509	08_BC
KF835510	07_BC
KF835511	07_BC
KF835512	08_BC
KF835513	01_AE
KF835515	C
KF835516	01_AE
KF835518	01_AE
KF835519	01_AE
KF835522	C
KF835523	01_AE
KF835527	01_AE
KF835528	01_AE
KF835529	08_BC
KF835530	08_BC
KF835531	08_BC
KF835532	07_BC
KF835533	01_AE
KF835534	08_BC
KF835535	08_BC
KF835536	01_AE
KF835538	01_AE
KF835541	08_BC
KF835542	01_AE
KF835543	01_AE
KF835545	08_BC
KF835547	08_BC
KF859739	02_AG
KF859742	O
KF859743	O
KF859744	O
KF859745	A1
KF990605	B
KF990606	B
KF990607	B
KF990608	B
KJ019215	B
KJ140245	B
KJ140247	B
KJ140248	B
KJ140250	B
KJ140252	B
KJ140253	B
KJ140254	B
KJ140255	B
KJ140256	B
KJ140257	B
KJ140258	B
KJ140259	B
KJ140260	B
KJ140261	B
KJ140262	B
KJ140264	B
KJ140265	B
KJ140267	B
KJ190253	A1
KJ190254	A1
KJ190256	A1
KJ190257	A1
KJ190258	A1
KJ190259	A1
KJ190260	A1
KJ190261	A1
KJ190262	A1
KJ190263	A1
KJ190264	A1
KJ190265	A1
KJ190266	A1
KJ190267	A1
KJ190268	A1
KJ190269	A1
KJ190270	A1
KJ190271	A1
KJ190273	A1
KJ190274	A1
KJ197200	63_02A6
KJ197201	63_02A6
KJ197202	63_02A6
KJ704789	B
KJ704790	B
KJ704791	B
KJ704792	B
KJ704793	B
KJ704794	B
KJ769147	B
KJ787683	D
KJ787684	D
KJ849767	B
KJ849780	B
KJ849782	F1
KJ849784	B
KJ849785	B
KJ849786	B
KJ849790	B
KJ849791	F1
KJ849796	B
KJ849799	B
KJ849801	B
KJ849803	B
KJ849804	B
KJ849805	B
KJ849807	B
KJ849808	B
KJ849811	B
KJ849812	B
KJ849814	B
KJ849815	B
KJ849817	B
KJ849818	B
KJ849820	B
KJ883137	F1
KJ883138	F1
KJ883139	F1
KJ883140	F1
KJ883141	F1
KJ883142	F1
KJ883143	F1
KJ883144	F1
KJ883145	F1
KJ883146	F1
KJ883148	F1
KJ883149	F1
KJ883150	F1
KJ883151	F1
KJ883152	F1
KJ925006	B
KJ948656	B
KJ948657	B
KJ948658	A1
KJ948660	B
KJ948662	G
KP109480	C
KP109481	C
KP109482	C
KP109483	C
KP109484	C
KP109485	C
KP109486	C
KP109487	C
KP109488	C
KP109489	C
KP109490	A1
KP109495	C
KP109496	C
KP109501	D
KP109502	G
KP109504	01_AE
KP109505	01_AE
KP109506	01_AE
KP109507	01_AE
KP109508	01_AE
KP109511	B
KP109512	B
KP109513	01_AE
KP109514	B
KP109515	B
KP109516	C
KP109517	C
KP109518	B
KP109520	C
KP109521	C
KP109522	C
KP109523	C
KP109524	C
KP109525	C
KP109526	C
KP109527	C
KP109528	A1
KP223729	A1
KP223730	A1
KP223731	A1
KP223732	A1
KP223733	A1
KP223735	A1
KP223736	A1
KP223737	A1
KP223738	A1
KP223741	A1
KP223742	A1
KP223743	A1
KP223744	A1
KP223745	A1
KP223746	A1
KP223747	A1
KP223748	A1
KP223749	A1
KP223750	A1
KP223751	A1
KP223752	A1
KP223753	A1
KP223755	A1
KP223756	A1
KP223757	A1
KP223758	A1
KP223759	A1
KP223760	A1
KP223761	A1
KP223762	A1
KP223763	A1
KP223765	A1
KP223766	A1
KP223767	A1
KP223768	A1
KP223769	A1
KP223770	A1
KP223771	A1
KP223772	A1
KP223773	A1
KP223774	A1
KP223775	A1
KP223799	A1
KP223835	A1
KP223836	A1
KP223837	A1
KP223838	A1
KP223839	A1
KP223840	A1
KP223841	A1
KP223842	A1
KP223844	A1
KP223846	A1
KP223848	A1
KP223849	A1
KP223850	A1
KP223851	A1
KP223852	A1
KP223853	A1
KP223854	A1
KP411822	B
KP411823	B
KP411824	B
KP411825	B
KP411827	B
KP411828	B
KP411830	C
KP411832	C
KP411833	C
KP411834	C
KP411835	C
KP411837	C
KP411840	01_AE
KP411841	01_AE
KP411842	01_AE
KP411843	02_AG
KP411845	02_AG
KP718915	G
KP718918	A1
KP718923	G
KP718925	G
KP718928	A1
KP718930	01_AE
KP860667	01_AE
KP860668	01_AE
KP860669	01_AE
KP873161	01_AE
KP873162	01_AE
KP873163	01_AE
KP873164	01_AE
KR820294	C
KR820295	C
KR820296	C
KR820297	C
KR820298	C
KR820299	C
KR820302	C
KR820303	C
KR820304	C
KR820306	C
KR820307	C
KR820308	C
KR820309	C
KR820310	C
KR820311	C
KR820312	C
KR820314	C
KR820316	C
KR820317	C
KR820321	C
KR820323	C
KR820324	C
KR820325	C
KR820326	C
KR820327	C
KR820328	C
KR820330	C
KR820331	C
KR820332	C
KR820333	C
KR820334	C
KR820335	C
KR820336	C
KR820337	C
KR820338	C
KR820339	C
KR820340	C
KR820341	C
KR820342	C
KR820344	C
KR820345	C
KR820346	C
KR820347	C
KR820349	C
KR820350	C
KR820351	C
KR820353	C
KR820354	C
KR820355	C
KR820357	C
KR820358	C
KR820359	C
KR820361	C
KR820362	C
KR820363	C
KR820364	C
KR820365	C
KR820366	C
KR820367	C
KR820369	C
KR820370	C
KR820371	C
KR820372	C
KR820373	C
KR820374	C
KR820375	C
KR820376	C
KR820377	C
KR820378	C
KR820381	C
KR820382	C
KR820383	C
KR820384	C
KR820385	C
KR820386	C
KR820387	C
KR820389	C
KR820391	C
KR820392	C
KR820393	C
KR820394	C
KR820395	C
KR820396	C
KR820398	C
KR820399	C
KR820400	C
KR820401	C
KR820402	C
KR820403	C
KR820404	C
KR820405	C
KR820406	C
KR820407	C
KR820408	C
KR820409	C
KR820410	C
KR820411	C
KR820412	C
KR820413	C
KR820414	C
KR820415	C
KR820416	C
KR820417	C
KR820418	C
KR820419	C
KR820420	C
KR820421	C
KR820422	C
KR820423	C
KR820425	C
KR820426	C
KR820427	C
KR820428	C
KR820429	C
KR820430	C
KR820432	C
KR820433	C
KR820434	C
KR820435	C
KR820436	C
KR820437	C
KR820439	C
KR820440	C
KR820441	C
KR820442	C
KR820443	C
KR820444	C
KR820449	C
KR914676	B
KR914678	B
KT022360	A1
KT022361	A1
KT022362	C
KT022363	A1
KT022364	A1
KT022365	A1
KT022366	C
KT022367	A1
KT022368	A1
KT022369	A1
KT022370	A1
KT022371	C
KT022372	A1
KT022373	A1
KT022374	A1
KT022375	A1
KT022376	A1
KT022377	A1
KT022378	A1
KT022380	A1
KT022381	A1
KT022382	A1
KT022383	A1
KT022384	A1
KT124741	B
KT124742	B
KT124743	B
KT124744	B
KT124745	B
KT124747	B
KT124748	B
KT124749	B
KT124750	B
KT124751	B
KT124752	B
KT124753	B
KT124754	B
KT124755	B
KT124756	B
KT124757	B
KT124758	B
KT124759	B
KT124760	B
KT124761	B
KT124762	B
KT124763	B
KT124764	B
KT124765	B
KT124766	B
KT124767	B
KT124768	B
KT124769	B
KT124770	B
KT124771	B
KT124772	B
KT124773	B
KT124774	B
KT124775	B
KT124776	B
KT124778	B
KT124779	B
KT124780	B
KT124781	B
KT124782	B
KT124783	B
KT124784	B
KT124785	B
KT124786	C
KT124787	B
KT124788	B
KT124789	B
KT124790	B
KT124791	B
KT124792	02_AG
KT124793	B
KT124794	B
KT124796	B
KT124797	B
KT124798	B
KT124799	B
KT124800	B
KT124801	B
KT124802	B
KT124804	B
KT124805	B
KT124806	B
KT124807	B
KT124808	B
KT124809	B
KT124810	B
KT124811	B
KT124812	B
KT124813	B
KT124814	B
KT152839	A1
KT152840	A1
KT152841	A1
KT152843	A1
KT152844	A1
KT152845	A1
KT152846	A1
KT152847	A1
KT183053	C
KT183054	C
KT183055	C
KT183056	C
KT183057	C
KT183058	C
KT183059	C
KT183061	C
KT183062	C
KT183064	C
KT183065	C
KT183066	C
KT183068	C
KT183069	C
KT183070	C
KT183071	C
KT183078	C
KT183079	C
KT183080	C
KT183082	C
KT183085	C
KT183086	C
KT183088	C
KT183091	C
KT183092	C
KT183093	C
KT183094	C
KT183095	C
KT183096	C
KT183097	C
KT183098	C
KT183099	C
KT183100	C
KT183101	C
KT183102	C
KT183103	C
KT183105	C
KT183106	C
KT183107	C
KT183125	C
KT183126	C
KT183127	C
KT183128	C
KT183129	C
KT183130	C
KT183131	C
KT183132	C
KT183133	C
KT183134	C
KT183135	C
KT183136	C
KT183137	C
KT183138	C
KT183141	C
KT183142	C
KT183143	C
KT183144	C
KT183148	C
KT183150	C
KT183151	C
KT183152	C
KT183153	C
KT183155	C
KT183156	C
KT183157	C
KT183158	C
KT183159	C
KT183160	C
KT183161	C
KT183163	C
KT183164	C
KT183165	C
KT183168	C
KT183170	C
KT183172	C
KT183173	C
KT183176	C
KT183177	C
KT183179	C
KT183182	C
KT183184	C
KT183185	C
KT183186	C
KT183187	C
KT183188	C
KT183190	C
KT183191	C
KT183196	C
KT183198	C
KT183199	C
KT183200	C
KT183202	C
KT183203	C
KT183205	C
KT183206	C
KT183211	C
KT183214	C
KT183218	C
KT183219	C
KT183220	C
KT183221	C
KT183223	C
KT183224	C
KT183225	C
KT183226	C
KT183229	C
KT183230	C
KT183231	C
KT183234	C
KT183235	C
KT183236	C
KT183237	C
KT183238	C
KT183239	C
KT183240	C
KT183242	C
KT183244	C
KT183245	C
KT183246	C
KT183248	C
KT183250	C
KT183253	C
KT183255	C
KT183256	C
KT183257	C
KT183258	C
KT183259	C
KT183260	C
KT183262	C
KT183263	C
KT183270	C
KT183271	C
KT183272	C
KT183274	C
KT183275	C
KT183276	C
KT183278	C
KT183279	C
KT183280	C
KT183281	C
KT183282	C
KT183283	C
KT183284	C
KT183286	C
KT183287	C
KT183288	C
KT183289	C
KT183292	C
KT183295	C
KT183296	C
KT183297	C
KT183298	C
KT183299	C
KT183300	C
KT183301	C
KT183302	C
KT183303	C
KT183304	C
KT183305	C
KT183307	C
KT183308	C
KT183309	C
KT183310	C
KT183312	A1
KT183313	A1
KT183314	A1
KT183315	A1
KT183336	C
KT183340	C
KT183341	C
KT200348	B
KT200349	B
KT200350	B
KT200352	B
KT200353	B
KT200354	B
KT200355	B
KT200356	B
KT200357	B
KT259308	B
KT259309	B
KT259310	B
KT259311	B
KT259312	B
KT259313	B
KT259314	B
KT259315	B
KT259316	B
KT259317	B
KT259318	B
KT259319	B
KT276255	B
KT276256	B
KT276257	F1
KT276258	C
KT276260	F1
KT276261	G
KT276262	B
KT276263	B
KT276264	B
KT276266	B
KT276267	B
KT276268	B
KT276270	20_BG
KT284371	B
KT284372	B
KT284373	B
KT284374	B
KT284375	B
KT284376	B
KT284377	B
KT284378	B
KT983615	A6
KU168256	A1
KU168257	B
KU168258	B
KU168259	B
KU168260	B
KU168261	B
KU168262	C
KU168264	01_AE
KU168265	02_AG
KU168267	02_AG
KU168271	D
KU168272	D
KU168274	F1
KU168275	F1
KU168276	F1
KU168277	G
KU168278	G
KU168281	O
KU168282	O
KU168283	O
KU168284	O
KU168285	O
KU168286	O
KU168288	O
KU168289	O
KU168290	O
KU168291	O
KU168292	O
KU168293	O
KU168294	O
KU168295	O
KU168296	O
KU168297	O
KU168298	O
KU168300	G
KU168302	G
KU168304	02_AG
KU168305	A1
KU168308	C
KU168309	01_AE
KU168310	02_AG
KU319528	C
KU319530	C
KU319533	C
KU319534	C
KU319537	C
KU319538	C
KU319539	C
KU319540	C
KU319541	C
KU319542	C
KU319544	C
KU319545	C
KU319547	C
KU319548	C
KU319549	C
KU319550	C
KU341723	C
KU341724	C
KU341725	C
KU341726	C
KU341728	C
KU341730	C
KU341731	C
KU641402	B
KU685583	B
KU685584	B
KU685585	B
KU685586	B
KU685588	B
KU685589	B
KU685590	B
KU685591	B
KU685592	G
KU724103	B
KU724105	B
KU749387	B
KU749389	B
KU749390	B
KU749391	C
KU749392	C
KU749393	C
KU749394	D
KU749395	F1
KU749396	F1
KU749399	A6
KU749400	A6
KU749401	A6
KU749403	A6
KU749404	A6
KU749405	A6
KU749407	A6
KU749409	A1
KU749410	A1
KU749411	A1
KU749412	C
KU749415	C
KU749416	C
KU749417	C
KU749419	02_AG
KU749423	A1
KU749424	A1
KU749425	C
KU749426	C
KU869610	B
KU901976	B
KU901996	B
KU901997	B
KU901998	B
KU992928	85_BC
KU992929	85_BC
KU992930	85_BC
KU992931	85_BC
KU992932	85_BC
KU992934	85_BC
KU992935	85_BC
KU992936	85_BC
KU992937	85_BC
KX069219	C
KX069220	C
KX069221	C
KX069222	C
KX069223	C
KX069224	C
KX069225	C
KX069226	C
KX069227	C
KX069228	C
KX228799	C
KX228800	01_AE
KX228801	G
KX228802	B
KX228803	B
KX228805	B
KX228806	B
KX228807	B
KX228810	A1
KX228812	G
KX228814	02_AG
KX228815	A1
KX228818	C
KX228820	C
KX228821	C
KX228823	02_AG
KX228824	02_AG
KX228825	B
KX232594	A1
KX232595	A1
KX232600	A1
KX232602	C
KX232607	A1
KX232609	A1
KX232610	A1
KX232611	A1
KX232613	A1
KX232614	A1
KX232616	02_AG
KX232618	A1
KX232619	A1
KX232621	A1
KX232624	A1
KX232625	02_AG
KX232626	A1
KX389610	02_AG
KX389612	C
KX389614	02_AG
KX389617	02_AG
KX389618	G
KX389619	G
KX389620	G
KX389621	02_AG
KX389624	02_AG
KX389625	G
KX389626	G
KX389629	02_AG
KX389630	02_AG
KX389631	G
KX389635	G
KX389639	02_AG
KX389641	G
KX389642	G
KX389643	02_AG
KX389645	G
KX389646	G
KX389647	02_AG
KX389649	02_AG
KX907336	A1
KX907337	C
KX907338	C
KX907339	C
KX907345	C
KX907346	A1
KX907347	A1
KX907348	A1
KX907349	C
KX907352	A1
KX907356	C
KX907358	C
KX907363	C
KX907364	A1
KX907366	C
KX907368	C
KX907372	A1
KX907374	C
KX907375	C
KX907378	A1
KX907380	C
KX907382	C
KX907383	A1
KX907384	C
KX907385	C
KX907388	C
KX907389	A1
KX907391	C
KX907392	C
KX907393	C
KX907394	C
KX907395	C
KX907399	C
KX907400	C
KX907401	A1
KX907405	C
KX907406	D
KX907412	A1
KX907413	C
KX907414	A1
KX907415	C
KX907416	C
KX907420	C
KX907422	C
KX907423	A1
KX907424	C
KX907425	C
KX907426	C
KX907431	A1
KX907433	C
KY111987	C
KY111988	C
KY111989	C
KY111990	C
KY111991	C
KY111992	C
KY111993	C
KY111994	C
KY111995	C
KY111996	C
KY111997	C
KY111998	C
KY111999	C
KY112000	C
KY112001	C
KY112002	C
KY112003	C
KY112004	C
KY112005	C
KY112006	C
KY112007	C
KY112008	C
KY112009	C
KY112010	C
KY112011	C
KY112012	C
KY112013	C
KY112014	C
KY112056	B
KY112057	B
KY112058	B
KY112059	B
KY112060	B
KY112061	B
KY112062	B
KY112063	B
KY112064	B
KY112065	B
KY112066	B
KY112067	B
KY112068	B
KY112069	B
KY112070	B
KY112071	B
KY112072	B
KY112073	B
KY112074	B
KY112075	C
KY112076	C
KY112077	C
KY112078	C
KY112079	C
KY112080	C
KY112081	C
KY112082	C
KY112083	C
KY112084	C
KY112085	C
KY112086	C
KY112087	C
KY112088	C
KY112089	C
KY112090	C
KY112091	C
KY112092	C
KY112093	C
KY112127	B
KY112128	B
KY112129	B
KY112130	B
KY112131	B
KY112132	B
KY112133	B
KY112134	B
KY112135	B
KY112136	B
KY112137	B
KY112138	B
KY112139	B
KY112140	B
KY112141	B
KY112142	B
KY112143	B
KY112144	B
KY112146	B
KY112147	B
KY112148	B
KY112149	B
KY112150	B
KY112151	B
KY112152	B
KY112153	B
KY112154	B
KY112155	B
KY112156	B
KY112157	B
KY112158	B
KY112159	B
KY112190	B
KY112191	B
KY112192	B
KY112193	B
KY112194	B
KY112195	B
KY112196	B
KY112197	C
KY112198	C
KY112199	C
KY112200	C
KY112201	C
KY112202	C
KY112203	C
KY112204	C
KY112205	C
KY112206	C
KY112207	C
KY112208	C
KY112209	C
KY112210	C
KY112211	C
KY112212	C
KY112213	C
KY112214	C
KY112215	C
KY112216	C
KY112217	C
KY112251	C
KY112252	C
KY112253	C
KY112254	C
KY112255	C
KY112256	C
KY112257	C
KY112258	C
KY112261	C
KY112263	C
KY112264	C
KY112265	C
KY112267	C
KY112272	C
KY112274	C
KY112277	C
KY112282	C
KY112284	C
KY112285	C
KY112286	C
KY112288	C
KY112300	C
KY112302	C
KY112303	C
KY112304	C
KY112305	C
KY112312	C
KY112318	C
KY112360	C
KY112361	C
KY112362	C
KY112363	C
KY112364	C
KY112365	C
KY112366	C
KY112367	C
KY112368	C
KY112369	C
KY112370	C
KY112371	C
KY112372	C
KY112373	C
KY112374	C
KY112375	C
KY112376	C
KY112377	C
KY112378	C
KY112379	C
KY112380	C
KY112381	C
KY112382	C
KY112383	C
KY112384	C
KY112385	C
KY112386	C
KY112387	C
KY112388	C
KY112389	C
KY112429	B
KY112430	B
KY112431	B
KY112432	B
KY112433	B
KY112434	B
KY112435	B
KY112436	B
KY112437	B
KY112438	B
KY112439	B
KY112440	B
KY112441	B
KY112442	B
KY112443	B
KY112444	B
KY112445	B
KY112461	B
KY112462	B
KY112463	B
KY112464	B
KY112465	B
KY112466	B
KY112467	B
KY112468	B
KY112469	B
KY112470	B
KY112471	B
KY112472	B
KY112473	B
KY112474	B
KY112475	B
KY112476	B
KY112477	B
KY112478	B
KY112479	B
KY112480	B
KY112481	B
KY112482	B
KY112483	B
KY112484	B
KY112485	B
KY112486	B
KY112487	B
KY112488	B
KY112489	B
KY112490	B
KY112491	B
KY112492	B
KY112493	B
KY112522	B
KY112523	B
KY112524	B
KY112525	B
KY112526	B
KY112527	B
KY112528	B
KY112529	B
KY112530	B
KY112531	B
KY112532	B
KY112533	B
KY112534	B
KY112535	B
KY112536	B
KY112537	B
KY112577	C
KY112578	C
KY112579	C
KY112580	C
KY112581	C
KY112582	C
KY112583	C
KY112584	C
KY112585	O
KY238326	A6
KY238327	A6
KY364886	B
KY392769	D
KY465967	B
KY465968	B
KY465969	B
KY496622	A1
KY496624	C
KY514084	F1
KY514085	F1
KY580541	01_AE
KY580542	01_AE
KY580543	01_AE
KY580545	01_AE
KY580547	01_AE
KY580548	01_AE
KY580549	01_AE
KY580551	01_AE
KY580552	01_AE
KY580553	01_AE
KY580554	01_AE
KY580555	01_AE
KY580556	01_AE
KY580557	01_AE
KY580558	01_AE
KY580559	01_AE
KY580561	01_AE
KY580562	01_AE
KY580563	01_AE
KY580565	01_AE
KY580567	01_AE
KY580569	01_AE
KY580570	01_AE
KY580571	01_AE
KY580572	01_AE
KY580573	01_AE
KY580574	01_AE
KY580575	01_AE
KY580576	01_AE
KY580577	01_AE
KY580578	01_AE
KY580579	01_AE
KY580580	01_AE
KY580581	01_AE
KY580582	01_AE
KY580583	01_AE
KY580584	01_AE
KY580585	01_AE
KY580586	01_AE
KY580587	01_AE
KY580588	01_AE
KY580589	01_AE
KY580590	01_AE
KY580591	01_AE
KY580595	01_AE
KY580596	01_AE
KY580597	01_AE
KY580598	01_AE
KY580599	01_AE
KY580600	01_AE
KY580601	01_AE
KY580602	01_AE
KY580603	01_AE
KY580605	01_AE
KY580606	01_AE
KY580608	01_AE
KY580609	01_AE
KY580610	01_AE
KY580612	01_AE
KY580613	01_AE
KY580615	01_AE
KY580616	01_AE
KY580617	01_AE
KY580618	01_AE
KY580619	01_AE
KY580620	01_AE
KY580621	01_AE
KY580622	01_AE
KY580624	01_AE
KY580625	01_AE
KY580626	01_AE
KY580627	01_AE
KY580628	01_AE
KY580629	01_AE
KY580630	01_AE
KY580631	01_AE
KY580632	01_AE
KY580633	01_AE
KY580634	01_AE
KY580635	01_AE
KY580636	01_AE
KY580637	01_AE
KY580638	01_AE
KY580640	01_AE
KY580641	01_AE
KY580642	01_AE
KY580643	01_AE
KY580646	01_AE
KY580647	01_AE
KY580648	01_AE
KY580649	01_AE
KY580650	01_AE
KY580654	01_AE
KY580658	01_AE
KY580673	01_AE
KY580674	01_AE
KY580675	01_AE
KY580678	01_AE
KY580681	01_AE
KY580682	01_AE
KY580684	01_AE
KY580686	01_AE
KY580687	01_AE
KY580688	01_AE
KY580690	01_AE
KY580692	01_AE
KY580693	01_AE
KY580694	01_AE
KY580695	01_AE
KY580697	01_AE
KY580700	01_AE
KY580701	01_AE
KY580702	01_AE
KY580703	01_AE
KY580705	01_AE
KY580707	01_AE
KY580708	01_AE
KY580709	01_AE
KY580710	01_AE
KY580711	01_AE
KY580713	01_AE
KY658681	A6
KY658682	A6
KY658683	B
KY658684	B
KY658685	B
KY658686	B
KY658688	01_AE
KY658689	B
KY658690	B
KY658693	B
KY658694	A1
KY658695	A1
KY658696	A1
KY658697	B
KY658702	B
KY658703	B
KY658704	C
KY658705	C
KY658706	C
KY658707	C
KY658708	C
KY658709	C
KY658710	C
KY658711	C
KY658712	02_AG
KY658714	A1
KY658715	A1
KY658716	A1
KY713230	C
KY713235	C
KY766175	B
KY766210	B
KY778299	B
KY778305	B
KY778351	B
KY778473	B
KY778479	B
KY778482	B
KY778487	B
KY778496	B
KY778502	B
KY778510	B
KY778514	B
KY778516	B
KY778517	B
KY778529	B
KY778545	B
KY778548	B
KY778593	B
KY778611	B
KY778615	B
KY778616	B
KY953197	02_AG
KY953198	02_AG
KY953200	G
KY953201	G
KY953202	G
KY953205	O
KY989949	B
KY989950	02_AG
KY989951	B
KY989952	C
KY989953	B
KY989954	B
KY989955	F1
KY989956	B
KY989957	F1
L20571	O
L20587	O
L39106	02_AG
M15654	B
M38429	B
M38431	B
MF109359	B
MF109372	B
MF109376	B
MF109388	B
MF109395	B
MF109396	B
MF109400	B
MF109440	B
MF109446	B
MF109452	B
MF109454	B
MF109472	B
MF109475	B
MF109494	B
MF109506	B
MF109532	D
MF109540	B
MF109543	B
MF109620	B
MF109624	B
MF109627	B
MF109636	B
MF109664	B
MF109705	B
MF157735	B
MF157736	B
MF157740	02_AG
MF157741	B
MF157742	02_AG
MF157743	G
MF373124	A1
MF373125	B
MF373127	B
MF373128	C
MF373130	B
MF373131	C
MF373132	C
MF373133	C
MF373134	C
MF373135	C
MF373136	C
MF373137	C
MF373138	C
MF373139	C
MF373140	B
MF373142	B
MF373144	B
MF373146	C
MF373148	C
MF373149	B
MF373151	B
MF373154	C
MF373156	C
MF373157	C
MF373158	C
MF373159	C
MF373160	01_AE
MF373161	B
MF373162	B
MF373164	C
MF373165	C
MF373166	C
MF373167	A1
MF373168	A1
MF373169	C
MF373170	C
MF373171	C
MF373172	01_AE
MF373173	01_AE
MF373174	B
MF373176	C
MF373177	C
MF373178	C
MF373181	A1
MF373182	A1
MF373184	C
MF373186	B
MF373187	C
MF373192	C
MF373193	C
MF373197	C
MF373198	C
MF373199	C
MF373201	B
MF373202	C
MF373203	B
MF373204	B
MF614605	G
MF614606	G
MF614607	G
MG171201	B
MG171203	B
MG171204	B
MG171205	B
MG171206	B
MG196642	B
MG196643	B
MG196644	B
MG196645	B
MG196646	B
MG196653	B
MG196654	B
MG196655	B
MG196656	B
MG196657	B
MG196658	B
MG196659	B
MG196660	B
MG196661	B
MG196662	B
MG196664	B
MG196665	B
MG196667	B
MG196668	B
MG196669	B
MG196670	B
MG196671	B
MG196672	B
MG196689	B
MG196690	B
MG196691	B
MG196693	B
MG196694	B
MG196695	B
MG196696	B
MG196697	B
MG196699	B
MG196700	B
MG196701	B
MG196703	B
MG196704	B
MG196705	B
MG196706	B
MG196707	B
MG196708	B
MG196709	B
MG196711	B
MG196712	B
MG196713	B
MG196715	B
MG196716	B
MG196717	B
MG196718	B
MG196719	B
MG196720	B
MG196745	B
MG196746	B
MG196747	B
MG196748	B
MG196749	B
MG196751	B
MG196752	B
MG196753	B
MG196754	B
MG196765	B
MG196766	B
MG196768	B
MG196769	B
MG196770	B
MG196771	B
MG196772	B
MG196773	B
MG196774	B
MG196775	B
MG196776	B
MG196777	B
MG196779	B
MG196780	B
MG196781	B
MG196782	B
MG196783	B
MG196784	B
MG196785	B
MG196786	B
MG196787	B
MG196788	B
MG196789	B
MG196790	B
MG196791	B
MG196792	B
MG196793	B
MG196794	B
MG196795	B
MG196797	B
MG196816	B
MG196819	B
MG196820	B
MG196821	B
MG196822	B
MG196823	B
MG196824	B
MG196826	B
MG196827	B
MG196828	B
MG196830	B
MG196836	B
MG196837	B
MG196839	B
MG196841	B
MG196842	B
MG196845	B
MG196846	B
MG196848	B
MG196849	B
MG196850	B
MG196852	B
MG196853	B
MG196854	B
MG196855	B
MG196878	B
MG196881	B
MG196882	B
MG196883	B
MG196886	B
MG196887	B
MG196888	B
MG196912	B
MG196913	B
MG196914	B
MG196915	B
MG196916	B
MG196917	B
MG196918	B
MG196919	B
MG196920	B
MG196922	B
MG196923	B
MG196924	B
MG196942	B
MG196943	B
MG196945	B
MG196947	B
MG196948	B
MG196949	B
MG196950	B
MG196951	B
MG196952	B
MG196953	B
MG196954	B
MG196955	B
MG196956	B
MG196957	B
MG196958	B
MG196959	B
MG196960	B
MG196961	B
MG196962	B
MG196963	B
MG196964	B
MG196965	B
MG196967	B
MG196969	B
MG196970	B
MG196972	B
MG196973	B
MG196975	B
MG196977	B
MG196978	B
MG196980	B
MG196981	B
MG196982	B
MG197013	B
MG197014	B
MG197016	B
MG197017	B
MG197018	B
MG197019	B
MG197020	B
MG197021	B
MG197022	B
MG197023	B
MG197024	B
MG197025	B
MG197026	B
MG197027	B
MG197028	B
MG197029	B
MG197031	B
MG197032	B
MG197033	B
MG197034	B
MG197036	B
MG197037	B
MG197038	B
MG197039	B
MG197040	B
MG197041	B
MG197042	B
MG197043	B
MG197044	B
MG197045	B
MG197047	B
MG197049	B
MG197050	B
MG197051	B
MG197053	B
MG197054	B
MG197055	B
MG197056	B
MG197057	B
MG197058	B
MG197059	B
MG197060	B
MG197061	B
MG197062	B
MG197063	B
MG197064	B
MG197066	B
MG197067	B
MG197068	B
MG197069	B
MG197070	B
MG197071	B
MG197072	B
MG197074	B
MG197076	B
MG197078	B
MG197079	B
MG197080	B
MG197081	B
MG197082	B
MG197084	B
MG197086	B
MG197087	B
MG197088	B
MG197089	B
MG197090	B
MG197091	B
MG197092	B
MG197094	B
MG197115	B
MG197116	B
MG197117	B
MG197118	B
MG197120	B
MG197121	B
MG197122	B
MG197123	B
MG197125	B
MG197126	B
MG197127	B
MG197129	B
MG197131	B
MG197132	B
MG197133	B
MG197134	B
MG197136	B
MG197137	B
MG197138	B
MG197139	B
MG197140	B
MG197141	B
MG197143	B
MG197144	B
MG197145	B
MG197146	B
MG197147	B
MG197148	B
MG197149	B
MG197150	B
MG197151	B
MG197153	B
MG197154	B
MG197176	B
MG197178	B
MG197180	B
MG197181	B
MG197182	B
MG197184	B
MG197185	B
MG197186	B
MG197187	B
MG197188	B
MG197190	B
MG197191	B
MG197193	B
MG197194	B
MG197195	B
MG197196	B
MG197197	B
MG197198	B
MG197199	B
MG197200	B
MG197201	B
MG197203	B
MG197204	B
MG197205	B
MG197206	B
MG197207	B
MG197208	B
MG197210	B
MG197212	B
MG197213	B
MG197215	B
MG197216	B
MG197217	B
MG197218	B
MG197219	B
MG365763	F1
MG365764	F1
MG365767	F1
MG365768	F1
MG461319	B
MG461320	B
MG461321	B
MG461322	B
MG760371	01_AE
MG760372	01_AE
MG760373	01_AE
MG760374	01_AE
MG760375	01_AE
MG760376	01_AE
MG760377	01_AE
MG760378	01_AE
MG760381	01_AE
MG760382	01_AE
MG760383	01_AE
MG760387	01_AE
MG760388	01_AE
MG760389	01_AE
MG760391	01_AE
MG760393	01_AE
MG760395	01_AE
MG760396	01_AE
MG760397	01_AE
MG760398	01_AE
MG760400	01_AE
MG760401	01_AE
MG760402	01_AE
MG760404	01_AE
MG760405	01_AE
MG760406	01_AE
MG760408	01_AE
MG760409	01_AE
MG760410	01_AE
MG760412	01_AE
MG760413	01_AE
MG760414	01_AE
MG760415	01_AE
MG760416	01_AE
MG760417	01_AE
MG760419	01_AE
MG760420	01_AE
MG760421	01_AE
MG760422	01_AE
MG760423	01_AE
MG760424	01_AE
MG760425	01_AE
MG760426	01_AE
MG760428	01_AE
MG760429	01_AE
MG760430	01_AE
MG760431	01_AE
MG902950	A6
MG902951	A6
MG989492	01_AE
MG989495	01_AE
MG989497	01_AE
MG989498	01_AE
MG989499	01_AE
MG989500	01_AE
MG989501	01_AE
MG989502	01_AE
MG989503	01_AE
MG989504	01_AE
MG989506	B
MG989507	01_AE
MG989508	01_AE
MG989509	01_AE
MG989510	01_AE
MG989511	01_AE
MG989515	01_AE
MG989516	01_AE
MG989517	01_AE
MG989519	01_AE
MG989521	01_AE
MG989523	01_AE
MG989524	01_AE
MG989525	01_AE
MG989527	01_AE
MG989528	01_AE
MG989529	01_AE
MG989530	01_AE
MG989531	01_AE
MG989534	01_AE
MG989535	01_AE
MG989537	01_AE
MG989539	01_AE
MG989541	B
MG989542	01_AE
MG989543	01_AE
MG989544	01_AE
MG989546	01_AE
MG989551	B
MG989553	01_AE
MG989554	01_AE
MG989558	01_AE
MG989559	01_AE
MG989561	01_AE
MG989562	01_AE
MG989563	01_AE
MG989564	01_AE
MG989565	01_AE
MG989566	01_AE
MG989567	C
MG989568	01_AE
MG989569	01_AE
MH060263	B
MH060485	B
MH060614	B
MH060615	B
MH060681	B
MH060746	B
MH060814	B
MH060817	B
MH060818	B
MH060820	B
MH060822	B
MH060823	B
MH060990	B
MH078530	B
MH078531	B
MH078532	B
MH078533	B
MH078536	02_AG
MH078539	02_AG
MH078540	C
MH078541	02_AG
MH078542	02_AG
MH078543	02_AG
MH078544	02_AG
MH078545	02_AG
MH078546	B
MH078551	B
MH078552	B
MH078553	B
MH078554	B
MH078555	B
MH078560	01_AE
MH078561	01_AE
MH078562	01_AE
MH327745	B
MH327746	B
MH327748	01_AE
MH327749	01_AE
MH327750	01_AE
MH327752	01_AE
MH327754	01_AE
MH327755	01_AE
MH327756	01_AE
MH327757	B
MH327759	01_AE
MH327760	01_AE
MH327761	01_AE
MH327762	01_AE
MH327763	01_AE
MH327764	01_AE
MH330337	A6
MH330339	A6
MH330340	A6
MH330342	A6
MH330343	A6
MH330344	A6
MH330345	A6
MH330346	A6
MH330347	A6
MH330348	A6
MH330349	A6
MH330350	A6
MH330351	A6
MH330352	A6
MH330353	A6
MH330354	A6
MH330355	A6
MH330356	A6
MH330357	A6
MH330358	A6
MH330359	A6
MH330361	A6
MH330364	A6
MH330365	A6
MH330367	A6
MH330370	A6
MH330371	A6
MH330372	A6
MH330373	A6
MH330374	A6
MH330375	A6
MH330376	A6
MH330378	A6
MH330379	A6
MH330380	A6
MH330381	A6
MH431770	G
MH705133	A1
MH705134	G
MH705136	02_AG
MH705137	C
MH705143	D
MH705145	G
MH705147	O
MH705148	O
MH705149	O
MH705150	O
MH705151	A1
MH705152	D
MH705153	A1
MH705155	G
MH705158	A1
MH705162	G
MH746252	01_AE
MH746253	A1
MH746254	B
MH746255	G
MH746258	A1
MH746259	A1
MH746261	B
MH746262	01_AE
MH746263	F1
MH746264	B
MH746265	B
MH746266	B
MH843742	B
MH843743	B
MH843746	B
MH843747	B
MH843753	B
MH843759	B
MH843761	B
MH843762	B
MH843763	B
MH843764	B
MH843765	B
MH843766	B
MH843767	B
MH843768	B
MH843769	B
MH843770	B
MH843771	B
MH843772	B
MH843773	B
MH843774	B
MH843775	B
MH843776	B
MH843778	B
MH843779	B
MH843780	B
MH843781	B
MH843782	B
MH843783	B
MH843784	B
MH843785	B
MH843786	B
MH843787	B
MH843788	B
MH843791	B
MH843792	B
MH843793	B
MH843818	B
MH843819	B
MH843820	B
MH843851	B
MH843857	B
MH843860	B
MH843879	B
MH843883	B
MH843885	B
MH843886	B
MH843887	B
MH843890	B
MH843891	B
MH843894	B
MH843895	B
MH843896	B
MH843898	B
MH843901	B
MH843902	B
MH843904	B
MH843905	B
MH843906	B
MH843907	B
MH843910	B
MH843912	B
MH843914	B
MH843915	B
MH843916	B
MH843935	B
MH897911	B
MH897912	B
MH897915	B
MH897918	B
MH897920	B
MH933704	C
MH933705	C
MH933706	C
MH933707	C
MH933708	C
MH933709	C
MH933710	C
MH933711	C
MH933712	B
MH933713	C
MH933714	C
MK086109	02_AG
MK086129	B
MK114642	B
MK114651	B
MK114652	B
MK114657	B
MK114659	B
MK114661	B
MK114662	B
MK114666	B
MK114671	B
MK114677	B
MK114683	B
MK114684	B
MK114685	B
MK114686	B
MK114690	B
MK114691	B
MK114693	B
MK114694	B
MK114696	B
MK114699	B
MK114702	B
MK114703	B
MK114704	B
MK114706	B
MK114707	B
MK114712	B
MK114713	B
MK114716	B
MK114717	B
MK114722	B
MK114723	B
MK114724	B
MK114725	B
MK114727	B
MK114728	B
MK114734	B
MK114738	B
MK114740	B
MK114742	B
MK114743	B
MK114745	B
MK114746	B
MK114747	B
MK114748	B
MK114749	B
MK114750	B
MK114751	B
MK114752	B
MK114753	B
MK114756	B
MK114758	B
MK114763	B
MK114766	B
MK114769	B
MK114770	B
MK114771	B
MK114776	B
MK114798	B
MK114800	B
MK114802	B
MK114806	B
MK114825	B
MK114832	B
MK114833	B
MK114863	B
MK114867	B
MK114868	B
MK114869	B
MK114872	B
MK114873	B
MK114876	B
MK114877	B
MK114883	B
MK114886	B
MK114887	B
MK114897	B
MK114902	B
MK114905	B
MK114911	B
MK114913	B
MK114915	B
MK114917	B
MK114919	B
MK114923	B
MK114925	B
MK114927	B
MK114928	B
MK114933	B
MK114934	B
MK114939	B
MK114947	B
MK114954	B
MK114957	B
MK114960	B
MK114968	B
MK114971	B
MK114972	B
MK114973	B
MK114974	B
MK114975	B
MK114976	B
MK114981	B
MK114983	B
MK114991	B
MK114996	B
MK115004	B
MK115006	B
MK115007	B
MK115010	B
MK115011	B
MK115021	B
MK115030	B
MK115032	B
MK115034	B
MK115045	B
MK115049	B
MK115051	B
MK115056	B
MK115057	B
MK115059	B
MK115060	B
MK115064	B
MK115067	B
MK115072	B
MK115073	B
MK115083	B
MK115094	B
MK115103	B
MK115115	B
MK115117	B
MK115121	B
MK115123	B
MK115127	B
MK115129	B
MK115134	B
MK115135	B
MK115138	B
MK115140	B
MK115142	B
MK115150	B
MK115156	B
MK115166	B
MK115168	B
MK115192	B
MK115195	B
MK115196	B
MK115198	B
MK115206	B
MK115218	B
MK115231	B
MK115242	B
MK115244	B
MK115255	B
MK115260	B
MK115263	B
MK115264	B
MK115278	B
MK115284	B
MK115290	B
MK115302	B
MK115303	B
MK115304	B
MK115305	B
MK115307	B
MK115311	B
MK115317	B
MK115329	B
MK115356	B
MK115360	B
MK115363	B
MK115366	B
MK115367	B
MK115368	B
MK115376	B
MK115387	B
MK115388	B
MK115389	B
MK115399	B
MK115404	B
MK115405	B
MK115406	B
MK115415	B
MK115416	B
MK115419	B
MK115421	B
MK115429	B
MK115435	B
MK115438	B
MK115439	B
MK115447	B
MK115454	B
MK115465	B
MK115467	B
MK115468	B
MK115471	B
MK115478	B
MK115482	B
MK115483	B
MK115484	B
MK115486	B
MK115487	B
MK115489	B
MK115490	B
MK115491	B
MK115492	B
MK115495	B
MK115497	B
MK115498	B
MK115500	B
MK115501	B
MK115502	B
MK115503	B
MK115505	B
MK115506	B
MK115507	B
MK115508	B
MK115509	B
MK115510	B
MK115513	B
MK115515	B
MK115516	B
MK115517	B
MK115518	B
MK115519	B
MK115523	B
MK115524	B
MK115525	B
MK115527	B
MK115528	B
MK115529	B
MK115530	B
MK115531	B
MK115532	B
MK115534	B
MK115535	B
MK115536	B
MK115539	B
MK115540	B
MK115542	B
MK115543	B
MK115544	B
MK115545	B
MK115547	B
MK115548	B
MK115550	B
MK115551	B
MK115552	B
MK115553	B
MK115555	B
MK115557	B
MK115558	B
MK115559	B
MK115560	B
MK115561	B
MK115562	B
MK115563	B
MK115564	B
MK115565	B
MK115566	B
MK115567	B
MK115568	B
MK115569	B
MK115574	B
MK115575	B
MK115576	B
MK115577	B
MK115578	B
MK115579	B
MK115580	B
MK115581	B
MK115582	B
MK115585	B
MK115587	B
MK115588	B
MK115589	B
MK115590	B
MK115592	B
MK115602	B
MK115615	B
MK115622	B
MK115633	B
MK115637	B
MK115652	B
MK115653	B
MK115654	B
MK115660	B
MK115675	B
MK115683	B
MK115703	B
MK115739	B
MK115754	B
MK115765	B
MK115771	B
MK115777	B
MK115795	B
MK115806	B
MK115829	B
MK115838	B
MK115844	B
MK115850	B
MK115872	B
MK115880	B
MK115886	B
MK115887	B
MK115889	B
MK115892	B
MK115907	B
MK115912	B
MK115918	B
MK115919	B
MK115922	B
MK115923	B
MK115934	B
MK115935	B
MK115937	B
MK115938	B
MK115946	B
MK115948	B
MK115952	B
MK115954	B
MK115955	B
MK115956	B
MK115957	B
MK115959	B
MK115961	B
MK115962	B
MK115963	B
MK115964	B
MK115965	B
MK115966	B
MK115970	B
MK115973	B
MK115974	B
MK115975	B
MK115977	B
MK115978	B
MK115982	B
MK115983	B
MK115985	B
MK115989	B
MK115990	B
MK115992	B
MK115994	B
MK115996	B
MK115997	B
MK115999	B
MK116000	B
MK116001	B
MK116002	B
MK116004	B
MK116007	B
MK116009	B
MK116011	B
MK116012	B
MK116013	B
MK116014	B
MK116016	B
MK116019	B
MK116021	B
MK116022	B
MK116023	B
MK116024	B
MK116028	B
MK116030	B
MK116032	B
MK116034	B
MK116036	B
MK116037	B
MK116040	B
MK116041	B
MK116042	B
MK116046	B
MK116049	B
MK116052	B
MK116053	B
MK116054	B
MK116057	B
MK116058	B
MK116059	B
MK116060	B
MK116061	B
MK116062	B
MK116063	B
MK116064	B
MK116066	B
MK116067	B
MK116068	B
MK116070	B
MK116071	B
MK116072	B
MK116073	B
MK116074	B
MK116075	B
MK116076	B
MK116077	B
MK116078	B
MK116079	B
MK116082	B
MK116085	B
MK116086	B
MK116087	B
MK116088	B
MK116090	B
MK116091	B
MK116093	B
MK116095	B
MK116098	B
MK116103	B
MK116106	B
MK116112	B
MK116116	B
MK116120	B
MK116122	B
MK116123	B
MK116125	B
MK116127	B
MK116129	B
MK116135	B
MK116138	B
MK116145	B
MK116148	B
MK116150	B
MK116160	B
MK116172	B
MK116174	B
MK116181	B
MK116190	B
MK116191	B
MK116194	B
MK116200	B
MK116209	B
MK116214	B
MK116216	B
MK116223	B
MK116905	01_AE
MK169450	B
MK169451	B
MK169452	B
MK169453	B
MK169454	B
MK169455	B
MK169456	B
MK169457	B
MK169458	B
MK169459	B
MK169460	B
MK169461	B
MK169462	B
MK169463	B
MK169464	B
MK169465	B
MK169466	B
MK169467	B
MK169468	B
MK169469	B
MK169470	B
MK169471	B
MK169472	B
MK169473	B
MK169474	B
MK169475	B
MK169476	B
MK169477	B
MK169478	B
MK169479	B
MK169480	B
MK169481	B
MK169482	B
MK169483	B
MK169484	B
MK169485	B
MK169486	B
MK169487	B
MK169488	B
MK169489	B
MK169490	B
MK169513	B
MK169514	B
MK169515	B
MK169516	B
MK169517	B
MK169518	B
MK169519	B
MK169520	B
MK169521	B
MK169522	B
MK169523	B
MK169524	B
MK169525	B
MK169526	B
MK169527	B
MK169528	B
MK169529	B
MK169530	B
MK169531	B
MK169532	B
MK169533	B
MK169534	B
MK169535	B
MK169536	B
MK169537	B
MK169538	B
MK169539	B
MK169540	B
MK169541	B
MK169542	B
MK169543	B
MK169600	B
MK169603	B
MK169605	B
MK169606	B
MK169608	B
MK169609	B
MK169611	B
MK169615	B
MK169617	B
MK169618	B
MK169619	B
MK169622	B
MK169623	B
MK169626	B
MK169627	B
MK169629	B
MK169631	B
MK169635	B
MK169647	B
MK169651	B
MK169652	B
MK169656	B
MK169657	B
MK169660	B
MK169663	B
MK169665	B
MK169666	B
MK169667	B
MK169668	B
MK169669	B
MK169670	B
MK169671	B
MK169672	B
MK169673	B
MK169674	B
MK169675	B
MK169676	B
MK169787	B
MK169788	B
MK169789	B
MK169790	B
MK169791	B
MK169792	B
MK169793	B
MK169794	B
MK169795	B
MK169796	B
MK169797	B
MK169798	B
MK169799	B
MK169800	B
MK169801	B
MK169802	B
MK169803	B
MK169804	B
MK169806	B
MK169807	B
MK169808	B
MK169809	B
MK169810	B
MK169811	B
MK169812	B
MK169813	B
MK169814	B
MK169839	B
MK169840	B
MK169841	B
MK169842	B
MK169843	B
MK169844	B
MK169845	B
MK169846	B
MK169847	B
MK169848	B
MK169849	B
MK169850	B
MK169851	B
MK169852	B
MK169853	B
MK169854	B
MK169855	B
MK169856	B
MK169857	B
MK169858	B
MK169859	B
MK169860	B
MK169861	B
MK169862	B
MK169863	B
MK169864	B
MK169865	B
MK169891	B
MK169892	B
MK177825	02_AG
MK177826	02_AG
MK177827	F1
MK214316	B
MK254637	G
MK254639	G
MK258683	85_BC
MK258684	85_BC
MK272339	01_AE
MK272340	01_AE
MK272341	01_AE
MK272342	01_AE
MK272343	01_AE
MK272344	01_AE
MK272345	01_AE
MK272347	01_AE
MK272348	01_AE
MK272349	01_AE
MK272350	01_AE
MK272351	01_AE
MK272352	01_AE
MK272353	01_AE
MK272354	01_AE
MK272355	01_AE
MK272356	01_AE
MK272357	01_AE
MK272358	01_AE
MK272360	01_AE
MK272361	01_AE
MK272362	01_AE
MK272363	01_AE
MK272365	01_AE
MK272374	01_AE
MK272376	01_AE
MK272377	01_AE
MK272380	01_AE
MK272381	01_AE
MK272382	01_AE
MK272383	01_AE
MK272384	01_AE
MK272385	01_AE
MK272387	01_AE
MK272388	01_AE
MK272389	01_AE
MK272390	01_AE
MK272392	01_AE
MK272394	01_AE
MK272395	01_AE
MK272398	01_AE
MK272399	01_AE
MK272400	01_AE
MK272401	01_AE
MK272402	01_AE
MK272403	01_AE
MK272404	01_AE
MK272405	01_AE
MK272406	01_AE
MK272407	01_AE
MK272408	01_AE
MK272409	01_AE
MK272410	01_AE
MK272411	01_AE
MK272412	01_AE
MK272413	01_AE
MK272414	01_AE
MK272415	01_AE
MK272416	01_AE
MK272417	01_AE
MK272418	01_AE
MK272419	01_AE
MK272422	01_AE
MK272423	01_AE
MK272424	01_AE
MK272427	01_AE
MK272429	01_AE
MK272432	01_AE
MK272433	01_AE
MK272434	01_AE
MK272435	01_AE
MK272436	01_AE
MK272438	01_AE
MK272439	01_AE
MK272672	01_AE
MK272673	01_AE
MK272674	01_AE
MK272675	01_AE
MK272676	01_AE
MK272677	01_AE
MK272678	01_AE
MK272679	01_AE
MK272680	01_AE
MK272681	01_AE
MK272682	01_AE
MK272683	01_AE
MK272684	01_AE
MK272688	01_AE
MK272691	01_AE
MK272692	01_AE
MK272693	01_AE
MK272694	01_AE
MK272727	01_AE
MK272728	01_AE
MK272729	01_AE
MK272730	01_AE
MK272731	01_AE
MK272732	01_AE
MK272733	01_AE
MK272734	01_AE
MK272735	01_AE
MK303347	B
MK303348	B
MK303349	B
MK303350	B
MK303351	B
MK303352	B
MK303353	B
MK303354	B
MK303355	B
MK383384	B
MK383385	B
MK383386	B
MK383387	B
MK383388	B
MK383389	B
MK383390	B
MK383391	B
MK383392	B
MK383393	B
MK383394	B
MK383395	B
MK383396	B
MK383397	B
MK383398	B
MK383399	B
MK383400	B
MK383401	B
MK383402	B
MK383403	B
MK383404	B
MK383405	B
MK383406	B
MK383408	B
MK383409	B
MK383410	B
MK383411	B
MK383412	B
MK383413	B
MK383414	B
MK383415	B
MK383416	B
MK383417	B
MK383418	B
MK383419	B
MK383420	B
MK383421	B
MK383422	B
MK383423	B
MK383424	B
MK383425	B
MK383426	B
MK383427	B
MK383428	B
MK383429	B
MK383430	B
MK383431	B
MK383432	B
MK383433	B
MK383434	B
MK383435	B
MK383436	B
MK383437	B
MK383438	B
MK383439	B
MK383440	B
MK383441	B
MK383442	B
MK383443	B
MK383444	B
MK383445	B
MK383446	B
MK383447	B
MK383448	B
MK383449	B
MK383450	B
MK383451	B
MK383452	B
MK383453	B
MK383454	B
MK383455	B
MK383456	B
MK383457	B
MK383458	B
MK383459	B
MK383460	B
MK383461	B
MK383462	B
MK383463	B
MK383464	B
MK383465	B
MK383466	B
MK383467	B
MK383468	B
MK383469	B
MK383470	B
MK383471	B
MK383472	B
MK383473	B
MK383474	B
MK383475	B
MK383476	B
MK383477	B
MK383478	B
MK383479	B
MK383480	B
MK383481	B
MK383482	B
MK383483	B
MK383484	B
MK383485	B
MK383486	B
MK383487	B
MK383488	B
MK383489	B
MK383490	B
MK383491	B
MK383492	B
MK383493	B
MK383494	B
MK383495	B
MK383496	B
MK383497	B
MK383498	B
MK383499	B
MK383501	B
MK383502	B
MK383503	B
MK383504	B
MK383505	B
MK383506	B
MK383507	B
MK383508	B
MK383509	B
MK383510	B
MK383511	B
MK383512	B
MK383513	B
MK383514	B
MK383515	B
MK383516	B
MK383517	B
MK383518	B
MK383519	B
MK383520	B
MK383521	B
MK383522	B
MK383523	B
MK383524	B
MK383525	B
MK383526	B
MK383527	B
MK383528	B
MK383529	B
MK383530	B
MK383531	B
MK383532	B
MK383533	B
MK383534	B
MK383535	B
MK383536	B
MK383537	B
MK383538	B
MK383539	B
MK383540	B
MK383541	B
MK383542	B
MK383543	B
MK383544	B
MK383545	B
MK383546	B
MK383547	B
MK383548	B
MK383549	B
MK383550	B
MK383551	B
MK383552	B
MK383553	B
MK383554	B
MK383555	B
MK383556	B
MK383557	B
MK383558	B
MK383559	B
MK383560	B
MK383561	B
MK383562	B
MK383563	B
MK383564	B
MK383565	B
MK383566	B
MK383567	B
MK383568	B
MK383569	B
MK383570	B
MK383571	B
MK383572	B
MK383573	B
MK383574	B
MK383575	B
MK383576	B
MK383577	B
MK383578	B
MK383579	B
MK383580	B
MK383581	B
MK383582	B
MK383583	B
MK383584	B
MK383585	B
MK383586	B
MK383587	B
MK383588	B
MK383589	B
MK383590	B
MK383592	B
MK383593	B
MK383594	B
MK383595	B
MK383596	B
MK383597	B
MK383598	B
MK383599	B
MK383600	B
MK383601	B
MK383602	B
MK383603	B
MK383604	B
MK383605	B
MK383606	B
MK383607	B
MK383608	B
MK383609	B
MK383610	B
MK383611	B
MK383612	B
MK383613	B
MK383614	B
MK383615	B
MK383616	B
MK383617	B
MK383618	B
MK383619	B
MK383620	B
MK383621	B
MK383622	B
MK383623	B
MK383624	B
MK383625	B
MK383626	B
MK383627	B
MK383628	B
MK383629	B
MK383630	B
MK383631	B
MK383632	B
MK383633	B
MK383634	B
MK383635	B
MK383636	B
MK383637	B
MK383638	B
MK383639	B
MK383640	B
MK383641	B
MK383642	B
MK383643	B
MK383644	B
MK383645	B
MK383646	B
MK383647	B
MK383648	B
MK383649	B
MK383650	B
MK383651	B
MK383652	B
MK383653	B
MK383654	B
MK383655	B
MK383656	B
MK383657	B
MK383658	B
MK383659	B
MK383660	B
MK383661	B
MK383662	B
MK383663	B
MK383664	B
MK383665	B
MK383666	B
MK383667	B
MK383668	B
MK383669	B
MK383670	B
MK383671	B
MK383672	B
MK383673	B
MK383674	B
MK383675	B
MK383676	B
MK383677	B
MK383678	B
MK383679	B
MK383680	B
MK383681	B
MK383682	B
MK383683	B
MK383684	B
MK383685	B
MK383686	B
MK397970	02_AG
MK457775	C
MK457788	C
MK457794	C
MK457795	C
MK457796	C
MK457797	C
MK457798	C
MK457800	C
MK457801	C
MK457802	C
MK457803	C
MK457804	C
MK457807	C
MK457808	C
MK457809	C
MK457811	C
MK457812	C
MK457813	C
MK457814	C
MK457816	C
MK457823	C
MK457825	C
MK457832	C
MK457840	C
MK457849	C
MK457850	C
MK457859	C
MK457862	C
MK457873	C
MK457876	C
MK457884	C
MK457894	C
MK457899	C
MK457910	C
MK457915	C
MK457929	C
MK457933	C
MK457949	C
MK457958	C
MK457962	C
MK457968	C
MK457970	C
MK457971	C
MK457972	C
MK457974	C
MK457975	C
MK457976	C
MK457978	C
MK457979	C
MK457985	C
MK457988	C
MK457989	C
MK457991	C
MK457992	C
MK457993	C
MK457995	C
MK457998	C
MK457999	C
MK458002	C
MK458005	C
MK458006	C
MK458007	C
MK458008	C
MK458009	C
MK458015	C
MK458018	C
MK458020	C
MK458024	C
MK458025	C
MK458031	C
MK458033	C
MK458040	C
MK458042	C
MK458048	C
MK458053	C
MK458054	C
MK458055	C
MK458057	C
MK458058	C
MK458064	C
MK458070	C
MK458071	C
MK458072	C
MK458073	C
MK458074	C
MK458075	C
MK458077	C
MK458078	C
MK458079	C
MK458080	C
MK458081	C
MK458082	C
MK458083	C
MK458084	C
MK458086	C
MK458087	C
MK458089	C
MK458090	C
MK458091	C
MK458092	C
MK458094	C
MK458095	C
MK458096	C
MK458098	C
MK458099	C
MK458101	C
MK458102	C
MK458104	C
MK458106	C
MK458117	C
MK458118	C
MK458123	C
MK458126	C
MK458129	C
MK458130	C
MK458136	C
MK458137	C
MK458140	C
MK458142	C
MK458151	C
MK458153	C
MK458154	C
MK458173	C
MK458181	C
MK458183	C
MK458184	C
MK458185	C
MK458191	C
MK458252	C
MK458262	C
MK493076	C
MK493077	C
MK493078	C
MK493079	C
MK499378	B
MK577478	B
MK577479	B
MK577480	B
MK577481	B
MK757421	B
MK867564	01_AE
MK867566	01_AE
MK867567	01_AE
MK867568	01_AE
MK867569	01_AE
MK867570	01_AE
MK867571	01_AE
MK867572	01_AE
MK867573	01_AE
MK867604	01_AE
MK867605	01_AE
MK867606	01_AE
MK867607	01_AE
MK867608	01_AE
MK867609	01_AE
MK867610	01_AE
MK867612	01_AE
MK867613	01_AE
MK867614	01_AE
MK867637	01_AE
MK867638	01_AE
MK867639	01_AE
MK867640	01_AE
MK867641	01_AE
MK867643	01_AE
MK867644	01_AE
MK871374	B
MK984159	63_02A6
MK984160	63_02A6
MN043577	B
MN043579	B
MN043580	B
MN043581	B
MN043583	B
MN043584	B
MN043585	B
MN043586	B
MN043587	B
MN043589	B
MN043591	B
MN043592	B
MN043593	B
MN043594	B
MN043595	B
MN043596	B
MN043597	B
MN043598	B
MN043600	B
MN043602	B
MN043604	B
MN043605	B
MN043607	B
MN055643	B
MN090188	B
MN090192	B
MN090200	B
MN090203	B
MN090209	B
MN090215	B
MN090217	B
MN090218	B
MN090222	B
MN090227	B
MN090231	B
MN090233	B
MN090241	B
MN090242	B
MN090243	B
MN090245	B
MN090247	B
MN090252	B
MN090254	B
MN090256	B
MN090257	B
MN090261	B
MN090262	B
MN090265	B
MN090268	B
MN090269	B
MN090271	B
MN090272	B
MN090275	B
MN090276	B
MN090277	B
MN090279	B
MN090280	B
MN090282	B
MN090287	B
MN090293	B
MN090300	B
MN090306	B
MN090308	B
MN090309	B
MN090325	B
MN090329	B
MN090330	B
MN090334	B
MN090337	B
MN090338	B
MN090340	B
MN090344	B
MN090350	B
MN090352	B
MN090358	B
MN090359	B
MN090362	B
MN090364	B
MN090365	B
MN090366	B
MN090367	B
MN090373	B
MN090374	B
MN090381	B
MN090396	B
MN090403	B
MN090410	B
MN090411	B
MN090412	B
MN090415	B
MN090420	B
MN090432	B
MN090433	B
MN090438	B
MN090439	B
MN090472	B
MN090497	B
MN090516	B
MN090521	B
MN090531	B
MN090542	B
MN090594	B
MN090643	B
MN090647	B
MN090648	B
MN090653	B
MN090656	B
MN090659	B
MN090663	B
MN090670	B
MN090673	B
MN090684	B
MN090698	B
MN090700	B
MN090702	B
MN090704	B
MN090720	B
MN090722	B
MN090734	B
MN090735	B
MN090736	B
MN090737	B
MN090738	B
MN090740	B
MN090742	B
MN090743	B
MN090744	B
MN090745	B
MN090746	B
MN090747	B
MN090748	B
MN090749	B
MN090751	B
MN090752	B
MN090753	B
MN090754	B
MN090755	B
MN090756	B
MN090757	B
MN090758	B
MN090759	B
MN090760	B
MN090761	B
MN090762	B
MN090763	B
MN090764	B
MN090765	B
MN090766	B
MN090767	B
MN090768	B
MN090769	B
MN090770	B
MN090771	B
MN090774	B
MN090775	B
MN090776	B
MN090777	B
MN090778	B
MN090780	B
MN090781	B
MN090782	B
MN090783	B
MN090784	B
MN090786	B
MN090788	B
MN090789	B
MN090790	B
MN090791	B
MN090792	B
MN090794	B
MN090795	B
MN090796	B
MN090797	B
MN090799	B
MN090802	B
MN090803	B
MN090804	B
MN090805	B
MN090806	B
MN090807	B
MN090808	B
MN090809	B
MN090811	B
MN090812	B
MN090814	B
MN090815	B
MN090816	B
MN090817	B
MN090818	B
MN090819	B
MN090820	B
MN090821	B
MN090822	B
MN090825	B
MN090826	B
MN090829	B
MN090831	B
MN090832	B
MN090833	B
MN090834	B
MN090835	B
MN090836	B
MN090837	B
MN090838	B
MN090839	B
MN090841	B
MN090842	B
MN090843	B
MN090844	B
MN090845	B
MN090846	B
MN090847	B
MN090848	B
MN090849	B
MN090850	B
MN090851	B
MN090852	B
MN090854	B
MN090855	B
MN090856	B
MN090857	B
MN090860	B
MN090861	B
MN090863	B
MN090865	B
MN090866	B
MN090867	B
MN090869	B
MN090870	B
MN090871	B
MN090873	B
MN090874	B
MN090875	B
MN090877	B
MN090880	B
MN090881	B
MN090882	B
MN090885	B
MN090886	B
MN090887	B
MN090889	B
MN090890	B
MN090896	B
MN090898	B
MN090901	B
MN090906	B
MN090909	B
MN090910	B
MN090913	B
MN090917	B
MN090919	B
MN090920	B
MN090931	B
MN090932	B
MN090934	B
MN090936	B
MN090937	B
MN090938	B
MN090940	B
MN090941	B
MN097551	C
MN097552	C
MN097553	C
MN097554	C
MN097555	C
MN097556	C
MN097557	C
MN097558	C
MN097559	C
MN097560	C
MN097561	C
MN097562	C
MN097563	C
MN097564	C
MN097565	C
MN097566	C
MN097567	C
MN097568	C
MN097569	C
MN097570	C
MN097571	C
MN097572	C
MN097573	C
MN097574	C
MN097575	C
MN097576	C
MN097577	C
MN097578	C
MN097579	C
MN097580	C
MN097581	C
MN097582	C
MN097583	C
MN097584	C
MN097585	C
MN097586	C
MN097587	C
MN097588	C
MN097589	C
MN097590	C
MN097591	C
MN097592	C
MN097593	C
MN097594	C
MN097595	C
MN097596	C
MN097597	C
MN097598	C
MN097599	C
MN097600	C
MN097601	C
MN097602	C
MN097603	C
MN097604	C
MN097605	C
MN097608	C
MN097609	C
MN097610	C
MN097611	C
MN097612	C
MN097617	C
MN097618	C
MN097619	C
MN097620	C
MN097622	C
MN097623	C
MN097630	C
MN097631	C
MN097632	C
MN097633	C
MN097634	C
MN097635	C
MN097636	C
MN097637	C
MN097638	C
MN097639	C
MN097645	C
MN097646	C
MN097647	C
MN097648	C
MN097649	C
MN097650	C
MN097651	C
MN097652	C
MN097653	C
MN097654	C
MN097655	C
MN097656	C
MN097657	C
MN097658	C
MN097659	C
MN097660	C
MN097661	C
MN097662	C
MN097663	C
MN097664	C
MN097665	C
MN097666	C
MN097667	C
MN097668	C
MN097669	C
MN097670	C
MN097671	C
MN097672	C
MN097673	C
MN097674	C
MN097675	C
MN097676	C
MN097677	C
MN097678	C
MN097679	C
MN097680	C
MN097681	C
MN097682	C
MN097683	C
MN097684	C
MN097685	C
MN097686	C
MN097687	C
MN097688	C
MN097689	C
MN097690	C
MN097691	C
MN097692	C
MN097693	C
MN097694	C
MN097695	C
MN097696	C
MN116207	01_AE
MN116208	01_AE
MN116209	01_AE
MN116212	01_AE
MN153484	G
MN153491	A1
MN153494	02_AG
MN153495	02_AG
MN202471	C
MN202472	C
MN237642	B
MN237643	B
MN237644	B
MN237646	B
MN449474	B
MN449475	B
MN449476	B
MN467383	B
MN467384	B
MN467385	B
MN467386	B
MN467387	B
MN467388	B
MN467389	B
MN467390	B
MN467391	B
MN467392	B
MN467393	B
MN467394	B
MN467395	B
MN485972	B
MN485973	B
MN485974	B
MN485975	02_AG
MN485977	A6
MN485978	B
MN485979	B
MN485980	B
MN485981	B
MN485984	C
MN485985	B
MN485988	B
MN485989	F1
MN485990	B
MN485991	B
MN485993	B
MN485994	B
MN485995	B
MN485996	B
MN485997	B
MN485998	B
MN485999	02_AG
MN486001	B
MN486002	B
MN486003	B
MN486005	B
MN486008	B
MN486009	B
MN486010	B
MN486011	C
MN486013	B
MN486014	B
MN486015	B
MN486018	B
MN486019	B
MN486020	B
MN486021	B
MN486022	B
MN486023	01_AE
MN486024	B
MN486026	B
MN486027	B
MN486028	B
MN486029	B
MN486030	F1
MN486032	B
MN486034	B
MN486035	01_AE
MN486036	B
MN486037	B
MN486040	B
MN486041	B
MN486042	D
MN486044	G
MN486047	B
MN611462	C
MN611463	C
MN611464	C
MN611465	C
MN611466	C
MN611467	C
MN611468	C
MN659380	07_BC
MN659381	07_BC
MN691961	B
MN692145	B
MN692146	B
MN692147	B
MN692189	B
MN703127	B
MN703128	02_AG
MN703129	02_AG
MN703130	02_AG
MN703132	02_AG
MN703133	B
MN703134	B
MN703135	A6
MN703136	A6
MN703137	A6
MN703138	A6
MN703139	A6
MN703140	B
MN703145	C
MN703146	C
MN703147	C
MN703148	C
MN703149	C
MN703150	C
MN703151	01_AE
MN736698	B
MN736699	A6
MN736700	B
MN736703	01_AE
MN736704	B
MN736706	B
MN736707	B
MN791169	A1
MN791170	A1
MN791172	A1
MN791173	A1
MN791174	A1
MN791175	A1
MN791176	A1
MN791177	A1
MN791178	A1
MN791179	A1
MN791180	A1
MN791181	A1
MN791182	A1
MN791183	A1
MN791184	A1
MN791185	A1
MN791186	A1
MN791187	A1
MN791188	A1
MN791209	A1
MN791210	A1
MN791211	A1
MN791212	A1
MN791213	A1
MN791214	A1
MN791215	A1
MN791216	A1
MN791218	A1
MN791219	A1
MN791220	A1
MN791221	A1
MN791223	A1
MN791224	A1
MN791225	A1
MN791226	A1
MN791227	A1
MN791228	A1
MN791279	A1
MN791280	A1
MN791282	A1
MN791283	A1
MN791284	A1
MN791285	A1
MN791286	A1
MN791287	A1
MN791288	A1
MN791289	A1
MN791290	A1
MN791291	A1
MN791292	A1
MN791293	A1
MN791296	A1
MN791297	A1
MN791298	A1
MN791333	A1
MN791334	A1
MN791335	A1
MN791336	A1
MN791337	A1
MN791338	A1
MN791339	A1
MN791340	A1
MN791341	A1
MN791342	A1
MN791363	A1
MN791364	A1
MN791365	A1
MN791366	A1
MN791367	A1
MN791368	A1
MN791369	A1
MN791370	A1
MN791372	A1
MN791393	A1
MN791395	A1
MN791396	A1
MN791397	A1
MN791398	A1
MN791399	A1
MN791400	A1
MN791401	A1
MN791402	A1
MN791425	A1
MN791495	C
MN791496	C
MN791497	C
MN791498	C
MN791499	C
MN791500	C
MN791501	C
MN791502	C
MN791503	C
MN791526	C
MN791527	C
MN791528	C
MN791529	C
MN791530	C
MN791531	C
MN791532	C
MN791533	C
MN791710	A1
MN791711	A1
MN791712	A1
MN791714	A1
MN791715	A1
MN791716	A1
MN791717	A1
MN791719	A1
MN791853	A1
MN791854	A1
MN791856	A1
MN791857	A1
MN791859	A1
MN791860	A1
MN791862	A1
MN791863	A1
MN791864	A1
MN791865	A1
MN791867	A1
MN791868	A1
MN791869	A1
MN791870	A1
MN791871	A1
MN791872	A1
MN791873	A1
MN791874	A1
MN791876	A1
MN791878	A1
MN791880	A1
MN791881	A1
MN791883	A1
MN791884	A1
MN791886	A1
MN791887	A1
MN791888	A1
MN791889	A1
MN791891	A1
MN791892	A1
MN791893	A1
MN791894	A1
MN791895	A1
MN791896	A1
MN791897	A1
MN791898	A1
MN791900	A1
MN791901	A1
MN791902	A1
MN791964	A1
MN791966	A1
MN791968	A1
MN791969	A1
MN791970	A1
MN791973	A1
MN791974	A1
MN791976	A1
MN791977	A1
MN791978	A1
MN791979	A1
MN791980	A1
MN791982	A1
MN791983	A1
MN791985	A1
MN791986	A1
MN791988	A1
MN791989	A1
MN791990	A1
MN791992	A1
MN791993	A1
MN792015	01_AE
MN792017	01_AE
MN792019	01_AE
MN792020	01_AE
MN792021	01_AE
MN792022	01_AE
MN792023	01_AE
MN792024	01_AE
MN792025	01_AE
MN792028	01_AE
MN792029	01_AE
MN792031	01_AE
MN792032	01_AE
MN792033	01_AE
MN792055	01_AE
MN792056	01_AE
MN792057	01_AE
MN792058	01_AE
MN792059	01_AE
MN792063	01_AE
MN792064	01_AE
MN792065	01_AE
MN792066	01_AE
MN792068	01_AE
MN792071	01_AE
MN792072	01_AE
MN792073	01_AE
MN792074	01_AE
MN792075	01_AE
MN792120	01_AE
MN792125	01_AE
MN792241	01_AE
MN792243	01_AE
MN792244	01_AE
MN792245	01_AE
MN792246	01_AE
MN792247	01_AE
MN792248	01_AE
MN792251	01_AE
MN792259	01_AE
MN792281	01_AE
MN792282	01_AE
MN792283	01_AE
MN792285	01_AE
MN792286	01_AE
MN792287	01_AE
MN792288	01_AE
MN792289	01_AE
MN792290	01_AE
MN792331	01_AE
MN792333	01_AE
MN792334	01_AE
MN792336	01_AE
MN792337	01_AE
MN792338	01_AE
MN792340	01_AE
MN792425	01_AE
MN792426	01_AE
MN792427	01_AE
MN792429	01_AE
MN792430	01_AE
MN792431	01_AE
MN792432	01_AE
MN792433	01_AE
MN792434	01_AE
MN792435	01_AE
MN792437	01_AE
MN792439	01_AE
MN792440	01_AE
MN792441	01_AE
MN792442	01_AE
MN792443	01_AE
MN792444	01_AE
MN792445	01_AE
MN792466	01_AE
MN792467	01_AE
MN792469	01_AE
MN792550	01_AE
MN792551	01_AE
MN792552	01_AE
MN792553	01_AE
MN792554	01_AE
MN792556	01_AE
MN792557	01_AE
MN792558	01_AE
MN792559	01_AE
MN792560	01_AE
MN792561	01_AE
MN792562	01_AE
MN792563	01_AE
MN792564	01_AE
MN792566	01_AE
MN792568	01_AE
MN792569	01_AE
MN792570	01_AE
MN792571	01_AE
MN792573	01_AE
MN792575	01_AE
MN792576	01_AE
MN792577	01_AE
MN792578	01_AE
MN792579	01_AE
MN887108	B
MN887109	B
MN887110	B
MN887608	B
MN887611	B
MN887612	B
MN887613	B
MN887614	B
MT021899	B
MT021900	B
MT021901	B
MT021903	B
MT021904	B
MT021905	B
MT021906	B
MT021907	B
MT021908	B
MT021909	B
MT021910	07_BC
MT033127	B
MT033131	B
MT033141	B
MT033182	B
MT033187	B
MT033189	B
MT033190	B
MT033191	B
MT033194	B
MT033203	B
MT033258	B
MT033301	B
MT033333	B
MT033344	B
MT033675	B
MT033853	B
MT033855	B
MT033876	B
MT033877	B
MT033878	B
MT033879	B
MT033880	B
MT033881	B
MT033882	B
MT033883	B
MT033891	B
MT033892	B
MT033893	B
MT033894	B
MT033895	B
MT033896	B
MT033897	B
MT033898	B
MT033899	B
MT033900	B
MT033901	B
MT033902	B
MT033903	B
MT033904	B
MT033905	B
MT033906	B
MT101871	B
MT121311	B
MT121312	B
MT121313	B
MT121314	B
MT121315	B
MT121316	B
MT121317	B
MT121318	B
MT121319	B
MT121320	B
MT121441	01_AE
MT121442	01_AE
MT121444	01_AE
MT121445	01_AE
MT121447	01_AE
MT121448	01_AE
MT121449	01_AE
MT121450	01_AE
MT121537	01_AE
MT121538	01_AE
MT121539	01_AE
MT121540	01_AE
MT121571	01_AE
MT121572	01_AE
MT121574	01_AE
MT121578	01_AE
MT121579	01_AE
MT121580	01_AE
MT121611	01_AE
MT121612	01_AE
MT121613	01_AE
MT121615	01_AE
MT121617	01_AE
MT121618	01_AE
MT121620	01_AE
MT121651	01_AE
MT121653	01_AE
MT121654	01_AE
MT121655	01_AE
MT121656	01_AE
MT121657	01_AE
MT121658	01_AE
MT121660	01_AE
MT121722	01_AE
MT121723	01_AE
MT121724	01_AE
MT121725	01_AE
MT121726	01_AE
MT121727	01_AE
MT121728	01_AE
MT121730	01_AE
MT121766	01_AE
MT121767	01_AE
MT121768	01_AE
MT121769	01_AE
MT121770	01_AE
MT121771	01_AE
MT121772	01_AE
MT121773	01_AE
MT121774	01_AE
MT121775	01_AE
MT121919	01_AE
MT121921	01_AE
MT121922	01_AE
MT121924	01_AE
MT121926	01_AE
MT121927	01_AE
MT121928	01_AE
MT155323	B
MT155324	B
MT155325	B
MT155326	B
MT155327	B
MT155328	B
MT155329	B
MT155330	B
MT155331	B
MT155332	B
MT155333	B
MT155334	B
MT155335	B
MT155336	B
MT155337	B
MT155338	B
MT155339	B
MT155340	B
MT155341	B
MT155343	B
MT155345	B
MT155346	B
MT155347	B
MT155348	B
MT155349	B
MT155350	B
MT155351	B
MT155352	B
MT155353	B
MT155354	B
MT155356	B
MT155357	B
MT155358	B
MT155359	B
MT155360	B
MT155361	B
MT155362	B
MT155363	B
MT155364	B
MT155365	B
MT155366	B
MT155367	B
MT155368	B
MT155369	B
MT155370	B
MT155371	B
MT155372	B
MT155373	B
MT155374	B
MT155375	B
MT155376	B
MT155377	B
MT155378	B
MT155379	B
MT155380	B
MT155381	B
MT155384	B
MT155385	B
MT190776	B
MT190777	B
MT190778	B
MT190779	B
MT190780	B
MT190781	B
MT190782	B
MT190783	B
MT190784	B
MT190785	B
MT190786	B
MT190787	B
MT190788	B
MT190789	B
MT190790	B
MT190791	B
MT190792	B
MT190793	B
MT190794	B
MT190795	B
MT190796	B
MT190797	B
MT190798	B
MT190799	B
MT190800	B
MT190801	B
MT190802	B
MT190803	B
MT190804	B
MT190805	B
MT190806	B
MT190807	B
MT190808	B
MT190809	B
MT190810	B
MT190811	B
MT190812	B
MT190813	B
MT190814	B
MT190815	B
MT190816	B
MT190817	B
MT190818	B
MT190819	B
MT190820	B
MT190821	B
MT190822	B
MT190823	B
MT190824	B
MT190825	B
MT190826	B
MT190827	B
MT190828	B
MT190829	B
MT190830	B
MT190831	B
MT190832	B
MT190833	B
MT190834	B
MT190835	B
MT190836	B
MT190837	B
MT190838	B
MT190839	B
MT190840	B
MT190841	B
MT190842	B
MT190843	B
MT190844	B
MT190845	B
MT190846	B
MT190847	B
MT190848	B
MT190849	B
MT190850	B
MT190851	B
MT190852	B
MT190853	B
MT190854	B
MT190855	B
MT190856	B
MT190857	B
MT190858	B
MT190859	B
MT190860	B
MT190861	B
MT190862	B
MT190863	B
MT190864	B
MT190865	B
MT190866	B
MT190867	B
MT190868	B
MT190869	B
MT190870	B
MT190871	B
MT190872	B
MT190873	B
MT190874	B
MT190875	B
MT190876	B
MT190877	B
MT190878	B
MT190879	B
MT190880	B
MT190881	B
MT190882	B
MT190883	B
MT190884	B
MT190885	B
MT190886	B
MT190887	B
MT190888	B
MT190889	B
MT190890	B
MT190891	B
MT190892	B
MT190893	B
MT190894	B
MT190895	B
MT190896	B
MT190897	B
MT190898	B
MT190899	B
MT190900	B
MT190901	B
MT190902	B
MT190903	B
MT190904	B
MT190905	B
MT190906	B
MT190907	B
MT190908	B
MT190909	B
MT190910	B
MT190911	B
MT190912	B
MT190913	B
MT190914	B
MT190915	B
MT190916	B
MT190917	B
MT190918	B
MT190919	B
MT190920	B
MT190921	B
MT190922	B
MT190923	B
MT190924	B
MT190925	B
MT190926	B
MT190927	B
MT190928	B
MT190929	B
MT190930	B
MT190931	B
MT190932	B
MT190933	B
MT190934	B
MT190935	B
MT190936	B
MT190937	B
MT190938	B
MT190939	B
MT190940	B
MT190941	B
MT190942	B
MT190943	B
MT190944	B
MT190945	B
MT190946	B
MT190947	B
MT190948	B
MT190949	B
MT190950	B
MT190951	B
MT190952	B
MT190953	B
MT190954	B
MT190955	B
MT190956	B
MT190957	B
MT190958	B
MT190959	B
MT190960	B
MT190961	B
MT190962	B
MT190963	B
MT190964	B
MT190965	B
MT190966	B
MT190967	B
MT190968	B
MT190969	B
MT190970	B
MT190971	B
MT190972	B
MT190973	B
MT190974	B
MT190975	B
MT190976	B
MT190977	B
MT190978	B
MT190979	B
MT190980	B
MT190981	B
MT190982	B
MT190983	B
MT190984	B
MT190985	B
MT190986	B
MT190987	B
MT190988	B
MT190989	B
MT190990	B
MT190991	B
MT190992	B
MT190993	B
MT190994	B
MT190995	B
MT190996	B
MT190997	B
MT190998	B
MT190999	B
MT191000	B
MT191001	B
MT191002	B
MT191003	B
MT191004	B
MT191005	B
MT191006	B
MT191007	B
MT191008	B
MT191009	B
MT191010	B
MT191011	B
MT191012	B
MT191013	B
MT191014	B
MT191015	B
MT191016	B
MT191017	B
MT191018	B
MT191019	B
MT191020	B
MT191021	B
MT191022	B
MT191023	B
MT191024	B
MT191025	B
MT191026	B
MT191027	B
MT191028	B
MT191029	B
MT191030	B
MT191031	B
MT191032	B
MT191033	B
MT191034	B
MT191035	B
MT191036	B
MT191037	B
MT191038	B
MT191039	B
MT191040	B
MT191041	B
MT191042	B
MT191043	B
MT191044	B
MT191045	B
MT191046	B
MT191047	B
MT191048	B
MT191049	B
MT191050	B
MT191051	B
MT191052	B
MT191053	B
MT191054	B
MT191055	B
MT191056	B
MT191057	B
MT191058	B
MT191059	B
MT191060	B
MT191061	B
MT191062	B
MT191063	B
MT191064	B
MT191065	B
MT191066	B
MT191067	B
MT191068	B
MT191069	B
MT191070	B
MT191071	B
MT191072	B
MT191073	B
MT191074	B
MT191075	B
MT191076	B
MT191077	B
MT191078	B
MT191079	B
MT191080	B
MT191081	B
MT191082	B
MT191083	B
MT191084	B
MT191085	B
MT191086	B
MT191087	B
MT191088	B
MT191089	B
MT191090	B
MT191091	B
MT191092	B
MT191093	B
MT191094	B
MT191095	B
MT191096	B
MT191097	B
MT191098	B
MT191099	B
MT191100	B
MT191101	B
MT191102	B
MT191103	B
MT191104	B
MT191105	B
MT191106	B
MT191107	B
MT191108	B
MT191109	B
MT191110	B
MT191111	B
MT191112	B
MT191113	B
MT191114	B
MT191115	B
MT191116	B
MT191117	B
MT191118	B
MT191119	B
MT191120	B
MT191121	B
MT191122	B
MT191123	B
MT191124	B
MT191125	B
MT191126	B
MT191127	B
MT191128	B
MT191129	B
MT191130	B
MT191131	B
MT191132	B
MT191133	B
MT191134	B
MT191135	B
MT191136	B
MT191137	B
MT191138	B
MT191139	B
MT191140	B
MT191141	B
MT191142	B
MT191143	B
MT191144	B
MT191145	B
MT191146	B
MT191147	B
MT191148	B
MT191149	B
MT191150	B
MT191151	B
MT191152	B
MT191153	B
MT191154	B
MT191155	B
MT191156	B
MT191157	B
MT191158	B
MT191159	B
MT191160	B
MT191161	B
MT191162	B
MT191163	B
MT191164	B
MT191165	B
MT191166	B
MT191167	B
MT191168	B
MT191169	B
MT191170	B
MT191171	B
MT191172	B
MT191173	B
MT191174	B
MT191175	B
MT191176	B
MT191177	B
MT191178	B
MT191179	B
MT191180	B
MT191181	B
MT191182	B
MT191183	B
MT191184	B
MT191185	B
MT191186	B
MT191187	B
MT191188	B
MT191189	B
MT191190	B
MT191191	B
MT191192	B
MT191193	B
MT191194	B
MT191195	B
MT191196	B
MT191197	B
MT191198	B
MT191199	B
MT191200	B
MT191201	B
MT191202	B
MT191203	B
MT191204	B
MT191205	B
MT191206	B
MT191207	B
MT191208	B
MT191209	B
MT191210	B
MT191211	B
MT191212	B
MT191213	B
MT191214	B
MT191215	B
MT191216	B
MT191217	B
MT191218	B
MT191219	B
MT191220	B
MT191221	B
MT191222	B
MT191223	B
MT191224	B
MT191225	B
MT194138	C
MT194167	C
MT194168	C
MT194169	C
MT194170	C
MT194171	C
MT194172	C
MT194173	C
MT194174	C
MT194175	C
MT194176	C
MT194177	C
MT194178	C
MT194282	C
MT194283	C
MT194284	C
MT194285	C
MT194287	C
MT194288	C
MT194289	C
MT194305	C
MT194314	C
MT194315	C
MT194316	C
MT194317	C
MT194318	C
MT194319	C
MT194320	C
MT194321	C
MT194322	C
MT194323	C
MT194324	C
MT194325	C
MT194326	C
MT194327	C
MT194338	C
MT194343	C
MT194344	C
MT194468	C
MT194478	C
MT194481	C
MT194482	C
MT194483	C
MT194484	C
MT194485	C
MT194488	C
MT194489	C
MT194490	C
MT194491	C
MT194492	C
MT194493	C
MT194494	C
MT194495	C
MT194496	C
MT194497	C
MT194498	C
MT194600	C
MT194601	C
MT194602	C
MT194603	C
MT194604	C
MT194605	C
MT194606	C
MT194607	C
MT194608	C
MT194609	C
MT194610	C
MT194738	C
MT194739	C
MT194740	C
MT194741	C
MT194742	C
MT194743	C
MT194744	C
MT194745	C
MT194746	C
MT194747	C
MT194748	C
MT194749	C
MT194782	C
MT194792	C
MT194854	C
MT194855	C
MT194856	C
MT194857	C
MT194858	C
MT194859	C
MT194860	C
MT194861	C
MT194862	C
MT194863	C
MT194864	C
MT194865	C
MT194866	C
MT194867	C
MT194868	C
MT194869	C
MT194870	C
MT194871	C
MT194974	C
MT194983	C
MT194984	C
MT194985	C
MT194986	C
MT194987	C
MT194988	C
MT194989	C
MT194990	C
MT194991	C
MT194992	C
MT195134	C
MT195135	C
MT195136	C
MT195137	C
MT195138	C
MT195139	C
MT195140	C
MT195141	C
MT195142	C
MT195143	C
MT195144	C
MT195145	C
MT195146	C
MT195147	C
MT195148	C
MT195149	C
MT195151	C
MT195152	C
MT195153	C
MT195154	C
MT195155	C
MT195156	C
MT195232	C
MT195233	C
MT195234	C
MT195235	C
MT195236	C
MT195237	C
MT195238	C
MT195239	C
MT195240	C
MT195241	C
MT195378	C
MT195387	C
MT195388	C
MT195389	C
MT195390	C
MT195391	C
MT195392	C
MT195393	C
MT195394	C
MT195395	C
MT195396	C
MT195397	C
MT195398	C
MT195399	C
MT195400	C
MT195401	C
MT195402	C
MT195403	C
MT195493	C
MT195494	C
MT195495	C
MT195496	C
MT195497	C
MT195498	C
MT195499	C
MT195500	C
MT195501	C
MT195502	C
MT195503	C
MT195504	C
MT195505	C
MT195506	C
MT195507	C
MT195508	C
MT195509	C
MT195510	C
MT195511	C
MT195512	C
MT195513	C
MT195514	C
MT195515	C
MT195527	C
MT222937	02_AG
MT222942	A1
MT222944	A6
MT222945	A6
MT222946	A6
MT222947	A6
MT222948	A6
MT222949	A6
MT222951	B
MT222952	B
MT222953	F1
MT222954	01_AE
MT222955	01_AE
MT222956	01_AE
MT222957	01_AE
MT222958	C
MT222959	C
MT222960	C
MT222961	02_AG
MT224125	B
MT224126	B
MT224127	B
MT318157	A6
MT334907	A6
MT334908	A6
MT334909	A6
MT334910	A6
MT334911	A6
MT334912	A6
MT334913	A6
MT334915	A6
MT334916	A6
MT334918	A6
MT334919	A6
MT334920	A6
MT334921	A6
MT334923	63_02A6
MT334924	A6
MT334925	A6
MT334926	A6
MT334927	A6
MT334928	A6
MT334929	A6
MT334930	A6
MT334931	A6
MT334932	A6
MT347590	01_AE
MT347678	C
MT347679	C
MT347680	C
MT347681	C
MT349406	G
MT349407	G
MT349409	02_AG
MT349411	02_AG
MT349414	02_AG
MT349415	02_AG
MT349418	A1
MT349419	02_AG
MT369950	A6
MT369951	A6
MT369952	A6
MT369953	A6
MT369955	A6
MT369956	A6
MT369957	A6
MT369958	A6
MT369960	A6
MT369961	A6
MT369963	A6
MT369964	A6
MT369965	A6
MT369966	A6
MT369967	A6
MT369968	A6
MT369970	A6
MT369972	A6
MT369973	A6
MT369974	A6
MT369975	A6
MT369977	A6
MT369978	A6
MT369980	A6
MT369982	A6
MT369983	A6
MT369984	A6
MT369985	63_02A6
MT369987	A6
MT369988	63_02A6
MT369989	A6
MT369990	A6
MT369991	63_02A6
MT369993	A6
MT369994	A6
MT369995	A6
MT369997	A6
MT369998	A6
MT369999	A6
MT370000	A6
MT370001	A6
MT370002	A6
MT370003	A6
MT370005	A6
MT370006	A6
MT370007	A6
MT370008	A6
MT417738	02_AG
MT417739	B
MT417740	B
MT417744	B
MT417747	F1
MT417748	F1
MT417749	B
MT417751	B
MT417752	B
MT417753	B
MT417754	B
MT417759	B
MT417760	B
MT417761	B
MT417762	F1
MT417763	F1
MT417764	F1
MT417765	F1
MT417766	B
MT417767	B
MT417768	B
MT417769	F1
MT417771	B
MT417772	B
MT458931	B
MT458932	B
MT458933	B
MT458934	B
MT458935	B
MT559045	B
MT559046	B
MT559048	B
MT559049	B
MT559050	B
MT559051	B
MT559052	B
MT559054	B
MT559056	B
MT559059	B
MT559060	B
MT559062	B
MT559064	B
MT559065	B
MT559066	B
MT582420	B
MT582421	B
MT582424	B
MT624753	01_AE
MT624756	01_AE
MT624757	01_AE
MT635140	01_AE
MT635144	B
MT635146	01_AE
MT635149	01_AE
MT635150	01_AE
MT635151	01_AE
MT635154	01_AE
MT635155	01_AE
MT635157	01_AE
MT635158	01_AE
MT635160	01_AE
MT635161	01_AE
MT635164	01_AE
MT635166	01_AE
MT635167	01_AE
MT635168	01_AE
MT635169	01_AE
MT635170	01_AE
MT635171	07_BC
MT635174	01_AE
MT635175	01_AE
MT679553	B
MT744335	B
MT744336	B
MT744337	B
MT744338	B
MT744339	B
MT744340	B
MT744344	B
MT744345	B
MT744346	B
MT744347	B
MT744348	B
MT744349	B
MT744350	B
MT744351	B
MT744353	B
MT744354	B
MT744355	B
MT744356	B
MT745568	B
MT745569	B
MT745570	B
MT745571	B
MT745572	B
MT745573	B
MT745574	B
MT745575	B
MT745576	B
MT745577	B
MT794005	B
MT794006	B
MT794040	B
MT794041	B
MT794042	B
MT794043	B
MT794044	B
MT794045	B
MT794046	B
MT794047	B
MT794048	B
MT794049	B
MT794050	B
MT794051	B
MT794052	B
MT794053	B
MT794054	B
MT794055	B
MT794056	B
MT794057	B
MT794058	B
MT794059	B
MT794060	B
MT794061	B
MT794062	B
MT794063	B
MT794064	B
MT794067	B
MT794068	B
MT794069	B
MT794070	B
MT794075	B
MT794076	B
MT794077	B
MT794078	B
MT794079	B
MT794080	B
MT794081	B
MT794082	B
MT794083	B
MT794084	B
MT794085	B
MT794086	B
MT794087	B
MT794089	B
MT794090	B
MT794091	B
MT794092	B
MT794093	B
MT794094	B
MT794095	B
MT794096	B
MT794190	B
MT794191	B
MT794192	B
MT794193	B
MT794194	B
MT794195	B
MT794196	B
MT794197	B
MT794202	B
MT794203	B
MT794206	B
MT794207	B
MT794208	B
MT794210	B
MT794211	B
MT794212	B
MT794214	B
MT794216	B
MT794218	B
MT794219	B
MT794220	B
MT794221	B
MT794224	B
MT794225	B
MT794226	B
MT794227	B
MT794229	B
MT794231	B
MT794232	B
MT794233	B
MT794234	B
MT794235	B
MT794236	B
MT794237	B
MT794238	B
MT794239	B
MT794240	B
MT794241	B
MT794242	B
MT794243	B
MT794244	B
MT794245	B
MT794246	B
MT794570	B
MT794571	B
MT794621	B
MT794622	B
MT794623	B
MT794624	B
MT794625	B
MT794626	B
MT794627	B
MT794628	B
MT794629	B
MT794630	B
MT794631	B
MT794632	B
MT794633	B
MT794634	B
MT794635	B
MT794636	B
MT794637	B
MT794638	B
MT794639	B
MT794640	B
MT794641	B
MT794642	B
MT794643	B
MT794645	B
MT794647	B
MT794648	B
MT794649	B
MT794650	B
MT794800	B
MT794801	B
MT794802	B
MT794803	B
MT794804	B
MT794805	B
MT794806	B
MT794859	B
MT794860	B
MT794861	B
MT794862	B
MT794863	B
MT794864	B
MT794865	B
MT794866	B
MT794867	B
MT794868	B
MT794870	B
MT794872	B
MT794875	B
MT794879	B
MT794880	B
MT794881	B
MT794882	B
MT794883	B
MT794884	B
MT794893	B
MT794898	B
MT794911	B
MT794912	B
MT877447	02_AG
MT877448	02_AG
MT877449	B
MT877450	B
MT877451	B
MT877452	B
MT877453	B
MT877454	B
MT929372	B
MT929373	B
MT929374	B
MT929375	B
MT929376	B
MT929377	B
MT929378	B
MT929379	B
MT929380	B
MT929381	B
MT929382	B
MT929383	B
MT929384	B
MT929385	B
MT929386	B
MT929387	B
MT929388	B
MT929389	B
MT929390	B
MT929391	B
MT929392	B
MT929393	B
MT929394	B
MT929395	B
MT929396	B
MT929397	B
MT929398	B
MT929399	B
MT929400	B
MT929416	B
MT929417	B
MT929418	B
MT929419	B
MT929420	B
MT929422	B
MT929423	B
MT929425	B
MT929427	B
MT929429	B
MT929430	B
MT929435	B
MT929442	B
MT929443	B
MT929444	B
MT929445	B
MT929446	B
MT929447	B
MT929448	B
MT929449	B
MT929450	B
MT929451	B
MT929452	B
MT942708	A1
MT942709	A1
MT942710	A1
MT942711	A1
MT942712	C
MT942713	C
MT942714	C
MT942715	C
MT942716	C
MT942717	C
MT942718	C
MT942719	C
MT942720	C
MT942721	A1
MT942722	A1
MT942723	A1
MT942724	A1
MT942725	A1
MT942726	A1
MT942727	A1
MT942728	A1
MT942745	A1
MT942746	A1
MT942747	A1
MT942748	A1
MT942749	A1
MT942750	A1
MT942751	A1
MT942764	A1
MT942765	A1
MT942766	A1
MT942767	A1
MT942768	A1
MT942769	A1
MT942770	A1
MT942771	A1
MT942772	A1
MT942773	A1
MT942774	A1
MT942775	A1
MT942776	A1
MT942777	A1
MT942778	A1
MT942779	A1
MT942780	A1
MT942781	A1
MT942782	A1
MT942783	A1
MT942784	A1
MT942785	A1
MT942786	A1
MT942787	A1
MT942788	A1
MT942789	A1
MT942790	A1
MT942791	A1
MT942792	A1
MT942793	A1
MT942794	A1
MT942795	A1
MT942796	A1
MT942797	A1
MT942798	A1
MT942799	A1
MT942800	A1
MT942807	A1
MT942808	A1
MT942809	A1
MT942810	A1
MT942812	A1
MT942813	A1
MT942814	A1
MT942815	A1
MT942816	A1
MT942817	A1
MT942818	A1
MT942819	A1
MT942820	A1
MT942821	A1
MT942822	A1
MT942823	A1
MT942824	A1
MT942825	A1
MT942826	A1
MT942827	A1
MT942828	A1
MT942829	A1
MT942830	A1
MT942831	A1
MT942832	A1
MT942833	A1
MT942834	A1
MT942835	A1
MT942836	A1
MT942838	A1
MT942839	A1
MT942842	A1
MT942843	A1
MT942844	A1
MT942845	A1
MT942846	A1
MT942847	A1
MT942848	A1
MT942849	A1
MT942850	A1
MT942851	A1
MT942852	A1
MT942853	A1
MT942854	A1
MT942855	A1
MT942856	A1
MT942857	A1
MT942858	A1
MT942859	A1
MT942860	A1
MT942861	A1
MT942862	A1
MT942863	A1
MT942864	A1
MT942865	A1
MT942866	A1
MT942867	C
MT942868	C
MT942869	C
MT942870	C
MT942871	C
MT942872	C
MT942873	C
MT942874	C
MT942875	A1
MT942876	A1
MT942877	A1
MT942878	A1
MT942879	A1
MT942880	A1
MT942881	A1
MT942882	A1
MT942883	A1
MT942884	A1
MT942885	A1
MT942886	A1
MT942887	A1
MT942888	A1
MT942889	A1
MT942890	A1
MT942891	A1
MT942892	A1
MT942893	A1
MT942894	A1
MT942895	A1
MT942896	A1
MT942897	A1
MT942898	A1
MT942915	A1
MT942917	A1
MT942918	A1
MT942919	A1
MT942920	A1
MT942921	A1
MT942922	A1
MT942923	A1
MT942924	A1
MT942925	A1
MT942926	A1
MT942927	A1
MT942928	A1
MT942929	A1
MT942930	A1
MT942931	A1
MT942932	A1
MT942933	A1
MT942934	A1
MT942935	A1
MT942936	A1
MT942937	A1
MT942938	A1
MT942939	A1
MT942941	A1
MT942942	A1
MT942943	A1
MT942944	A1
MT942945	A1
MT942946	A1
MT942947	A1
MT942948	A1
MT942949	A1
MT942950	A1
MT942951	A1
MT942952	A1
MT942953	A1
MT942954	A1
MT942955	A1
MT942956	A1
MT942957	A1
MT942958	A1
MT942959	A1
MT942960	A1
MW006058	D
MW006065	D
MW006068	D
MW006072	D
MW006073	D
MW006076	D
MW006078	D
MW006081	D
MW062966	B
MW062967	B
MW062968	B
MW062969	B
MW062970	B
MW062971	B
MW062972	B
MW062973	20_BG
MW062974	20_BG
MW062975	20_BG
MW062976	20_BG
MW062977	20_BG
MW062978	20_BG
MW062979	20_BG
MW062980	20_BG
MW062981	20_BG
MW062982	20_BG
MW062983	20_BG
MW062984	20_BG
MW062985	20_BG
MW062986	20_BG
MW062987	20_BG
MW062988	20_BG
MW062989	20_BG
MW062990	20_BG
MW062991	20_BG
MW062992	B
MW062993	B
MW062994	B
MW062995	B
MW062996	B
MW062997	B
MW062998	B
MW062999	B
MW063006	B
MW063007	B
MW063008	B
MW063009	B
MW063010	B
MW063011	B
MW063012	B
MW063013	B
MW063014	B
MW063015	B
MW063016	B
MW063017	B
MW063018	B
MW063019	B
MW063020	B
MW063021	B
MW063022	B
MW063023	B
MW063024	B
MW063025	B
MW063026	B
MW063027	B
MW063028	B
MW063029	B
MW063030	B
MW063031	B
MW063032	B
MW063033	B
MW063034	B
MW063035	B
MW063036	B
MW063037	B
MW063038	B
MW063039	B
MW063040	B
MW063041	B
MW063042	B
MW063043	B
MW063044	B
MW063045	B
MW063046	B
MW063047	B
MW063048	B
MW063049	B
MW063050	B
MW063051	B
MW063052	B
MW063053	B
MW063054	B
MW063055	B
MW063056	B
MW063057	B
MW063058	B
MW063059	B
MW063060	B
MW063061	B
MW063062	B
MW063063	B
MW063064	B
MW063065	B
MW063066	B
MW063067	B
MW063068	B
MW063069	B
MW063070	B
MW063071	B
MW063072	B
MW063073	B
MW063074	B
MW063075	B
MW063076	B
MW063077	B
MW063078	B
MW063079	B
MW063080	B
MW063081	B
MW063082	B
MW063083	B
MW063084	B
MW063085	B
MW063086	B
MW063087	B
MW063088	B
MW063089	B
MW063090	B
MW063091	B
MW063092	B
MW063093	B
MW063094	B
MW063095	B
MW063096	B
MW063097	B
MW063098	B
MW063099	B
MW063100	B
MW063101	B
MW063107	B
MW079292	01_AE
MW079294	01_AE
MW079300	01_AE
MW079301	01_AE
MW079302	01_AE
MW079303	01_AE
MW079304	01_AE
MW079306	01_AE
MW262767	B
MW262768	B
MW262769	B
MW262770	B
MW262771	C
MW262774	C
MW262775	C
MW262776	B
MW262777	B
MW262778	B
MW262779	B
MW262780	B
MW309889	B
MW309891	B
MW405324	B
MW405325	B
MW405326	B
MW405327	B
MW405328	B
MW405329	B
MW405330	B
MW405331	B
MW405332	B
MW405333	B
MW405334	B
MW405336	B
MW405337	B
MW405339	D
MW405340	D
MW405341	D
MW405342	D
MW443147	A1
MW443148	A1
MW443149	A1
MW443150	A1
MW443151	A1
MW443152	A1
MW443153	A1
MW443154	A1
MW443155	A1
MW443156	A1
MW443157	A1
MW443158	A1
MW443159	A1
MW443160	A1
MW443161	A1
MW443163	A1
MW443164	A1
MW443165	A1
MW443166	A1
MW443187	C
MW443188	C
MW443189	C
MW443190	C
MW443191	C
MW443192	C
MW443193	C
MW443194	C
MW443195	C
MW443196	C
MW443197	01_AE
MW443199	01_AE
MW443200	01_AE
MW443201	01_AE
MW443202	01_AE
MW443203	01_AE
MW443204	01_AE
MW443205	01_AE
MW443206	01_AE
MW443207	01_AE
MW443208	01_AE
MW443209	01_AE
MW443210	01_AE
MW443211	01_AE
MW443212	01_AE
MW443213	01_AE
MW443214	01_AE
MW443215	01_AE
MW443216	01_AE
MW443217	01_AE
MW443218	01_AE
MW443219	01_AE
MW443221	01_AE
MW443222	01_AE
MW443223	01_AE
MW443224	01_AE
MW443225	01_AE
MW689459	B
MW689460	B
MW689461	B
MW689463	B
MW689464	B
MW689465	B
MW689466	B
MW689467	B
MW689468	B
MW689469	B
MW753234	B
MW753241	B
MW753667	B
MW753750	B
MW753762	B
MW753847	B
MW753853	B
MW753876	B
MW753881	B
MW753935	B
MW753942	B
MW753946	B
MW753948	B
MW753950	B
MW753952	B
MW754142	B
MW754182	B
MW754187	B
MW754193	B
MW754207	B
MW754212	B
MW754213	B
MW754222	B
MW754228	B
MW754233	B
MW754236	B
MW754250	B
MW754251	B
MW754261	B
MW754304	B
MW754307	B
MW754325	B
MW754335	B
MW754338	B
MW754340	B
MW754347	B
MW754352	B
MW754356	B
MW754363	B
MW754365	B
MW754370	B
MW754371	B
MW754373	B
MW754374	B
MW754375	B
MW754376	B
MW754377	B
MW754379	B
MW754380	B
MW754381	B
MW754382	B
MW754383	B
MW754384	B
MW754385	B
MW754386	B
MW754387	B
MW754388	B
MW754389	B
MW754390	B
MW754391	B
MW754392	B
MW754393	B
MW754394	B
MW754395	B
MW754399	B
MW754400	B
MW754401	B
MW754402	B
MW754405	B
MW754406	B
MW754407	B
MW754408	B
MW754409	B
MW754411	B
MW754412	B
MW754413	B
MW754414	B
MW754416	B
MW754422	B
MW754423	B
MW754427	B
MW754429	B
MW754432	B
MW754433	B
MW754444	B
MW754450	B
MW754453	B
MW754458	B
MW754459	B
MW754460	B
MW754461	B
MW754462	B
MW754465	B
MW754468	B
MW754472	B
MW754474	B
MW754475	B
MW754478	B
MW754480	B
MW754481	B
MW754484	B
MW754487	B
MW754488	B
MW754490	B
MW754491	B
MW881609	D
MW881652	B
MW881659	B
MW881660	B
MW881665	B
MW881676	B
MW881680	B
MW881681	B
MW881686	B
MW881690	B
MW881692	B
MW881698	B
MW881699	B
MW881700	B
MW881701	B
MW881703	B
MW881706	B
MW881707	B
MW881708	B
MW881709	B
MW881710	B
MW881711	B
MW881713	B
MW881716	B
MW881717	B
MW881718	B
MW881719	B
MW881720	B
MW881722	B
MW881723	B
MW881724	B
MW881725	B
MW881726	B
MW881735	B
MW881741	B
MW881742	B
MW881743	B
MW881745	B
MW881746	B
MW881747	B
MW881748	B
MW881751	B
MW881752	B
MW881754	B
MW881755	B
MW881757	B
MW881758	B
MW881759	B
MW881762	B
MW881764	B
MW881765	B
MW881766	B
MW881768	B
MW881769	B
MW881770	B
MW924797	B
MW924798	B
MW924802	B
MW924804	B
MW924805	B
MW924806	B
MW924809	B
MW924812	B
MW924814	B
MZ041280	B
MZ041281	B
MZ041282	B
MZ041291	B
MZ041306	B
MZ041307	B
MZ041318	B
MZ041322	B
MZ041328	B
MZ041329	B
MZ041335	B
MZ041340	B
MZ041341	B
MZ041343	B
MZ041344	B
MZ041345	B
MZ041346	B
MZ041347	B
MZ041348	B
MZ041351	B
MZ041352	B
MZ041354	B
MZ041355	B
MZ041356	B
MZ041357	B
MZ041358	B
MZ041359	B
MZ041361	B
MZ041362	B
MZ041363	B
MZ041364	B
MZ041366	B
MZ041367	B
MZ041368	B
MZ041369	B
MZ041370	B
MZ041371	B
MZ041381	B
MZ041383	B
MZ041391	B
MZ041392	B
MZ041397	B
MZ041399	B
MZ041410	B
MZ041412	B
MZ041419	B
MZ041421	B
MZ041424	B
MZ041437	B
MZ041438	B
MZ041439	B
MZ041442	B
MZ041444	B
MZ041445	B
MZ041446	B
MZ041448	B
MZ041464	B
MZ041468	B
MZ041477	B
MZ041482	B
MZ041483	B
MZ041494	B
MZ041499	B
MZ041513	B
MZ041517	B
MZ041525	B
MZ041636	B
MZ041638	B
MZ041647	B
MZ080640	B
MZ080651	B
MZ080662	B
MZ080663	B
MZ080664	B
MZ080665	B
MZ080666	B
MZ080667	B
MZ080670	B
MZ080676	B
MZ080677	B
MZ080684	B
MZ080693	B
MZ080695	B
MZ080697	B
MZ080701	B
MZ080720	B
MZ080738	B
MZ080747	B
MZ080751	B
MZ080753	B
MZ080880	B
MZ080968	B
MZ080970	B
MZ327294	A6
MZ327295	63_02A6
MZ359100	01_AE
MZ359150	B
MZ427699	B
MZ427702	B
MZ427703	B
MZ427705	63_02A6
MZ427707	B
MZ427708	B
MZ427709	63_02A6
MZ427710	A6
MZ427713	B
MZ427714	B
MZ427717	A6
MZ427718	B
MZ427719	B
MZ427720	A6
MZ427723	A6
MZ427724	B
MZ427726	A6
MZ427727	A6
MZ427728	B
MZ427731	A6
MZ427732	B
MZ427733	A6
MZ427734	A6
MZ427736	B
MZ427738	A6
MZ427739	B
MZ427740	B
MZ427741	B
MZ427743	A6
MZ427744	A6
MZ427745	B
MZ427746	A6
MZ427747	A6
MZ427749	A6
MZ427750	B
MZ427751	02_AG
MZ427753	B
MZ427754	B
MZ427755	A6
MZ427756	A6
MZ427757	A6
MZ427758	A6
MZ427759	A6
MZ427761	B
MZ427762	A6
MZ427763	B
MZ427764	A6
MZ427765	A6
MZ427766	A6
MZ427767	A6
MZ427769	A6
MZ427770	A6
MZ427771	A6
MZ427772	B
MZ427774	B
MZ642260	A1
MZ642261	A1
MZ642262	A1
MZ642263	A1
MZ642264	A1
MZ642266	A1
MZ642267	A1
MZ642269	A1
MZ642273	C
MZ766582	C
MZ766583	C
MZ766584	C
MZ766585	C
MZ766586	C
MZ766587	C
MZ766588	C
MZ766589	C
MZ766590	C
MZ766592	C
MZ766593	C
MZ766594	C
MZ766595	C
MZ766596	C
MZ766597	C
MZ766598	C
MZ766599	C
MZ766600	C
MZ766601	C
MZ766602	C
MZ766603	C
MZ766604	C
MZ766605	C
MZ766606	C
MZ766607	C
MZ766608	C
MZ766609	C
MZ766610	C
MZ766611	C
MZ766612	C
MZ766613	C
MZ766614	C
MZ766615	C
MZ766616	C
MZ766617	C
MZ766618	C
MZ766619	C
MZ766620	C
MZ766621	C
MZ766622	C
MZ766625	C
MZ766626	C
MZ766627	C
MZ766628	C
MZ766629	C
MZ766630	C
MZ766631	C
MZ766632	C
MZ766633	C
MZ766634	C
MZ766635	C
MZ766636	C
MZ766638	C
MZ766639	C
MZ766640	C
MZ766641	C
MZ766642	C
MZ766643	C
MZ766644	C
MZ766645	C
MZ766646	C
MZ766647	C
MZ766648	C
MZ766649	C
MZ766650	C
MZ766651	C
MZ766652	C
MZ766653	C
MZ766654	C
MZ766655	C
MZ766656	C
MZ766657	C
MZ766658	C
MZ766659	C
MZ766660	C
MZ766661	C
MZ766662	C
MZ766663	C
MZ766664	C
MZ766665	C
MZ766666	C
MZ766667	C
MZ766668	C
MZ766669	C
MZ766670	C
MZ766671	C
MZ766672	C
MZ766673	C
MZ766674	C
MZ766675	C
MZ766677	C
MZ766678	C
MZ766679	C
MZ766680	C
MZ766681	C
MZ766683	C
MZ766684	C
MZ766685	C
MZ766686	C
MZ766687	C
MZ766688	C
MZ766689	C
MZ766691	C
MZ766692	C
MZ766693	C
MZ766694	C
MZ766695	C
MZ766696	C
MZ766697	C
MZ766698	C
MZ766699	C
MZ766700	C
MZ766701	C
MZ766702	C
MZ766703	C
MZ766704	C
MZ766705	C
MZ766706	C
MZ766707	C
MZ766708	C
MZ766709	C
MZ766710	C
MZ766711	C
MZ766712	C
MZ766713	C
MZ766714	C
MZ766715	C
MZ766716	C
MZ766717	C
MZ766718	C
MZ766719	C
MZ766720	C
MZ766721	C
MZ766722	C
MZ766723	C
MZ766724	C
MZ766725	C
MZ766726	C
MZ766727	C
MZ766728	C
MZ766729	C
MZ766731	C
MZ766732	C
MZ766733	C
MZ766734	C
MZ766735	C
MZ766736	C
MZ766737	C
MZ766738	C
MZ766739	C
MZ766740	C
MZ766741	C
MZ766742	C
MZ766743	C
MZ766744	C
MZ766745	C
MZ766746	C
MZ766747	C
MZ766748	C
MZ766750	C
MZ766751	C
MZ766752	C
MZ766822	C
MZ766825	C
MZ766826	C
MZ766828	C
MZ766829	C
MZ868395	B
MZ868428	B
MZ868454	B
MZ868458	B
MZ868460	B
MZ868467	B
MZ868471	B
MZ868474	B
MZ868487	B
MZ868491	B
MZ868492	B
MZ868493	B
MZ868494	B
MZ868495	B
MZ922480	B
MZ922481	B
MZ922482	B
MZ922483	B
MZ922484	B
MZ922485	B
MZ922486	B
MZ922487	B
MZ922488	B
MZ922489	B
MZ922490	B
MZ922491	B
MZ922492	B
MZ922493	B
MZ922494	B
MZ922495	B
MZ922496	B
MZ922497	B
MZ922498	B
MZ922499	B
MZ922500	B
MZ922501	B
MZ922502	B
MZ922503	B
MZ922504	B
MZ922505	B
MZ922506	B
MZ922507	B
MZ922508	B
MZ922509	B
MZ922510	B
MZ922511	B
MZ922512	B
MZ922513	B
MZ922514	B
MZ922515	B
MZ922516	B
MZ922517	B
MZ922518	B
MZ922519	B
MZ922520	B
MZ922521	B
MZ922522	B
MZ922523	B
MZ922524	B
MZ922525	B
MZ922526	B
MZ922527	B
MZ922528	B
MZ922529	B
MZ922530	B
MZ922531	B
MZ922532	B
MZ922533	B
MZ922534	B
MZ922535	B
MZ922536	B
MZ922537	B
MZ922538	B
MZ922539	B
MZ922540	B
MZ922541	B
MZ922542	B
MZ922543	B
MZ922544	B
MZ922545	B
MZ922546	B
MZ922547	B
MZ922548	B
MZ922549	B
MZ922550	B
MZ922551	B
MZ922552	B
MZ922553	B
MZ922554	B
MZ922555	B
MZ922556	B
MZ922557	B
MZ922558	B
MZ922559	B
MZ922564	B
MZ922573	B
MZ922574	B
MZ922580	B
MZ922602	B
MZ922603	B
MZ922635	B
MZ922641	B
MZ922642	B
MZ922679	B
MZ922717	B
MZ922791	B
MZ922802	B
MZ922813	B
MZ922849	B
MZ922853	B
MZ922918	B
MZ922934	B
MZ922982	B
OK514771	B
OK532539	B
OK532540	B
OK532541	B
OK532542	B
OK532543	B
OK532544	B
OK532546	B
OK532547	B
OK532548	B
OK532549	B
OK532550	B
OK532551	B
OK532552	B
OK532553	B
OK532554	B
OK532555	B
OK532556	B
OK532558	B
OK532559	B
OK532560	B
OK532561	B
OK532562	B
OK532563	B
OK532564	B
OK532565	B
OK532566	B
OK532567	B
OK532568	B
OK532569	B
OK532571	B
OK532572	B
OK532573	B
OK532574	B
OK532575	B
OK532576	B
OK532577	B
OK532578	B
OK532579	B
OK532580	B
OK532581	B
OK532582	B
OK532583	B
OK532584	B
OK532585	B
OK532586	B
OK532587	B
OK532588	B
OK532590	B
OK532591	B
OK532592	B
OK532593	B
OK532594	B
OK532595	B
OK532596	B
OK532597	B
OK532598	B
OK532600	B
OK532601	B
OK532602	B
OK532603	B
OK532604	B
OK532605	B
OK532607	B
OK532608	B
OK532609	B
OK532610	B
OK532611	B
OK532720	B
OK532721	B
OK532722	B
OK532723	B
OK532724	B
OK532725	B
OK532726	B
OK532727	B
OK532728	B
OK532729	B
OK532730	B
OK532731	B
OK532732	B
OK532734	B
OK532735	B
OK532736	B
OK532737	B
OK532738	B
OK532739	B
OK532741	B
OK532742	B
OK532743	B
OK532790	B
OK532791	B
OK532792	B
OK532793	B
OK532795	B
OK532796	B
OK532797	B
OK532798	B
OK532799	B
OK532800	B
OK532801	B
OK532802	B
OK532803	B
OK532804	B
OK532805	B
OK532806	B
OK532807	B
OK532811	B
OK532812	B
OK532813	B
OK532814	B
OK532815	B
OK532816	B
OK532817	B
OK532818	B
OK532819	B
OK532820	B
OK532821	B
OK532865	B
OK532866	B
OK532867	B
OK532868	B
OK532869	B
OK532870	B
OK532871	B
OK532872	B
OK532873	B
OK532874	B
OK532875	B
OK532876	B
OK532877	B
OK532878	B
OK532879	B
OK532880	B
OK532881	B
OK532882	B
OK532884	B
OK532885	B
OK532886	B
OK532887	B
OK532888	B
OK532889	B
OK532890	B
OK532891	B
OK532892	B
OK532893	B
OK532894	B
OK532895	B
OK532896	B
OK532897	B
OK532898	B
OK532899	B
OK532900	B
OK532901	B
OK532902	B
OK532903	B
OK532904	B
OK532905	B
OK532906	B
OK532907	B
OK532908	B
OK532960	B
OK532961	B
OK532962	B
OK532963	B
OK532964	B
OK532965	B
OK532966	B
OK532967	B
OK532968	B
OK532969	B
OK532970	B
OK532972	B
OK532973	B
OK532975	B
OK532976	B
OK532977	B
OK532978	B
OK532979	B
OK532980	B
OK532981	B
OK532982	B
OK532983	B
OK532984	B
OK532986	B
OK532987	B
OK532988	B
OK532989	B
OK532991	B
OK532992	B
OK532993	B
OK532994	B
OK532997	B
OK532998	B
OK533000	B
OK533001	B
OK533002	B
OK533003	B
OK533004	B
OK533006	B
OK533007	B
OK533008	B
OK533010	B
OK533011	B
OK533012	B
OK533013	B
OK533014	B
OK533015	B
OK533016	B
OK533017	B
OK533018	B
OK533019	B
OK533020	B
OK533021	B
OK533022	B
OK533023	B
OK533024	B
OK533025	B
OK533026	B
OK533028	B
OK533029	B
OK649265	C
OK649266	C
OK649267	C
OK649268	C
OK649269	C
OK649270	C
OK649271	C
OK649272	C
OK649273	C
OK649274	C
OK649275	C
OK649276	C
OK649277	C
OK649278	C
OK649279	C
OK649280	C
OK649281	C
OK649282	C
OK649283	C
OK649284	C
OK649285	C
OK649286	C
OK649287	C
OK649288	C
OK649289	C
OK649290	C
OK649291	C
OK649292	C
OK649293	C
OK649294	C
OK649295	C
OL446078	B
OL519774	B
OL872744	B
OL872745	B
OL872746	B
OL872747	B
OL872748	B
OL872749	B
OL872750	B
OL872751	B
OL872752	B
OL872753	B
OL872850	B
OM209341	B
OM209342	B
OM209343	B
OM209344	B
OM209345	B
OM209346	B
OM209347	B
OM209348	B
OM209349	B
OM209350	B
OM209351	B
OM209352	B
OM209353	B
OM209354	B
OM209355	B
OM209356	B
OM209357	B
OM209358	B
OM209359	B
OM209360	B
OM209361	B
OM209362	B
OM209363	B
OM209364	B
OM209365	B
OM209366	B
OM209367	B
OM209368	B
OM209369	B
OM209370	B
OM209371	B
OM209372	B
OM209373	B
OM209374	B
OM209375	B
OM209376	B
OM209377	B
OM209378	B
OM209379	B
OM209380	B
OM209381	B
OM209382	B
OM209383	B
OM209384	B
OM209385	B
OM209386	B
OM209387	B
OM209388	B
OM209389	B
OM209390	B
OM209391	B
OM209392	B
OM209393	B
OM209394	B
OM209395	B
OM209396	B
OM209397	B
OM209398	B
OM209399	B
OM209400	B
OM209401	B
OM209402	B
OM209403	B
OM209404	B
OM209405	B
OM209406	B
OM209407	B
OM209408	B
OM209409	B
OM209410	B
OM209411	B
OM209412	B
OM209413	B
OM209414	B
OM209415	B
OM209416	B
OM209417	B
OM209418	B
OM209419	B
OM209420	B
OM209421	B
OM209422	B
OM209423	B
OM209424	B
OM209425	B
OM209426	B
OM209427	B
OM209428	B
OM209429	B
OM209430	B
OM209431	B
OM209432	20_BG
OM209433	20_BG
OM209434	20_BG
OM209435	20_BG
OM209436	B
OM209437	B
OM209438	B
OM209439	B
OM209440	B
OM209441	B
OM209442	B
OM209443	B
OM209444	B
OM209445	B
OM209446	B
OM209447	B
OM209448	B
OM209449	B
OM209450	B
OM209451	B
OM209452	B
OM209453	B
OM209454	B
OM209455	B
OM209456	B
OM209457	B
OM209458	B
OM209459	B
OM209460	B
OM209461	B
OM209462	B
OM209463	B
OM209464	B
OM209465	B
OM209466	B
OM209467	B
OM209468	B
OM209469	B
OM209470	B
OM209471	B
OM209472	B
OM209473	B
OM209474	B
OM209475	B
OM209476	B
OM209477	B
OM209478	B
OM209479	B
OM209480	B
OM209481	B
OM209482	B
OM209483	B
OM209484	B
OM209485	B
OM209486	B
OM209487	B
OM209488	B
OM209489	B
OM209490	B
OM209491	B
OM209492	B
OM209493	B
OM209494	B
OM209495	B
OM209496	B
OM209497	B
OM209498	B
OM209499	B
OM209501	B
OM209502	B
OM209503	B
OM209504	B
OM209505	B
OM209506	B
OM209507	B
OM209508	B
OM209509	B
OM209510	B
OM209511	B
OM209512	B
OM209513	B
OM209514	B
OM209515	B
OM209516	B
OM209517	B
OM209518	B
OM209519	B
OM209520	B
OM209521	B
OM209522	B
OM209523	B
OM209524	B
OM209525	B
OM209526	B
OM209527	B
OM209528	B
OM209529	B
OM209530	B
OM209531	B
OM209532	B
OM209533	B
OM209534	B
OM209535	B
OM209536	B
OM209537	B
OM209538	B
OM209539	B
OM209540	B
OM209541	B
OM209542	B
OM209543	B
OM209544	B
OM209545	B
OM209546	B
OM209547	B
OM209548	B
OM209549	B
OM209550	B
OM209551	B
OM209552	B
OM209553	B
OM209554	B
OM209555	B
OM209556	B
OM209557	B
OM209558	B
OM209559	B
OM209560	B
OM209561	B
OM209562	B
OM209563	B
OM209564	B
OM209565	B
OM209566	B
OM209567	B
OM209568	B
OM209569	B
OM209570	B
OM209571	B
OM209572	B
OM209573	B
OM209574	B
OM209575	B
OM209576	B
OM209577	B
OM209578	B
OM209579	B
OM209580	B
OM209581	B
OM209582	B
OM209583	B
OM209584	B
OM209585	B
OM209586	B
OM209587	B
OM209588	B
OM209589	B
OM209590	B
OM209591	B
OM209592	B
OM209593	B
OM209594	B
OM209595	B
OM209596	B
OM209597	B
OM209598	B
OM209599	B
OM209600	B
OM209601	B
OM209602	B
OM209603	B
OM209604	B
OM209605	B
OM209606	B
OM209607	B
OM209608	B
OM209609	B
OM209610	B
OM209611	B
OM209612	B
OM209613	B
OM209614	B
OM209615	B
OM209616	B
OM209617	B
OM209618	B
OM209619	B
OM209620	B
OM209621	B
OM209622	B
OM209623	B
OM209624	B
OM209625	B
OM209626	B
OM209627	B
OM209628	B
OM209629	B
OM209630	B
OM209631	B
OM209632	B
OM209633	B
OM209634	B
OM209635	B
OM209636	B
OM209637	B
OM209638	B
OM209639	B
OM209640	B
OM209641	B
OM209642	B
OM209643	B
OM209644	B
OM209645	B
OM209646	B
OM209647	B
OM209648	B
OM209649	B
OM209650	B
OM209652	B
OM209653	B
OM209654	B
OM209655	B
OM209656	B
OM209657	B
OM209658	B
OM209659	B
OM209660	B
OM209661	B
OM209662	B
OM209665	B
OM209668	B
OM209669	B
OM209670	B
OM209673	B
OM209674	B
OM209675	B
OM209676	B
OM209677	B
OM209678	B
OM209679	B
OM209680	B
OM209681	B
OM209682	B
OM209683	B
OM209684	B
OM209685	B
OM209686	B
OM209687	B
OM209688	B
OM209689	B
OM209690	B
OM209691	B
OM209692	B
OM209693	B
OM209694	B
OM209695	B
OM209696	B
OM209697	B
OM209698	B
OM209699	B
OM209700	B
OM209701	B
OM209702	B
OM209703	B
OM209704	B
OM209705	B
OM209706	B
OM209707	B
OM209708	B
OM209709	B
OM209710	B
OM209711	B
OM209714	B
OM209715	B
OM209716	B
OM209717	B
OM209718	B
OM209719	B
OM209720	B
OM209721	B
OM209722	B
OM209723	B
OM209724	B
OM209725	B
OM209726	B
OM209727	B
OM209728	B
OM209729	B
OM209730	B
OM209731	B
OM209732	B
OM209733	B
OM209734	B
OM209735	B
OM209736	B
OM209737	B
OM209738	B
OM209739	B
OM209740	B
OM209741	B
OM209742	B
OM209743	B
OM209744	B
OM209745	B
OM209746	B
OM209747	B
OM209748	B
OM209749	B
OM209750	B
OM209751	B
OM209752	B
OM209753	B
OM209754	B
OM209755	B
OM209756	B
OM209757	B
OM209758	B
OM209759	B
OM209760	B
OM209761	B
OM209762	B
OM209763	B
OM209764	B
OM209765	B
OM209766	B
OM209767	B
OM209768	B
OM209769	B
OM209770	B
OM209771	B
OM209772	B
OM209773	B
OM209774	B
OM209775	B
OM209776	B
OM209777	B
OM209778	B
OM209779	B
OM209780	B
OM209781	B
OM209782	B
OM209783	B
OM209784	B
OM209785	B
OM209786	B
OM209787	B
OM209788	B
OM209789	B
OM209790	B
OM209791	B
OM209792	B
OM209793	B
OM209794	B
OM209795	B
OM209796	B
OM209797	B
OM209798	B
OM209799	B
OM209800	B
OM209801	B
OM209802	B
OM209803	B
OM209804	B
OM209805	B
OM209806	B
OM209807	B
OM209808	B
OM209809	B
OM209810	B
OM209811	B
OM209812	B
OM209813	B
OM209814	B
OM209815	B
OM209816	B
OM209817	B
OM209818	B
OM209819	B
OM209820	B
OM209821	B
OM209822	B
OM209823	B
OM209824	B
OM209825	B
OM209826	B
OM209827	B
OM209828	B
OM209829	B
OM209830	B
OM209831	B
OM209832	B
OM209833	B
OM209834	B
OM209835	B
OM209836	B
OM209837	B
OM209838	B
OM209839	B
OM209840	B
OM209841	B
OM209842	B
OM209843	B
OM209844	B
OM209845	B
OM209846	B
OM209847	B
OM209848	B
OM209849	B
OM209850	B
OM209851	B
OM209852	B
OM209853	B
OM209854	B
OM209855	B
OM209856	B
OM209857	B
OM209858	B
OM209859	B
OM209860	B
OM209861	B
OM209862	B
OM209863	B
OM209864	B
OM209865	B
OM209866	B
OM209867	B
OM209868	B
OM209869	B
OM209870	B
OM209871	B
OM209872	B
OM209873	B
OM209874	B
OM209875	B
OM209876	B
OM209877	B
OM209878	B
OM209879	B
OM209880	B
OM209881	B
OM209882	B
OM209883	B
OM209884	B
OM209885	B
OM209886	B
OM209887	B
OM209888	B
OM209889	B
OM209890	B
OM209891	B
OM209892	B
OM209893	B
OM209894	B
OM209895	B
OM209896	B
OM209897	B
OM209898	B
OM209899	B
OM209900	B
OM209901	B
OM209902	B
OM209903	B
OM209904	B
OM209905	B
OM209906	B
OM209907	B
OM209908	B
OM209909	B
OM209910	B
OM209911	B
OM209912	B
OM209913	B
OM209914	B
OM209915	B
OM209916	B
OM209917	B
OM209918	B
OM209919	B
OM209920	B
OM209921	B
OM209922	B
OM209923	B
OM209924	B
OM209925	B
OM209926	B
OM209927	B
OM209928	B
OM209929	B
OM209930	B
OM209931	B
OM209932	B
OM209933	B
OM209934	B
OM209935	B
OM209936	B
OM209937	B
OM209938	B
OM209939	B
OM209940	B
OM209941	B
OM209942	B
OM209943	B
OM209944	B
OM209945	B
OM209946	B
OM209947	B
OM209948	B
OM209949	B
OM209950	B
OM209951	B
OM209952	B
OM209953	B
OM209954	B
OM209955	B
OM209956	B
OM209957	B
OM209958	B
OM209959	B
OM209960	B
OM209961	B
OM209962	B
OM209963	B
OM209964	B
OM209965	B
OM209966	B
OM209967	B
OM209968	B
OM209969	B
OM209970	B
OM209972	B
OM209973	B
OM209974	B
OM209975	B
OM209976	B
OM209977	B
OM209978	B
OM209979	B
OM209980	B
OM209981	B
OM209982	B
OM209983	B
OM209984	B
OM209985	B
OM209986	B
OM209987	B
OM209988	B
OM209989	B
OM209990	B
OM795243	B
OM795248	B
OM795249	B
OM795250	B
OM795251	B
OM795252	B
OM795253	B
OM795256	B
OM795258	B
OM795262	B
OM795265	B
OM795278	B
OM795280	B
OM795281	B
OM795284	B
OM795285	B
OM795291	B
OM824610	A1
OM824612	A1
OM824613	A1
OM824614	A1
OM824616	A1
OM824619	A1
OM824620	A1
OM824814	A1
OM824815	A1
OM824816	A1
OM824817	A1
OM824819	A1
OM824820	A1
OM824821	A1
OM824822	A1
OM824993	A1
OM824994	A1
OM824995	A1
OM824996	A1
OM824997	A1
OM824998	A1
OM824999	A1
OM825000	A1
OM825001	A1
OM825002	A1
OM825004	D
OM825005	D
OM825006	D
OM825007	D
OM825008	D
OM825009	D
OM825010	D
OM825011	D
OM825012	D
OM825064	A1
OM825065	A1
OM825066	A1
OM825067	A1
OM825069	A1
OM825070	A1
OM825071	A1
OM825072	A1
OM825086	A1
OM825087	A1
OM825089	A1
OM825090	A1
OM825092	A1
OM825093	A1
OM825094	D
OM825095	D
OM825096	D
OM825097	D
OM825098	D
OM825099	D
OM825100	D
OM825101	D
OM825102	D
OM825103	D
OM825104	D
OM825106	D
OM825107	D
OM825108	D
OM825109	D
OM825111	D
OM825112	D
OM825113	D
OM825576	C
OM825577	C
OM825578	C
OM825579	C
OM825580	C
OM825581	C
OM825582	C
OM825583	C
OM825584	C
OM825586	C
OM825587	C
OM825588	C
OM825589	C
OM825590	C
OM825591	C
OM825592	C
OM825593	C
OM825594	C
OM825595	C
OM825596	C
OM825597	C
OM825598	C
OM825599	C
OM825600	C
OM825602	C
OM825603	C
OM825604	C
OM825605	C
OM825636	A1
OM825637	A1
OM825638	A1
OM825640	A1
OM825641	A1
OM825642	A1
OM825643	A1
OM825645	A1
OM825647	A1
OM825650	A1
OM825651	A1
OM825652	A1
OM825653	A1
OM825654	A1
OM825655	A1
OM825656	C
OM825657	C
OM825658	C
OM825659	C
OM825660	C
OM825661	C
OM825662	C
OM825663	C
OM825686	C
OM825687	C
OM825688	C
OM825689	C
OM825690	C
OM825691	C
OM825692	C
OM825693	C
OM825694	C
OM825695	C
OM825696	C
OM825697	C
OM825698	C
OM825699	C
OM825700	C
OM825701	C
OM825702	C
OM825703	C
OM825704	C
OM825705	C
OM825856	01_AE
OM825857	01_AE
OM825858	01_AE
OM825859	01_AE
OM825860	01_AE
OM825861	01_AE
OM825862	01_AE
OM825863	01_AE
OM825864	01_AE
OM825865	01_AE
OM826178	01_AE
OM826179	01_AE
OM826180	01_AE
OM826181	01_AE
OM826182	01_AE
OM826183	01_AE
OM826184	01_AE
OM826185	01_AE
OM826186	01_AE
OM826187	01_AE
OM826189	01_AE
OM826190	01_AE
OM826191	01_AE
OM826192	01_AE
OM826193	01_AE
OM826194	01_AE
OM826195	01_AE
OM826327	01_AE
OM826328	01_AE
OM826329	01_AE
OM826330	01_AE
OM826331	01_AE
OM826332	01_AE
OM826333	01_AE
OM826334	01_AE
OM826335	01_AE
OM826336	01_AE
OM826397	01_AE
OM826398	01_AE
OM826399	01_AE
OM826400	01_AE
OM826401	01_AE
OM826402	01_AE
OM826403	01_AE
OM826404	01_AE
OM826405	01_AE
OM826406	01_AE
OM826417	01_AE
OM826418	01_AE
OM826419	01_AE
OM826420	01_AE
OM826422	01_AE
OM826423	01_AE
OM826425	01_AE
OM826426	01_AE
OM826770	01_AE
OM826771	01_AE
OM826772	01_AE
OM826774	01_AE
OM826775	01_AE
OM826778	01_AE
OM826779	01_AE
ON015114	B
ON015134	B
ON015135	B
ON015137	B
ON015140	B
ON015175	B
ON015178	B
ON015179	B
ON015180	B
ON015183	B
ON015184	B
ON015185	B
ON015209	B
ON015211	B
ON015214	B
ON015215	B
ON015216	B
ON015217	B
ON015218	B
ON015219	B
ON015220	B
ON015221	B
ON015228	B
ON015229	B
ON015233	B
ON015237	B
ON015241	B
ON015266	B
ON421462	B
ON421463	B
ON421464	B
ON421465	B
ON421466	B
ON421467	B
ON421468	B
ON421469	B
ON421471	B
ON421472	B
ON421473	B
ON421475	B
ON421477	B
ON421478	B
ON421479	B
ON421480	B
ON421498	B
ON421499	B
ON421500	B
ON421501	B
ON421502	B
ON421503	B
ON421504	B
ON421505	B
ON421506	B
ON421507	B
ON421508	B
ON421509	B
ON421510	B
ON421511	B
ON421512	B
ON816029	B
ON816030	B
ON816031	B
ON816032	B
ON816033	B
ON816034	B
ON816035	B
ON816036	B
ON816037	B
ON816038	B
ON816039	B
ON816040	B
ON816041	B
ON816042	B
ON816044	B
ON816045	B
ON816046	B
ON816047	B
ON816048	B
ON816049	B
ON816050	B
ON816051	B
ON816052	B
ON816053	B
ON816054	B
ON816055	B
ON816056	B
ON816057	B
ON816058	B
ON816060	B
ON816061	B
ON816062	B
ON816063	B
ON816065	B
ON816066	B
ON816067	B
ON816068	B
ON816069	B
ON816070	B
ON816071	B
ON816072	B
ON816073	B
ON816074	B
ON816075	B
ON816076	B
ON816077	B
ON816078	B
ON816079	B
ON816086	B
ON816155	B
ON816156	B
ON816159	B
ON816175	B
ON816181	B
ON816185	B
ON816189	B
ON816193	B
ON816203	B
ON816258	B
ON816259	B
ON816260	B
ON816261	B
ON816262	B
ON816263	B
ON816264	B
ON816265	B
ON816266	B
ON816267	B
ON816268	B
ON816269	B
ON816270	B
ON816271	B
ON816273	B
ON816274	B
ON816275	B
ON816277	B
ON816278	B
ON816280	B
ON816281	B
ON816283	B
ON816284	B
ON816286	B
ON816287	B
ON816288	B
ON816289	B
ON816290	B
ON816291	B
ON816292	B
ON816293	B
ON816294	B
ON816295	B
ON816296	B
ON816297	B
ON816298	B
ON816299	B
ON816301	B
ON816302	B
ON816303	B
ON816304	B
ON816305	B
ON816306	B
ON816307	B
ON816327	B
ON816363	B
ON816368	B
ON816369	B
ON816371	B
ON816372	B
ON816373	B
ON816378	B
ON816388	B
ON816390	B
ON816391	B
ON816393	B
ON816401	B
ON816415	B
ON816426	B
ON816428	B
ON816440	B
ON816441	B
ON816445	B
ON816446	B
ON816449	B
ON816451	B
ON816453	B
ON816454	B
ON816455	B
ON816456	B
ON816457	B
ON816458	B
ON816459	B
ON816460	B
ON816461	B
ON816462	B
ON816464	B
ON816465	B
ON816466	B
ON816467	B
ON816468	B
ON816469	B
ON816471	B
ON816472	B
ON816474	B
ON816475	B
ON816476	B
ON816477	B
ON816479	B
ON816480	B
ON816481	B
ON816482	B
ON816483	B
ON816484	B
ON816486	B
ON816487	B
ON816488	B
ON816491	B
ON816493	B
ON816494	B
ON816495	B
ON816496	B
ON816497	B
ON816498	B
ON816500	B
ON816501	B
ON816502	B
ON816503	B
ON816504	B
ON816506	B
ON816507	B
ON816511	B
ON816512	B
ON816515	B
ON816518	B
ON816519	B
ON816523	B
ON816526	B
ON816527	B
ON816529	B
ON816530	B
ON816531	B
ON816532	B
ON816534	B
ON816535	B
ON816537	B
ON816538	B
ON816540	B
ON816542	B
ON816543	B
ON816544	B
ON816547	B
ON816550	B
ON816554	B
ON816556	B
ON816558	B
ON816560	B
ON816564	B
ON816565	B
ON816567	B
ON816568	B
ON816570	B
ON816571	B
ON816573	B
ON816574	B
ON816575	B
ON816576	B
ON816577	B
ON816579	B
ON816580	B
ON816582	B
ON816583	B
ON816584	B
ON816585	B
ON816586	B
ON816587	B
ON816600	B
ON816603	B
ON816606	B
ON816608	B
ON816616	B
ON816624	B
ON816636	B
ON816637	B
ON816649	B
ON816670	B
ON816696	B
ON816699	B
ON816732	B
ON816734	B
ON816755	B
ON816771	B
ON816779	B
ON816788	B
ON816790	B
ON816795	B
ON816796	B
ON816797	B
ON816801	B
ON816807	B
ON816815	B
ON816820	B
ON816822	B
ON816824	B
ON816826	B
ON816838	B
ON816842	B
ON816849	B
ON816859	B
ON816865	B
ON816870	B
ON816883	B
ON816884	B
ON816888	B
ON816893	B
ON816898	B
ON816901	B
ON816908	B
ON816917	B
ON816919	B
ON816920	B
ON816926	B
ON816935	B
ON816938	B
ON816945	B
ON816951	B
ON816960	B
ON816961	B
ON816965	B
ON816970	B
ON816971	B
ON816974	B
ON816975	B
ON816978	B
ON816979	B
ON817004	B
ON817043	B
ON817047	B
ON817049	B
ON817051	B
ON817053	B
ON817054	B
ON817055	B
ON817057	B
ON817058	B
ON817061	B
ON817062	B
ON817063	B
ON817064	B
ON817065	B
ON817066	B
ON817067	B
ON817070	B
ON817074	B
ON817079	B
ON817083	B
ON817084	B
ON817085	B
ON817086	B
ON817087	B
ON817088	B
ON817090	B
ON817091	B
ON817094	B
ON817096	B
ON817102	B
ON817104	B
ON862673	C
ON862674	C
ON862675	C
ON862676	C
ON862677	C
ON862678	C
ON862679	C
ON862681	C
ON862682	C
ON862683	C
ON862685	C
ON862686	C
ON862687	C
ON862689	C
ON862984	01_AE
ON862987	01_AE
ON862988	01_AE
ON862989	01_AE
ON862995	01_AE
ON862996	01_AE
ON862997	01_AE
ON862998	01_AE
ON862999	01_AE
ON863002	01_AE
ON863003	01_AE
ON863005	01_AE
ON863008	01_AE
ON863009	01_AE
ON863010	01_AE
ON863012	01_AE
ON863013	01_AE
ON863014	01_AE
ON863015	01_AE
ON863020	01_AE
ON863021	01_AE
ON863029	01_AE
ON863063	01_AE
ON863067	01_AE
ON863069	01_AE
ON863072	01_AE
ON863076	01_AE
ON863077	01_AE
ON863081	01_AE
ON863084	01_AE
ON863087	01_AE
ON863094	01_AE
ON863096	01_AE
ON863098	01_AE
ON863102	01_AE
ON863106	01_AE
ON863117	01_AE
ON863121	01_AE
ON863123	01_AE
ON863124	01_AE
ON863136	01_AE
ON863138	01_AE
ON863148	01_AE
ON863151	01_AE
ON863157	01_AE
ON863161	01_AE
ON863167	01_AE
ON863169	01_AE
ON863170	01_AE
ON863171	01_AE
ON863173	01_AE
ON863176	01_AE
ON863178	01_AE
ON863182	01_AE
ON863186	01_AE
ON863187	01_AE
ON863188	01_AE
ON863190	B
ON863191	B
ON863209	B
ON863216	B
ON863256	01_AE
ON863258	01_AE
ON863265	01_AE
ON863280	01_AE
ON863282	01_AE
ON863285	01_AE
ON863296	01_AE
ON863302	01_AE
ON863306	01_AE
ON863312	01_AE
ON863316	01_AE
ON863317	01_AE
ON863319	01_AE
ON863320	01_AE
ON863322	01_AE
ON863325	01_AE
ON863329	01_AE
ON863330	01_AE
ON863331	01_AE
ON863339	01_AE
ON863341	01_AE
ON863345	01_AE
ON863347	01_AE
ON863349	01_AE
ON863354	01_AE
ON863357	01_AE
ON901972	01_AE
ON901986	01_AE
ON901992	01_AE
ON902000	01_AE
ON902020	01_AE
ON902022	01_AE
ON902087	01_AE
ON902088	01_AE
ON902090	01_AE
ON902092	01_AE
ON902093	01_AE
ON902095	01_AE
ON902102	01_AE
ON902103	01_AE
ON902105	01_AE
ON902109	01_AE
ON902123	01_AE
ON902126	01_AE
ON902127	01_AE
ON902129	01_AE
ON902132	01_AE
ON902133	01_AE
ON902134	01_AE
ON902135	01_AE
ON902137	01_AE
ON902140	01_AE
ON902145	01_AE
ON902148	01_AE
ON902150	01_AE
ON902157	01_AE
ON902162	01_AE
ON902164	01_AE
ON902167	01_AE
ON902168	01_AE
ON902170	01_AE
ON902172	01_AE
ON902174	01_AE
ON902175	01_AE
ON902177	01_AE
ON902184	01_AE
ON902188	01_AE
ON902189	01_AE
ON902192	01_AE
ON902196	01_AE
ON902198	01_AE
ON902201	01_AE
ON902206	01_AE
ON902210	01_AE
ON902215	01_AE
ON902218	01_AE
ON902224	01_AE
ON902244	01_AE
ON902254	01_AE
ON902255	01_AE
ON902256	01_AE
ON902258	01_AE
ON902259	01_AE
ON902260	01_AE
ON902263	01_AE
ON902267	01_AE
ON902271	01_AE
ON902272	01_AE
ON902274	01_AE
ON902275	01_AE
ON902277	01_AE
ON902283	01_AE
ON902284	01_AE
ON902289	01_AE
ON902293	01_AE
ON902296	01_AE
ON902297	01_AE
ON902298	01_AE
ON902299	01_AE
ON902300	01_AE
ON902301	01_AE
ON902302	01_AE
ON902304	01_AE
ON902305	01_AE
ON902310	01_AE
ON902311	01_AE
ON902313	01_AE
ON902316	01_AE
ON902321	01_AE
ON902327	01_AE
ON902330	01_AE
ON902337	01_AE
ON902338	01_AE
ON902342	01_AE
ON902345	01_AE
ON902347	01_AE
ON902352	01_AE
ON902445	01_AE
ON902448	01_AE
ON902456	01_AE
ON902462	01_AE
ON902471	01_AE
ON902472	01_AE
ON902473	01_AE
ON902475	01_AE
ON902479	01_AE
ON902484	01_AE
ON902495	01_AE
ON902496	01_AE
ON902497	01_AE
ON902500	01_AE
ON902502	01_AE
ON902503	01_AE
ON902517	01_AE
ON902518	01_AE
ON902519	01_AE
ON902520	01_AE
ON902523	01_AE
ON902525	01_AE
ON902527	01_AE
ON902529	01_AE
ON902530	01_AE
ON902532	01_AE
ON902533	01_AE
ON902534	01_AE
ON902536	01_AE
ON902538	01_AE
ON902541	01_AE
ON902543	01_AE
ON902547	01_AE
ON902551	01_AE
ON902554	01_AE
ON902558	01_AE
ON902562	01_AE
ON902564	01_AE
ON902566	01_AE
ON902577	01_AE
ON902578	01_AE
ON902579	01_AE
ON902580	01_AE
ON902581	01_AE
ON902583	01_AE
ON902587	01_AE
ON902588	01_AE
ON902593	01_AE
ON902594	01_AE
ON902595	01_AE
ON902598	01_AE
ON902602	01_AE
ON902604	01_AE
ON902605	01_AE
ON902606	01_AE
ON902608	01_AE
ON902609	01_AE
ON902612	01_AE
ON902613	01_AE
ON902614	01_AE
ON902615	01_AE
ON902619	01_AE
ON902623	01_AE
ON902662	01_AE
ON902664	01_AE
ON902665	01_AE
ON902668	01_AE
ON902669	01_AE
ON902671	01_AE
ON902672	01_AE
ON902682	01_AE
ON902683	01_AE
ON902685	01_AE
ON902690	01_AE
ON902692	01_AE
ON902694	01_AE
ON902695	01_AE
ON902696	01_AE
ON902697	01_AE
ON902700	01_AE
ON902702	01_AE
ON902706	01_AE
ON902708	01_AE
ON902710	01_AE
ON902711	01_AE
ON902712	01_AE
ON902714	01_AE
ON902715	01_AE
ON902716	01_AE
ON902718	01_AE
ON902719	01_AE
ON902720	01_AE
ON902721	01_AE
ON902723	01_AE
ON902724	01_AE
ON902725	01_AE
ON902728	01_AE
ON902729	01_AE
ON902730	01_AE
ON902731	01_AE
ON902732	01_AE
ON902733	01_AE
ON902734	01_AE
ON902736	01_AE
ON902738	01_AE
ON902740	01_AE
ON902741	01_AE
ON902742	01_AE
ON902743	01_AE
ON902744	01_AE
ON902746	01_AE
ON902747	01_AE
ON902748	01_AE
ON902749	01_AE
ON902750	01_AE
ON902754	01_AE
ON902756	01_AE
ON902757	01_AE
ON902759	01_AE
ON902762	01_AE
ON902763	01_AE
ON902764	01_AE
ON902765	01_AE
ON902766	01_AE
ON902767	01_AE
ON902769	01_AE
ON902770	01_AE
ON902771	01_AE
ON902772	01_AE
ON902773	01_AE
ON902774	01_AE
ON902777	01_AE
ON902778	01_AE
ON902781	01_AE
ON902787	01_AE
ON902789	01_AE
ON902790	01_AE
ON902793	01_AE
ON902794	01_AE
ON902797	01_AE
ON902798	01_AE
ON902800	01_AE
ON902804	01_AE
ON902809	01_AE
ON902812	01_AE
ON902815	01_AE
ON902832	01_AE
ON902844	01_AE
ON902845	01_AE
ON902846	01_AE
ON902848	01_AE
ON902852	01_AE
ON902855	01_AE
ON902858	01_AE
ON902864	01_AE
ON902865	01_AE
ON902866	01_AE
ON902867	01_AE
ON902873	01_AE
ON902879	01_AE
ON902881	01_AE
ON902882	01_AE
ON902883	01_AE
ON902886	01_AE
ON902888	01_AE
ON902891	01_AE
ON902893	01_AE
ON902894	01_AE
ON902895	01_AE
ON902896	01_AE
ON902900	01_AE
ON902901	01_AE
ON902903	01_AE
ON902913	01_AE
ON902915	01_AE
ON902925	01_AE
ON902928	01_AE
ON902930	01_AE
ON902934	01_AE
ON902936	01_AE
ON902943	01_AE
ON902945	01_AE
ON902958	01_AE
ON902959	01_AE
ON902962	01_AE
ON902963	01_AE
ON902964	01_AE
ON902967	01_AE
ON902970	01_AE
ON902975	01_AE
ON902976	01_AE
ON902980	01_AE
ON902983	01_AE
ON902985	01_AE
ON902989	01_AE
ON902990	01_AE
ON902991	01_AE
ON902992	01_AE
ON902996	01_AE
ON902997	01_AE
ON903002	01_AE
ON903003	01_AE
ON903004	01_AE
ON903007	01_AE
ON903009	01_AE
ON903010	01_AE
ON903016	01_AE
ON903017	01_AE
ON903021	01_AE
ON903030	01_AE
ON903054	01_AE
ON903056	01_AE
ON903058	01_AE
ON903063	01_AE
ON903093	01_AE
ON903096	01_AE
ON903120	01_AE
ON903124	01_AE
ON903125	01_AE
ON903126	01_AE
ON903127	01_AE
ON903129	01_AE
ON903131	01_AE
ON903132	01_AE
ON959743	01_AE
ON959787	01_AE
ON989220	A6
ON989288	02_AG
ON989294	A6
ON989303	A6
ON989318	02_AG
ON989335	A6
OP056071	A6
OP183489	B
OP700899	B
OP700900	B
OP700913	B
OP700921	B
OP700922	B
OP700927	B
OP700928	B
OP700929	B
OP700931	B
OP700933	B
OP700940	B
OP700943	B
OP700947	B
OP700948	B
OP700972	B
OP700989	B
OP701010	B
OP701043	B
OP701065	B
OP701069	B
OP701070	B
OP701072	B
OP701075	B
OP701076	B
OP701077	B
OP701082	B
OP701083	B
OP701089	B
OP701097	B
OP701099	B
OP701103	B
OP701111	B
OP701113	B
OP701114	B
OP701115	B
OP701124	B
OP701139	B
OP701142	B
OP701149	B
OP701154	B
OP701155	B
OP701160	B
OP701173	B
OP701175	B
OP701179	B
OP701182	B
OP701183	B
OP701185	B
OP701187	B
OP701240	B
OP701243	B
OP701282	B
OP701295	B
OP701299	B
OP701324	B
OP701331	B
OP701347	B
OP701352	B
OP701353	B
OP701354	B
OP701357	B
OP701367	B
OP701373	B
OP701380	B
OP701385	B
OP701388	B
OP701403	B
OP701412	B
OP701420	B
OP701429	01_AE
OP701465	01_AE
OP701470	01_AE
OP701485	01_AE
OP701503	B
OP701507	B
OP701520	B
OP701541	B
OP701563	B
OP701564	B
OP701576	B
OP701577	B
OP701579	B
OP701580	B
OP701584	B
OP701585	B
OP701625	B
OQ092462	B
OQ092463	B
OQ092464	B
OQ092465	B
OQ092466	B
OQ092467	B
OQ121842	02_AG
OQ121843	02_AG
OQ121845	02_AG
OQ121846	02_AG
OQ121847	02_AG
OQ121849	02_AG
OQ121850	02_AG
OQ121851	02_AG
OQ121853	02_AG
OQ121854	02_AG
OQ121856	02_AG
OQ121857	02_AG
OQ121858	G
OQ121860	02_AG
OQ121862	02_AG
OQ121863	02_AG
OQ121865	02_AG
OQ121867	02_AG
OQ121869	02_AG
OQ121873	G
OQ121876	02_AG
OQ121877	02_AG
OQ121879	B
OQ121880	02_AG
OQ121883	02_AG
OQ121884	02_AG
OQ121885	02_AG
OQ121886	02_AG
OQ121887	02_AG
OQ121891	02_AG
OQ121892	02_AG
OQ121893	02_AG
OQ121894	02_AG
OQ121895	02_AG
OQ121896	02_AG
OQ121897	02_AG
OQ121899	02_AG
OQ121901	02_AG
OQ121905	02_AG
OQ121907	02_AG
OQ121908	02_AG
OQ121909	G
OQ121910	02_AG
OQ121912	02_AG
OQ121913	02_AG
OQ121915	02_AG
OQ325479	B
OQ325480	B
OQ513492	07_BC
OQ513539	07_BC
OQ513554	07_BC
OQ551935	C
OQ551936	C
OQ551937	C
OQ551938	C
OQ551939	C
OQ551940	C
OQ551941	C
OQ551942	C
OQ551943	C
OQ551944	C
OQ551946	C
OQ551947	C
OQ551948	C
OQ551949	C
OQ551952	C
OQ551953	C
OQ551954	C
OQ551955	C
OQ551956	C
OQ551957	C
OQ551958	C
OQ551959	C
OQ551960	C
OQ551961	C
OQ551962	C
OQ551963	C
OQ596841	B
OQ596882	B
OQ596885	B
OQ596886	B
OQ596887	B
OQ596889	B
OQ596891	B
OQ596895	B
OQ596901	B
OQ596903	B
OQ596904	B
OQ596906	B
OQ596910	B
OQ596912	B
OQ596913	B
OQ596916	B
OQ596918	B
OQ596919	B
OQ596924	B
OQ596925	B
OQ596926	B
OQ596928	B
OQ596934	B
OQ596935	B
OQ596938	B
OQ596940	B
OQ596941	B
OQ596942	B
OQ596944	B
OQ596947	B
OQ596948	B
OQ596952	B
OQ596955	B
OQ596957	B
OQ596958	B
OQ939945	B
OQ979187	A6
OQ979189	B
OR105521	B
OR105522	B
OR105523	B
OR105549	B
OR246840	B
OR246841	B
OR246842	B
OR246843	B
OR246844	B
OR246845	B
OR246846	B
OR246847	B
OR246848	B
OR246849	B
OR246850	B
OR246851	B
OR246852	B
OR246853	B
OR246854	B
OR246855	B
OR246857	B
OR246858	B
OR246859	B
OR246861	B
OR246862	B
OR246863	B
OR246864	B
OR246865	B
OR246866	B
OR246867	B
OR246868	B
OR246869	B
OR246870	B
OR246871	B
OR246872	B
OR246873	B
OR246874	B
OR246875	B
OR246876	B
OR246877	B
OR246878	B
OR246879	B
OR246880	B
OR246882	B
OR246883	B
OR246884	B
OR454048	B
OR454049	B
OR454050	B
OR454051	B
OR454052	B
OR466092	B
OR466093	B
OR466094	B
OR466095	B
OR466096	B
OR466097	B
OR466098	B
OR466099	B
OR466100	B
OR466101	B
OR466102	B
OR466103	B
OR466104	B
OR466105	B
OR466106	B
OR466107	B
OR466108	B
OR466109	B
OR466110	B
OR466111	B
OR466112	B
OR466113	B
OR466114	B
OR483970	B
OR483971	B
OR483972	B
OR483973	B
OR483974	B
OR483975	B
OR483976	B
OR483977	B
OR483978	B
OR483979	B
OR483980	B
OR483981	B
OR483982	B
OR483983	B
OR483984	B
OR483985	B
OR483986	B
OR483987	B
OR483988	B
OR483989	B
OR483990	B
OR483991	B
OR483992	B
OR483993	B
OR483994	B
OR483995	B
OR483996	B
OR483997	B
OR483998	B
OR483999	B
OR484000	B
OR484001	B
OR484002	B
OR484003	B
OR484004	B
OR484005	B
OR484006	B
OR484007	B
OR484008	B
OR484009	B
OR484010	B
OR484011	B
OR484012	B
OR484013	B
OR484014	B
OR484015	B
OR484016	B
OR484017	B
OR484018	B
OR484019	B
OR484020	B
OR484021	B
OR484022	B
OR484023	B
OR484024	B
OR484025	B
OR484026	B
OR484027	B
OR484028	B
OR484029	B
OR484030	B
OR484031	B
OR496826	B
OR496827	B
OR502359	B
OR502360	B
OR502361	B
OR502362	B
OR502363	B
OR502364	B
OR502365	B
OR502366	B
OR660705	B
OR660707	B
OR660714	B
OR660716	B
OR660726	B
OR660749	B
OR660760	B
OR660797	B
OR660798	B
OR660799	B
OR660800	B
OR660803	B
OR660825	B
OR660852	B
OR660858	B
OR660879	B
OR660895	B
OR660896	B
OR660902	B
OR660911	B
OR660919	B
OR660940	B
OR660942	B
OR660960	B
OR660961	B
OR660988	B
OR660998	B
OR661005	B
OR661008	B
OR661040	B
OR661044	B
OR661046	B
OR661050	B
OR661068	B
OR661069	B
OR661070	B
OR661087	B
OR661105	B
OR661110	B
OR661112	B
OR661125	B
OR661141	B
OR661155	B
OR661188	B
OR736069	C
OR736070	C
OR736075	A6
OR736076	A6
OR736077	A6
OR736078	A6
OR736079	A6
OR736080	A6
OR736081	A6
OR736082	A6
OR736083	A6
OR736084	A6
OR876493	B
OR876494	B
OR876495	B
OR876496	B
OR876497	B
OR876498	B
OR876499	B
OR876500	B
OR876501	B
OR876502	B
OR876503	B
OR876504	B
OR876505	B
OR876506	B
OR876507	B
OR876508	B
OR876509	B
OR876510	B
OR876511	B
OR876512	B
OR876513	B
OR876514	B
OR876515	B
OR876516	B
OR876604	B
OR876605	B
OR876606	B
OR876607	B
OR876608	B
OR876609	B
OR876610	B
OR876611	B
OR876612	B
OR876613	B
OR876614	B
OR876615	B
OR876616	B
OR876617	B
OR876618	B
OR876619	B
OR876620	B
OR876621	B
OR876622	B
OR876623	B
OR876624	B
OR876625	B
OR876626	B
OR876720	B
OR876721	B
OR876722	B
OR876723	B
OR876724	B
OR876725	B
OR876726	B
OR876727	B
OR876728	B
OR876729	B
OR876730	B
OR876731	B
OR876732	B
OR876733	B
OR876734	B
OR876735	B
OR876736	B
OR876737	B
OR876738	B
OR876739	B
OR876740	B
PP271361	B
PP271362	B
PP297232	D
PP297234	D
PP297235	A1
PP297237	A1
PP297238	A1
PP297239	D
PP297240	D
PP297243	D
PP297245	D
PP297247	A1
PP297249	A1
PP313154	B
PP313155	B
PP313156	B
PP313157	B
PP313158	B
PP313159	B
PP313160	B
PP313161	B
PP313162	B
PP313163	B
PP313164	B
PP313165	B
PP313166	B
PP313167	B
PP313169	B
PP313183	B
PP313201	B
PP313228	B
PP313234	B
PP313243	B
PP313247	B
PP313248	B
PP313249	B
PP313250	B
PP313251	B
PP313252	B
PP313253	B
PP313254	B
PP313255	B
PP313256	B
PP313257	B
PP313258	B
PP313259	B
PP313260	B
PP313261	B
PP313262	B
PP313263	B
PP313264	B
PP313265	B
PP313266	B
PP313267	B
PP313268	B
PP313269	B
PP313270	B
PP313271	B
PP313272	B
PP313273	B
PP313274	B
PP313278	B
PP313282	B
PP313284	B
PP313286	B
PP313287	B
PP313288	B
PP413479	A1
PP413488	A1
PP590863	01_AE
PP590864	01_AE
PP590868	01_AE
PP590869	01_AE
PP590871	01_AE
PP590872	01_AE
PP590875	01_AE
PP590876	01_AE
PP590878	01_AE
PP590879	01_AE
PP590881	01_AE
PP590882	01_AE
PP590886	01_AE
PP590891	01_AE
PP590893	01_AE
PP590899	01_AE
PP590901	01_AE
PP590902	01_AE
PP590904	01_AE
PP590906	01_AE
PP590907	01_AE
PP590909	01_AE
PP590911	01_AE
PP590912	01_AE
PP590914	01_AE
PP590915	01_AE
PP590916	01_AE
PP590917	01_AE
PP590918	01_AE
PP590921	01_AE
PP590923	01_AE
PP590924	01_AE
PP590925	01_AE
PP590931	01_AE
PP590932	01_AE
PP590936	01_AE
PP590938	01_AE
PP590943	01_AE
PP590945	01_AE
PP590946	01_AE
PP590948	01_AE
PP590949	01_AE
PP590950	01_AE
PP590951	01_AE
PP590952	01_AE
PP590955	01_AE
PP590957	01_AE
PP590965	01_AE
PP590996	01_AE
PP591009	01_AE
PP591015	01_AE
PP591058	01_AE
PP591059	01_AE
PP591060	01_AE
PP591081	01_AE
PP591218	01_AE
PP591236	01_AE
PP591247	01_AE
PP591299	01_AE
PP591320	01_AE
PP591323	01_AE
PP591333	01_AE
PP591340	01_AE
PP591353	01_AE
PP591358	01_AE
PP591361	01_AE
PP591362	01_AE
PP591363	01_AE
PP591364	01_AE
PP591365	01_AE
PP591371	01_AE
PP591372	01_AE
PP591373	01_AE
PP591377	01_AE
PP591378	01_AE
PP591382	01_AE
PP591386	01_AE
PP591387	01_AE
PP591388	01_AE
PP591391	01_AE
PP591392	01_AE
PP591393	01_AE
PP591394	01_AE
PP591401	01_AE
PP591406	01_AE
PP591407	01_AE
PP591411	01_AE
PP591416	01_AE
PP591420	01_AE
PP591430	01_AE
PP591443	01_AE
PP591458	01_AE
PP591469	01_AE
PP591486	01_AE
PP591507	01_AE
PP591509	01_AE
PP591510	01_AE
PP591518	01_AE
PP591522	01_AE
PP591525	01_AE
PP591528	01_AE
PP591532	01_AE
PP591539	01_AE
PP591540	01_AE
PP591543	01_AE
PP591547	01_AE
PP591553	01_AE
PP591554	01_AE
PP591569	01_AE
PP591570	01_AE
PP591571	01_AE
PP591573	01_AE
PP591574	01_AE
PP591586	01_AE
PP591591	01_AE
PP591592	01_AE
PP591597	01_AE
PP591600	01_AE
PP591601	01_AE
PP591604	01_AE
PP591608	01_AE
PP591682	01_AE
PP591686	01_AE
PP591687	01_AE
PP591692	01_AE
PP591694	01_AE
PP591695	01_AE
PP591696	01_AE
PP591697	01_AE
PP591698	01_AE
PP591699	01_AE
PP591701	01_AE
PP591702	01_AE
PP591704	01_AE
PP591705	01_AE
PP591706	01_AE
PP591708	01_AE
PP591710	01_AE
PP591713	01_AE
PP591715	01_AE
PP591716	01_AE
PP591720	01_AE
PP591721	01_AE
PP591723	01_AE
PP591724	01_AE
PP591725	01_AE
PP591726	01_AE
PP591728	01_AE
PP591729	01_AE
PP591730	01_AE
PP591731	01_AE
PP816220	A6
PP816227	02_AG
PP816228	63_02A6
PP816230	B
PP816232	63_02A6
PP816233	A6
PP816235	B
PP816237	B
PP816238	B
PP816239	B
PP816240	B
PP816241	B
PP816243	B
PP816244	B
PP816246	B
PP879189	C
PQ246051	A1
PQ286896	B
PQ286897	B
PQ286899	B
PQ286908	B
PQ286910	B
PQ286915	B
PQ286917	B
PQ286918	B
PQ286919	B
PQ286923	B
PQ286926	B
PQ286927	B
PQ286928	B
PQ286934	B
PQ286935	B
PQ286937	B
PQ511571	B
PQ511610	B
PQ511613	B
PQ511618	B
PQ511624	B
PQ511626	B
PQ511631	B
PQ511632	B
PQ511638	B
PQ511639	B
PQ511642	B
PQ511643	B
PQ511645	B
PQ511646	B
PQ511647	B
PQ511648	B
PQ511649	B
PQ511650	B
PQ511656	B
PQ511658	B
PQ511659	B
PQ511682	B
PQ511683	B
PQ511685	B
PQ511688	B
PQ511689	B
PQ511690	B
PQ511691	B
PQ511693	B
PQ511694	B
PQ511696	B
PQ511698	B
PQ511699	B
PQ511700	B
PQ511701	B
PQ511702	B
PQ511703	B
PQ511709	B
PQ511710	B
PQ511711	B
PQ511713	B
PQ511716	B
PQ511717	B
PQ511718	B
PQ511720	B
PQ511724	B
PQ511726	B
PQ511727	B
PQ511728	B
PQ511729	B
PQ511730	B
PQ511731	B
PQ511732	B
PQ511733	B
PQ511734	B
PQ511739	B
PQ511741	B
PQ511742	B
PQ511744	B
PQ511747	B
PQ511751	B
PQ511752	B
PQ585408	63_02A6
PQ585409	63_02A6
PQ585410	63_02A6
PQ585411	63_02A6
PQ585412	63_02A6
PQ585413	63_02A6
PQ585414	63_02A6
PV026621	B
PV026623	B
PV026712	B
PV026713	B
PV026716	B
PV026730	B
PV026733	B
PV026734	B
PV026802	B
PV026803	B
PV026804	B
PV026805	B
PV026837	B
PV026838	B
PV026840	B
PV026841	B
PV027074	B
PV027077	B
PV027230	B
PV027457	B
PV027458	B
PV027506	B
PV027525	B
PV027528	B
PV027529	B
PV027530	B
PV027548	B
PV027549	B
PV027550	B
PV027551	B
PV027552	B
PV027553	B
PV027554	B
PV027703	B
PV027787	B
PV027789	B
PV027849	B
PV027906	B
PV027962	B
PV028029	B
PV028051	B
PV028053	B
PV028054	B
PV028270	B
PV028273	B
PV028357	B
PV028419	B
PV028423	B
PV028545	B
PV028676	B
PV028685	B
PV028689	B
PV028694	B
PV028695	B
PV028696	B
PV028726	B
PV028727	B
PV028763	B
PV028788	B
PV028804	B
PV028854	B
PV028890	B
PV031991	B
PV136232	01_AE
PV136233	01_AE
PV136234	01_AE
PV136235	01_AE
PV136236	01_AE
PV136237	01_AE
PV136238	01_AE
PV136240	01_AE
PV136241	01_AE
PV136242	01_AE
PV136243	01_AE
PV136244	01_AE
PV136245	01_AE
PV136246	01_AE
PV136247	01_AE
PV136248	01_AE
PV136250	01_AE
PV136252	01_AE
PV136253	01_AE
PV136254	01_AE
PV136261	01_AE
PV136262	01_AE
PV136263	01_AE
PV136265	01_AE
PV136266	01_AE
PV136267	01_AE
PV136268	01_AE
PV136269	01_AE
PV136271	01_AE
PV136274	01_AE
PV136276	01_AE
PV136282	07_BC
PV136290	07_BC
PV136291	07_BC
PV136292	07_BC
PV136293	07_BC
PV136294	07_BC
PV136295	07_BC
PV136296	07_BC
PV136297	07_BC
PV136298	07_BC
PV136299	07_BC
PV136300	07_BC
PV136302	07_BC
PV136303	07_BC
PV136305	07_BC
PV136307	07_BC
PV136309	07_BC
PV136310	07_BC
PV136311	07_BC
PV136315	07_BC
PV136318	07_BC
PV136320	07_BC
PV136321	07_BC
PV136322	07_BC
PV136323	07_BC
PV136325	07_BC
PV136326	07_BC
PV136327	07_BC
PV136328	07_BC
PV136329	07_BC
PV136331	07_BC
PV136332	07_BC
PV136334	07_BC
PV136335	07_BC
PV136336	07_BC
PV136338	07_BC
PV136339	07_BC
PV136340	07_BC
PV136343	07_BC
PV136345	07_BC
PV136346	07_BC
PV136347	07_BC
PV136359	07_BC
PV136378	B
PV136380	B
PV136381	B
PV136383	B
PV136385	01_AE
PV136387	01_AE
PV136388	01_AE
PV136389	01_AE
PV136392	07_BC
PV136394	07_BC
PV136396	07_BC
PV136397	07_BC
PV136398	07_BC
PV136399	07_BC
PV136402	07_BC
PV136409	07_BC
PV136410	07_BC
PV136423	07_BC
PV136425	07_BC
PV136426	01_AE
PV136427	01_AE
PV184678	85_BC
PV184679	85_BC
PV184680	85_BC
PV184681	85_BC
PV184682	85_BC
PV184683	85_BC
PV184685	85_BC
PV184686	85_BC
PV184687	85_BC
PV184688	85_BC
PV184689	85_BC
PV184690	85_BC
PV184691	85_BC
PV184692	85_BC
PV184693	85_BC
PV184694	85_BC
PV184695	85_BC
PV184696	85_BC
PV184697	85_BC
PV184698	85_BC
PV184699	85_BC
PV184700	85_BC
PV184701	85_BC
PV184703	85_BC
PV184704	85_BC
PV184705	85_BC
PV184706	85_BC
PV184707	85_BC
PV184708	85_BC
PV184709	85_BC
PV184710	85_BC
PV184711	85_BC
PV184712	85_BC
PV184713	85_BC
PV184714	85_BC
PV184715	85_BC
PV184716	85_BC
PV184717	85_BC
PV184718	85_BC
PV185172	85_BC
PV207331	01_AE
PV207332	01_AE
PV207335	01_AE
PV207336	01_AE
PV207339	01_AE
PV207340	01_AE
PV207342	01_AE
PV207343	01_AE
PV207344	01_AE
PV207346	01_AE
PV207347	01_AE
PV207348	01_AE
PV207349	01_AE
PV207350	01_AE
PV207352	01_AE
PV207353	01_AE
PV207354	01_AE
PV207355	01_AE
PV207356	01_AE
PV207357	01_AE
PV207358	01_AE
PV207359	01_AE
PV207375	01_AE
PV207376	01_AE
PV207377	01_AE
PV207379	07_BC
PV207380	07_BC
PV207382	01_AE
PV207384	01_AE
PV207385	01_AE
PV207388	01_AE
PV207389	07_BC
PV207391	07_BC
PV207394	07_BC
PV207395	07_BC
PV207399	07_BC
PV207400	07_BC
PV207401	07_BC
PV207402	07_BC
PV207405	01_AE
PV207406	01_AE
PV207411	08_BC
PV207412	08_BC
PV207413	08_BC
PV207415	08_BC
PV207416	08_BC
PV207417	08_BC
PV207418	08_BC
PV207419	08_BC
PV207423	07_BC
PV207424	07_BC
PV207426	07_BC
PV207427	07_BC
PV207428	07_BC
PV207429	07_BC
PV207430	07_BC
PV207431	07_BC
PV207432	07_BC
PV207433	07_BC
PV207434	07_BC
PV207435	07_BC
PV207437	07_BC
PV207438	07_BC
PV207439	07_BC
PV207441	07_BC
PV207444	01_AE
PV207445	07_BC
PV207446	07_BC
PV207447	07_BC
PV207449	08_BC
PV207458	07_BC
PV207459	07_BC
PV207461	08_BC
PV207462	01_AE
PV207463	07_BC
PV207464	07_BC
PV207465	01_AE
PV207466	01_AE
PV207467	01_AE
PV207468	07_BC
PV207469	07_BC
PV207473	07_BC
PV207475	08_BC
PV207477	01_AE
PV207478	01_AE
PV207479	01_AE
PV207481	01_AE
PV207482	01_AE
PV207483	01_AE
PV207484	01_AE
PV207485	01_AE
PV207486	01_AE
PV207487	01_AE
PV207488	01_AE
PV207496	07_BC
PV207501	01_AE
PV207502	01_AE
PV207504	07_BC
PV207510	07_BC
PV207511	07_BC
PV207512	07_BC
PV207513	07_BC
PV207514	07_BC
PV207517	07_BC
PV207518	01_AE
PV207519	01_AE
PV207522	01_AE
PV267271	01_AE
PV430295	C
PV430296	C
PV430297	C
PV430298	C
PV430299	C
PV430300	C
PV625462	C
PV625465	C
PV625561	C
PV625562	C
PV625563	C
PV625754	C
PV625755	C
PV625756	C
PV625757	C
PV625758	C
PV625759	C
PV625760	C
PV625761	C
PV625767	C
PV625776	C
PV625789	C
PV625836	C
PV625838	C
PV625861	C
PV625925	C
PV626234	C
PV626235	C
PV691810	B
PV691811	B
PV691813	C
PV738239	B
PV738240	B
PV738241	B
PV738242	B
PV738243	B
PV738244	B
PV738245	B
PV738246	B
PV738247	B
PV738248	B
PV738249	B
PV738250	B
PV738251	B
PV738252	B
PV738253	B
PV738254	B
PV738255	B
PV738256	B
PV738257	B
PV738258	B
PV738259	B
PV738260	B
PV738261	B
PV738262	B
PV738263	B
PV738264	B
PV738265	B
PV775111	B
PV775114	B
PV775117	B
PV775179	B
PV775180	B
PV775181	B
PV775183	B
PV775184	B
PV775185	B
PV775186	B
PV775187	B
PV775188	B
PV775189	B
PV775190	B
PV775191	B
PV775192	B
PV775193	B
PV775194	B
PV775195	B
PV775197	B
PV775198	B
PV775199	B
PV775200	B
PV775204	B
PV775205	B
PV775206	B
PV775208	B
PV775209	B
PV775210	B
PV775212	B
PV775213	B
PV775214	B
PV775215	B
PV775217	B
PV775218	B
PV775219	B
PV775221	B
PV775222	B
PV775223	B
PV775224	B
PV775225	B
PV775226	B
PV775227	B
PV775228	B
PV775229	B
PV775231	B
PV775233	B
PV775234	B
PV775235	B
PV775238	B
PV775240	B
PV775241	B
PV775243	B
PV775244	B
PV775245	B
PV775246	B
PV775247	B
PV874249	G
PV874250	C
PV874251	B
PV874252	B
PV874255	A1
PX026332	A1
PX026339	A1
PX026345	A1
PX026346	A1
PX026347	A1
PX440370	B
PX440371	B
PX440372	B
U21135	B
U23487	B
U26942	B
U34603	B
U34604	B
U39362	B
U43096	B
U43141	B
U46016	C
U54771	01_AE
U63632	B
U71182	B
Z11530	B
