{
    "(1, 'ATGACACCG')": [
        0.26672394043528064,
        0.6572104018912529,
        0.5419503952296232,
        0.6381353221416924
    ],
    "(10, 'ACGACGACG')": [
        0.17667455946648222,
        0.4066193853427896,
        0.26289419893365124,
        0.4101915756979396
    ],
    "(19, 'ACCGCGGAA')": [
        0.21684465133260314,
        0.4444444444444444,
        0.2742941462820981,
        0.5089921072825356
    ],
    "(28, 'CTCACGACG')": [
        0.09106529209621993,
        0.375886524822695,
        0.20538129706807046,
        0.33645272086260514
    ],
    "(37, 'GAGTTTGAC')": [
        0.21684465133260314,
        0.4444444444444444,
        0.2742941462820981,
        0.5089921072825356
    ],
    "(46, 'TACGATGAA')": [
        0.5591439261318779,
        0.624113475177305,
        0.49502438924638353,
        0.829415993492588
    ],
    "(55, 'GACGCGACT')": [
        0.7807018458210546,
        0.9385342789598109,
        0.9178924843409874,
        0.9351651953303547
    ],
    "(64, 'CCTTGTGTT')": [
        0.5733799607776618,
        0.6359338061465721,
        0.5113924440301549,
        0.8415630855157806
    ],
    "(73, 'TTCACCGAC')": [
        0.49434028386192397,
        0.5815602836879432,
        0.5103780724679284,
        0.8052052660971044
    ],
    "(82, 'GTGCTTAAT')": [
        0.09106529209621993,
        0.375886524822695,
        0.20538129706807046,
        0.33645272086260514
    ],
    "(91, 'CAGTCAAAG')": [
        0.09106529209621993,
        0.375886524822695,
        0.20538129706807046,
        0.33645272086260514
    ],
    "(100, 'CCAGTTACG')": [
        0.5229263310946479,
        0.7754137115839244,
        0.7372523258872531,
        0.7797690560861674
    ],
    "(109, 'TTGTTTCTG')": [
        0.09106529209621993,
        0.375886524822695,
        0.20538129706807046,
        0.33645272086260514
    ],
    "(118, 'TACGGCGTT')": [
        0.09106529209621993,
        0.375886524822695,
        0.20538129706807046,
        0.33645272086260514
    ],
    "(127, 'GTCTTTCTC')": [
        0.3493085725643865,
        0.6808510638297872,
        0.6121582560969002,
        0.6765569309340446
    ],
    "(136, 'TTCGGTTCC')": [
        0.09106529209621993,
        0.375886524822695,
        0.20538129706807046,
        0.33645272086260514
    ],
    "(145, 'ATCGGCAAC')": [
        0.2704929895974672,
        0.4515366430260047,
        0.2997555100063833,
        0.6690144806658224
    ],
    "(154, 'TTCTTGGTG')": [
        0.11761936152180054,
        0.375886524822695,
        0.2154321272120961,
        0.3426167824510985
    ],
    "(163, 'ATCTTCACC')": [
        0.26692977130135603,
        0.4444444444444444,
        0.2927219200753286,
        0.6678022844280139
    ],
    "(172, 'ATCACCTGG')": [
        0.09122203098106713,
        0.375886524822695,
        0.20573479327644925,
        0.3370318133253636
    ],
    "(181, 'CGACGTCGG')": [
        0.09106529209621993,
        0.375886524822695,
        0.20538129706807046,
        0.33645272086260514
    ],
    "(190, 'ATTCAATGC')": [
        0.14771719858156027,
        0.3877068557919622,
        0.24132023037070569,
        0.3683673365576625
    ],
    "(199, 'TCCGGCGAT')": [
        0.09639184167314839,
        0.3806146572104019,
        0.21540357374237745,
        0.3378857660983463
    ],
    "(208, 'GTTTACTTT')": [
        0.09106529209621993,
        0.375886524822695,
        0.20538129706807046,
        0.33645272086260514
    ],
    "(217, 'ATCAACCTC')": [
        0.25985630066322774,
        0.4444444444444444,
        0.2839392450667321,
        0.658831586746889
    ],
    "(226, 'GCGGCCGCC')": [
        0.12453415797283673,
        0.3877068557919622,
        0.22848398099524397,
        0.35072117159441035
    ],
    "(235, 'GATTTGCTT')": [
        0.11222173403632103,
        0.3900709219858156,
        0.2448215940204498,
        0.34232901105966673
    ],
    "(244, 'TTCGTTTGT')": [
        0.0906483075157774,
        0.3735224586288416,
        0.20444086375898735,
        0.3349121163862104
    ],
    "(253, 'ACACTACCT')": [
        0.09106529209621993,
        0.375886524822695,
        0.20538129706807046,
        0.33645272086260514
    ],
    "(262, 'CTGTGGATG')": [
        0.09106529209621993,
        0.375886524822695,
        0.20538129706807046,
        0.33645272086260514
    ],
    "(271, 'CAATACCTC')": [
        0.09106529209621993,
        0.375886524822695,
        0.20538129706807046,
        0.33645272086260514
    ],
    "(280, 'CTAGATCAC')": [
        0.0906483075157774,
        0.3735224586288416,
        0.20444086375898735,
        0.3349121163862104
    ],
    "(289, 'AACTCCCTA')": [
        0.1452203191333626,
        0.3947990543735225,
        0.29350551459709645,
        0.3551815623220184
    ],
    "(298, 'GCCAGCGTG')": [
        0.1658869395711501,
        0.3947990543735225,
        0.2417402845174402,
        0.3941049256762416
    ],
    "(307, 'CCGTGTACG')": [
        0.09106529209621993,
        0.375886524822695,
        0.20538129706807046,
        0.33645272086260514
    ],
    "(316, 'TTACTCACT')": [
        0.09122203098106713,
        0.375886524822695,
        0.20573479327644925,
        0.3370318133253636
    ],
    "(325, 'GCCTGTTTC')": [
        0.09106529209621993,
        0.375886524822695,
        0.20538129706807046,
        0.33645272086260514
    ],
    "(334, 'TACGTGGCT')": [
        0.1036006353068397,
        0.38534278959810875,
        0.22882082851604518,
        0.3394224678117835
    ],
    "(343, 'ATGTTTGCC')": [
        0.09106529209621993,
        0.375886524822695,
        0.20538129706807046,
        0.33645272086260514
    ],
    "(352, 'AGTTTGTGT')": [
        0.09106529209621993,
        0.375886524822695,
        0.20538129706807046,
        0.33645272086260514
    ],
    "(361, 'TTTATCACG')": [
        0.16740330011786134,
        0.40189125295508277,
        0.29071194032005704,
        0.38104881131209456
    ],
    "(370, 'GAGATTGCA')": [
        0.09494661739041166,
        0.37825059101654845,
        0.21316148530631293,
        0.34180179069271993
    ],
    "(379, 'CTCGATCGC')": [
        0.09106529209621993,
        0.375886524822695,
        0.20538129706807046,
        0.33645272086260514
    ],
    "(388, 'TACTACGCT')": [
        0.09106529209621993,
        0.375886524822695,
        0.20538129706807046,
        0.33645272086260514
    ],
    "(397, 'ATTGTTTAC')": [
        0.09106529209621993,
        0.375886524822695,
        0.20538129706807046,
        0.33645272086260514
    ],
    "(406, 'ATGAGATAT')": [
        0.10809110792370295,
        0.3829787234042553,
        0.22225731574709828,
        0.34473229296816926
    ],
    "(415, 'CGGCCTGTA')": [
        0.09106529209621993,
        0.375886524822695,
        0.20538129706807046,
        0.33645272086260514
    ],
    "(424, 'AAACAGGCC')": [
        0.12773153776613985,
        0.38534278959810875,
        0.2236705526847616,
        0.3525607204970098
    ],
    "(433, 'TGCCTTTTC')": [
        0.09106529209621993,
        0.375886524822695,
        0.20538129706807046,
        0.33645272086260514
    ],
    "(442, 'AGTATTTTT')": [
        0.09106529209621993,
        0.375886524822695,
        0.20538129706807046,
        0.33645272086260514
    ],
    "(451, 'TGGTGGATC')": [
        0.09106529209621993,
        0.375886524822695,
        0.20538129706807046,
        0.33645272086260514
    ],
    "(460, 'TTTGCCGTG')": [
        0.09106529209621993,
        0.375886524822695,
        0.20538129706807046,
        0.33645272086260514
    ],
    "(469, 'ATCATCGCC')": [
        0.10526819923371648,
        0.3806146572104019,
        0.21515176218037552,
        0.33970219828764364
    ],
    "(478, 'ATTCCACAC')": [
        0.2064264473023597,
        0.40189125295508277,
        0.2509153189900718,
        0.4943757441493859
    ],